date,timestamp,expiry,K,price,conId,localSymbol,T,dte,moneyness,rate,implied_vol,vega,spot,curve_date,rate_curve_model,nss_fit_target,nss_beta0,nss_beta1,nss_beta2,nss_beta3,nss_tau1,nss_tau2,nss_rmse_bps,_row_id
2026-09-02,2026-09-02 20:00:00+00:00,2026-11-20,325.0,81.47,838421482,GLD   261120C00325000,0.216290212183436,79,0.8068920999056558,0.0383681078448086,0.2905135066016577,17.11111956585086,402.78,2026-09-02,NSS,continuous_rate,-0.001196933340446,0.0385726822440593,0.0396507874566124,0.1573136916636166,2.1532279899754223,16.810163806603725,2.060781659511834,0
2026-09-02,2026-09-02 20:00:00+00:00,2026-11-20,330.0,76.68,838421537,GLD   261120C00330000,0.216290212183436,79,0.8193058245195889,0.0383681078448086,0.2831650760812684,19.402970913094165,402.78,2026-09-02,NSS,continuous_rate,-0.001196933340446,0.0385726822440593,0.0396507874566124,0.1573136916636166,2.1532279899754223,16.810163806603725,2.060781659511834,1
2026-09-02,2026-09-02 20:00:00+00:00,2026-11-20,335.0,71.8,838421587,GLD   261120C00335000,0.216290212183436,79,0.8317195491335221,0.0383681078448086,0.2703128813662566,20.95873614268959,402.78,2026-09-02,NSS,continuous_rate,-0.001196933340446,0.0385726822440593,0.0396507874566124,0.1573136916636166,2.1532279899754223,16.810163806603725,2.060781659511834,2
2026-09-02,2026-09-02 20:00:00+00:00,2026-11-20,340.0,67.25,838421643,GLD   261120C00340000,0.216290212183436,79,0.8441332737474553,0.0383681078448086,0.2709029369217344,25.225817478737795,402.78,2026-09-02,NSS,continuous_rate,-0.001196933340446,0.0385726822440593,0.0396507874566124,0.1573136916636166,2.1532279899754223,16.810163806603725,2.060781659511834,3
2026-09-02,2026-09-02 20:00:00+00:00,2026-11-20,345.0,62.68,838421701,GLD   261120C00345000,0.216290212183436,79,0.8565469983613884,0.0383681078448086,0.2674771167223342,29.089092226949877,402.78,2026-09-02,NSS,continuous_rate,-0.001196933340446,0.0385726822440593,0.0396507874566124,0.1573136916636166,2.1532279899754223,16.810163806603725,2.060781659511834,4
2026-09-02,2026-09-02 20:00:00+00:00,2026-11-20,350.0,58.1,838421767,GLD   261120C00350000,0.216290212183436,79,0.8689607229753216,0.0383681078448086,0.2614460947974586,32.76255926302787,402.78,2026-09-02,NSS,continuous_rate,-0.001196933340446,0.0385726822440593,0.0396507874566124,0.1573136916636166,2.1532279899754223,16.810163806603725,2.060781659511834,5
2026-09-02,2026-09-02 20:00:00+00:00,2026-11-20,355.0,53.68,838421807,GLD   261120C00355000,0.216290212183436,79,0.8813744475892548,0.0383681078448086,0.2579720516796224,37.17878879860843,402.78,2026-09-02,NSS,continuous_rate,-0.001196933340446,0.0385726822440593,0.0396507874566124,0.1573136916636166,2.1532279899754223,16.810163806603725,2.060781659511834,6
2026-09-02,2026-09-02 20:00:00+00:00,2026-11-20,360.0,49.28,838421860,GLD   261120C00360000,0.216290212183436,79,0.893788172203188,0.0383681078448086,0.2526102088936605,41.475371454651885,402.78,2026-09-02,NSS,continuous_rate,-0.001196933340446,0.0385726822440593,0.0396507874566124,0.1573136916636166,2.1532279899754223,16.810163806603725,2.060781659511834,7
2026-09-02,2026-09-02 20:00:00+00:00,2026-11-20,365.0,45.05,838421927,GLD   261120C00365000,0.216290212183436,79,0.906201896817121,0.0383681078448086,0.248888019838836,46.21086058150625,402.78,2026-09-02,NSS,continuous_rate,-0.001196933340446,0.0385726822440593,0.0396507874566124,0.1573136916636166,2.1532279899754223,16.810163806603725,2.060781659511834,8
2026-09-02,2026-09-02 20:00:00+00:00,2026-11-20,370.0,40.98,838421990,GLD   261120C00370000,0.216290212183436,79,0.9186156214310542,0.0383681078448086,0.2458827206241898,51.09186641665568,402.78,2026-09-02,NSS,continuous_rate,-0.001196933340446,0.0385726822440593,0.0396507874566124,0.1573136916636166,2.1532279899754223,16.810163806603725,2.060781659511834,9
2026-09-02,2026-09-02 20:00:00+00:00,2026-11-20,375.0,37.08,838422047,GLD   261120C00375000,0.216290212183436,79,0.9310293460449874,0.0383681078448086,0.2433239723396488,55.92398617211841,402.78,2026-09-02,NSS,continuous_rate,-0.001196933340446,0.0385726822440593,0.0396507874566124,0.1573136916636166,2.1532279899754223,16.810163806603725,2.060781659511834,10
2026-09-02,2026-09-02 20:00:00+00:00,2026-11-20,380.0,33.42,838422090,GLD   261120C00380000,0.216290212183436,79,0.9434430706589204,0.0383681078448086,0.2420214040725492,60.60750959177887,402.78,2026-09-02,NSS,continuous_rate,-0.001196933340446,0.0385726822440593,0.0396507874566124,0.1573136916636166,2.1532279899754223,16.810163806603725,2.060781659511834,11
2026-09-02,2026-09-02 20:00:00+00:00,2026-11-20,385.0,29.95,838422120,GLD   261120C00385000,0.216290212183436,79,0.9558567952728536,0.0383681078448086,0.240741736569535,64.8229597284498,402.78,2026-09-02,NSS,continuous_rate,-0.001196933340446,0.0385726822440593,0.0396507874566124,0.1573136916636166,2.1532279899754223,16.810163806603725,2.060781659511834,12
2026-09-02,2026-09-02 20:00:00+00:00,2026-11-20,390.0,26.73,838422150,GLD   261120C00390000,0.216290212183436,79,0.9682705198867868,0.0383681078448086,0.2401978736898862,68.45625826501062,402.78,2026-09-02,NSS,continuous_rate,-0.001196933340446,0.0385726822440593,0.0396507874566124,0.1573136916636166,2.1532279899754223,16.810163806603725,2.060781659511834,13
2026-09-02,2026-09-02 20:00:00+00:00,2026-11-20,395.0,23.7,838422190,GLD   261120C00395000,0.216290212183436,79,0.98068424450072,0.0383681078448086,0.239334415234346,71.32430300141799,402.78,2026-09-02,NSS,continuous_rate,-0.001196933340446,0.0385726822440593,0.0396507874566124,0.1573136916636166,2.1532279899754223,16.810163806603725,2.060781659511834,14
2026-09-02,2026-09-02 20:00:00+00:00,2026-11-20,400.0,21.0,838422240,GLD   261120C00400000,0.216290212183436,79,0.9930979691146532,0.0383681078448086,0.2400210470092483,73.36258567748203,402.78,2026-09-02,NSS,continuous_rate,-0.001196933340446,0.0385726822440593,0.0396507874566124,0.1573136916636166,2.1532279899754223,16.810163806603725,2.060781659511834,15
2026-09-02,2026-09-02 20:00:00+00:00,2026-11-20,405.0,18.52,838422292,GLD   261120C00405000,0.216290212183436,79,1.0055116937285864,0.0383681078448086,0.2406708736521192,74.48549883177087,402.78,2026-09-02,NSS,continuous_rate,-0.001196933340446,0.0385726822440593,0.0396507874566124,0.1573136916636166,2.1532279899754223,16.810163806603725,2.060781659511834,16
2026-09-02,2026-09-02 20:00:00+00:00,2026-11-20,410.0,16.27,838422347,GLD   261120C00410000,0.216290212183436,79,1.0179254183425197,0.0383681078448086,0.2414713200825267,74.70062226704607,402.78,2026-09-02,NSS,continuous_rate,-0.001196933340446,0.0385726822440593,0.0396507874566124,0.1573136916636166,2.1532279899754223,16.810163806603725,2.060781659511834,17
2026-09-02,2026-09-02 20:00:00+00:00,2026-11-20,415.0,14.25,838422419,GLD   261120C00415000,0.216290212183436,79,1.0303391429564528,0.0383681078448086,0.2425125272096134,74.05208412842042,402.78,2026-09-02,NSS,continuous_rate,-0.001196933340446,0.0385726822440593,0.0396507874566124,0.1573136916636166,2.1532279899754223,16.810163806603725,2.060781659511834,18
2026-09-02,2026-09-02 20:00:00+00:00,2026-11-20,420.0,12.43,838422473,GLD   261120C00420000,0.216290212183436,79,1.042752867570386,0.0383681078448086,0.2435181585258804,72.61305984366396,402.78,2026-09-02,NSS,continuous_rate,-0.001196933340446,0.0385726822440593,0.0396507874566124,0.1573136916636166,2.1532279899754223,16.810163806603725,2.060781659511834,19
2026-09-02,2026-09-02 20:00:00+00:00,2026-11-20,425.0,10.9,838422532,GLD   261120C00425000,0.216290212183436,79,1.055166592184319,0.0383681078448086,0.2459189762868918,70.5387112677175,402.78,2026-09-02,NSS,continuous_rate,-0.001196933340446,0.0385726822440593,0.0396507874566124,0.1573136916636166,2.1532279899754223,16.810163806603725,2.060781659511834,20
2026-09-02,2026-09-02 20:00:00+00:00,2026-11-20,430.0,9.53,838422584,GLD   261120C00430000,0.216290212183436,79,1.0675803167982525,0.0383681078448086,0.2481437496625818,67.9233717446651,402.78,2026-09-02,NSS,continuous_rate,-0.001196933340446,0.0385726822440593,0.0396507874566124,0.1573136916636166,2.1532279899754223,16.810163806603725,2.060781659511834,21
2026-09-02,2026-09-02 20:00:00+00:00,2026-11-20,435.0,8.25,838422631,GLD   261120C00435000,0.216290212183436,79,1.0799940414121854,0.0383681078448086,0.2493176024110056,64.79492840520427,402.78,2026-09-02,NSS,continuous_rate,-0.001196933340446,0.0385726822440593,0.0396507874566124,0.1573136916636166,2.1532279899754223,16.810163806603725,2.060781659511834,22
2026-09-02,2026-09-02 20:00:00+00:00,2026-11-20,440.0,7.15,838422685,GLD   261120C00440000,0.216290212183436,79,1.0924077660261184,0.0383681078448086,0.250967211781349,61.36404614755906,402.78,2026-09-02,NSS,continuous_rate,-0.001196933340446,0.0385726822440593,0.0396507874566124,0.1573136916636166,2.1532279899754223,16.810163806603725,2.060781659511834,23
2026-09-02,2026-09-02 20:00:00+00:00,2026-11-20,445.0,6.23,838422733,GLD   261120C00445000,0.216290212183436,79,1.1048214906400518,0.0383681078448086,0.2534140126748011,57.81323303892352,402.78,2026-09-02,NSS,continuous_rate,-0.001196933340446,0.0385726822440593,0.0396507874566124,0.1573136916636166,2.1532279899754223,16.810163806603725,2.060781659511834,24
2026-09-02,2026-09-02 20:00:00+00:00,2026-11-20,450.0,5.43,838422769,GLD   261120C00450000,0.216290212183436,79,1.1172352152539848,0.0383681078448086,0.2559581162047573,54.176789300161865,402.78,2026-09-02,NSS,continuous_rate,-0.001196933340446,0.0385726822440593,0.0396507874566124,0.1573136916636166,2.1532279899754223,16.810163806603725,2.060781659511834,25
2026-09-02,2026-09-02 20:00:00+00:00,2026-11-20,455.0,4.7,838422824,GLD   261120C00455000,0.216290212183436,79,1.129648939867918,0.0383681078448086,0.257882478865888,50.412506890391846,402.78,2026-09-02,NSS,continuous_rate,-0.001196933340446,0.0385726822440593,0.0396507874566124,0.1573136916636166,2.1532279899754223,16.810163806603725,2.060781659511834,26
2026-09-02,2026-09-02 20:00:00+00:00,2026-11-20,460.0,4.1,838422879,GLD   261120C00460000,0.216290212183436,79,1.1420626644818512,0.0383681078448086,0.2605750089625829,46.81847431542326,402.78,2026-09-02,NSS,continuous_rate,-0.001196933340446,0.0385726822440593,0.0396507874566124,0.1573136916636166,2.1532279899754223,16.810163806603725,2.060781659511834,27
2026-09-02,2026-09-02 20:00:00+00:00,2026-11-20,465.0,3.6,838422937,GLD   261120C00465000,0.216290212183436,79,1.1544763890957843,0.0383681078448086,0.2637808086042292,43.4256220196352,402.78,2026-09-02,NSS,continuous_rate,-0.001196933340446,0.0385726822440593,0.0396507874566124,0.1573136916636166,2.1532279899754223,16.810163806603725,2.060781659511834,28
2026-09-02,2026-09-02 20:00:00+00:00,2026-11-20,470.0,3.15,838422999,GLD   261120C00470000,0.216290212183436,79,1.1668901137097176,0.0383681078448086,0.2666199166293256,40.10010731760546,402.78,2026-09-02,NSS,continuous_rate,-0.001196933340446,0.0385726822440593,0.0396507874566124,0.1573136916636166,2.1532279899754223,16.810163806603725,2.060781659511834,29
2026-09-02,2026-09-02 20:00:00+00:00,2026-11-20,475.0,2.79,838423049,GLD   261120C00475000,0.216290212183436,79,1.1793038383236507,0.0383681078448086,0.2703054961259477,37.11666420357644,402.78,2026-09-02,NSS,continuous_rate,-0.001196933340446,0.0385726822440593,0.0396507874566124,0.1573136916636166,2.1532279899754223,16.810163806603725,2.060781659511834,30
2026-09-02,2026-09-02 20:00:00+00:00,2026-11-20,480.0,2.46,838423086,GLD   261120C00480000,0.216290212183436,79,1.1917175629375838,0.0383681078448086,0.2735181129124946,34.21399641915241,402.78,2026-09-02,NSS,continuous_rate,-0.001196933340446,0.0385726822440593,0.0396507874566124,0.1573136916636166,2.1532279899754223,16.810163806603725,2.060781659511834,31
2026-09-02,2026-09-02 20:00:00+00:00,2026-12-18,325.0,83.65,843266837,GLD   261218C00325000,0.2929500342231348,107,0.8068920999056558,0.0386864685303056,0.3009761011117139,29.601682804899006,402.78,2026-09-02,NSS,continuous_rate,-0.001196933340446,0.0385726822440593,0.0396507874566124,0.1573136916636166,2.1532279899754223,16.810163806603725,2.060781659511834,32
2026-09-02,2026-09-02 20:00:00+00:00,2026-12-18,330.0,78.22,843266880,GLD   261218C00330000,0.2929500342231348,107,0.8193058245195889,0.0386864685303056,0.2682548393364065,27.25827931169224,402.78,2026-09-02,NSS,continuous_rate,-0.001196933340446,0.0385726822440593,0.0396507874566124,0.1573136916636166,2.1532279899754223,16.810163806603725,2.060781659511834,33
2026-09-02,2026-09-02 20:00:00+00:00,2026-12-18,335.0,73.7,843266934,GLD   261218C00335000,0.2929500342231348,107,0.8317195491335221,0.0386864685303056,0.2671936417700722,31.518150607120145,402.78,2026-09-02,NSS,continuous_rate,-0.001196933340446,0.0385726822440593,0.0396507874566124,0.1573136916636166,2.1532279899754223,16.810163806603725,2.060781659511834,34
2026-09-02,2026-09-02 20:00:00+00:00,2026-12-18,340.0,69.08,843266977,GLD   261218C00340000,0.2929500342231348,107,0.8441332737474553,0.0386864685303056,0.2610597899197601,34.9615312078839,402.78,2026-09-02,NSS,continuous_rate,-0.001196933340446,0.0385726822440593,0.0396507874566124,0.1573136916636166,2.1532279899754223,16.810163806603725,2.060781659511834,35
2026-09-02,2026-09-02 20:00:00+00:00,2026-12-18,345.0,64.55,843267030,GLD   261218C00345000,0.2929500342231348,107,0.8565469983613884,0.0386864685303056,0.2560374446750619,38.90389741559544,402.78,2026-09-02,NSS,continuous_rate,-0.001196933340446,0.0385726822440593,0.0396507874566124,0.1573136916636166,2.1532279899754223,16.810163806603725,2.060781659511834,36
2026-09-02,2026-09-02 20:00:00+00:00,2026-12-18,350.0,60.1,843267095,GLD   261218C00350000,0.2929500342231348,107,0.8689607229753216,0.0386864685303056,0.251416910518799,43.17412544155116,402.78,2026-09-02,NSS,continuous_rate,-0.001196933340446,0.0385726822440593,0.0396507874566124,0.1573136916636166,2.1532279899754223,16.810163806603725,2.060781659511834,37
2026-09-02,2026-09-02 20:00:00+00:00,2026-12-18,355.0,55.78,843267155,GLD   261218C00355000,0.2929500342231348,107,0.8813744475892548,0.0386864685303056,0.2479544993872754,47.88770973976574,402.78,2026-09-02,NSS,continuous_rate,-0.001196933340446,0.0385726822440593,0.0396507874566124,0.1573136916636166,2.1532279899754223,16.810163806603725,2.060781659511834,38
2026-09-02,2026-09-02 20:00:00+00:00,2026-12-18,360.0,51.63,843267204,GLD   261218C00360000,0.2929500342231348,107,0.893788172203188,0.0386864685303056,0.2459063757444732,52.99612435484181,402.78,2026-09-02,NSS,continuous_rate,-0.001196933340446,0.0385726822440593,0.0396507874566124,0.1573136916636166,2.1532279899754223,16.810163806603725,2.060781659511834,39
2026-09-02,2026-09-02 20:00:00+00:00,2026-12-18,365.0,47.58,843267244,GLD   261218C00365000,0.2929500342231348,107,0.906201896817121,0.0386864685303056,0.243511499702651,58.05054014882812,402.78,2026-09-02,NSS,continuous_rate,-0.001196933340446,0.0385726822440593,0.0396507874566124,0.1573136916636166,2.1532279899754223,16.810163806603725,2.060781659511834,40
2026-09-02,2026-09-02 20:00:00+00:00,2026-12-18,370.0,43.68,843267291,GLD   261218C00370000,0.2929500342231348,107,0.9186156214310542,0.0386864685303056,0.2414709941261448,63.07477508670711,402.78,2026-09-02,NSS,continuous_rate,-0.001196933340446,0.0385726822440593,0.0396507874566124,0.1573136916636166,2.1532279899754223,16.810163806603725,2.060781659511834,41
2026-09-02,2026-09-02 20:00:00+00:00,2026-12-18,375.0,40.0,843267336,GLD   261218C00375000,0.2929500342231348,107,0.9310293460449874,0.0386864685303056,0.2405775290573947,68.02624869546166,402.78,2026-09-02,NSS,continuous_rate,-0.001196933340446,0.0385726822440593,0.0396507874566124,0.1573136916636166,2.1532279899754223,16.810163806603725,2.060781659511834,42
2026-09-02,2026-09-02 20:00:00+00:00,2026-12-18,380.0,36.45,843267377,GLD   261218C00380000,0.2929500342231348,107,0.9434430706589204,0.0386864685303056,0.2392312546960078,72.561673187456,402.78,2026-09-02,NSS,continuous_rate,-0.001196933340446,0.0385726822440593,0.0396507874566124,0.1573136916636166,2.1532279899754223,16.810163806603725,2.060781659511834,43
2026-09-02,2026-09-02 20:00:00+00:00,2026-12-18,385.0,33.13,843267421,GLD   261218C00385000,0.2929500342231348,107,0.9558567952728536,0.0386864685303056,0.2387020598535426,76.68394802264251,402.78,2026-09-02,NSS,continuous_rate,-0.001196933340446,0.0385726822440593,0.0396507874566124,0.1573136916636166,2.1532279899754223,16.810163806603725,2.060781659511834,44
2026-09-02,2026-09-02 20:00:00+00:00,2026-12-18,390.0,29.98,843267461,GLD   261218C00390000,0.2929500342231348,107,0.9682705198867868,0.0386864685303056,0.238038878312055,80.19908788200009,402.78,2026-09-02,NSS,continuous_rate,-0.001196933340446,0.0385726822440593,0.0396507874566124,0.1573136916636166,2.1532279899754223,16.810163806603725,2.060781659511834,45
2026-09-02,2026-09-02 20:00:00+00:00,2026-12-18,395.0,27.05,843267516,GLD   261218C00395000,0.2929500342231348,107,0.98068424450072,0.0386864685303056,0.2378014237443916,83.0450480830487,402.78,2026-09-02,NSS,continuous_rate,-0.001196933340446,0.0385726822440593,0.0396507874566124,0.1573136916636166,2.1532279899754223,16.810163806603725,2.060781659511834,46
2026-09-02,2026-09-02 20:00:00+00:00,2026-12-18,400.0,24.4,843267561,GLD   261218C00400000,0.2929500342231348,107,0.9930979691146532,0.0386864685303056,0.2386247802519239,85.14599660207723,402.78,2026-09-02,NSS,continuous_rate,-0.001196933340446,0.0385726822440593,0.0396507874566124,0.1573136916636166,2.1532279899754223,16.810163806603725,2.060781659511834,47
2026-09-02,2026-09-02 20:00:00+00:00,2026-12-18,405.0,21.93,843267622,GLD   261218C00405000,0.2929500342231348,107,1.0055116937285864,0.0386864685303056,0.2392981688846834,86.44814492996247,402.78,2026-09-02,NSS,continuous_rate,-0.001196933340446,0.0385726822440593,0.0396507874566124,0.1573136916636166,2.1532279899754223,16.810163806603725,2.060781659511834,48
2026-09-02,2026-09-02 20:00:00+00:00,2026-12-18,410.0,19.63,843267653,GLD   261218C00410000,0.2929500342231348,107,1.0179254183425197,0.0386864685303056,0.239752617272269,86.9608691077356,402.78,2026-09-02,NSS,continuous_rate,-0.001196933340446,0.0385726822440593,0.0396507874566124,0.1573136916636166,2.1532279899754223,16.810163806603725,2.060781659511834,49
2026-09-02,2026-09-02 20:00:00+00:00,2026-12-18,415.0,17.5,843267705,GLD   261218C00415000,0.2929500342231348,107,1.0303391429564528,0.0386864685303056,0.2400440967819653,86.70789435475837,402.78,2026-09-02,NSS,continuous_rate,-0.001196933340446,0.0385726822440593,0.0396507874566124,0.1573136916636166,2.1532279899754223,16.810163806603725,2.060781659511834,50
2026-09-02,2026-09-02 20:00:00+00:00,2026-12-18,420.0,15.68,843267745,GLD   261218C00420000,0.2929500342231348,107,1.042752867570386,0.0386864685303056,0.2418690334335901,85.75574539958893,402.78,2026-09-02,NSS,continuous_rate,-0.001196933340446,0.0385726822440593,0.0396507874566124,0.1573136916636166,2.1532279899754223,16.810163806603725,2.060781659511834,51
2026-09-02,2026-09-02 20:00:00+00:00,2026-12-18,425.0,13.98,843267789,GLD   261218C00425000,0.2929500342231348,107,1.055166592184319,0.0386864685303056,0.243138428654056,84.16455299661334,402.78,2026-09-02,NSS,continuous_rate,-0.001196933340446,0.0385726822440593,0.0396507874566124,0.1573136916636166,2.1532279899754223,16.810163806603725,2.060781659511834,52
2026-09-02,2026-09-02 20:00:00+00:00,2026-12-18,430.0,12.43,843267838,GLD   261218C00430000,0.2929500342231348,107,1.0675803167982525,0.0386864685303056,0.2443021115633659,82.01001590028503,402.78,2026-09-02,NSS,continuous_rate,-0.001196933340446,0.0385726822440593,0.0396507874566124,0.1573136916636166,2.1532279899754223,16.810163806603725,2.060781659511834,53
2026-09-02,2026-09-02 20:00:00+00:00,2026-12-18,435.0,11.05,843267905,GLD   261218C00435000,0.2929500342231348,107,1.0799940414121854,0.0386864685303056,0.245727397751715,79.39635531788329,402.78,2026-09-02,NSS,continuous_rate,-0.001196933340446,0.0385726822440593,0.0396507874566124,0.1573136916636166,2.1532279899754223,16.810163806603725,2.060781659511834,54
2026-09-02,2026-09-02 20:00:00+00:00,2026-12-18,440.0,9.82,843267970,GLD   261218C00440000,0.2929500342231348,107,1.0924077660261184,0.0386864685303056,0.2473159508352168,76.41635724780342,402.78,2026-09-02,NSS,continuous_rate,-0.001196933340446,0.0385726822440593,0.0396507874566124,0.1573136916636166,2.1532279899754223,16.810163806603725,2.060781659511834,55
2026-09-02,2026-09-02 20:00:00+00:00,2026-12-18,445.0,8.8,843268027,GLD   261218C00445000,0.2929500342231348,107,1.1048214906400518,0.0386864685303056,0.250051954200212,73.28712578257388,402.78,2026-09-02,NSS,continuous_rate,-0.001196933340446,0.0385726822440593,0.0396507874566124,0.1573136916636166,2.1532279899754223,16.810163806603725,2.060781659511834,56
2026-09-02,2026-09-02 20:00:00+00:00,2026-12-18,450.0,7.8,843268078,GLD   261218C00450000,0.2929500342231348,107,1.1172352152539848,0.0386864685303056,0.2515318706781604,69.81265311260194,402.78,2026-09-02,NSS,continuous_rate,-0.001196933340446,0.0385726822440593,0.0396507874566124,0.1573136916636166,2.1532279899754223,16.810163806603725,2.060781659511834,57
2026-09-02,2026-09-02 20:00:00+00:00,2026-12-18,455.0,6.93,843268128,GLD   261218C00455000,0.2929500342231348,107,1.129648939867918,0.0386864685303056,0.2533720434623772,66.25109034716955,402.78,2026-09-02,NSS,continuous_rate,-0.001196933340446,0.0385726822440593,0.0396507874566124,0.1573136916636166,2.1532279899754223,16.810163806603725,2.060781659511834,58
2026-09-02,2026-09-02 20:00:00+00:00,2026-12-18,460.0,6.18,843268193,GLD   261218C00460000,0.2929500342231348,107,1.1420626644818512,0.0386864685303056,0.2556273170423694,62.69842077764584,402.78,2026-09-02,NSS,continuous_rate,-0.001196933340446,0.0385726822440593,0.0396507874566124,0.1573136916636166,2.1532279899754223,16.810163806603725,2.060781659511834,59
2026-09-02,2026-09-02 20:00:00+00:00,2026-12-18,465.0,5.48,843268254,GLD   261218C00465000,0.2929500342231348,107,1.1544763890957843,0.0386864685303056,0.2573417358544655,59.03383595113184,402.78,2026-09-02,NSS,continuous_rate,-0.001196933340446,0.0385726822440593,0.0396507874566124,0.1573136916636166,2.1532279899754223,16.810163806603725,2.060781659511834,60
2026-09-02,2026-09-02 20:00:00+00:00,2026-12-18,470.0,4.9,843268302,GLD   261218C00470000,0.2929500342231348,107,1.1668901137097176,0.0386864685303056,0.2598233162938618,55.56429119867854,402.78,2026-09-02,NSS,continuous_rate,-0.001196933340446,0.0385726822440593,0.0396507874566124,0.1573136916636166,2.1532279899754223,16.810163806603725,2.060781659511834,61
2026-09-02,2026-09-02 20:00:00+00:00,2026-12-18,475.0,4.43,843268355,GLD   261218C00475000,0.2929500342231348,107,1.1793038383236507,0.0386864685303056,0.2631793818275444,52.38019623979396,402.78,2026-09-02,NSS,continuous_rate,-0.001196933340446,0.0385726822440593,0.0396507874566124,0.1573136916636166,2.1532279899754223,16.810163806603725,2.060781659511834,62
2026-09-02,2026-09-02 20:00:00+00:00,2026-12-18,480.0,3.95,843268405,GLD   261218C00480000,0.2929500342231348,107,1.1917175629375838,0.0386864685303056,0.2652791555873117,49.01945935434075,402.78,2026-09-02,NSS,continuous_rate,-0.001196933340446,0.0385726822440593,0.0396507874566124,0.1573136916636166,2.1532279899754223,16.810163806603725,2.060781659511834,63
2026-09-02,2026-09-02 20:00:00+00:00,2026-12-31,325.0,83.65,843069639,GLD   261231C00325000,0.3285420944558521,120,0.8068920999056558,0.0388287411113203,0.2701540474778973,27.90184344534296,402.78,2026-09-02,NSS,continuous_rate,-0.001196933340446,0.0385726822440593,0.0396507874566124,0.1573136916636166,2.1532279899754223,16.810163806603725,2.060781659511834,64
2026-09-02,2026-09-02 20:00:00+00:00,2026-12-31,330.0,79.1,843069691,GLD   261231C00330000,0.3285420944558521,120,0.8193058245195889,0.0388287411113203,0.268356393375434,31.933104036035665,402.78,2026-09-02,NSS,continuous_rate,-0.001196933340446,0.0385726822440593,0.0396507874566124,0.1573136916636166,2.1532279899754223,16.810163806603725,2.060781659511834,65
2026-09-02,2026-09-02 20:00:00+00:00,2026-12-31,335.0,74.72,843069756,GLD   261231C00335000,0.3285420944558521,120,0.8317195491335221,0.0388287411113203,0.2693643156994134,36.86514123876317,402.78,2026-09-02,NSS,continuous_rate,-0.001196933340446,0.0385726822440593,0.0396507874566124,0.1573136916636166,2.1532279899754223,16.810163806603725,2.060781659511834,66
2026-09-02,2026-09-02 20:00:00+00:00,2026-12-31,340.0,70.15,843069801,GLD   261231C00340000,0.3285420944558521,120,0.8441332737474553,0.0388287411113203,0.2632727077961899,40.44940165721797,402.78,2026-09-02,NSS,continuous_rate,-0.001196933340446,0.0385726822440593,0.0396507874566124,0.1573136916636166,2.1532279899754223,16.810163806603725,2.060781659511834,67
2026-09-02,2026-09-02 20:00:00+00:00,2026-12-31,345.0,65.7,843069849,GLD   261231C00345000,0.3285420944558521,120,0.8565469983613884,0.0388287411113203,0.2588043766441755,44.61599348610126,402.78,2026-09-02,NSS,continuous_rate,-0.001196933340446,0.0385726822440593,0.0396507874566124,0.1573136916636166,2.1532279899754223,16.810163806603725,2.060781659511834,68
2026-09-02,2026-09-02 20:00:00+00:00,2026-12-31,350.0,61.35,843069906,GLD   261231C00350000,0.3285420944558521,120,0.8689607229753216,0.0388287411113203,0.2549937416533939,49.1163566000597,402.78,2026-09-02,NSS,continuous_rate,-0.001196933340446,0.0385726822440593,0.0396507874566124,0.1573136916636166,2.1532279899754223,16.810163806603725,2.060781659511834,69
2026-09-02,2026-09-02 20:00:00+00:00,2026-12-31,355.0,57.1,843069951,GLD   261231C00355000,0.3285420944558521,120,0.8813744475892548,0.0388287411113203,0.2515227811516263,53.82882144494483,402.78,2026-09-02,NSS,continuous_rate,-0.001196933340446,0.0385726822440593,0.0396507874566124,0.1573136916636166,2.1532279899754223,16.810163806603725,2.060781659511834,70
2026-09-02,2026-09-02 20:00:00+00:00,2026-12-31,360.0,52.93,843070010,GLD   261231C00360000,0.3285420944558521,120,0.893788172203188,0.0388287411113203,0.2478162473161705,58.57984938969447,402.78,2026-09-02,NSS,continuous_rate,-0.001196933340446,0.0385726822440593,0.0396507874566124,0.1573136916636166,2.1532279899754223,16.810163806603725,2.060781659511834,71
2026-09-02,2026-09-02 20:00:00+00:00,2026-12-31,361.0,52.1,843070041,GLD   261231C00361000,0.3285420944558521,120,0.8962709171259745,0.0388287411113203,0.2469438204036094,59.51174166230757,402.78,2026-09-02,NSS,continuous_rate,-0.001196933340446,0.0385726822440593,0.0396507874566124,0.1573136916636166,2.1532279899754223,16.810163806603725,2.060781659511834,72
2026-09-02,2026-09-02 20:00:00+00:00,2026-12-31,362.0,51.35,843070091,GLD   261231C00362000,0.3285420944558521,120,0.8987536620487612,0.0388287411113203,0.2473286910732277,60.66386787008104,402.78,2026-09-02,NSS,continuous_rate,-0.001196933340446,0.0385726822440593,0.0396507874566124,0.1573136916636166,2.1532279899754223,16.810163806603725,2.060781659511834,73
2026-09-02,2026-09-02 20:00:00+00:00,2026-12-31,363.0,50.5,843070136,GLD   261231C00363000,0.3285420944558521,120,0.9012364069715478,0.0388287411113203,0.2459854527627117,61.513426526470695,402.78,2026-09-02,NSS,continuous_rate,-0.001196933340446,0.0385726822440593,0.0396507874566124,0.1573136916636166,2.1532279899754223,16.810163806603725,2.060781659511834,74
2026-09-02,2026-09-02 20:00:00+00:00,2026-12-31,364.0,49.75,843070178,GLD   261231C00364000,0.3285420944558521,120,0.9037191518943344,0.0388287411113203,0.2461914199438877,62.6233796146639,402.78,2026-09-02,NSS,continuous_rate,-0.001196933340446,0.0385726822440593,0.0396507874566124,0.1573136916636166,2.1532279899754223,16.810163806603725,2.060781659511834,75
2026-09-02,2026-09-02 20:00:00+00:00,2026-12-31,365.0,49.05,843070227,GLD   261231C00365000,0.3285420944558521,120,0.906201896817121,0.0388287411113203,0.2470827197309583,63.83149233103462,402.78,2026-09-02,NSS,continuous_rate,-0.001196933340446,0.0385726822440593,0.0396507874566124,0.1573136916636166,2.1532279899754223,16.810163806603725,2.060781659511834,76
2026-09-02,2026-09-02 20:00:00+00:00,2026-12-31,366.0,48.2,843070260,GLD   261231C00366000,0.3285420944558521,120,0.9086846417399076,0.0388287411113203,0.2455383709893561,64.64627470058424,402.78,2026-09-02,NSS,continuous_rate,-0.001196933340446,0.0385726822440593,0.0396507874566124,0.1573136916636166,2.1532279899754223,16.810163806603725,2.060781659511834,77
2026-09-02,2026-09-02 20:00:00+00:00,2026-12-31,367.0,47.38,843070284,GLD   261231C00367000,0.3285420944558521,120,0.9111673866626944,0.0388287411113203,0.2444048716410063,65.52628250475212,402.78,2026-09-02,NSS,continuous_rate,-0.001196933340446,0.0385726822440593,0.0396507874566124,0.1573136916636166,2.1532279899754223,16.810163806603725,2.060781659511834,78
2026-09-02,2026-09-02 20:00:00+00:00,2026-12-31,368.0,46.6,843070325,GLD   261231C00368000,0.3285420944558521,120,0.9136501315854808,0.0388287411113203,0.2438151327288709,66.48602949217202,402.78,2026-09-02,NSS,continuous_rate,-0.001196933340446,0.0385726822440593,0.0396507874566124,0.1573136916636166,2.1532279899754223,16.810163806603725,2.060781659511834,79
2026-09-02,2026-09-02 20:00:00+00:00,2026-12-31,369.0,45.85,843070366,GLD   261231C00369000,0.3285420944558521,120,0.9161328765082676,0.0388287411113203,0.2435967047008686,67.49290775146272,402.78,2026-09-02,NSS,continuous_rate,-0.001196933340446,0.0385726822440593,0.0396507874566124,0.1573136916636166,2.1532279899754223,16.810163806603725,2.060781659511834,80
2026-09-02,2026-09-02 20:00:00+00:00,2026-12-31,370.0,45.08,843070396,GLD   261231C00370000,0.3285420944558521,120,0.9186156214310542,0.0388287411113203,0.2430021788864397,68.43828810790589,402.78,2026-09-02,NSS,continuous_rate,-0.001196933340446,0.0385726822440593,0.0396507874566124,0.1573136916636166,2.1532279899754223,16.810163806603725,2.060781659511834,81
2026-09-02,2026-09-02 20:00:00+00:00,2026-12-31,371.0,44.38,843070455,GLD   261231C00371000,0.3285420944558521,120,0.9210983663538408,0.0388287411113203,0.2433423935317434,69.49961651959494,402.78,2026-09-02,NSS,continuous_rate,-0.001196933340446,0.0385726822440593,0.0396507874566124,0.1573136916636166,2.1532279899754223,16.810163806603725,2.060781659511834,82
2026-09-02,2026-09-02 20:00:00+00:00,2026-12-31,372.0,43.6,843070491,GLD   261231C00372000,0.3285420944558521,120,0.9235811112766276,0.0388287411113203,0.2424477363939397,70.38768153879974,402.78,2026-09-02,NSS,continuous_rate,-0.001196933340446,0.0385726822440593,0.0396507874566124,0.1573136916636166,2.1532279899754223,16.810163806603725,2.060781659511834,83
2026-09-02,2026-09-02 20:00:00+00:00,2026-12-31,373.0,42.83,843070539,GLD   261231C00373000,0.3285420944558521,120,0.926063856199414,0.0388287411113203,0.2416274252503179,71.27899823862283,402.78,2026-09-02,NSS,continuous_rate,-0.001196933340446,0.0385726822440593,0.0396507874566124,0.1573136916636166,2.1532279899754223,16.810163806603725,2.060781659511834,84
2026-09-02,2026-09-02 20:00:00+00:00,2026-12-31,374.0,42.18,843070578,GLD   261231C00374000,0.3285420944558521,120,0.9285466011222008,0.0388287411113203,0.2423998580579646,72.34834865612231,402.78,2026-09-02,NSS,continuous_rate,-0.001196933340446,0.0385726822440593,0.0396507874566124,0.1573136916636166,2.1532279899754223,16.810163806603725,2.060781659511834,85
2026-09-02,2026-09-02 20:00:00+00:00,2026-12-31,375.0,41.4,843070629,GLD   261231C00375000,0.3285420944558521,120,0.9310293460449874,0.0388287411113203,0.2412885330566205,73.18481400862757,402.78,2026-09-02,NSS,continuous_rate,-0.001196933340446,0.0385726822440593,0.0396507874566124,0.1573136916636166,2.1532279899754223,16.810163806603725,2.060781659511834,86
2026-09-02,2026-09-02 20:00:00+00:00,2026-12-31,376.0,40.68,843070679,GLD   261231C00376000,0.3285420944558521,120,0.933512090967774,0.0388287411113203,0.240925641160179,74.09462959860232,402.78,2026-09-02,NSS,continuous_rate,-0.001196933340446,0.0385726822440593,0.0396507874566124,0.1573136916636166,2.1532279899754223,16.810163806603725,2.060781659511834,87
2026-09-02,2026-09-02 20:00:00+00:00,2026-12-31,377.0,40.03,843070741,GLD   261231C00377000,0.3285420944558521,120,0.9359948358905608,0.0388287411113203,0.2414163452104666,75.07581172160133,402.78,2026-09-02,NSS,continuous_rate,-0.001196933340446,0.0385726822440593,0.0396507874566124,0.1573136916636166,2.1532279899754223,16.810163806603725,2.060781659511834,88
2026-09-02,2026-09-02 20:00:00+00:00,2026-12-31,378.0,39.33,843070801,GLD   261231C00378000,0.3285420944558521,120,0.9384775808133472,0.0388287411113203,0.2411492984598503,75.96131033658261,402.78,2026-09-02,NSS,continuous_rate,-0.001196933340446,0.0385726822440593,0.0396507874566124,0.1573136916636166,2.1532279899754223,16.810163806603725,2.060781659511834,89
2026-09-02,2026-09-02 20:00:00+00:00,2026-12-31,379.0,38.6,843070854,GLD   261231C00379000,0.3285420944558521,120,0.940960325736134,0.0388287411113203,0.2404104996942915,76.78802937971251,402.78,2026-09-02,NSS,continuous_rate,-0.001196933340446,0.0385726822440593,0.0396507874566124,0.1573136916636166,2.1532279899754223,16.810163806603725,2.060781659511834,90
2026-09-02,2026-09-02 20:00:00+00:00,2026-12-31,380.0,37.9,843070906,GLD   261231C00380000,0.3285420944558521,120,0.9434430706589204,0.0388287411113203,0.2399872779280878,77.62879644121756,402.78,2026-09-02,NSS,continuous_rate,-0.001196933340446,0.0385726822440593,0.0396507874566124,0.1573136916636166,2.1532279899754223,16.810163806603725,2.060781659511834,91
2026-09-02,2026-09-02 20:00:00+00:00,2026-12-31,381.0,37.28,843070940,GLD   261231C00381000,0.3285420944558521,120,0.9459258155817072,0.0388287411113203,0.2405055951404385,78.52753152919718,402.78,2026-09-02,NSS,continuous_rate,-0.001196933340446,0.0385726822440593,0.0396507874566124,0.1573136916636166,2.1532279899754223,16.810163806603725,2.060781659511834,92
2026-09-02,2026-09-02 20:00:00+00:00,2026-12-31,382.0,36.55,843070984,GLD   261231C00382000,0.3285420944558521,120,0.9484085605044938,0.0388287411113203,0.2395399633287452,79.28962545403267,402.78,2026-09-02,NSS,continuous_rate,-0.001196933340446,0.0385726822440593,0.0396507874566124,0.1573136916636166,2.1532279899754223,16.810163806603725,2.060781659511834,93
2026-09-02,2026-09-02 20:00:00+00:00,2026-12-31,383.0,35.85,843071018,GLD   261231C00383000,0.3285420944558521,120,0.9508913054272804,0.0388287411113203,0.2388819505241699,80.06016937936069,402.78,2026-09-02,NSS,continuous_rate,-0.001196933340446,0.0385726822440593,0.0396507874566124,0.1573136916636166,2.1532279899754223,16.810163806603725,2.060781659511834,94
2026-09-02,2026-09-02 20:00:00+00:00,2026-12-31,384.0,35.2,843071063,GLD   261231C00384000,0.3285420944558521,120,0.9533740503500672,0.0388287411113203,0.2387692627464421,80.8494572946335,402.78,2026-09-02,NSS,continuous_rate,-0.001196933340446,0.0385726822440593,0.0396507874566124,0.1573136916636166,2.1532279899754223,16.810163806603725,2.060781659511834,95
2026-09-02,2026-09-02 20:00:00+00:00,2026-12-31,385.0,34.63,843071103,GLD   261231C00385000,0.3285420944558521,120,0.9558567952728536,0.0388287411113203,0.2395530015840195,81.6693919186591,402.78,2026-09-02,NSS,continuous_rate,-0.001196933340446,0.0385726822440593,0.0396507874566124,0.1573136916636166,2.1532279899754223,16.810163806603725,2.060781659511834,96
2026-09-02,2026-09-02 20:00:00+00:00,2026-12-31,386.0,33.98,843071143,GLD   261231C00386000,0.3285420944558521,120,0.9583395401956404,0.0388287411113203,0.2392664207330905,82.39921811042386,402.78,2026-09-02,NSS,continuous_rate,-0.001196933340446,0.0385726822440593,0.0396507874566124,0.1573136916636166,2.1532279899754223,16.810163806603725,2.060781659511834,97
2026-09-02,2026-09-02 20:00:00+00:00,2026-12-31,387.0,33.35,843071179,GLD   261231C00387000,0.3285420944558521,120,0.960822285118427,0.0388287411113203,0.2391408530217595,83.11498532885768,402.78,2026-09-02,NSS,continuous_rate,-0.001196933340446,0.0385726822440593,0.0396507874566124,0.1573136916636166,2.1532279899754223,16.810163806603725,2.060781659511834,98
2026-09-02,2026-09-02 20:00:00+00:00,2026-12-31,388.0,32.75,843071224,GLD   261231C00388000,0.3285420944558521,120,0.9633050300412136,0.0388287411113203,0.2392910723485984,83.81907622890412,402.78,2026-09-02,NSS,continuous_rate,-0.001196933340446,0.0385726822440593,0.0396507874566124,0.1573136916636166,2.1532279899754223,16.810163806603725,2.060781659511834,99
2026-09-02,2026-09-02 20:00:00+00:00,2026-12-31,389.0,32.08,843071265,GLD   261231C00389000,0.3285420944558521,120,0.9657877749640004,0.0388287411113203,0.2385263879898004,84.45856019283438,402.78,2026-09-02,NSS,continuous_rate,-0.001196933340446,0.0385726822440593,0.0396507874566124,0.1573136916636166,2.1532279899754223,16.810163806603725,2.060781659511834,100
2026-09-02,2026-09-02 20:00:00+00:00,2026-12-31,390.0,31.5,843071309,GLD   261231C00390000,0.3285420944558521,120,0.9682705198867868,0.0388287411113203,0.2387472280950285,85.1145241970161,402.78,2026-09-02,NSS,continuous_rate,-0.001196933340446,0.0385726822440593,0.0396507874566124,0.1573136916636166,2.1532279899754223,16.810163806603725,2.060781659511834,101
2026-09-02,2026-09-02 20:00:00+00:00,2026-12-31,391.0,30.93,843071333,GLD   261231C00391000,0.3285420944558521,120,0.9707532648095736,0.0388287411113203,0.2389982145090587,85.74284594289433,402.78,2026-09-02,NSS,continuous_rate,-0.001196933340446,0.0385726822440593,0.0396507874566124,0.1573136916636166,2.1532279899754223,16.810163806603725,2.060781659511834,102
2026-09-02,2026-09-02 20:00:00+00:00,2026-12-31,392.0,30.28,843071386,GLD   261231C00392000,0.3285420944558521,120,0.97323600973236,0.0388287411113203,0.2382362123056315,86.31261632608114,402.78,2026-09-02,NSS,continuous_rate,-0.001196933340446,0.0385726822440593,0.0396507874566124,0.1573136916636166,2.1532279899754223,16.810163806603725,2.060781659511834,103
2026-09-02,2026-09-02 20:00:00+00:00,2026-12-31,393.0,29.73,843071441,GLD   261231C00393000,0.3285420944558521,120,0.9757187546551468,0.0388287411113203,0.2385526880132965,86.88784894780868,402.78,2026-09-02,NSS,continuous_rate,-0.001196933340446,0.0385726822440593,0.0396507874566124,0.1573136916636166,2.1532279899754223,16.810163806603725,2.060781659511834,104
2026-09-02,2026-09-02 20:00:00+00:00,2026-12-31,394.0,29.13,843071489,GLD   261231C00394000,0.3285420944558521,120,0.9782014995779336,0.0388287411113203,0.2382111322903074,87.41833054261218,402.78,2026-09-02,NSS,continuous_rate,-0.001196933340446,0.0385726822440593,0.0396507874566124,0.1573136916636166,2.1532279899754223,16.810163806603725,2.060781659511834,105
2026-09-02,2026-09-02 20:00:00+00:00,2026-12-31,395.0,28.55,843071544,GLD   261231C00395000,0.3285420944558521,120,0.98068424450072,0.0388287411113203,0.2380192557378672,87.92551546130473,402.78,2026-09-02,NSS,continuous_rate,-0.001196933340446,0.0385726822440593,0.0396507874566124,0.1573136916636166,2.1532279899754223,16.810163806603725,2.060781659511834,106
2026-09-02,2026-09-02 20:00:00+00:00,2026-12-31,396.0,27.95,843071597,GLD   261231C00396000,0.3285420944558521,120,0.9831669894235068,0.0388287411113203,0.237521771794837,88.40028425990563,402.78,2026-09-02,NSS,continuous_rate,-0.001196933340446,0.0385726822440593,0.0396507874566124,0.1573136916636166,2.1532279899754223,16.810163806603725,2.060781659511834,107
2026-09-02,2026-09-02 20:00:00+00:00,2026-12-31,397.0,27.35,843071640,GLD   261231C00397000,0.3285420944558521,120,0.9856497343462932,0.0388287411113203,0.2369482096322812,88.84779659649284,402.78,2026-09-02,NSS,continuous_rate,-0.001196933340446,0.0385726822440593,0.0396507874566124,0.1573136916636166,2.1532279899754223,16.810163806603725,2.060781659511834,108
2026-09-02,2026-09-02 20:00:00+00:00,2026-12-31,398.0,26.93,843071687,GLD   261231C00398000,0.3285420944558521,120,0.98813247926908,0.0388287411113203,0.2383153079499491,89.2895691386322,402.78,2026-09-02,NSS,continuous_rate,-0.001196933340446,0.0385726822440593,0.0396507874566124,0.1573136916636166,2.1532279899754223,16.810163806603725,2.060781659511834,109
2026-09-02,2026-09-02 20:00:00+00:00,2026-12-31,399.0,26.38,843071732,GLD   261231C00399000,0.3285420944558521,120,0.9906152241918668,0.0388287411113203,0.2381399899817071,89.68251518288093,402.78,2026-09-02,NSS,continuous_rate,-0.001196933340446,0.0385726822440593,0.0396507874566124,0.1573136916636166,2.1532279899754223,16.810163806603725,2.060781659511834,110
2026-09-02,2026-09-02 20:00:00+00:00,2026-12-31,400.0,25.8,843071784,GLD   261231C00400000,0.3285420944558521,120,0.9930979691146532,0.0388287411113203,0.2375530263553373,90.04413043663868,402.78,2026-09-02,NSS,continuous_rate,-0.001196933340446,0.0385726822440593,0.0396507874566124,0.1573136916636166,2.1532279899754223,16.810163806603725,2.060781659511834,111
2026-09-02,2026-09-02 20:00:00+00:00,2026-12-31,401.0,25.35,843071839,GLD   261231C00401000,0.3285420944558521,120,0.99558071403744,0.0388287411113203,0.2383291843787767,90.38403069750682,402.78,2026-09-02,NSS,continuous_rate,-0.001196933340446,0.0385726822440593,0.0396507874566124,0.1573136916636166,2.1532279899754223,16.810163806603725,2.060781659511834,112
2026-09-02,2026-09-02 20:00:00+00:00,2026-12-31,402.0,24.83,843071894,GLD   261231C00402000,0.3285420944558521,120,0.9980634589602264,0.0388287411113203,0.2382488128480502,90.6891861904843,402.78,2026-09-02,NSS,continuous_rate,-0.001196933340446,0.0385726822440593,0.0396507874566124,0.1573136916636166,2.1532279899754223,16.810163806603725,2.060781659511834,113
2026-09-02,2026-09-02 20:00:00+00:00,2026-12-31,403.0,24.33,843071934,GLD   261231C00403000,0.3285420944558521,120,1.000546203883013,0.0388287411113203,0.2383100181435234,90.9648786756991,402.78,2026-09-02,NSS,continuous_rate,-0.001196933340446,0.0385726822440593,0.0396507874566124,0.1573136916636166,2.1532279899754223,16.810163806603725,2.060781659511834,114
2026-09-02,2026-09-02 20:00:00+00:00,2026-12-31,404.0,23.88,843071994,GLD   261231C00404000,0.3285420944558521,120,1.0030289488057995,0.0388287411113203,0.2388406192549504,91.2105732239718,402.78,2026-09-02,NSS,continuous_rate,-0.001196933340446,0.0385726822440593,0.0396507874566124,0.1573136916636166,2.1532279899754223,16.810163806603725,2.060781659511834,115
2026-09-02,2026-09-02 20:00:00+00:00,2026-12-31,405.0,23.38,843072046,GLD   261231C00405000,0.3285420944558521,120,1.0055116937285864,0.0388287411113203,0.2387437636443414,91.42586547478248,402.78,2026-09-02,NSS,continuous_rate,-0.001196933340446,0.0385726822440593,0.0396507874566124,0.1573136916636166,2.1532279899754223,16.810163806603725,2.060781659511834,116
2026-09-02,2026-09-02 20:00:00+00:00,2026-12-31,406.0,22.88,843072092,GLD   261231C00406000,0.3285420944558521,120,1.007994438651373,0.0388287411113203,0.2385697588146664,91.6115839403774,402.78,2026-09-02,NSS,continuous_rate,-0.001196933340446,0.0385726822440593,0.0396507874566124,0.1573136916636166,2.1532279899754223,16.810163806603725,2.060781659511834,117
2026-09-02,2026-09-02 20:00:00+00:00,2026-12-31,407.0,22.43,843072139,GLD   261231C00407000,0.3285420944558521,120,1.0104771835741595,0.0388287411113203,0.2388639996405691,91.7668599190002,402.78,2026-09-02,NSS,continuous_rate,-0.001196933340446,0.0385726822440593,0.0396507874566124,0.1573136916636166,2.1532279899754223,16.810163806603725,2.060781659511834,118
2026-09-02,2026-09-02 20:00:00+00:00,2026-12-31,408.0,22.0,843072184,GLD   261231C00408000,0.3285420944558521,120,1.0129599284969464,0.0388287411113203,0.2392981688846834,91.89206170081394,402.78,2026-09-02,NSS,continuous_rate,-0.001196933340446,0.0385726822440593,0.0396507874566124,0.1573136916636166,2.1532279899754223,16.810163806603725,2.060781659511834,119
2026-09-02,2026-09-02 20:00:00+00:00,2026-12-31,409.0,21.53,843072231,GLD   261231C00409000,0.3285420944558521,120,1.0154426734197328,0.0388287411113203,0.2392201163007878,91.98865052209122,402.78,2026-09-02,NSS,continuous_rate,-0.001196933340446,0.0385726822440593,0.0396507874566124,0.1573136916636166,2.1532279899754223,16.810163806603725,2.060781659511834,120
2026-09-02,2026-09-02 20:00:00+00:00,2026-12-31,410.0,21.05,843072278,GLD   261231C00410000,0.3285420944558521,120,1.0179254183425197,0.0388287411113203,0.2389575817178003,92.05606462176516,402.78,2026-09-02,NSS,continuous_rate,-0.001196933340446,0.0385726822440593,0.0396507874566124,0.1573136916636166,2.1532279899754223,16.810163806603725,2.060781659511834,121
2026-09-02,2026-09-02 20:00:00+00:00,2026-12-31,411.0,20.63,843072326,GLD   261231C00411000,0.3285420944558521,120,1.020408163265306,0.0388287411113203,0.2392711051919498,92.09354239395894,402.78,2026-09-02,NSS,continuous_rate,-0.001196933340446,0.0385726822440593,0.0396507874566124,0.1573136916636166,2.1532279899754223,16.810163806603725,2.060781659511834,122
2026-09-02,2026-09-02 20:00:00+00:00,2026-12-31,412.0,20.2,843072366,GLD   261231C00412000,0.3285420944558521,120,1.0228909081880928,0.0388287411113203,0.2394006030059419,92.1024157842842,402.78,2026-09-02,NSS,continuous_rate,-0.001196933340446,0.0385726822440593,0.0396507874566124,0.1573136916636166,2.1532279899754223,16.810163806603725,2.060781659511834,123
2026-09-02,2026-09-02 20:00:00+00:00,2026-12-31,413.0,19.7,843072414,GLD   261231C00413000,0.3285420944558521,120,1.0253736531108797,0.0388287411113203,0.2386950005696155,92.08166177514468,402.78,2026-09-02,NSS,continuous_rate,-0.001196933340446,0.0385726822440593,0.0396507874566124,0.1573136916636166,2.1532279899754223,16.810163806603725,2.060781659511834,124
2026-09-02,2026-09-02 20:00:00+00:00,2026-12-31,414.0,19.38,843072459,GLD   261231C00414000,0.3285420944558521,120,1.027856398033666,0.0388287411113203,0.2398698870654218,92.03538344773486,402.78,2026-09-02,NSS,continuous_rate,-0.001196933340446,0.0385726822440593,0.0396507874566124,0.1573136916636166,2.1532279899754223,16.810163806603725,2.060781659511834,125
2026-09-02,2026-09-02 20:00:00+00:00,2026-12-31,415.0,18.95,843072512,GLD   261231C00415000,0.3285420944558521,120,1.0303391429564528,0.0388287411113203,0.2397760768187232,91.958993322367,402.78,2026-09-02,NSS,continuous_rate,-0.001196933340446,0.0385726822440593,0.0396507874566124,0.1573136916636166,2.1532279899754223,16.810163806603725,2.060781659511834,126
2026-09-02,2026-09-02 20:00:00+00:00,2026-12-31,416.0,18.55,843072566,GLD   261231C00416000,0.3285420944558521,120,1.0328218878792397,0.0388287411113203,0.2399348827679642,91.85582634750386,402.78,2026-09-02,NSS,continuous_rate,-0.001196933340446,0.0385726822440593,0.0396507874566124,0.1573136916636166,2.1532279899754223,16.810163806603725,2.060781659511834,127
2026-09-02,2026-09-02 20:00:00+00:00,2026-12-31,417.0,18.2,843072617,GLD   261231C00417000,0.3285420944558521,120,1.035304632802026,0.0388287411113203,0.2405657853146084,91.72934547349386,402.78,2026-09-02,NSS,continuous_rate,-0.001196933340446,0.0385726822440593,0.0396507874566124,0.1573136916636166,2.1532279899754223,16.810163806603725,2.060781659511834,128
2026-09-02,2026-09-02 20:00:00+00:00,2026-12-31,418.0,17.77,843072659,GLD   261231C00418000,0.3285420944558521,120,1.0377873777248126,0.0388287411113203,0.2402521407709457,91.56882186023064,402.78,2026-09-02,NSS,continuous_rate,-0.001196933340446,0.0385726822440593,0.0396507874566124,0.1573136916636166,2.1532279899754223,16.810163806603725,2.060781659511834,129
2026-09-02,2026-09-02 20:00:00+00:00,2026-12-31,419.0,17.43,843072716,GLD   261231C00419000,0.3285420944558521,120,1.0402701226475992,0.0388287411113203,0.2408494884363376,91.39130786736617,402.78,2026-09-02,NSS,continuous_rate,-0.001196933340446,0.0385726822440593,0.0396507874566124,0.1573136916636166,2.1532279899754223,16.810163806603725,2.060781659511834,130
2026-09-02,2026-09-02 20:00:00+00:00,2026-12-31,420.0,17.02,843072784,GLD   261231C00420000,0.3285420944558521,120,1.042752867570386,0.0388287411113203,0.2406095472871326,91.17776064924318,402.78,2026-09-02,NSS,continuous_rate,-0.001196933340446,0.0385726822440593,0.0396507874566124,0.1573136916636166,2.1532279899754223,16.810163806603725,2.060781659511834,131
2026-09-02,2026-09-02 20:00:00+00:00,2026-12-31,421.0,16.67,843072842,GLD   261231C00421000,0.3285420944558521,120,1.0452356124931723,0.0388287411113203,0.240956271747034,90.94729628762424,402.78,2026-09-02,NSS,continuous_rate,-0.001196933340446,0.0385726822440593,0.0396507874566124,0.1573136916636166,2.1532279899754223,16.810163806603725,2.060781659511834,132
2026-09-02,2026-09-02 20:00:00+00:00,2026-12-31,422.0,16.33,843072889,GLD   261231C00422000,0.3285420944558521,120,1.0477183574159592,0.0388287411113203,0.2413436662503518,90.69403342496632,402.78,2026-09-02,NSS,continuous_rate,-0.001196933340446,0.0385726822440593,0.0396507874566124,0.1573136916636166,2.1532279899754223,16.810163806603725,2.060781659511834,133
2026-09-02,2026-09-02 20:00:00+00:00,2026-12-31,423.0,15.95,843072949,GLD   261231C00423000,0.3285420944558521,120,1.050201102338746,0.0388287411113203,0.2412199052686803,90.40578314126338,402.78,2026-09-02,NSS,continuous_rate,-0.001196933340446,0.0385726822440593,0.0396507874566124,0.1573136916636166,2.1532279899754223,16.810163806603725,2.060781659511834,134
2026-09-02,2026-09-02 20:00:00+00:00,2026-12-31,424.0,15.68,843073002,GLD   261231C00424000,0.3285420944558521,120,1.0526838472615323,0.0388287411113203,0.2422453361068852,90.12316764754968,402.78,2026-09-02,NSS,continuous_rate,-0.001196933340446,0.0385726822440593,0.0396507874566124,0.1573136916636166,2.1532279899754223,16.810163806603725,2.060781659511834,135
2026-09-02,2026-09-02 20:00:00+00:00,2026-12-31,425.0,15.33,843073052,GLD   261231C00425000,0.3285420944558521,120,1.055166592184319,0.0388287411113203,0.2423168229979463,89.79423342987067,402.78,2026-09-02,NSS,continuous_rate,-0.001196933340446,0.0385726822440593,0.0396507874566124,0.1573136916636166,2.1532279899754223,16.810163806603725,2.060781659511834,136
2026-09-02,2026-09-02 20:00:00+00:00,2026-12-31,426.0,14.95,843073111,GLD   261231C00426000,0.3285420944558521,120,1.0576493371071056,0.0388287411113203,0.2419835838192143,89.42833973263242,402.78,2026-09-02,NSS,continuous_rate,-0.001196933340446,0.0385726822440593,0.0396507874566124,0.1573136916636166,2.1532279899754223,16.810163806603725,2.060781659511834,137
2026-09-02,2026-09-02 20:00:00+00:00,2026-12-31,427.0,14.65,843073169,GLD   261231C00427000,0.3285420944558521,120,1.0601320820298925,0.0388287411113203,0.2424763087990694,89.06805976759397,402.78,2026-09-02,NSS,continuous_rate,-0.001196933340446,0.0385726822440593,0.0396507874566124,0.1573136916636166,2.1532279899754223,16.810163806603725,2.060781659511834,138
2026-09-02,2026-09-02 20:00:00+00:00,2026-12-31,428.0,14.35,843073212,GLD   261231C00428000,0.3285420944558521,120,1.062614826952679,0.0388287411113203,0.2429041032676585,88.68612219819143,402.78,2026-09-02,NSS,continuous_rate,-0.001196933340446,0.0385726822440593,0.0396507874566124,0.1573136916636166,2.1532279899754223,16.810163806603725,2.060781659511834,139
2026-09-02,2026-09-02 20:00:00+00:00,2026-12-31,429.0,14.05,843073266,GLD   261231C00429000,0.3285420944558521,120,1.0650975718754656,0.0388287411113203,0.2432670603553764,88.28245910162478,402.78,2026-09-02,NSS,continuous_rate,-0.001196933340446,0.0385726822440593,0.0396507874566124,0.1573136916636166,2.1532279899754223,16.810163806603725,2.060781659511834,140
2026-09-02,2026-09-02 20:00:00+00:00,2026-12-31,430.0,13.73,843073313,GLD   261231C00430000,0.3285420944558521,120,1.0675803167982525,0.0388287411113203,0.2433375228120945,87.84565945302353,402.78,2026-09-02,NSS,continuous_rate,-0.001196933340446,0.0385726822440593,0.0396507874566124,0.1573136916636166,2.1532279899754223,16.810163806603725,2.060781659511834,141
2026-09-02,2026-09-02 20:00:00+00:00,2026-12-31,431.0,13.43,843073357,GLD   261231C00431000,0.3285420944558521,120,1.070063061721039,0.0388287411113203,0.243569566503819,87.39711105249907,402.78,2026-09-02,NSS,continuous_rate,-0.001196933340446,0.0385726822440593,0.0396507874566124,0.1573136916636166,2.1532279899754223,16.810163806603725,2.060781659511834,142
2026-09-02,2026-09-02 20:00:00+00:00,2026-12-31,432.0,13.15,843073393,GLD   261231C00432000,0.3285420944558521,120,1.0725458066438256,0.0388287411113203,0.243966516185645,86.93963848443587,402.78,2026-09-02,NSS,continuous_rate,-0.001196933340446,0.0385726822440593,0.0396507874566124,0.1573136916636166,2.1532279899754223,16.810163806603725,2.060781659511834,143
2026-09-02,2026-09-02 20:00:00+00:00,2026-12-31,433.0,12.8,843073463,GLD   261231C00433000,0.3285420944558521,120,1.075028551566612,0.0388287411113203,0.2434907875028439,86.41102566532186,402.78,2026-09-02,NSS,continuous_rate,-0.001196933340446,0.0385726822440593,0.0396507874566124,0.1573136916636166,2.1532279899754223,16.810163806603725,2.060781659511834,144
2026-09-02,2026-09-02 20:00:00+00:00,2026-12-31,434.0,12.58,843073489,GLD   261231C00434000,0.3285420944558521,120,1.0775112964893987,0.0388287411113203,0.2444554414453916,85.95554296681735,402.78,2026-09-02,NSS,continuous_rate,-0.001196933340446,0.0385726822440593,0.0396507874566124,0.1573136916636166,2.1532279899754223,16.810163806603725,2.060781659511834,145
2026-09-02,2026-09-02 20:00:00+00:00,2026-12-31,435.0,12.25,843073545,GLD   261231C00435000,0.3285420944558521,120,1.0799940414121854,0.0388287411113203,0.2440772854772397,85.39369573692258,402.78,2026-09-02,NSS,continuous_rate,-0.001196933340446,0.0385726822440593,0.0396507874566124,0.1573136916636166,2.1532279899754223,16.810163806603725,2.060781659511834,146
2026-09-02,2026-09-02 20:00:00+00:00,2026-12-31,436.0,12.03,843073608,GLD   261231C00436000,0.3285420944558521,120,1.082476786334972,0.0388287411113203,0.2449241387833841,84.90362147040193,402.78,2026-09-02,NSS,continuous_rate,-0.001196933340446,0.0385726822440593,0.0396507874566124,0.1573136916636166,2.1532279899754223,16.810163806603725,2.060781659511834,147
2026-09-02,2026-09-02 20:00:00+00:00,2026-12-31,437.0,11.78,843073649,GLD   261231C00437000,0.3285420944558521,120,1.084959531257759,0.0388287411113203,0.2453602963614277,84.37044797927722,402.78,2026-09-02,NSS,continuous_rate,-0.001196933340446,0.0385726822440593,0.0396507874566124,0.1573136916636166,2.1532279899754223,16.810163806603725,2.060781659511834,148
2026-09-02,2026-09-02 20:00:00+00:00,2026-12-31,438.0,11.53,843073690,GLD   261231C00438000,0.3285420944558521,120,1.0874422761805451,0.0388287411113203,0.2457368691128679,83.81921516025875,402.78,2026-09-02,NSS,continuous_rate,-0.001196933340446,0.0385726822440593,0.0396507874566124,0.1573136916636166,2.1532279899754223,16.810163806603725,2.060781659511834,149
2026-09-02,2026-09-02 20:00:00+00:00,2026-12-31,440.0,11.0,843073728,GLD   261231C00440000,0.3285420944558521,120,1.0924077660261184,0.0388287411113203,0.2459472599877975,82.62720482463342,402.78,2026-09-02,NSS,continuous_rate,-0.001196933340446,0.0385726822440593,0.0396507874566124,0.1573136916636166,2.1532279899754223,16.810163806603725,2.060781659511834,150
2026-09-02,2026-09-02 20:00:00+00:00,2026-12-31,445.0,9.88,843073788,GLD   261231C00445000,0.3285420944558521,120,1.1048214906400518,0.0388287411113203,0.2479329490139148,79.58052986967473,402.78,2026-09-02,NSS,continuous_rate,-0.001196933340446,0.0385726822440593,0.0396507874566124,0.1573136916636166,2.1532279899754223,16.810163806603725,2.060781659511834,151
2026-09-02,2026-09-02 20:00:00+00:00,2026-12-31,450.0,8.8,843073841,GLD   261231C00450000,0.3285420944558521,120,1.1172352152539848,0.0388287411113203,0.2489962932358496,76.18631607711991,402.78,2026-09-02,NSS,continuous_rate,-0.001196933340446,0.0385726822440593,0.0396507874566124,0.1573136916636166,2.1532279899754223,16.810163806603725,2.060781659511834,152
2026-09-02,2026-09-02 20:00:00+00:00,2026-12-31,455.0,7.88,843073889,GLD   261231C00455000,0.3285420944558521,120,1.129648939867918,0.0388287411113203,0.2507837355905212,72.71953263381351,402.78,2026-09-02,NSS,continuous_rate,-0.001196933340446,0.0385726822440593,0.0396507874566124,0.1573136916636166,2.1532279899754223,16.810163806603725,2.060781659511834,153
2026-09-02,2026-09-02 20:00:00+00:00,2026-12-31,460.0,7.05,843073930,GLD   261231C00460000,0.3285420944558521,120,1.1420626644818512,0.0388287411113203,0.2525207385233603,69.14458884224993,402.78,2026-09-02,NSS,continuous_rate,-0.001196933340446,0.0385726822440593,0.0396507874566124,0.1573136916636166,2.1532279899754223,16.810163806603725,2.060781659511834,154
2026-09-02,2026-09-02 20:00:00+00:00,2026-12-31,465.0,6.33,843073971,GLD   261231C00465000,0.3285420944558521,120,1.1544763890957843,0.0388287411113203,0.2546327309909276,65.59908430988756,402.78,2026-09-02,NSS,continuous_rate,-0.001196933340446,0.0385726822440593,0.0396507874566124,0.1573136916636166,2.1532279899754223,16.810163806603725,2.060781659511834,155
2026-09-02,2026-09-02 20:00:00+00:00,2026-12-31,470.0,5.7,843074015,GLD   261231C00470000,0.3285420944558521,120,1.1668901137097176,0.0388287411113203,0.2569893304404803,62.11873356136579,402.78,2026-09-02,NSS,continuous_rate,-0.001196933340446,0.0385726822440593,0.0396507874566124,0.1573136916636166,2.1532279899754223,16.810163806603725,2.060781659511834,156
2026-09-02,2026-09-02 20:00:00+00:00,2026-12-31,475.0,5.13,843074064,GLD   261231C00475000,0.3285420944558521,120,1.1793038383236507,0.0388287411113203,0.2592473886192776,58.66913940565813,402.78,2026-09-02,NSS,continuous_rate,-0.001196933340446,0.0385726822440593,0.0396507874566124,0.1573136916636166,2.1532279899754223,16.810163806603725,2.060781659511834,157
2026-09-02,2026-09-02 20:00:00+00:00,2026-12-31,480.0,4.63,843074117,GLD   261231C00480000,0.3285420944558521,120,1.1917175629375838,0.0388287411113203,0.2616907204055227,55.344972281035794,402.78,2026-09-02,NSS,continuous_rate,-0.001196933340446,0.0385726822440593,0.0396507874566124,0.1573136916636166,2.1532279899754223,16.810163806603725,2.060781659511834,158
2026-09-02,2026-09-02 20:00:00+00:00,2027-01-15,323.0,86.6,776885187,GLD   270115C00323000,0.3696098562628336,135,0.8019266100600825,0.0389886768780037,0.276237008223962,32.473450199081526,402.78,2026-09-02,NSS,continuous_rate,-0.001196933340446,0.0385726822440593,0.0396507874566124,0.1573136916636166,2.1532279899754223,16.810163806603725,2.060781659511834,159
2026-09-02,2026-09-02 20:00:00+00:00,2027-01-15,324.0,85.6,776885208,GLD   270115C00324000,0.3696098562628336,135,0.8044093549828691,0.0389886768780037,0.2729464925186708,32.606067953162146,402.78,2026-09-02,NSS,continuous_rate,-0.001196933340446,0.0385726822440593,0.0396507874566124,0.1573136916636166,2.1532279899754223,16.810163806603725,2.060781659511834,160
2026-09-02,2026-09-02 20:00:00+00:00,2027-01-15,325.0,84.6,731137385,GLD   270115C00325000,0.3696098562628336,135,0.8068920999056558,0.0389886768780037,0.2696655413049273,32.740490025410665,402.78,2026-09-02,NSS,continuous_rate,-0.001196933340446,0.0385726822440593,0.0396507874566124,0.1573136916636166,2.1532279899754223,16.810163806603725,2.060781659511834,161
2026-09-02,2026-09-02 20:00:00+00:00,2027-01-15,326.0,83.68,776885237,GLD   270115C00326000,0.3696098562628336,135,0.8093748448284424,0.0389886768780037,0.2688062830301934,33.451209116533526,402.78,2026-09-02,NSS,continuous_rate,-0.001196933340446,0.0385726822440593,0.0396507874566124,0.1573136916636166,2.1532279899754223,16.810163806603725,2.060781659511834,162
2026-09-02,2026-09-02 20:00:00+00:00,2027-01-15,327.0,82.9,776885267,GLD   270115C00327000,0.3696098562628336,135,0.811857589751229,0.0389886768780037,0.2719372896517628,35.112515374627144,402.78,2026-09-02,NSS,continuous_rate,-0.001196933340446,0.0385726822440593,0.0396507874566124,0.1573136916636166,2.1532279899754223,16.810163806603725,2.060781659511834,163
2026-09-02,2026-09-02 20:00:00+00:00,2027-01-15,328.0,81.95,776885310,GLD   270115C00328000,0.3696098562628336,135,0.8143403346740157,0.0389886768780037,0.2700566982761956,35.6056794334046,402.78,2026-09-02,NSS,continuous_rate,-0.001196933340446,0.0385726822440593,0.0396507874566124,0.1573136916636166,2.1532279899754223,16.810163806603725,2.060781659511834,164
2026-09-02,2026-09-02 20:00:00+00:00,2027-01-15,329.0,81.1,776885341,GLD   270115C00329000,0.3696098562628336,135,0.8168230795968022,0.0389886768780037,0.2709043711298146,36.74857829172515,402.78,2026-09-02,NSS,continuous_rate,-0.001196933340446,0.0385726822440593,0.0396507874566124,0.1573136916636166,2.1532279899754223,16.810163806603725,2.060781659511834,165
2026-09-02,2026-09-02 20:00:00+00:00,2027-01-15,330.0,80.22,731137430,GLD   270115C00330000,0.3696098562628336,135,0.8193058245195889,0.0389886768780037,0.2708214757653886,37.68205672058232,402.78,2026-09-02,NSS,continuous_rate,-0.001196933340446,0.0385726822440593,0.0396507874566124,0.1573136916636166,2.1532279899754223,16.810163806603725,2.060781659511834,166
2026-09-02,2026-09-02 20:00:00+00:00,2027-01-15,331.0,79.33,811874759,GLD   270115C00331000,0.3696098562628336,135,0.8217885694423755,0.0389886768780037,0.2703938954967074,38.5439959389069,402.78,2026-09-02,NSS,continuous_rate,-0.001196933340446,0.0385726822440593,0.0396507874566124,0.1573136916636166,2.1532279899754223,16.810163806603725,2.060781659511834,167
2026-09-02,2026-09-02 20:00:00+00:00,2027-01-15,332.0,78.43,811874818,GLD   270115C00332000,0.3696098562628336,135,0.8242713143651622,0.0389886768780037,0.2696428547407501,39.33938903270403,402.78,2026-09-02,NSS,continuous_rate,-0.001196933340446,0.0385726822440593,0.0396507874566124,0.1573136916636166,2.1532279899754223,16.810163806603725,2.060781659511834,168
2026-09-02,2026-09-02 20:00:00+00:00,2027-01-15,333.0,77.55,811874868,GLD   270115C00333000,0.3696098562628336,135,0.8267540592879488,0.0389886768780037,0.2693334476300516,40.24632963580905,402.78,2026-09-02,NSS,continuous_rate,-0.001196933340446,0.0385726822440593,0.0396507874566124,0.1573136916636166,2.1532279899754223,16.810163806603725,2.060781659511834,169
2026-09-02,2026-09-02 20:00:00+00:00,2027-01-15,334.0,76.55,811874933,GLD   270115C00334000,0.3696098562628336,135,0.8292368042107354,0.0389886768780037,0.2660086366568691,40.457195800511904,402.78,2026-09-02,NSS,continuous_rate,-0.001196933340446,0.0385726822440593,0.0396507874566124,0.1573136916636166,2.1532279899754223,16.810163806603725,2.060781659511834,170
2026-09-02,2026-09-02 20:00:00+00:00,2027-01-15,335.0,75.65,731137475,GLD   270115C00335000,0.3696098562628336,135,0.8317195491335221,0.0389886768780037,0.2651330526239238,41.24990432343997,402.78,2026-09-02,NSS,continuous_rate,-0.001196933340446,0.0385726822440593,0.0396507874566124,0.1573136916636166,2.1532279899754223,16.810163806603725,2.060781659511834,171
2026-09-02,2026-09-02 20:00:00+00:00,2027-01-15,336.0,74.78,811874983,GLD   270115C00336000,0.3696098562628336,135,0.8342022940563087,0.0389886768780037,0.264917958664056,42.20621896870535,402.78,2026-09-02,NSS,continuous_rate,-0.001196933340446,0.0385726822440593,0.0396507874566124,0.1573136916636166,2.1532279899754223,16.810163806603725,2.060781659511834,172
2026-09-02,2026-09-02 20:00:00+00:00,2027-01-15,337.0,73.88,811875034,GLD   270115C00337000,0.3696098562628336,135,0.8366850389790953,0.0389886768780037,0.2639276845498942,42.98899904269616,402.78,2026-09-02,NSS,continuous_rate,-0.001196933340446,0.0385726822440593,0.0396507874566124,0.1573136916636166,2.1532279899754223,16.810163806603725,2.060781659511834,173
2026-09-02,2026-09-02 20:00:00+00:00,2027-01-15,338.0,72.97,811875095,GLD   270115C00338000,0.3696098562628336,135,0.839167783901882,0.0389886768780037,0.2626609947673977,43.71555511064208,402.78,2026-09-02,NSS,continuous_rate,-0.001196933340446,0.0385726822440593,0.0396507874566124,0.1573136916636166,2.1532279899754223,16.810163806603725,2.060781659511834,174
2026-09-02,2026-09-02 20:00:00+00:00,2027-01-15,339.0,72.08,811875143,GLD   270115C00339000,0.3696098562628336,135,0.8416505288246686,0.0389886768780037,0.2618052242259495,44.546520553496265,402.78,2026-09-02,NSS,continuous_rate,-0.001196933340446,0.0385726822440593,0.0396507874566124,0.1573136916636166,2.1532279899754223,16.810163806603725,2.060781659511834,175
2026-09-02,2026-09-02 20:00:00+00:00,2027-01-15,340.0,71.22,731137508,GLD   270115C00340000,0.3696098562628336,135,0.8441332737474553,0.0389886768780037,0.2615565008805134,45.526343468331774,402.78,2026-09-02,NSS,continuous_rate,-0.001196933340446,0.0385726822440593,0.0396507874566124,0.1573136916636166,2.1532279899754223,16.810163806603725,2.060781659511834,176
2026-09-02,2026-09-02 20:00:00+00:00,2027-01-15,341.0,70.25,811875201,GLD   270115C00341000,0.3696098562628336,135,0.8466160186702418,0.0389886768780037,0.258851062911097,45.94330869754609,402.78,2026-09-02,NSS,continuous_rate,-0.001196933340446,0.0385726822440593,0.0396507874566124,0.1573136916636166,2.1532279899754223,16.810163806603725,2.060781659511834,177
2026-09-02,2026-09-02 20:00:00+00:00,2027-01-15,342.0,69.43,811875255,GLD   270115C00342000,0.3696098562628336,135,0.8490987635930285,0.0389886768780037,0.2593516294701957,47.11284925567723,402.78,2026-09-02,NSS,continuous_rate,-0.001196933340446,0.0385726822440593,0.0396507874566124,0.1573136916636166,2.1532279899754223,16.810163806603725,2.060781659511834,178
2026-09-02,2026-09-02 20:00:00+00:00,2027-01-15,343.0,68.6,811875315,GLD   270115C00343000,0.3696098562628336,135,0.8515815085158152,0.0389886768780037,0.2595347517655232,48.21174391011355,402.78,2026-09-02,NSS,continuous_rate,-0.001196933340446,0.0385726822440593,0.0396507874566124,0.1573136916636166,2.1532279899754223,16.810163806603725,2.060781659511834,179
2026-09-02,2026-09-02 20:00:00+00:00,2027-01-15,344.0,67.68,811875363,GLD   270115C00344000,0.3696098562628336,135,0.8540642534386018,0.0389886768780037,0.257789665114414,48.87740100267171,402.78,2026-09-02,NSS,continuous_rate,-0.001196933340446,0.0385726822440593,0.0396507874566124,0.1573136916636166,2.1532279899754223,16.810163806603725,2.060781659511834,180
2026-09-02,2026-09-02 20:00:00+00:00,2027-01-15,345.0,66.85,731137548,GLD   270115C00345000,0.3696098562628336,135,0.8565469983613884,0.0389886768780037,0.2578272897939198,49.95435794664306,402.78,2026-09-02,NSS,continuous_rate,-0.001196933340446,0.0385726822440593,0.0396507874566124,0.1573136916636166,2.1532279899754223,16.810163806603725,2.060781659511834,181
2026-09-02,2026-09-02 20:00:00+00:00,2027-01-15,346.0,65.72,811875432,GLD   270115C00346000,0.3696098562628336,135,0.859029743284175,0.0389886768780037,0.2518179765640758,49.66322970091592,402.78,2026-09-02,NSS,continuous_rate,-0.001196933340446,0.0385726822440593,0.0396507874566124,0.1573136916636166,2.1532279899754223,16.810163806603725,2.060781659511834,182
2026-09-02,2026-09-02 20:00:00+00:00,2027-01-15,347.0,65.07,811875499,GLD   270115C00347000,0.3696098562628336,135,0.8615124882069617,0.0389886768780037,0.2553264499888755,51.546962842845055,402.78,2026-09-02,NSS,continuous_rate,-0.001196933340446,0.0385726822440593,0.0396507874566124,0.1573136916636166,2.1532279899754223,16.810163806603725,2.060781659511834,183
2026-09-02,2026-09-02 20:00:00+00:00,2027-01-15,348.0,64.25,811875548,GLD   270115C00348000,0.3696098562628336,135,0.8639952331297484,0.0389886768780037,0.2553477302840911,52.63455482315397,402.78,2026-09-02,NSS,continuous_rate,-0.001196933340446,0.0385726822440593,0.0396507874566124,0.1573136916636166,2.1532279899754223,16.810163806603725,2.060781659511834,184
2026-09-02,2026-09-02 20:00:00+00:00,2027-01-15,349.0,63.38,811875601,GLD   270115C00349000,0.3696098562628336,135,0.8664779780525349,0.0389886768780037,0.2543496332167647,53.50222596495903,402.78,2026-09-02,NSS,continuous_rate,-0.001196933340446,0.0385726822440593,0.0396507874566124,0.1573136916636166,2.1532279899754223,16.810163806603725,2.060781659511834,185
2026-09-02,2026-09-02 20:00:00+00:00,2027-01-15,350.0,62.53,731137602,GLD   270115C00350000,0.3696098562628336,135,0.8689607229753216,0.0389886768780037,0.2536691759870387,54.444304609962686,402.78,2026-09-02,NSS,continuous_rate,-0.001196933340446,0.0385726822440593,0.0396507874566124,0.1573136916636166,2.1532279899754223,16.810163806603725,2.060781659511834,186
2026-09-02,2026-09-02 20:00:00+00:00,2027-01-15,351.0,61.68,811875652,GLD   270115C00351000,0.3696098562628336,135,0.8714434678981082,0.0389886768780037,0.2529281281224452,55.37775337695988,402.78,2026-09-02,NSS,continuous_rate,-0.001196933340446,0.0385726822440593,0.0396507874566124,0.1573136916636166,2.1532279899754223,16.810163806603725,2.060781659511834,187
2026-09-02,2026-09-02 20:00:00+00:00,2027-01-15,352.0,60.85,811875709,GLD   270115C00352000,0.3696098562628336,135,0.8739262128208949,0.0389886768780037,0.2524833746089601,56.37754160863007,402.78,2026-09-02,NSS,continuous_rate,-0.001196933340446,0.0385726822440593,0.0396507874566124,0.1573136916636166,2.1532279899754223,16.810163806603725,2.060781659511834,188
2026-09-02,2026-09-02 20:00:00+00:00,2027-01-15,353.0,59.95,811875761,GLD   270115C00353000,0.3696098562628336,135,0.8764089577436814,0.0389886768780037,0.2507469211454504,57.11140015034307,402.78,2026-09-02,NSS,continuous_rate,-0.001196933340446,0.0385726822440593,0.0396507874566124,0.1573136916636166,2.1532279899754223,16.810163806603725,2.060781659511834,189
2026-09-02,2026-09-02 20:00:00+00:00,2027-01-15,354.0,59.18,811875834,GLD   270115C00354000,0.3696098562628336,135,0.8788917026664681,0.0389886768780037,0.2512185334648006,58.30630043453152,402.78,2026-09-02,NSS,continuous_rate,-0.001196933340446,0.0385726822440593,0.0396507874566124,0.1573136916636166,2.1532279899754223,16.810163806603725,2.060781659511834,190
2026-09-02,2026-09-02 20:00:00+00:00,2027-01-15,355.0,58.35,731137652,GLD   270115C00355000,0.3696098562628336,135,0.8813744475892548,0.0389886768780037,0.2505772282530554,59.272455033498,402.78,2026-09-02,NSS,continuous_rate,-0.001196933340446,0.0385726822440593,0.0396507874566124,0.1573136916636166,2.1532279899754223,16.810163806603725,2.060781659511834,191
2026-09-02,2026-09-02 20:00:00+00:00,2027-01-15,356.0,57.35,811875903,GLD   270115C00356000,0.3696098562628336,135,0.8838571925120414,0.0389886768780037,0.2470376958415843,59.66196069028068,402.78,2026-09-02,NSS,continuous_rate,-0.001196933340446,0.0385726822440593,0.0396507874566124,0.1573136916636166,2.1532279899754223,16.810163806603725,2.060781659511834,192
2026-09-02,2026-09-02 20:00:00+00:00,2027-01-15,357.0,56.68,811875969,GLD   270115C00357000,0.3696098562628336,135,0.886339937434828,0.0389886768780037,0.2489458910661749,61.14203711620864,402.78,2026-09-02,NSS,continuous_rate,-0.001196933340446,0.0385726822440593,0.0396507874566124,0.1573136916636166,2.1532279899754223,16.810163806603725,2.060781659511834,193
2026-09-02,2026-09-02 20:00:00+00:00,2027-01-15,358.0,55.85,811876009,GLD   270115C00358000,0.3696098562628336,135,0.8888226823576146,0.0389886768780037,0.248125384348724,62.07914251052134,402.78,2026-09-02,NSS,continuous_rate,-0.001196933340446,0.0385726822440593,0.0396507874566124,0.1573136916636166,2.1532279899754223,16.810163806603725,2.060781659511834,194
2026-09-02,2026-09-02 20:00:00+00:00,2027-01-15,359.0,55.08,811876098,GLD   270115C00359000,0.3696098562628336,135,0.8913054272804013,0.0389886768780037,0.248198454456497,63.18472772433172,402.78,2026-09-02,NSS,continuous_rate,-0.001196933340446,0.0385726822440593,0.0396507874566124,0.1573136916636166,2.1532279899754223,16.810163806603725,2.060781659511834,195
2026-09-02,2026-09-02 20:00:00+00:00,2027-01-15,360.0,54.2,731137705,GLD   270115C00360000,0.3696098562628336,135,0.893788172203188,0.0389886768780037,0.2464701405894943,63.95503502312973,402.78,2026-09-02,NSS,continuous_rate,-0.001196933340446,0.0385726822440593,0.0396507874566124,0.1573136916636166,2.1532279899754223,16.810163806603725,2.060781659511834,196
2026-09-02,2026-09-02 20:00:00+00:00,2027-01-15,365.0,50.33,731137762,GLD   270115C00365000,0.3696098562628336,135,0.906201896817121,0.0389886768780037,0.2450672802002169,69.09246548543481,402.78,2026-09-02,NSS,continuous_rate,-0.001196933340446,0.0385726822440593,0.0396507874566124,0.1573136916636166,2.1532279899754223,16.810163806603725,2.060781659511834,197
2026-09-02,2026-09-02 20:00:00+00:00,2027-01-15,370.0,46.55,731137800,GLD   270115C00370000,0.3696098562628336,135,0.9186156214310542,0.0389886768780037,0.2431431503650732,73.9799766,402.78,2026-09-02,NSS,continuous_rate,-0.001196933340446,0.0385726822440593,0.0396507874566124,0.1573136916636166,2.1532279899754223,16.810163806603725,2.060781659511834,198
2026-09-02,2026-09-02 20:00:00+00:00,2027-01-15,375.0,42.9,731137844,GLD   270115C00375000,0.3696098562628336,135,0.9310293460449874,0.0389886768780037,0.2412013164418749,78.6256243574538,402.78,2026-09-02,NSS,continuous_rate,-0.001196933340446,0.0385726822440593,0.0396507874566124,0.1573136916636166,2.1532279899754223,16.810163806603725,2.060781659511834,199
2026-09-02,2026-09-02 20:00:00+00:00,2027-01-15,380.0,39.45,731137909,GLD   270115C00380000,0.3696098562628336,135,0.9434430706589204,0.0389886768780037,0.2399962556981482,83.00733603952673,402.78,2026-09-02,NSS,continuous_rate,-0.001196933340446,0.0385726822440593,0.0396507874566124,0.1573136916636166,2.1532279899754223,16.810163806603725,2.060781659511834,200
2026-09-02,2026-09-02 20:00:00+00:00,2027-01-15,385.0,36.15,759656704,GLD   270115C00385000,0.3696098562628336,135,0.9558567952728536,0.0389886768780037,0.2387709390935488,86.9400434587961,402.78,2026-09-02,NSS,continuous_rate,-0.001196933340446,0.0385726822440593,0.0396507874566124,0.1573136916636166,2.1532279899754223,16.810163806603725,2.060781659511834,201
2026-09-02,2026-09-02 20:00:00+00:00,2027-01-15,390.0,33.13,759656749,GLD   270115C00390000,0.3696098562628336,135,0.9682705198867868,0.0389886768780037,0.2389070957307704,90.40012377070236,402.78,2026-09-02,NSS,continuous_rate,-0.001196933340446,0.0385726822440593,0.0396507874566124,0.1573136916636166,2.1532279899754223,16.810163806603725,2.060781659511834,202
2026-09-02,2026-09-02 20:00:00+00:00,2027-01-15,395.0,30.2,759656782,GLD   270115C00395000,0.3696098562628336,135,0.98068424450072,0.0389886768780037,0.2381955702013335,93.2043165342297,402.78,2026-09-02,NSS,continuous_rate,-0.001196933340446,0.0385726822440593,0.0396507874566124,0.1573136916636166,2.1532279899754223,16.810163806603725,2.060781659511834,203
2026-09-02,2026-09-02 20:00:00+00:00,2027-01-15,400.0,27.5,761418429,GLD   270115C00400000,0.3696098562628336,135,0.9930979691146532,0.0389886768780037,0.2381553471838124,95.35926541731423,402.78,2026-09-02,NSS,continuous_rate,-0.001196933340446,0.0385726822440593,0.0396507874566124,0.1573136916636166,2.1532279899754223,16.810163806603725,2.060781659511834,204
2026-09-02,2026-09-02 20:00:00+00:00,2027-01-15,405.0,25.0,764260513,GLD   270115C00405000,0.3696098562628336,135,1.0055116937285864,0.0389886768780037,0.2384351015768013,96.81713214578258,402.78,2026-09-02,NSS,continuous_rate,-0.001196933340446,0.0385726822440593,0.0396507874566124,0.1573136916636166,2.1532279899754223,16.810163806603725,2.060781659511834,205
2026-09-02,2026-09-02 20:00:00+00:00,2027-01-15,410.0,22.68,769169487,GLD   270115C00410000,0.3696098562628336,135,1.0179254183425197,0.0389886768780037,0.2388381885516457,97.57036153690626,402.78,2026-09-02,NSS,continuous_rate,-0.001196933340446,0.0385726822440593,0.0396507874566124,0.1573136916636166,2.1532279899754223,16.810163806603725,2.060781659511834,206
2026-09-02,2026-09-02 20:00:00+00:00,2027-01-15,415.0,20.48,770772181,GLD   270115C00415000,0.3696098562628336,135,1.0303391429564528,0.0389886768780037,0.2387842753660865,97.63336595973335,402.78,2026-09-02,NSS,continuous_rate,-0.001196933340446,0.0385726822440593,0.0396507874566124,0.1573136916636166,2.1532279899754223,16.810163806603725,2.060781659511834,207
2026-09-02,2026-09-02 20:00:00+00:00,2027-01-15,420.0,18.63,772352864,GLD   270115C00420000,0.3696098562628336,135,1.042752867570386,0.0389886768780037,0.2406828409078531,97.052093557117,402.78,2026-09-02,NSS,continuous_rate,-0.001196933340446,0.0385726822440593,0.0396507874566124,0.1573136916636166,2.1532279899754223,16.810163806603725,2.060781659511834,208
2026-09-02,2026-09-02 20:00:00+00:00,2027-01-15,425.0,16.88,772834192,GLD   270115C00425000,0.3696098562628336,135,1.055166592184319,0.0389886768780037,0.2420474712700583,95.87975449788354,402.78,2026-09-02,NSS,continuous_rate,-0.001196933340446,0.0385726822440593,0.0396507874566124,0.1573136916636166,2.1532279899754223,16.810163806603725,2.060781659511834,209
2026-09-02,2026-09-02 20:00:00+00:00,2027-01-15,430.0,15.18,772834250,GLD   270115C00430000,0.3696098562628336,135,1.0675803167982525,0.0389886768780037,0.2424104935490527,94.13550181984117,402.78,2026-09-02,NSS,continuous_rate,-0.001196933340446,0.0385726822440593,0.0396507874566124,0.1573136916636166,2.1532279899754223,16.810163806603725,2.060781659511834,210
2026-09-02,2026-09-02 20:00:00+00:00,2027-01-15,435.0,13.7,776885391,GLD   270115C00435000,0.3696098562628336,135,1.0799940414121854,0.0389886768780037,0.24363782177018,91.9438767273353,402.78,2026-09-02,NSS,continuous_rate,-0.001196933340446,0.0385726822440593,0.0396507874566124,0.1573136916636166,2.1532279899754223,16.810163806603725,2.060781659511834,211
2026-09-02,2026-09-02 20:00:00+00:00,2027-01-15,440.0,12.35,776885430,GLD   270115C00440000,0.3696098562628336,135,1.0924077660261184,0.0389886768780037,0.2448775922120548,89.35053607517675,402.78,2026-09-02,NSS,continuous_rate,-0.001196933340446,0.0385726822440593,0.0396507874566124,0.1573136916636166,2.1532279899754223,16.810163806603725,2.060781659511834,212
2026-09-02,2026-09-02 20:00:00+00:00,2027-01-15,445.0,11.18,776885456,GLD   270115C00445000,0.3696098562628336,135,1.1048214906400518,0.0389886768780037,0.2468058384106494,86.49897657615595,402.78,2026-09-02,NSS,continuous_rate,-0.001196933340446,0.0385726822440593,0.0396507874566124,0.1573136916636166,2.1532279899754223,16.810163806603725,2.060781659511834,213
2026-09-02,2026-09-02 20:00:00+00:00,2027-01-15,450.0,10.05,778908528,GLD   270115C00450000,0.3696098562628336,135,1.1172352152539848,0.0389886768780037,0.2479203670975752,83.30053753672607,402.78,2026-09-02,NSS,continuous_rate,-0.001196933340446,0.0385726822440593,0.0396507874566124,0.1573136916636166,2.1532279899754223,16.810163806603725,2.060781659511834,214
2026-09-02,2026-09-02 20:00:00+00:00,2027-01-15,455.0,9.1,778908583,GLD   270115C00455000,0.3696098562628336,135,1.129648939867918,0.0389886768780037,0.2499767327803187,80.03799355873758,402.78,2026-09-02,NSS,continuous_rate,-0.001196933340446,0.0385726822440593,0.0396507874566124,0.1573136916636166,2.1532279899754223,16.810163806603725,2.060781659511834,215
2026-09-02,2026-09-02 20:00:00+00:00,2027-01-15,460.0,8.2,778908639,GLD   270115C00460000,0.3696098562628336,135,1.1420626644818512,0.0389886768780037,0.2515072283756919,76.56666811242584,402.78,2026-09-02,NSS,continuous_rate,-0.001196933340446,0.0385726822440593,0.0396507874566124,0.1573136916636166,2.1532279899754223,16.810163806603725,2.060781659511834,216
2026-09-02,2026-09-02 20:00:00+00:00,2027-01-15,465.0,7.43,779174794,GLD   270115C00465000,0.3696098562628336,135,1.1544763890957843,0.0389886768780037,0.2536379773047752,73.12967376566611,402.78,2026-09-02,NSS,continuous_rate,-0.001196933340446,0.0385726822440593,0.0396507874566124,0.1573136916636166,2.1532279899754223,16.810163806603725,2.060781659511834,217
2026-09-02,2026-09-02 20:00:00+00:00,2027-01-15,470.0,6.7,779174835,GLD   270115C00470000,0.3696098562628336,135,1.1668901137097176,0.0389886768780037,0.2552716148124077,69.56493409707993,402.78,2026-09-02,NSS,continuous_rate,-0.001196933340446,0.0385726822440593,0.0396507874566124,0.1573136916636166,2.1532279899754223,16.810163806603725,2.060781659511834,218
2026-09-02,2026-09-02 20:00:00+00:00,2027-01-15,475.0,6.08,813159158,GLD   270115C00475000,0.3696098562628336,135,1.1793038383236507,0.0389886768780037,0.2574920762508177,66.13973988332796,402.78,2026-09-02,NSS,continuous_rate,-0.001196933340446,0.0385726822440593,0.0396507874566124,0.1573136916636166,2.1532279899754223,16.810163806603725,2.060781659511834,219
2026-09-02,2026-09-02 20:00:00+00:00,2027-01-15,480.0,5.5,806089172,GLD   270115C00480000,0.3696098562628336,135,1.1917175629375838,0.0389886768780037,0.2593814870747738,62.68264279873698,402.78,2026-09-02,NSS,continuous_rate,-0.001196933340446,0.0385726822440593,0.0396507874566124,0.1573136916636166,2.1532279899754223,16.810163806603725,2.060781659511834,220
2026-09-02,2026-09-02 20:00:00+00:00,2027-02-19,325.0,86.55,910574009,GLD   270219C00325000,0.4654346338124572,170,0.8068920999056558,0.039344885046314,0.2615381355666556,41.46793718048317,402.78,2026-09-02,NSS,continuous_rate,-0.001196933340446,0.0385726822440593,0.0396507874566124,0.1573136916636166,2.1532279899754223,16.810163806603725,2.060781659511834,221
2026-09-02,2026-09-02 20:00:00+00:00,2027-02-19,330.0,82.15,910574066,GLD   270219C00330000,0.4654346338124572,170,0.8193058245195889,0.039344885046314,0.2597657244577073,46.08288162858444,402.78,2026-09-02,NSS,continuous_rate,-0.001196933340446,0.0385726822440593,0.0396507874566124,0.1573136916636166,2.1532279899754223,16.810163806603725,2.060781659511834,222
2026-09-02,2026-09-02 20:00:00+00:00,2027-02-19,335.0,77.58,910574121,GLD   270219C00335000,0.4654346338124572,170,0.8317195491335221,0.039344885046314,0.2532188625889831,49.62685022356812,402.78,2026-09-02,NSS,continuous_rate,-0.001196933340446,0.0385726822440593,0.0396507874566124,0.1573136916636166,2.1532279899754223,16.810163806603725,2.060781659511834,223
2026-09-02,2026-09-02 20:00:00+00:00,2027-02-19,340.0,73.38,910574154,GLD   270219C00340000,0.4654346338124572,170,0.8441332737474553,0.039344885046314,0.252860813473072,54.990528004154605,402.78,2026-09-02,NSS,continuous_rate,-0.001196933340446,0.0385726822440593,0.0396507874566124,0.1573136916636166,2.1532279899754223,16.810163806603725,2.060781659511834,224
2026-09-02,2026-09-02 20:00:00+00:00,2027-02-19,345.0,69.0,910574226,GLD   270219C00345000,0.4654346338124572,170,0.8565469983613884,0.039344885046314,0.2478742861782201,59.30293726327402,402.78,2026-09-02,NSS,continuous_rate,-0.001196933340446,0.0385726822440593,0.0396507874566124,0.1573136916636166,2.1532279899754223,16.810163806603725,2.060781659511834,225
2026-09-02,2026-09-02 20:00:00+00:00,2027-02-19,350.0,64.95,910574256,GLD   270219C00350000,0.4654346338124572,170,0.8689607229753216,0.039344885046314,0.2471198741019703,64.75982219967965,402.78,2026-09-02,NSS,continuous_rate,-0.001196933340446,0.0385726822440593,0.0396507874566124,0.1573136916636166,2.1532279899754223,16.810163806603725,2.060781659511834,226
2026-09-02,2026-09-02 20:00:00+00:00,2027-02-19,355.0,60.93,910574319,GLD   270219C00355000,0.4654346338124572,170,0.8813744475892548,0.039344885046314,0.2452735919638536,69.96311041377722,402.78,2026-09-02,NSS,continuous_rate,-0.001196933340446,0.0385726822440593,0.0396507874566124,0.1573136916636166,2.1532279899754223,16.810163806603725,2.060781659511834,227
2026-09-02,2026-09-02 20:00:00+00:00,2027-02-19,360.0,56.98,910574390,GLD   270219C00360000,0.4654346338124572,170,0.893788172203188,0.039344885046314,0.2430053918850608,75.04151498047396,402.78,2026-09-02,NSS,continuous_rate,-0.001196933340446,0.0385726822440593,0.0396507874566124,0.1573136916636166,2.1532279899754223,16.810163806603725,2.060781659511834,228
2026-09-02,2026-09-02 20:00:00+00:00,2027-02-19,365.0,53.08,910574441,GLD   270219C00365000,0.4654346338124572,170,0.906201896817121,0.039344885046314,0.2400603852880187,79.91586535015463,402.78,2026-09-02,NSS,continuous_rate,-0.001196933340446,0.0385726822440593,0.0396507874566124,0.1573136916636166,2.1532279899754223,16.810163806603725,2.060781659511834,229
2026-09-02,2026-09-02 20:00:00+00:00,2027-02-19,370.0,49.5,910574501,GLD   270219C00370000,0.4654346338124572,170,0.9186156214310542,0.039344885046314,0.2396568885394372,85.02267820956078,402.78,2026-09-02,NSS,continuous_rate,-0.001196933340446,0.0385726822440593,0.0396507874566124,0.1573136916636166,2.1532279899754223,16.810163806603725,2.060781659511834,230
2026-09-02,2026-09-02 20:00:00+00:00,2027-02-19,375.0,46.0,910574551,GLD   270219C00375000,0.4654346338124572,170,0.9310293460449874,0.039344885046314,0.2386394389760681,89.73123202684181,402.78,2026-09-02,NSS,continuous_rate,-0.001196933340446,0.0385726822440593,0.0396507874566124,0.1573136916636166,2.1532279899754223,16.810163806603725,2.060781659511834,231
2026-09-02,2026-09-02 20:00:00+00:00,2027-02-19,380.0,42.63,910574599,GLD   270219C00380000,0.4654346338124572,170,0.9434430706589204,0.039344885046314,0.2375771285015158,94.06946941051817,402.78,2026-09-02,NSS,continuous_rate,-0.001196933340446,0.0385726822440593,0.0396507874566124,0.1573136916636166,2.1532279899754223,16.810163806603725,2.060781659511834,232
2026-09-02,2026-09-02 20:00:00+00:00,2027-02-19,385.0,39.45,910574644,GLD   270219C00385000,0.4654346338124572,170,0.9558567952728536,0.039344885046314,0.2370419267485849,98.00979534426556,402.78,2026-09-02,NSS,continuous_rate,-0.001196933340446,0.0385726822440593,0.0396507874566124,0.1573136916636166,2.1532279899754223,16.810163806603725,2.060781659511834,233
2026-09-02,2026-09-02 20:00:00+00:00,2027-02-19,390.0,36.4,910574719,GLD   270219C00390000,0.4654346338124572,170,0.9682705198867868,0.039344885046314,0.236351048227679,101.43107715284393,402.78,2026-09-02,NSS,continuous_rate,-0.001196933340446,0.0385726822440593,0.0396507874566124,0.1573136916636166,2.1532279899754223,16.810163806603725,2.060781659511834,234
2026-09-02,2026-09-02 20:00:00+00:00,2027-02-19,395.0,33.55,910574800,GLD   270219C00395000,0.4654346338124572,170,0.98068424450072,0.039344885046314,0.2361672647065483,104.30935893209036,402.78,2026-09-02,NSS,continuous_rate,-0.001196933340446,0.0385726822440593,0.0396507874566124,0.1573136916636166,2.1532279899754223,16.810163806603725,2.060781659511834,235
2026-09-02,2026-09-02 20:00:00+00:00,2027-02-19,400.0,30.85,910574851,GLD   270219C00400000,0.4654346338124572,170,0.9930979691146532,0.039344885046314,0.2359738515025936,106.5817766784483,402.78,2026-09-02,NSS,continuous_rate,-0.001196933340446,0.0385726822440593,0.0396507874566124,0.1573136916636166,2.1532279899754223,16.810163806603725,2.060781659511834,236
2026-09-02,2026-09-02 20:00:00+00:00,2027-02-19,405.0,28.38,910574896,GLD   270219C00405000,0.4654346338124572,170,1.0055116937285864,0.039344885046314,0.2365122662541456,108.2283636018676,402.78,2026-09-02,NSS,continuous_rate,-0.001196933340446,0.0385726822440593,0.0396507874566124,0.1573136916636166,2.1532279899754223,16.810163806603725,2.060781659511834,237
2026-09-02,2026-09-02 20:00:00+00:00,2027-02-19,410.0,26.08,910574987,GLD   270219C00410000,0.4654346338124572,170,1.0179254183425197,0.039344885046314,0.2372226928449235,109.23565831451236,402.78,2026-09-02,NSS,continuous_rate,-0.001196933340446,0.0385726822440593,0.0396507874566124,0.1573136916636166,2.1532279899754223,16.810163806603725,2.060781659511834,238
2026-09-02,2026-09-02 20:00:00+00:00,2027-02-19,415.0,23.83,910575057,GLD   270219C00415000,0.4654346338124572,170,1.0303391429564528,0.039344885046314,0.2370385554282926,109.61970368459154,402.78,2026-09-02,NSS,continuous_rate,-0.001196933340446,0.0385726822440593,0.0396507874566124,0.1573136916636166,2.1532279899754223,16.810163806603725,2.060781659511834,239
2026-09-02,2026-09-02 20:00:00+00:00,2027-02-19,420.0,21.88,910575124,GLD   270219C00420000,0.4654346338124572,170,1.042752867570386,0.039344885046314,0.2382790802263655,109.40293567633692,402.78,2026-09-02,NSS,continuous_rate,-0.001196933340446,0.0385726822440593,0.0396507874566124,0.1573136916636166,2.1532279899754223,16.810163806603725,2.060781659511834,240
2026-09-02,2026-09-02 20:00:00+00:00,2027-02-19,425.0,19.95,910575199,GLD   270219C00425000,0.4654346338124572,170,1.055166592184319,0.039344885046314,0.2384284986318089,108.61214877645854,402.78,2026-09-02,NSS,continuous_rate,-0.001196933340446,0.0385726822440593,0.0396507874566124,0.1573136916636166,2.1532279899754223,16.810163806603725,2.060781659511834,241
2026-09-02,2026-09-02 20:00:00+00:00,2027-02-19,430.0,18.25,910575264,GLD   270219C00430000,0.4654346338124572,170,1.0675803167982525,0.039344885046314,0.2394623484577052,107.31154162394542,402.78,2026-09-02,NSS,continuous_rate,-0.001196933340446,0.0385726822440593,0.0396507874566124,0.1573136916636166,2.1532279899754223,16.810163806603725,2.060781659511834,242
2026-09-02,2026-09-02 20:00:00+00:00,2027-02-19,435.0,16.65,910575329,GLD   270219C00435000,0.4654346338124572,170,1.0799940414121854,0.039344885046314,0.2402409371844492,105.53191845888888,402.78,2026-09-02,NSS,continuous_rate,-0.001196933340446,0.0385726822440593,0.0396507874566124,0.1573136916636166,2.1532279899754223,16.810163806603725,2.060781659511834,243
2026-09-02,2026-09-02 20:00:00+00:00,2027-02-19,440.0,15.25,910575386,GLD   270219C00440000,0.4654346338124572,170,1.0924077660261184,0.039344885046314,0.2417787342027761,103.38531872066108,402.78,2026-09-02,NSS,continuous_rate,-0.001196933340446,0.0385726822440593,0.0396507874566124,0.1573136916636166,2.1532279899754223,16.810163806603725,2.060781659511834,244
2026-09-02,2026-09-02 20:00:00+00:00,2027-02-19,445.0,13.98,910575458,GLD   270219C00445000,0.4654346338124572,170,1.1048214906400518,0.039344885046314,0.243501655819919,100.92043610093954,402.78,2026-09-02,NSS,continuous_rate,-0.001196933340446,0.0385726822440593,0.0396507874566124,0.1573136916636166,2.1532279899754223,16.810163806603725,2.060781659511834,245
2026-09-02,2026-09-02 20:00:00+00:00,2027-02-19,450.0,12.7,910575511,GLD   270219C00450000,0.4654346338124572,170,1.1172352152539848,0.039344885046314,0.2440712971928529,98.04430448794136,402.78,2026-09-02,NSS,continuous_rate,-0.001196933340446,0.0385726822440593,0.0396507874566124,0.1573136916636166,2.1532279899754223,16.810163806603725,2.060781659511834,246
2026-09-02,2026-09-02 20:00:00+00:00,2027-02-19,455.0,11.63,910575565,GLD   270219C00455000,0.4654346338124572,170,1.129648939867918,0.039344885046314,0.2457668012217618,95.05666986651008,402.78,2026-09-02,NSS,continuous_rate,-0.001196933340446,0.0385726822440593,0.0396507874566124,0.1573136916636166,2.1532279899754223,16.810163806603725,2.060781659511834,247
2026-09-02,2026-09-02 20:00:00+00:00,2027-02-19,460.0,10.6,910575627,GLD   270219C00460000,0.4654346338124572,170,1.1420626644818512,0.039344885046314,0.2469233130906708,91.80687469382332,402.78,2026-09-02,NSS,continuous_rate,-0.001196933340446,0.0385726822440593,0.0396507874566124,0.1573136916636166,2.1532279899754223,16.810163806603725,2.060781659511834,248
2026-09-02,2026-09-02 20:00:00+00:00,2027-02-19,465.0,9.7,910575677,GLD   270219C00465000,0.4654346338124572,170,1.1544763890957843,0.039344885046314,0.2485720190961846,88.50121821974145,402.78,2026-09-02,NSS,continuous_rate,-0.001196933340446,0.0385726822440593,0.0396507874566124,0.1573136916636166,2.1532279899754223,16.810163806603725,2.060781659511834,249
2026-09-02,2026-09-02 20:00:00+00:00,2027-02-19,470.0,8.93,910575731,GLD   270219C00470000,0.4654346338124572,170,1.1668901137097176,0.039344885046314,0.2508442796601914,85.24240694379955,402.78,2026-09-02,NSS,continuous_rate,-0.001196933340446,0.0385726822440593,0.0396507874566124,0.1573136916636166,2.1532279899754223,16.810163806603725,2.060781659511834,250
2026-09-02,2026-09-02 20:00:00+00:00,2027-02-19,475.0,8.15,910575787,GLD   270219C00475000,0.4654346338124572,170,1.1793038383236507,0.039344885046314,0.2521797229566611,81.74166972839643,402.78,2026-09-02,NSS,continuous_rate,-0.001196933340446,0.0385726822440593,0.0396507874566124,0.1573136916636166,2.1532279899754223,16.810163806603725,2.060781659511834,251
2026-09-02,2026-09-02 20:00:00+00:00,2027-02-19,480.0,7.45,910575836,GLD   270219C00480000,0.4654346338124572,170,1.1917175629375838,0.039344885046314,0.2536765612273477,78.25250275427028,402.78,2026-09-02,NSS,continuous_rate,-0.001196933340446,0.0385726822440593,0.0396507874566124,0.1573136916636166,2.1532279899754223,16.810163806603725,2.060781659511834,252
2026-09-02,2026-09-02 20:00:00+00:00,2027-03-19,325.0,88.3,848877380,GLD   270319C00325000,0.5420944558521561,198,0.8068920999056558,0.0396134981559228,0.2607241759159603,49.14144108299698,402.78,2026-09-02,NSS,continuous_rate,-0.001196933340446,0.0385726822440593,0.0396507874566124,0.1573136916636166,2.1532279899754223,16.810163806603725,2.060781659511834,253
2026-09-02,2026-09-02 20:00:00+00:00,2027-03-19,330.0,83.9,848877447,GLD   270319C00330000,0.5420944558521561,198,0.8193058245195889,0.0396134981559228,0.2574426892024465,53.52327335749662,402.78,2026-09-02,NSS,continuous_rate,-0.001196933340446,0.0385726822440593,0.0396507874566124,0.1573136916636166,2.1532279899754223,16.810163806603725,2.060781659511834,254
2026-09-02,2026-09-02 20:00:00+00:00,2027-03-19,335.0,79.65,848877502,GLD   270319C00335000,0.5420944558521561,198,0.8317195491335221,0.0396134981559228,0.2557785561470315,58.513728571970674,402.78,2026-09-02,NSS,continuous_rate,-0.001196933340446,0.0385726822440593,0.0396507874566124,0.1573136916636166,2.1532279899754223,16.810163806603725,2.060781659511834,255
2026-09-02,2026-09-02 20:00:00+00:00,2027-03-19,340.0,75.4,848877540,GLD   270319C00340000,0.5420944558521561,198,0.8441332737474553,0.0396134981559228,0.2529097069303505,63.30038129537456,402.78,2026-09-02,NSS,continuous_rate,-0.001196933340446,0.0385726822440593,0.0396507874566124,0.1573136916636166,2.1532279899754223,16.810163806603725,2.060781659511834,256
2026-09-02,2026-09-02 20:00:00+00:00,2027-03-19,345.0,71.25,848877588,GLD   270319C00345000,0.5420944558521561,198,0.8565469983613884,0.0396134981559228,0.2504814436419867,68.2958192499201,402.78,2026-09-02,NSS,continuous_rate,-0.001196933340446,0.0385726822440593,0.0396507874566124,0.1573136916636166,2.1532279899754223,16.810163806603725,2.060781659511834,257
2026-09-02,2026-09-02 20:00:00+00:00,2027-03-19,350.0,67.15,848877633,GLD   270319C00350000,0.5420944558521561,198,0.8689607229753216,0.0396134981559228,0.2476467872497626,73.24520978053236,402.78,2026-09-02,NSS,continuous_rate,-0.001196933340446,0.0385726822440593,0.0396507874566124,0.1573136916636166,2.1532279899754223,16.810163806603725,2.060781659511834,258
2026-09-02,2026-09-02 20:00:00+00:00,2027-03-19,355.0,63.2,848877673,GLD   270319C00355000,0.5420944558521561,198,0.8813744475892548,0.0396134981559228,0.2456888045161031,78.39657520785089,402.78,2026-09-02,NSS,continuous_rate,-0.001196933340446,0.0385726822440593,0.0396507874566124,0.1573136916636166,2.1532279899754223,16.810163806603725,2.060781659511834,259
2026-09-02,2026-09-02 20:00:00+00:00,2027-03-19,360.0,59.35,848877733,GLD   270319C00360000,0.5420944558521561,198,0.893788172203188,0.0396134981559228,0.2437801622656174,83.48776256148992,402.78,2026-09-02,NSS,continuous_rate,-0.001196933340446,0.0385726822440593,0.0396507874566124,0.1573136916636166,2.1532279899754223,16.810163806603725,2.060781659511834,260
2026-09-02,2026-09-02 20:00:00+00:00,2027-03-19,365.0,55.65,848877783,GLD   270319C00365000,0.5420944558521561,198,0.906201896817121,0.0396134981559228,0.2424145447212272,88.53827741655913,402.78,2026-09-02,NSS,continuous_rate,-0.001196933340446,0.0385726822440593,0.0396507874566124,0.1573136916636166,2.1532279899754223,16.810163806603725,2.060781659511834,261
2026-09-02,2026-09-02 20:00:00+00:00,2027-03-19,370.0,52.03,848877838,GLD   270319C00370000,0.5420944558521561,198,0.9186156214310542,0.0396134981559228,0.2406999769004993,93.3249602607452,402.78,2026-09-02,NSS,continuous_rate,-0.001196933340446,0.0385726822440593,0.0396507874566124,0.1573136916636166,2.1532279899754223,16.810163806603725,2.060781659511834,262
2026-09-02,2026-09-02 20:00:00+00:00,2027-03-19,375.0,48.6,848877898,GLD   270319C00375000,0.5420944558521561,198,0.9310293460449874,0.0396134981559228,0.2397599186952226,97.93839838397476,402.78,2026-09-02,NSS,continuous_rate,-0.001196933340446,0.0385726822440593,0.0396507874566124,0.1573136916636166,2.1532279899754223,16.810163806603725,2.060781659511834,263
2026-09-02,2026-09-02 20:00:00+00:00,2027-03-19,380.0,45.3,848877958,GLD   270319C00380000,0.5420944558521561,198,0.9434430706589204,0.0396134981559228,0.2388642371230759,102.19805324309948,402.78,2026-09-02,NSS,continuous_rate,-0.001196933340446,0.0385726822440593,0.0396507874566124,0.1573136916636166,2.1532279899754223,16.810163806603725,2.060781659511834,264
2026-09-02,2026-09-02 20:00:00+00:00,2027-03-19,385.0,42.15,848877995,GLD   270319C00385000,0.5420944558521561,198,0.9558567952728536,0.0396134981559228,0.2381642225104384,106.05607425936653,402.78,2026-09-02,NSS,continuous_rate,-0.001196933340446,0.0385726822440593,0.0396507874566124,0.1573136916636166,2.1532279899754223,16.810163806603725,2.060781659511834,265
2026-09-02,2026-09-02 20:00:00+00:00,2027-03-19,390.0,39.23,848878035,GLD   270319C00390000,0.5420944558521561,198,0.9682705198867868,0.0396134981559228,0.2383468605277129,109.47927227240216,402.78,2026-09-02,NSS,continuous_rate,-0.001196933340446,0.0385726822440593,0.0396507874566124,0.1573136916636166,2.1532279899754223,16.810163806603725,2.060781659511834,266
2026-09-02,2026-09-02 20:00:00+00:00,2027-03-19,395.0,36.3,848878088,GLD   270319C00395000,0.5420944558521561,198,0.98068424450072,0.0396134981559228,0.2371911682062782,112.33233883314205,402.78,2026-09-02,NSS,continuous_rate,-0.001196933340446,0.0385726822440593,0.0396507874566124,0.1573136916636166,2.1532279899754223,16.810163806603725,2.060781659511834,267
2026-09-02,2026-09-02 20:00:00+00:00,2027-03-19,400.0,33.65,848878142,GLD   270319C00400000,0.5420944558521561,198,0.9930979691146532,0.0396134981559228,0.2373095835032873,114.67111250520036,402.78,2026-09-02,NSS,continuous_rate,-0.001196933340446,0.0385726822440593,0.0396507874566124,0.1573136916636166,2.1532279899754223,16.810163806603725,2.060781659511834,268
2026-09-02,2026-09-02 20:00:00+00:00,2027-03-19,405.0,31.15,848878207,GLD   270319C00405000,0.5420944558521561,198,1.0055116937285864,0.0396134981559228,0.237516416797135,116.43219117977854,402.78,2026-09-02,NSS,continuous_rate,-0.001196933340446,0.0385726822440593,0.0396507874566124,0.1573136916636166,2.1532279899754223,16.810163806603725,2.060781659511834,269
2026-09-02,2026-09-02 20:00:00+00:00,2027-03-19,410.0,28.8,848878259,GLD   270319C00410000,0.5420944558521561,198,1.0179254183425197,0.0396134981559228,0.237822042813804,117.61116003824552,402.78,2026-09-02,NSS,continuous_rate,-0.001196933340446,0.0385726822440593,0.0396507874566124,0.1573136916636166,2.1532279899754223,16.810163806603725,2.060781659511834,270
2026-09-02,2026-09-02 20:00:00+00:00,2027-03-19,415.0,26.58,848878307,GLD   270319C00415000,0.5420944558521561,198,1.0303391429564528,0.0396134981559228,0.2380754785572179,118.21542854088436,402.78,2026-09-02,NSS,continuous_rate,-0.001196933340446,0.0385726822440593,0.0396507874566124,0.1573136916636166,2.1532279899754223,16.810163806603725,2.060781659511834,271
2026-09-02,2026-09-02 20:00:00+00:00,2027-03-19,420.0,24.53,848878345,GLD   270319C00420000,0.5420944558521561,198,1.042752867570386,0.0396134981559228,0.2386410873840563,118.26134872156508,402.78,2026-09-02,NSS,continuous_rate,-0.001196933340446,0.0385726822440593,0.0396507874566124,0.1573136916636166,2.1532279899754223,16.810163806603725,2.060781659511834,272
2026-09-02,2026-09-02 20:00:00+00:00,2027-03-19,425.0,22.53,848878379,GLD   270319C00425000,0.5420944558521561,198,1.055166592184319,0.0396134981559228,0.2385336242214776,117.76816359318023,402.78,2026-09-02,NSS,continuous_rate,-0.001196933340446,0.0385726822440593,0.0396507874566124,0.1573136916636166,2.1532279899754223,16.810163806603725,2.060781659511834,273
2026-09-02,2026-09-02 20:00:00+00:00,2027-03-19,430.0,20.83,848878413,GLD   270319C00430000,0.5420944558521561,198,1.0675803167982525,0.0396134981559228,0.2399145989679732,116.79768332294115,402.78,2026-09-02,NSS,continuous_rate,-0.001196933340446,0.0385726822440593,0.0396507874566124,0.1573136916636166,2.1532279899754223,16.810163806603725,2.060781659511834,274
2026-09-02,2026-09-02 20:00:00+00:00,2027-03-19,435.0,19.1,848878462,GLD   270319C00435000,0.5420944558521561,198,1.0799940414121854,0.0396134981559228,0.2400121437435038,115.33556962623317,402.78,2026-09-02,NSS,continuous_rate,-0.001196933340446,0.0385726822440593,0.0396507874566124,0.1573136916636166,2.1532279899754223,16.810163806603725,2.060781659511834,275
2026-09-02,2026-09-02 20:00:00+00:00,2027-03-19,440.0,17.6,848878514,GLD   270319C00440000,0.5420944558521561,198,1.0924077660261184,0.0396134981559228,0.2411076645168476,113.4972000698089,402.78,2026-09-02,NSS,continuous_rate,-0.001196933340446,0.0385726822440593,0.0396507874566124,0.1573136916636166,2.1532279899754223,16.810163806603725,2.060781659511834,276
2026-09-02,2026-09-02 20:00:00+00:00,2027-03-19,445.0,16.23,848878548,GLD   270319C00445000,0.5420944558521561,198,1.1048214906400518,0.0396134981559228,0.2424042538126,111.31941983558846,402.78,2026-09-02,NSS,continuous_rate,-0.001196933340446,0.0385726822440593,0.0396507874566124,0.1573136916636166,2.1532279899754223,16.810163806603725,2.060781659511834,277
2026-09-02,2026-09-02 20:00:00+00:00,2027-03-19,450.0,14.93,848878603,GLD   270319C00450000,0.5420944558521561,198,1.1172352152539848,0.0396134981559228,0.2434182389252819,108.81032058032736,402.78,2026-09-02,NSS,continuous_rate,-0.001196933340446,0.0385726822440593,0.0396507874566124,0.1573136916636166,2.1532279899754223,16.810163806603725,2.060781659511834,278
2026-09-02,2026-09-02 20:00:00+00:00,2027-03-19,455.0,13.75,848878642,GLD   270319C00455000,0.5420944558521561,198,1.129648939867918,0.0396134981559228,0.2446554948464968,106.06210040656332,402.78,2026-09-02,NSS,continuous_rate,-0.001196933340446,0.0385726822440593,0.0396507874566124,0.1573136916636166,2.1532279899754223,16.810163806603725,2.060781659511834,279
2026-09-02,2026-09-02 20:00:00+00:00,2027-03-19,460.0,12.65,848878676,GLD   270319C00460000,0.5420944558521561,198,1.1420626644818512,0.0396134981559228,0.2458025539803318,103.08586217302653,402.78,2026-09-02,NSS,continuous_rate,-0.001196933340446,0.0385726822440593,0.0396507874566124,0.1573136916636166,2.1532279899754223,16.810163806603725,2.060781659511834,280
2026-09-02,2026-09-02 20:00:00+00:00,2027-03-19,465.0,11.68,848878710,GLD   270319C00465000,0.5420944558521561,198,1.1544763890957843,0.0396134981559228,0.2474080661087297,100.01494995310782,402.78,2026-09-02,NSS,continuous_rate,-0.001196933340446,0.0385726822440593,0.0396507874566124,0.1573136916636166,2.1532279899754223,16.810163806603725,2.060781659511834,281
2026-09-02,2026-09-02 20:00:00+00:00,2027-03-19,470.0,10.75,848878756,GLD   270319C00470000,0.5420944558521561,198,1.1668901137097176,0.0396134981559228,0.2486445862998255,96.7531035418244,402.78,2026-09-02,NSS,continuous_rate,-0.001196933340446,0.0385726822440593,0.0396507874566124,0.1573136916636166,2.1532279899754223,16.810163806603725,2.060781659511834,282
2026-09-02,2026-09-02 20:00:00+00:00,2027-03-19,475.0,9.95,848878797,GLD   270319C00475000,0.5420944558521561,198,1.1793038383236507,0.0396134981559228,0.2504936996019445,93.53010628815532,402.78,2026-09-02,NSS,continuous_rate,-0.001196933340446,0.0385726822440593,0.0396507874566124,0.1573136916636166,2.1532279899754223,16.810163806603725,2.060781659511834,283
2026-09-02,2026-09-02 20:00:00+00:00,2027-03-19,480.0,9.18,848878836,GLD   270319C00480000,0.5420944558521561,198,1.1917175629375838,0.0396134981559228,0.2519707197246141,90.17637751931808,402.78,2026-09-02,NSS,continuous_rate,-0.001196933340446,0.0385726822440593,0.0396507874566124,0.1573136916636166,2.1532279899754223,16.810163806603725,2.060781659511834,284
2026-09-02,2026-09-02 20:00:00+00:00,2027-03-31,325.0,88.7,870310661,GLD   270331C00325000,0.5749486652977412,210,0.8068920999056558,0.0397243596819706,0.2535928928806447,50.261089846314576,402.78,2026-09-02,NSS,continuous_rate,-0.001196933340446,0.0385726822440593,0.0396507874566124,0.1573136916636166,2.1532279899754223,16.810163806603725,2.060781659511834,285
2026-09-02,2026-09-02 20:00:00+00:00,2027-03-31,330.0,84.93,870310683,GLD   270331C00330000,0.5749486652977412,210,0.8193058245195889,0.0397243596819706,0.2615538466642612,57.942377278558965,402.78,2026-09-02,NSS,continuous_rate,-0.001196933340446,0.0385726822440593,0.0396507874566124,0.1573136916636166,2.1532279899754223,16.810163806603725,2.060781659511834,286
2026-09-02,2026-09-02 20:00:00+00:00,2027-03-31,335.0,80.6,870310701,GLD   270331C00335000,0.5749486652977412,210,0.8317195491335221,0.0397243596819706,0.2577532697561198,62.36267767114805,402.78,2026-09-02,NSS,continuous_rate,-0.001196933340446,0.0385726822440593,0.0396507874566124,0.1573136916636166,2.1532279899754223,16.810163806603725,2.060781659511834,287
2026-09-02,2026-09-02 20:00:00+00:00,2027-03-31,340.0,76.18,870310731,GLD   270331C00340000,0.5749486652977412,210,0.8441332737474553,0.0397243596819706,0.251764920178149,66.33701276239142,402.78,2026-09-02,NSS,continuous_rate,-0.001196933340446,0.0385726822440593,0.0396507874566124,0.1573136916636166,2.1532279899754223,16.810163806603725,2.060781659511834,288
2026-09-02,2026-09-02 20:00:00+00:00,2027-03-31,345.0,72.22,870310741,GLD   270331C00345000,0.5749486652977412,210,0.8565469983613884,0.0397243596819706,0.2516589284758084,71.93687433063086,402.78,2026-09-02,NSS,continuous_rate,-0.001196933340446,0.0385726822440593,0.0396507874566124,0.1573136916636166,2.1532279899754223,16.810163806603725,2.060781659511834,289
2026-09-02,2026-09-02 20:00:00+00:00,2027-03-31,350.0,68.15,870310761,GLD   270331C00350000,0.5749486652977412,210,0.8689607229753216,0.0397243596819706,0.2487901677330025,76.8583593871474,402.78,2026-09-02,NSS,continuous_rate,-0.001196933340446,0.0385726822440593,0.0396507874566124,0.1573136916636166,2.1532279899754223,16.810163806603725,2.060781659511834,290
2026-09-02,2026-09-02 20:00:00+00:00,2027-03-31,355.0,64.25,870310786,GLD   270331C00355000,0.5749486652977412,210,0.8813744475892548,0.0397243596819706,0.2470265015681274,82.01513397715436,402.78,2026-09-02,NSS,continuous_rate,-0.001196933340446,0.0385726822440593,0.0396507874566124,0.1573136916636166,2.1532279899754223,16.810163806603725,2.060781659511834,291
2026-09-02,2026-09-02 20:00:00+00:00,2027-03-31,360.0,60.43,870310797,GLD   270331C00360000,0.5749486652977412,210,0.893788172203188,0.0397243596819706,0.2450809983073734,87.04915124808723,402.78,2026-09-02,NSS,continuous_rate,-0.001196933340446,0.0385726822440593,0.0396507874566124,0.1573136916636166,2.1532279899754223,16.810163806603725,2.060781659511834,292
2026-09-02,2026-09-02 20:00:00+00:00,2027-03-31,365.0,56.73,870310821,GLD   270331C00365000,0.5749486652977412,210,0.906201896817121,0.0397243596819706,0.2433627797751688,91.9850219836003,402.78,2026-09-02,NSS,continuous_rate,-0.001196933340446,0.0385726822440593,0.0396507874566124,0.1573136916636166,2.1532279899754223,16.810163806603725,2.060781659511834,293
2026-09-02,2026-09-02 20:00:00+00:00,2027-03-31,370.0,52.95,870310854,GLD   270331C00370000,0.5749486652977412,210,0.9186156214310542,0.0397243596819706,0.239716557183396,96.45661986780487,402.78,2026-09-02,NSS,continuous_rate,-0.001196933340446,0.0385726822440593,0.0396507874566124,0.1573136916636166,2.1532279899754223,16.810163806603725,2.060781659511834,294
2026-09-02,2026-09-02 20:00:00+00:00,2027-03-31,375.0,49.73,870310872,GLD   270331C00375000,0.5749486652977412,210,0.9310293460449874,0.0397243596819706,0.2406840329769067,101.28029133926688,402.78,2026-09-02,NSS,continuous_rate,-0.001196933340446,0.0385726822440593,0.0396507874566124,0.1573136916636166,2.1532279899754223,16.810163806603725,2.060781659511834,295
2026-09-02,2026-09-02 20:00:00+00:00,2027-03-31,380.0,46.43,870310901,GLD   270331C00380000,0.5749486652977412,210,0.9434430706589204,0.0397243596819706,0.239578379616607,105.47873345843291,402.78,2026-09-02,NSS,continuous_rate,-0.001196933340446,0.0385726822440593,0.0396507874566124,0.1573136916636166,2.1532279899754223,16.810163806603725,2.060781659511834,296
2026-09-02,2026-09-02 20:00:00+00:00,2027-03-31,381.0,45.83,870310920,GLD   270331C00381000,0.5749486652977412,210,0.9459258155817072,0.0397243596819706,0.2397831547287292,106.3064751614434,402.78,2026-09-02,NSS,continuous_rate,-0.001196933340446,0.0385726822440593,0.0396507874566124,0.1573136916636166,2.1532279899754223,16.810163806603725,2.060781659511834,297
2026-09-02,2026-09-02 20:00:00+00:00,2027-03-31,382.0,45.2,870310944,GLD   270331C00382000,0.5749486652977412,210,0.9484085605044938,0.0397243596819706,0.2396551283749751,107.08934271364755,402.78,2026-09-02,NSS,continuous_rate,-0.001196933340446,0.0385726822440593,0.0396507874566124,0.1573136916636166,2.1532279899754223,16.810163806603725,2.060781659511834,298
2026-09-02,2026-09-02 20:00:00+00:00,2027-03-31,383.0,44.6,870310971,GLD   270331C00383000,0.5749486652977412,210,0.9508913054272804,0.0397243596819706,0.2397577115048654,107.87087782208371,402.78,2026-09-02,NSS,continuous_rate,-0.001196933340446,0.0385726822440593,0.0396507874566124,0.1573136916636166,2.1532279899754223,16.810163806603725,2.060781659511834,299
2026-09-02,2026-09-02 20:00:00+00:00,2027-03-31,384.0,43.9,870310999,GLD   270331C00384000,0.5749486652977412,210,0.9533740503500672,0.0397243596819706,0.2388889166777022,108.56958787669733,402.78,2026-09-02,NSS,continuous_rate,-0.001196933340446,0.0385726822440593,0.0396507874566124,0.1573136916636166,2.1532279899754223,16.810163806603725,2.060781659511834,300
2026-09-02,2026-09-02 20:00:00+00:00,2027-03-31,385.0,43.3,870311024,GLD   270331C00385000,0.5749486652977412,210,0.9558567952728536,0.0397243596819706,0.2388975871174596,109.310077347337,402.78,2026-09-02,NSS,continuous_rate,-0.001196933340446,0.0385726822440593,0.0396507874566124,0.1573136916636166,2.1532279899754223,16.810163806603725,2.060781659511834,301
2026-09-02,2026-09-02 20:00:00+00:00,2027-03-31,386.0,42.53,870311057,GLD   270331C00386000,0.5749486652977412,210,0.9583395401956404,0.0397243596819706,0.2373116789371707,109.94037332165608,402.78,2026-09-02,NSS,continuous_rate,-0.001196933340446,0.0385726822440593,0.0396507874566124,0.1573136916636166,2.1532279899754223,16.810163806603725,2.060781659511834,302
2026-09-02,2026-09-02 20:00:00+00:00,2027-03-31,387.0,42.13,870311074,GLD   270331C00387000,0.5749486652977412,210,0.960822285118427,0.0397243596819706,0.2390399928041734,110.73857075244644,402.78,2026-09-02,NSS,continuous_rate,-0.001196933340446,0.0385726822440593,0.0396507874566124,0.1573136916636166,2.1532279899754223,16.810163806603725,2.060781659511834,303
2026-09-02,2026-09-02 20:00:00+00:00,2027-03-31,388.0,41.53,870311105,GLD   270331C00388000,0.5749486652977412,210,0.9633050300412136,0.0397243596819706,0.2389028210456483,111.4121030695413,402.78,2026-09-02,NSS,continuous_rate,-0.001196933340446,0.0385726822440593,0.0396507874566124,0.1573136916636166,2.1532279899754223,16.810163806603725,2.060781659511834,304
2026-09-02,2026-09-02 20:00:00+00:00,2027-03-31,389.0,40.95,870311125,GLD   270331C00389000,0.5749486652977412,210,0.9657877749640004,0.0397243596819706,0.2388976709348149,112.07228110272884,402.78,2026-09-02,NSS,continuous_rate,-0.001196933340446,0.0385726822440593,0.0396507874566124,0.1573136916636166,2.1532279899754223,16.810163806603725,2.060781659511834,305
2026-09-02,2026-09-02 20:00:00+00:00,2027-03-31,390.0,40.28,870311154,GLD   270331C00390000,0.5749486652977412,210,0.9682705198867868,0.0397243596819706,0.2380461145437322,112.6781817969546,402.78,2026-09-02,NSS,continuous_rate,-0.001196933340446,0.0385726822440593,0.0396507874566124,0.1573136916636166,2.1532279899754223,16.810163806603725,2.060781659511834,306
2026-09-02,2026-09-02 20:00:00+00:00,2027-03-31,391.0,39.6,870311180,GLD   270331C00391000,0.5749486652977412,210,0.9707532648095736,0.0397243596819706,0.237067742494028,113.2647977645351,402.78,2026-09-02,NSS,continuous_rate,-0.001196933340446,0.0385726822440593,0.0396507874566124,0.1573136916636166,2.1532279899754223,16.810163806603725,2.060781659511834,307
2026-09-02,2026-09-02 20:00:00+00:00,2027-03-31,392.0,39.23,870311204,GLD   270331C00392000,0.5749486652977412,210,0.97323600973236,0.0397243596819706,0.2387740310226567,113.9259050863422,402.78,2026-09-02,NSS,continuous_rate,-0.001196933340446,0.0385726822440593,0.0396507874566124,0.1573136916636166,2.1532279899754223,16.810163806603725,2.060781659511834,308
2026-09-02,2026-09-02 20:00:00+00:00,2027-03-31,393.0,38.63,870311231,GLD   270331C00393000,0.5749486652977412,210,0.9757187546551468,0.0397243596819706,0.2384064732934348,114.49299694404402,402.78,2026-09-02,NSS,continuous_rate,-0.001196933340446,0.0385726822440593,0.0396507874566124,0.1573136916636166,2.1532279899754223,16.810163806603725,2.060781659511834,309
2026-09-02,2026-09-02 20:00:00+00:00,2027-03-31,394.0,38.08,870311251,GLD   270331C00394000,0.5749486652977412,210,0.9782014995779336,0.0397243596819706,0.2384301191006787,115.05134339751874,402.78,2026-09-02,NSS,continuous_rate,-0.001196933340446,0.0385726822440593,0.0396507874566124,0.1573136916636166,2.1532279899754223,16.810163806603725,2.060781659511834,310
2026-09-02,2026-09-02 20:00:00+00:00,2027-03-31,395.0,37.42,870311279,GLD   270331C00395000,0.5749486652977412,210,0.98068424450072,0.0397243596819706,0.237455006614793,115.5653041403594,402.78,2026-09-02,NSS,continuous_rate,-0.001196933340446,0.0385726822440593,0.0396507874566124,0.1573136916636166,2.1532279899754223,16.810163806603725,2.060781659511834,311
2026-09-02,2026-09-02 20:00:00+00:00,2027-03-31,396.0,36.88,870311307,GLD   270331C00396000,0.5749486652977412,210,0.9831669894235068,0.0397243596819706,0.2374756815624423,116.08324316077302,402.78,2026-09-02,NSS,continuous_rate,-0.001196933340446,0.0385726822440593,0.0396507874566124,0.1573136916636166,2.1532279899754223,16.810163806603725,2.060781659511834,312
2026-09-02,2026-09-02 20:00:00+00:00,2027-03-31,397.0,36.35,870311331,GLD   270331C00397000,0.5749486652977412,210,0.9856497343462932,0.0397243596819706,0.237535443336796,116.57982940124728,402.78,2026-09-02,NSS,continuous_rate,-0.001196933340446,0.0385726822440593,0.0396507874566124,0.1573136916636166,2.1532279899754223,16.810163806603725,2.060781659511834,313
2026-09-02,2026-09-02 20:00:00+00:00,2027-03-31,398.0,35.78,870311352,GLD   270331C00398000,0.5749486652977412,210,0.98813247926908,0.0397243596819706,0.2372067116691731,117.04847801121102,402.78,2026-09-02,NSS,continuous_rate,-0.001196933340446,0.0385726822440593,0.0396507874566124,0.1573136916636166,2.1532279899754223,16.810163806603725,2.060781659511834,314
2026-09-02,2026-09-02 20:00:00+00:00,2027-03-31,399.0,35.28,870311380,GLD   270331C00399000,0.5749486652977412,210,0.9906152241918668,0.0397243596819706,0.237430196677614,117.50324209655334,402.78,2026-09-02,NSS,continuous_rate,-0.001196933340446,0.0385726822440593,0.0396507874566124,0.1573136916636166,2.1532279899754223,16.810163806603725,2.060781659511834,315
2026-09-02,2026-09-02 20:00:00+00:00,2027-03-31,400.0,34.67,870311405,GLD   270331C00400000,0.5749486652977412,210,0.9930979691146532,0.0397243596819706,0.2366733958067372,117.92527383546576,402.78,2026-09-02,NSS,continuous_rate,-0.001196933340446,0.0385726822440593,0.0396507874566124,0.1573136916636166,2.1532279899754223,16.810163806603725,2.060781659511834,316
2026-09-02,2026-09-02 20:00:00+00:00,2027-03-31,401.0,34.22,870311424,GLD   270331C00401000,0.5749486652977412,210,0.99558071403744,0.0397243596819706,0.2372282620425336,118.33807318840296,402.78,2026-09-02,NSS,continuous_rate,-0.001196933340446,0.0385726822440593,0.0396507874566124,0.1573136916636166,2.1532279899754223,16.810163806603725,2.060781659511834,317
2026-09-02,2026-09-02 20:00:00+00:00,2027-03-31,402.0,33.72,870311451,GLD   270331C00402000,0.5749486652977412,210,0.9980634589602264,0.0397243596819706,0.2373128244410269,118.72357751024346,402.78,2026-09-02,NSS,continuous_rate,-0.001196933340446,0.0385726822440593,0.0396507874566124,0.1573136916636166,2.1532279899754223,16.810163806603725,2.060781659511834,318
2026-09-02,2026-09-02 20:00:00+00:00,2027-03-31,403.0,33.22,870311469,GLD   270331C00403000,0.5749486652977412,210,1.000546203883013,0.0397243596819706,0.2373516411895864,119.08615420712756,402.78,2026-09-02,NSS,continuous_rate,-0.001196933340446,0.0385726822440593,0.0396507874566124,0.1573136916636166,2.1532279899754223,16.810163806603725,2.060781659511834,319
2026-09-02,2026-09-02 20:00:00+00:00,2027-03-31,404.0,32.72,870311492,GLD   270331C00404000,0.5749486652977412,210,1.0030289488057995,0.0397243596819706,0.2373452338184229,119.42603418714162,402.78,2026-09-02,NSS,continuous_rate,-0.001196933340446,0.0385726822440593,0.0396507874566124,0.1573136916636166,2.1532279899754223,16.810163806603725,2.060781659511834,320
2026-09-02,2026-09-02 20:00:00+00:00,2027-03-31,405.0,32.15,870311514,GLD   270331C00405000,0.5749486652977412,210,1.0055116937285864,0.0397243596819706,0.2367095071173273,119.74304096752286,402.78,2026-09-02,NSS,continuous_rate,-0.001196933340446,0.0385726822440593,0.0396507874566124,0.1573136916636166,2.1532279899754223,16.810163806603725,2.060781659511834,321
2026-09-02,2026-09-02 20:00:00+00:00,2027-03-31,406.0,31.75,870311532,GLD   270331C00406000,0.5749486652977412,210,1.007994438651373,0.0397243596819706,0.2374485433653928,120.03826334003683,402.78,2026-09-02,NSS,continuous_rate,-0.001196933340446,0.0385726822440593,0.0396507874566124,0.1573136916636166,2.1532279899754223,16.810163806603725,2.060781659511834,322
2026-09-02,2026-09-02 20:00:00+00:00,2027-03-31,407.0,31.28,870311560,GLD   270331C00407000,0.5749486652977412,210,1.0104771835741595,0.0397243596819706,0.2375579436401836,120.31034901337976,402.78,2026-09-02,NSS,continuous_rate,-0.001196933340446,0.0385726822440593,0.0396507874566124,0.1573136916636166,2.1532279899754223,16.810163806603725,2.060781659511834,323
2026-09-02,2026-09-02 20:00:00+00:00,2027-03-31,408.0,30.8,870311580,GLD   270331C00408000,0.5749486652977412,210,1.0129599284969464,0.0397243596819706,0.2375398111523129,120.56009356060908,402.78,2026-09-02,NSS,continuous_rate,-0.001196933340446,0.0385726822440593,0.0396507874566124,0.1573136916636166,2.1532279899754223,16.810163806603725,2.060781659511834,324
2026-09-02,2026-09-02 20:00:00+00:00,2027-03-31,409.0,30.33,870311601,GLD   270331C00409000,0.5749486652977412,210,1.0154426734197328,0.0397243596819706,0.2375606351085938,120.7873035991674,402.78,2026-09-02,NSS,continuous_rate,-0.001196933340446,0.0385726822440593,0.0396507874566124,0.1573136916636166,2.1532279899754223,16.810163806603725,2.060781659511834,325
2026-09-02,2026-09-02 20:00:00+00:00,2027-03-31,410.0,29.88,870311628,GLD   270331C00410000,0.5749486652977412,210,1.0179254183425197,0.0397243596819706,0.2377029942301102,120.99164197051954,402.78,2026-09-02,NSS,continuous_rate,-0.001196933340446,0.0385726822440593,0.0396507874566124,0.1573136916636166,2.1532279899754223,16.810163806603725,2.060781659511834,326
2026-09-02,2026-09-02 20:00:00+00:00,2027-03-31,411.0,29.43,870311659,GLD   270331C00411000,0.5749486652977412,210,1.020408163265306,0.0397243596819706,0.2378014423704705,121.17372757777484,402.78,2026-09-02,NSS,continuous_rate,-0.001196933340446,0.0385726822440593,0.0396507874566124,0.1573136916636166,2.1532279899754223,16.810163806603725,2.060781659511834,327
2026-09-02,2026-09-02 20:00:00+00:00,2027-03-31,412.0,28.98,870311679,GLD   270331C00412000,0.5749486652977412,210,1.0228909081880928,0.0397243596819706,0.2378563613642938,121.33371606427656,402.78,2026-09-02,NSS,continuous_rate,-0.001196933340446,0.0385726822440593,0.0396507874566124,0.1573136916636166,2.1532279899754223,16.810163806603725,2.060781659511834,328
2026-09-02,2026-09-02 20:00:00+00:00,2027-03-31,413.0,28.53,870311701,GLD   270331C00413000,0.5749486652977412,210,1.0253736531108797,0.0397243596819706,0.2378681237331592,121.47172542511498,402.78,2026-09-02,NSS,continuous_rate,-0.001196933340446,0.0385726822440593,0.0396507874566124,0.1573136916636166,2.1532279899754223,16.810163806603725,2.060781659511834,329
2026-09-02,2026-09-02 20:00:00+00:00,2027-03-31,414.0,28.1,870311724,GLD   270331C00414000,0.5749486652977412,210,1.027856398033666,0.0397243596819706,0.2380015237106941,121.58720867736731,402.78,2026-09-02,NSS,continuous_rate,-0.001196933340446,0.0385726822440593,0.0396507874566124,0.1573136916636166,2.1532279899754223,16.810163806603725,2.060781659511834,330
2026-09-02,2026-09-02 20:00:00+00:00,2027-03-31,415.0,27.65,870311754,GLD   270331C00415000,0.5749486652977412,210,1.0303391429564528,0.0397243596819706,0.2379277271858417,121.68154128831644,402.78,2026-09-02,NSS,continuous_rate,-0.001196933340446,0.0385726822440593,0.0396507874566124,0.1573136916636166,2.1532279899754223,16.810163806603725,2.060781659511834,331
2026-09-02,2026-09-02 20:00:00+00:00,2027-03-31,416.0,27.25,870311771,GLD   270331C00416000,0.5749486652977412,210,1.0328218878792397,0.0397243596819706,0.2382222799985669,121.75292783969816,402.78,2026-09-02,NSS,continuous_rate,-0.001196933340446,0.0385726822440593,0.0396507874566124,0.1573136916636166,2.1532279899754223,16.810163806603725,2.060781659511834,332
2026-09-02,2026-09-02 20:00:00+00:00,2027-03-31,417.0,26.8,870311798,GLD   270331C00417000,0.5749486652977412,210,1.035304632802026,0.0397243596819706,0.2380638651969842,121.80394413738554,402.78,2026-09-02,NSS,continuous_rate,-0.001196933340446,0.0385726822440593,0.0396507874566124,0.1573136916636166,2.1532279899754223,16.810163806603725,2.060781659511834,333
2026-09-02,2026-09-02 20:00:00+00:00,2027-03-31,418.0,26.4,870311820,GLD   270331C00418000,0.5749486652977412,210,1.0377873777248126,0.0397243596819706,0.238273948741611,121.83273703737672,402.78,2026-09-02,NSS,continuous_rate,-0.001196933340446,0.0385726822440593,0.0396507874566124,0.1573136916636166,2.1532279899754223,16.810163806603725,2.060781659511834,334
2026-09-02,2026-09-02 20:00:00+00:00,2027-03-31,419.0,26.0,870311854,GLD   270331C00419000,0.5749486652977412,210,1.0402701226475992,0.0397243596819706,0.2384421887998469,121.84056766099616,402.78,2026-09-02,NSS,continuous_rate,-0.001196933340446,0.0385726822440593,0.0396507874566124,0.1573136916636166,2.1532279899754223,16.810163806603725,2.060781659511834,335
2026-09-02,2026-09-02 20:00:00+00:00,2027-03-31,420.0,25.6,870311879,GLD   270331C00420000,0.5749486652977412,210,1.042752867570386,0.0397243596819706,0.2385688927019946,121.82752915851364,402.78,2026-09-02,NSS,continuous_rate,-0.001196933340446,0.0385726822440593,0.0396507874566124,0.1573136916636166,2.1532279899754223,16.810163806603725,2.060781659511834,336
2026-09-02,2026-09-02 20:00:00+00:00,2027-03-31,421.0,25.2,870311904,GLD   270331C00421000,0.5749486652977412,210,1.0452356124931723,0.0397243596819706,0.2386543025870808,121.79368147225806,402.78,2026-09-02,NSS,continuous_rate,-0.001196933340446,0.0385726822440593,0.0396507874566124,0.1573136916636166,2.1532279899754223,16.810163806603725,2.060781659511834,337
2026-09-02,2026-09-02 20:00:00+00:00,2027-03-31,422.0,24.8,870311931,GLD   270331C00422000,0.5749486652977412,210,1.0477183574159592,0.0397243596819706,0.2386986326550134,121.73905188451867,402.78,2026-09-02,NSS,continuous_rate,-0.001196933340446,0.0385726822440593,0.0396507874566124,0.1573136916636166,2.1532279899754223,16.810163806603725,2.060781659511834,338
2026-09-02,2026-09-02 20:00:00+00:00,2027-03-31,423.0,24.43,870311957,GLD   270331C00423000,0.5749486652977412,210,1.050201102338746,0.0397243596819706,0.2389486505129374,121.66522345261954,402.78,2026-09-02,NSS,continuous_rate,-0.001196933340446,0.0385726822440593,0.0396507874566124,0.1573136916636166,2.1532279899754223,16.810163806603725,2.060781659511834,339
2026-09-02,2026-09-02 20:00:00+00:00,2027-03-31,424.0,24.05,870311977,GLD   270331C00424000,0.5749486652977412,210,1.0526838472615323,0.0397243596819706,0.2390760528930463,121.5708625784353,402.78,2026-09-02,NSS,continuous_rate,-0.001196933340446,0.0385726822440593,0.0396507874566124,0.1573136916636166,2.1532279899754223,16.810163806603725,2.060781659511834,340
2026-09-02,2026-09-02 20:00:00+00:00,2027-03-31,425.0,23.68,870312000,GLD   270331C00425000,0.5749486652977412,210,1.055166592184319,0.0397243596819706,0.2392455036464147,121.45723193607785,402.78,2026-09-02,NSS,continuous_rate,-0.001196933340446,0.0385726822440593,0.0396507874566124,0.1573136916636166,2.1532279899754223,16.810163806603725,2.060781659511834,341
2026-09-02,2026-09-02 20:00:00+00:00,2027-03-31,426.0,23.33,870312027,GLD   270331C00426000,0.5749486652977412,210,1.0576493371071056,0.0397243596819706,0.2395398515722714,121.32593669086648,402.78,2026-09-02,NSS,continuous_rate,-0.001196933340446,0.0385726822440593,0.0396507874566124,0.1573136916636166,2.1532279899754223,16.810163806603725,2.060781659511834,342
2026-09-02,2026-09-02 20:00:00+00:00,2027-03-31,427.0,22.93,870312045,GLD   270331C00427000,0.5749486652977412,210,1.0601320820298925,0.0397243596819706,0.2393821911268867,121.169399938926,402.78,2026-09-02,NSS,continuous_rate,-0.001196933340446,0.0385726822440593,0.0396507874566124,0.1573136916636166,2.1532279899754223,16.810163806603725,2.060781659511834,343
2026-09-02,2026-09-02 20:00:00+00:00,2027-03-31,428.0,22.58,870312076,GLD   270331C00428000,0.5749486652977412,210,1.062614826952679,0.0397243596819706,0.2395974434084258,120.99915332166675,402.78,2026-09-02,NSS,continuous_rate,-0.001196933340446,0.0385726822440593,0.0396507874566124,0.1573136916636166,2.1532279899754223,16.810163806603725,2.060781659511834,344
2026-09-02,2026-09-02 20:00:00+00:00,2027-03-31,429.0,22.23,870312100,GLD   270331C00429000,0.5749486652977412,210,1.0650975718754656,0.0397243596819706,0.2397736461154185,120.80994098457408,402.78,2026-09-02,NSS,continuous_rate,-0.001196933340446,0.0385726822440593,0.0396507874566124,0.1573136916636166,2.1532279899754223,16.810163806603725,2.060781659511834,345
2026-09-02,2026-09-02 20:00:00+00:00,2027-03-31,430.0,21.88,870312136,GLD   270331C00430000,0.5749486652977412,210,1.0675803167982525,0.0397243596819706,0.2399109482564964,120.60175539873777,402.78,2026-09-02,NSS,continuous_rate,-0.001196933340446,0.0385726822440593,0.0396507874566124,0.1573136916636166,2.1532279899754223,16.810163806603725,2.060781659511834,346
2026-09-02,2026-09-02 20:00:00+00:00,2027-03-31,431.0,21.55,870312153,GLD   270331C00431000,0.5749486652977412,210,1.070063061721039,0.0397243596819706,0.240175615525525,120.37893342272768,402.78,2026-09-02,NSS,continuous_rate,-0.001196933340446,0.0385726822440593,0.0396507874566124,0.1573136916636166,2.1532279899754223,16.810163806603725,2.060781659511834,347
2026-09-02,2026-09-02 20:00:00+00:00,2027-03-31,432.0,21.2,870312177,GLD   270331C00432000,0.5749486652977412,210,1.0725458066438256,0.0397243596819706,0.2402357777605764,120.13320032166064,402.78,2026-09-02,NSS,continuous_rate,-0.001196933340446,0.0385726822440593,0.0396507874566124,0.1573136916636166,2.1532279899754223,16.810163806603725,2.060781659511834,348
2026-09-02,2026-09-02 20:00:00+00:00,2027-03-31,433.0,20.88,870312192,GLD   270331C00433000,0.5749486652977412,210,1.075028551566612,0.0397243596819706,0.2405075788178481,119.87650422118202,402.78,2026-09-02,NSS,continuous_rate,-0.001196933340446,0.0385726822440593,0.0396507874566124,0.1573136916636166,2.1532279899754223,16.810163806603725,2.060781659511834,349
2026-09-02,2026-09-02 20:00:00+00:00,2027-03-31,434.0,20.55,870312222,GLD   270331C00434000,0.5749486652977412,210,1.0775112964893987,0.0397243596819706,0.2406583383009769,119.59928266157992,402.78,2026-09-02,NSS,continuous_rate,-0.001196933340446,0.0385726822440593,0.0396507874566124,0.1573136916636166,2.1532279899754223,16.810163806603725,2.060781659511834,350
2026-09-02,2026-09-02 20:00:00+00:00,2027-03-31,435.0,20.23,870312243,GLD   270331C00435000,0.5749486652977412,210,1.0799940414121854,0.0397243596819706,0.2408551787034609,119.3072225512982,402.78,2026-09-02,NSS,continuous_rate,-0.001196933340446,0.0385726822440593,0.0396507874566124,0.1573136916636166,2.1532279899754223,16.810163806603725,2.060781659511834,351
2026-09-02,2026-09-02 20:00:00+00:00,2027-03-31,436.0,19.9,870312257,GLD   270331C00436000,0.5749486652977412,210,1.082476786334972,0.0397243596819706,0.2409307260797359,118.99394663132917,402.78,2026-09-02,NSS,continuous_rate,-0.001196933340446,0.0385726822440593,0.0396507874566124,0.1573136916636166,2.1532279899754223,16.810163806603725,2.060781659511834,352
2026-09-02,2026-09-02 20:00:00+00:00,2027-03-31,437.0,19.48,870312287,GLD   270331C00437000,0.5749486652977412,210,1.084959531257759,0.0397243596819706,0.2402100365194492,118.62672185311293,402.78,2026-09-02,NSS,continuous_rate,-0.001196933340446,0.0385726822440593,0.0396507874566124,0.1573136916636166,2.1532279899754223,16.810163806603725,2.060781659511834,353
2026-09-02,2026-09-02 20:00:00+00:00,2027-03-31,438.0,19.3,870312306,GLD   270331C00438000,0.5749486652977412,210,1.0874422761805451,0.0397243596819706,0.2414758741588332,118.33785447304292,402.78,2026-09-02,NSS,continuous_rate,-0.001196933340446,0.0385726822440593,0.0396507874566124,0.1573136916636166,2.1532279899754223,16.810163806603725,2.060781659511834,354
2026-09-02,2026-09-02 20:00:00+00:00,2027-03-31,439.0,19.0,870312328,GLD   270331C00439000,0.5749486652977412,210,1.089925021103332,0.0397243596819706,0.2416941904303618,117.98505745537184,402.78,2026-09-02,NSS,continuous_rate,-0.001196933340446,0.0385726822440593,0.0396507874566124,0.1573136916636166,2.1532279899754223,16.810163806603725,2.060781659511834,355
2026-09-02,2026-09-02 20:00:00+00:00,2027-03-31,440.0,18.68,870312348,GLD   270331C00440000,0.5749486652977412,210,1.0924077660261184,0.0397243596819706,0.2417063532599248,117.60580201586944,402.78,2026-09-02,NSS,continuous_rate,-0.001196933340446,0.0385726822440593,0.0396507874566124,0.1573136916636166,2.1532279899754223,16.810163806603725,2.060781659511834,356
2026-09-02,2026-09-02 20:00:00+00:00,2027-03-31,441.0,18.38,870312372,GLD   270331C00441000,0.5749486652977412,210,1.094890510948905,0.0397243596819706,0.2418519253800623,117.21902897791912,402.78,2026-09-02,NSS,continuous_rate,-0.001196933340446,0.0385726822440593,0.0396507874566124,0.1573136916636166,2.1532279899754223,16.810163806603725,2.060781659511834,357
2026-09-02,2026-09-02 20:00:00+00:00,2027-03-31,442.0,18.1,870312402,GLD   270331C00442000,0.5749486652977412,210,1.0973732558716918,0.0397243596819706,0.2421325924509205,116.82680036819907,402.78,2026-09-02,NSS,continuous_rate,-0.001196933340446,0.0385726822440593,0.0396507874566124,0.1573136916636166,2.1532279899754223,16.810163806603725,2.060781659511834,358
2026-09-02,2026-09-02 20:00:00+00:00,2027-03-31,443.0,17.8,870312427,GLD   270331C00443000,0.5749486652977412,210,1.0998560007944784,0.0397243596819706,0.2422065286713652,116.4070562155374,402.78,2026-09-02,NSS,continuous_rate,-0.001196933340446,0.0385726822440593,0.0396507874566124,0.1573136916636166,2.1532279899754223,16.810163806603725,2.060781659511834,359
2026-09-02,2026-09-02 20:00:00+00:00,2027-03-31,444.0,17.52,870312442,GLD   270331C00444000,0.5749486652977412,210,1.102338745717265,0.0397243596819706,0.2424167332855054,115.98314598106532,402.78,2026-09-02,NSS,continuous_rate,-0.001196933340446,0.0385726822440593,0.0396507874566124,0.1573136916636166,2.1532279899754223,16.810163806603725,2.060781659511834,360
2026-09-02,2026-09-02 20:00:00+00:00,2027-03-31,445.0,17.25,870312471,GLD   270331C00445000,0.5749486652977412,210,1.1048214906400518,0.0397243596819706,0.2426785507644527,115.55046010660156,402.78,2026-09-02,NSS,continuous_rate,-0.001196933340446,0.0385726822440593,0.0396507874566124,0.1573136916636166,2.1532279899754223,16.810163806603725,2.060781659511834,361
2026-09-02,2026-09-02 20:00:00+00:00,2027-03-31,446.0,16.98,870312491,GLD   270331C00446000,0.5749486652977412,210,1.1073042355628384,0.0397243596819706,0.2429060683189891,115.10285292874543,402.78,2026-09-02,NSS,continuous_rate,-0.001196933340446,0.0385726822440593,0.0396507874566124,0.1573136916636166,2.1532279899754223,16.810163806603725,2.060781659511834,362
2026-09-02,2026-09-02 20:00:00+00:00,2027-03-31,447.0,16.7,870312514,GLD   270331C00447000,0.5749486652977412,210,1.109786980485625,0.0397243596819706,0.2430120507082902,114.63256007670329,402.78,2026-09-02,NSS,continuous_rate,-0.001196933340446,0.0385726822440593,0.0396507874566124,0.1573136916636166,2.1532279899754223,16.810163806603725,2.060781659511834,363
2026-09-02,2026-09-02 20:00:00+00:00,2027-03-31,448.0,16.45,870312540,GLD   270331C00448000,0.5749486652977412,210,1.1122697254084115,0.0397243596819706,0.2433457555389963,114.1705312292491,402.78,2026-09-02,NSS,continuous_rate,-0.001196933340446,0.0385726822440593,0.0396507874566124,0.1573136916636166,2.1532279899754223,16.810163806603725,2.060781659511834,364
2026-09-02,2026-09-02 20:00:00+00:00,2027-03-31,449.0,16.18,870312564,GLD   270331C00449000,0.5749486652977412,210,1.1147524703311982,0.0397243596819706,0.2434706061462871,113.67791219817194,402.78,2026-09-02,NSS,continuous_rate,-0.001196933340446,0.0385726822440593,0.0396507874566124,0.1573136916636166,2.1532279899754223,16.810163806603725,2.060781659511834,365
2026-09-02,2026-09-02 20:00:00+00:00,2027-03-31,450.0,15.88,870312587,GLD   270331C00450000,0.5749486652977412,210,1.1172352152539848,0.0397243596819706,0.2432958562734537,113.14288545633516,402.78,2026-09-02,NSS,continuous_rate,-0.001196933340446,0.0385726822440593,0.0396507874566124,0.1573136916636166,2.1532279899754223,16.810163806603725,2.060781659511834,366
2026-09-02,2026-09-02 20:00:00+00:00,2027-03-31,451.0,15.68,870312597,GLD   270331C00451000,0.5749486652977412,210,1.1197179601767715,0.0397243596819706,0.2439717780529521,112.68388416887468,402.78,2026-09-02,NSS,continuous_rate,-0.001196933340446,0.0385726822440593,0.0396507874566124,0.1573136916636166,2.1532279899754223,16.810163806603725,2.060781659511834,367
2026-09-02,2026-09-02 20:00:00+00:00,2027-03-31,452.0,15.43,870312626,GLD   270331C00452000,0.5749486652977412,210,1.1222007050995582,0.0397243596819706,0.2441728465753607,112.16607553766433,402.78,2026-09-02,NSS,continuous_rate,-0.001196933340446,0.0385726822440593,0.0396507874566124,0.1573136916636166,2.1532279899754223,16.810163806603725,2.060781659511834,368
2026-09-02,2026-09-02 20:00:00+00:00,2027-03-31,453.0,15.18,870312645,GLD   270331C00453000,0.5749486652977412,210,1.1246834500223448,0.0397243596819706,0.2443407979293726,111.6342227936154,402.78,2026-09-02,NSS,continuous_rate,-0.001196933340446,0.0385726822440593,0.0396507874566124,0.1573136916636166,2.1532279899754223,16.810163806603725,2.060781659511834,369
2026-09-02,2026-09-02 20:00:00+00:00,2027-03-31,454.0,14.93,870312670,GLD   270331C00454000,0.5749486652977412,210,1.1271661949451317,0.0397243596819706,0.244475557610672,111.08817204487028,402.78,2026-09-02,NSS,continuous_rate,-0.001196933340446,0.0385726822440593,0.0396507874566124,0.1573136916636166,2.1532279899754223,16.810163806603725,2.060781659511834,370
2026-09-02,2026-09-02 20:00:00+00:00,2027-03-31,455.0,14.73,870312694,GLD   270331C00455000,0.5749486652977412,210,1.129648939867918,0.0397243596819706,0.2450292364339344,110.58416344607043,402.78,2026-09-02,NSS,continuous_rate,-0.001196933340446,0.0385726822440593,0.0396507874566124,0.1573136916636166,2.1532279899754223,16.810163806603725,2.060781659511834,371
2026-09-02,2026-09-02 20:00:00+00:00,2027-03-31,456.0,14.48,870312723,GLD   270331C00456000,0.5749486652977412,210,1.1321316847907046,0.0397243596819706,0.2450995498820207,110.01172623693635,402.78,2026-09-02,NSS,continuous_rate,-0.001196933340446,0.0385726822440593,0.0396507874566124,0.1573136916636166,2.1532279899754223,16.810163806603725,2.060781659511834,372
2026-09-02,2026-09-02 20:00:00+00:00,2027-03-31,457.0,14.25,870312751,GLD   270331C00457000,0.5749486652977412,210,1.1346144297134912,0.0397243596819706,0.2453190489095635,109.44912274001425,402.78,2026-09-02,NSS,continuous_rate,-0.001196933340446,0.0385726822440593,0.0396507874566124,0.1573136916636166,2.1532279899754223,16.810163806603725,2.060781659511834,373
2026-09-02,2026-09-02 20:00:00+00:00,2027-03-31,458.0,14.03,870312771,GLD   270331C00458000,0.5749486652977412,210,1.137097174636278,0.0397243596819706,0.2455986170417629,108.88643655095686,402.78,2026-09-02,NSS,continuous_rate,-0.001196933340446,0.0385726822440593,0.0396507874566124,0.1573136916636166,2.1532279899754223,16.810163806603725,2.060781659511834,374
2026-09-02,2026-09-02 20:00:00+00:00,2027-03-31,459.0,13.83,870312786,GLD   270331C00459000,0.5749486652977412,210,1.1395799195590646,0.0397243596819706,0.2460318968906067,108.33825060638335,402.78,2026-09-02,NSS,continuous_rate,-0.001196933340446,0.0385726822440593,0.0396507874566124,0.1573136916636166,2.1532279899754223,16.810163806603725,2.060781659511834,375
2026-09-02,2026-09-02 20:00:00+00:00,2027-03-31,460.0,13.58,870312811,GLD   270331C00460000,0.5749486652977412,210,1.1420626644818512,0.0397243596819706,0.2459720699249766,107.711214280669,402.78,2026-09-02,NSS,continuous_rate,-0.001196933340446,0.0385726822440593,0.0396507874566124,0.1573136916636166,2.1532279899754223,16.810163806603725,2.060781659511834,376
2026-09-02,2026-09-02 20:00:00+00:00,2027-03-31,461.0,13.35,870312832,GLD   270331C00461000,0.5749486652977412,210,1.144545409404638,0.0397243596819706,0.246064697415661,107.09730782086636,402.78,2026-09-02,NSS,continuous_rate,-0.001196933340446,0.0385726822440593,0.0396507874566124,0.1573136916636166,2.1532279899754223,16.810163806603725,2.060781659511834,377
2026-09-02,2026-09-02 20:00:00+00:00,2027-03-31,462.0,13.15,870312847,GLD   270331C00462000,0.5749486652977412,210,1.1470281543274246,0.0397243596819706,0.2464066722254268,106.51445253981969,402.78,2026-09-02,NSS,continuous_rate,-0.001196933340446,0.0385726822440593,0.0396507874566124,0.1573136916636166,2.1532279899754223,16.810163806603725,2.060781659511834,378
2026-09-02,2026-09-02 20:00:00+00:00,2027-03-31,463.0,12.98,870312871,GLD   270331C00463000,0.5749486652977412,210,1.1495108992502112,0.0397243596819706,0.2470025204914622,105.96710908181342,402.78,2026-09-02,NSS,continuous_rate,-0.001196933340446,0.0385726822440593,0.0396507874566124,0.1573136916636166,2.1532279899754223,16.810163806603725,2.060781659511834,379
2026-09-02,2026-09-02 20:00:00+00:00,2027-03-31,464.0,12.78,870312889,GLD   270331C00464000,0.5749486652977412,210,1.1519936441729977,0.0397243596819706,0.247287434308324,105.36472589489075,402.78,2026-09-02,NSS,continuous_rate,-0.001196933340446,0.0385726822440593,0.0396507874566124,0.1573136916636166,2.1532279899754223,16.810163806603725,2.060781659511834,380
2026-09-02,2026-09-02 20:00:00+00:00,2027-03-31,465.0,12.55,870312917,GLD   270331C00465000,0.5749486652977412,210,1.1544763890957843,0.0397243596819706,0.2472564498259686,104.70239593745224,402.78,2026-09-02,NSS,continuous_rate,-0.001196933340446,0.0385726822440593,0.0396507874566124,0.1573136916636166,2.1532279899754223,16.810163806603725,2.060781659511834,381
2026-09-02,2026-09-02 20:00:00+00:00,2027-03-31,470.0,11.6,870312946,GLD   270331C00470000,0.5749486652977412,210,1.1668901137097176,0.0397243596819706,0.2485707338967361,101.55811467997565,402.78,2026-09-02,NSS,continuous_rate,-0.001196933340446,0.0385726822440593,0.0396507874566124,0.1573136916636166,2.1532279899754223,16.810163806603725,2.060781659511834,382
2026-09-02,2026-09-02 20:00:00+00:00,2027-03-31,475.0,10.73,870312975,GLD   270331C00475000,0.5749486652977412,210,1.1793038383236507,0.0397243596819706,0.2499695896790363,98.32665107161868,402.78,2026-09-02,NSS,continuous_rate,-0.001196933340446,0.0385726822440593,0.0396507874566124,0.1573136916636166,2.1532279899754223,16.810163806603725,2.060781659511834,383
2026-09-02,2026-09-02 20:00:00+00:00,2027-03-31,480.0,9.82,870313005,GLD   270331C00480000,0.5749486652977412,210,1.1917175629375838,0.0397243596819706,0.250248757350538,94.75581163196782,402.78,2026-09-02,NSS,continuous_rate,-0.001196933340446,0.0385726822440593,0.0396507874566124,0.1573136916636166,2.1532279899754223,16.810163806603725,2.060781659511834,384
2026-09-02,2026-09-02 20:00:00+00:00,2027-06-17,325.0,94.48,800378868,GLD   270617C00325000,0.7885010266940452,288,0.8068920999056558,0.0403868379304892,0.2672720715320669,73.06926622103434,402.78,2026-09-02,NSS,continuous_rate,-0.001196933340446,0.0385726822440593,0.0396507874566124,0.1573136916636166,2.1532279899754223,16.810163806603725,2.060781659511834,385
2026-09-02,2026-09-02 20:00:00+00:00,2027-06-17,330.0,90.3,800378900,GLD   270617C00330000,0.7885010266940452,288,0.8193058245195889,0.0403868379304892,0.2641386807723903,77.68082837541394,402.78,2026-09-02,NSS,continuous_rate,-0.001196933340446,0.0385726822440593,0.0396507874566124,0.1573136916636166,2.1532279899754223,16.810163806603725,2.060781659511834,386
2026-09-02,2026-09-02 20:00:00+00:00,2027-06-17,335.0,86.03,800378925,GLD   270617C00335000,0.7885010266940452,288,0.8317195491335221,0.0403868379304892,0.259255341954995,81.88913951592595,402.78,2026-09-02,NSS,continuous_rate,-0.001196933340446,0.0385726822440593,0.0396507874566124,0.1573136916636166,2.1532279899754223,16.810163806603725,2.060781659511834,387
2026-09-02,2026-09-02 20:00:00+00:00,2027-06-17,340.0,82.15,800378958,GLD   270617C00340000,0.7885010266940452,288,0.8441332737474553,0.0403868379304892,0.2583949195503258,87.23516121195368,402.78,2026-09-02,NSS,continuous_rate,-0.001196933340446,0.0385726822440593,0.0396507874566124,0.1573136916636166,2.1532279899754223,16.810163806603725,2.060781659511834,388
2026-09-02,2026-09-02 20:00:00+00:00,2027-06-17,345.0,78.22,800379021,GLD   270617C00345000,0.7885010266940452,288,0.8565469983613884,0.0403868379304892,0.2560920377125032,92.18863600022036,402.78,2026-09-02,NSS,continuous_rate,-0.001196933340446,0.0385726822440593,0.0396507874566124,0.1573136916636166,2.1532279899754223,16.810163806603725,2.060781659511834,389
2026-09-02,2026-09-02 20:00:00+00:00,2027-06-17,350.0,74.2,800379070,GLD   270617C00350000,0.7885010266940452,288,0.8689607229753216,0.0403868379304892,0.2521192347652279,96.74287395375096,402.78,2026-09-02,NSS,continuous_rate,-0.001196933340446,0.0385726822440593,0.0396507874566124,0.1573136916636166,2.1532279899754223,16.810163806603725,2.060781659511834,390
2026-09-02,2026-09-02 20:00:00+00:00,2027-06-17,355.0,70.65,800379115,GLD   270617C00355000,0.7885010266940452,288,0.8813744475892548,0.0403868379304892,0.2521816181601956,102.10744235937412,402.78,2026-09-02,NSS,continuous_rate,-0.001196933340446,0.0385726822440593,0.0396507874566124,0.1573136916636166,2.1532279899754223,16.810163806603725,2.060781659511834,391
2026-09-02,2026-09-02 20:00:00+00:00,2027-06-17,360.0,67.0,800379157,GLD   270617C00360000,0.7885010266940452,288,0.893788172203188,0.0403868379304892,0.2503533334708773,106.93528193014106,402.78,2026-09-02,NSS,continuous_rate,-0.001196933340446,0.0385726822440593,0.0396507874566124,0.1573136916636166,2.1532279899754223,16.810163806603725,2.060781659511834,392
2026-09-02,2026-09-02 20:00:00+00:00,2027-06-17,365.0,63.35,800379210,GLD   270617C00365000,0.7885010266940452,288,0.906201896817121,0.0403868379304892,0.2477494541970082,111.48820357810554,402.78,2026-09-02,NSS,continuous_rate,-0.001196933340446,0.0385726822440593,0.0396507874566124,0.1573136916636166,2.1532279899754223,16.810163806603725,2.060781659511834,393
2026-09-02,2026-09-02 20:00:00+00:00,2027-06-17,370.0,60.03,800379260,GLD   270617C00370000,0.7885010266940452,288,0.9186156214310542,0.0403868379304892,0.2472768453824333,116.15602243820727,402.78,2026-09-02,NSS,continuous_rate,-0.001196933340446,0.0385726822440593,0.0396507874566124,0.1573136916636166,2.1532279899754223,16.810163806603725,2.060781659511834,394
2026-09-02,2026-09-02 20:00:00+00:00,2027-06-17,375.0,56.7,800379300,GLD   270617C00375000,0.7885010266940452,288,0.9310293460449874,0.0403868379304892,0.245854222723376,120.42907980277066,402.78,2026-09-02,NSS,continuous_rate,-0.001196933340446,0.0385726822440593,0.0396507874566124,0.1573136916636166,2.1532279899754223,16.810163806603725,2.060781659511834,395
2026-09-02,2026-09-02 20:00:00+00:00,2027-06-17,380.0,53.28,800379353,GLD   270617C00380000,0.7885010266940452,288,0.9434430706589204,0.0403868379304892,0.2429162102189846,124.29084926280468,402.78,2026-09-02,NSS,continuous_rate,-0.001196933340446,0.0385726822440593,0.0396507874566124,0.1573136916636166,2.1532279899754223,16.810163806603725,2.060781659511834,396
2026-09-02,2026-09-02 20:00:00+00:00,2027-06-17,385.0,50.45,800379387,GLD   270617C00385000,0.7885010266940452,288,0.9558567952728536,0.0403868379304892,0.2438866754981689,128.13534609355074,402.78,2026-09-02,NSS,continuous_rate,-0.001196933340446,0.0385726822440593,0.0396507874566124,0.1573136916636166,2.1532279899754223,16.810163806603725,2.060781659511834,397
2026-09-02,2026-09-02 20:00:00+00:00,2027-06-17,390.0,47.53,800379434,GLD   270617C00390000,0.7885010266940452,288,0.9682705198867868,0.0403868379304892,0.2432653653821908,131.46648488539878,402.78,2026-09-02,NSS,continuous_rate,-0.001196933340446,0.0385726822440593,0.0396507874566124,0.1573136916636166,2.1532279899754223,16.810163806603725,2.060781659511834,398
2026-09-02,2026-09-02 20:00:00+00:00,2027-06-17,395.0,44.68,800379480,GLD   270617C00395000,0.7885010266940452,288,0.98068424450072,0.0403868379304892,0.2423559563898482,134.3852018776979,402.78,2026-09-02,NSS,continuous_rate,-0.001196933340446,0.0385726822440593,0.0396507874566124,0.1573136916636166,2.1532279899754223,16.810163806603725,2.060781659511834,399
2026-09-02,2026-09-02 20:00:00+00:00,2027-06-17,400.0,41.88,800379535,GLD   270617C00400000,0.7885010266940452,288,0.9930979691146532,0.0403868379304892,0.2410250671696849,136.88234855935062,402.78,2026-09-02,NSS,continuous_rate,-0.001196933340446,0.0385726822440593,0.0396507874566124,0.1573136916636166,2.1532279899754223,16.810163806603725,2.060781659511834,400
2026-09-02,2026-09-02 20:00:00+00:00,2027-06-17,405.0,39.35,800379585,GLD   270617C00405000,0.7885010266940452,288,1.0055116937285864,0.0403868379304892,0.2408715137747117,138.95647406245078,402.78,2026-09-02,NSS,continuous_rate,-0.001196933340446,0.0385726822440593,0.0396507874566124,0.1573136916636166,2.1532279899754223,16.810163806603725,2.060781659511834,401
2026-09-02,2026-09-02 20:00:00+00:00,2027-06-17,410.0,36.92,800379657,GLD   270617C00410000,0.7885010266940452,288,1.0179254183425197,0.0403868379304892,0.2406402989435009,140.57259567164857,402.78,2026-09-02,NSS,continuous_rate,-0.001196933340446,0.0385726822440593,0.0396507874566124,0.1573136916636166,2.1532279899754223,16.810163806603725,2.060781659511834,402
2026-09-02,2026-09-02 20:00:00+00:00,2027-06-17,415.0,34.7,800379714,GLD   270617C00415000,0.7885010266940452,288,1.0303391429564528,0.0403868379304892,0.241118095121067,141.72529778206385,402.78,2026-09-02,NSS,continuous_rate,-0.001196933340446,0.0385726822440593,0.0396507874566124,0.1573136916636166,2.1532279899754223,16.810163806603725,2.060781659511834,403
2026-09-02,2026-09-02 20:00:00+00:00,2027-06-17,420.0,32.5,800379764,GLD   270617C00420000,0.7885010266940452,288,1.042752867570386,0.0403868379304892,0.2409705206974409,142.42724609239312,402.78,2026-09-02,NSS,continuous_rate,-0.001196933340446,0.0385726822440593,0.0396507874566124,0.1573136916636166,2.1532279899754223,16.810163806603725,2.060781659511834,404
2026-09-02,2026-09-02 20:00:00+00:00,2027-06-17,425.0,30.48,800379840,GLD   270617C00425000,0.7885010266940452,288,1.055166592184319,0.0403868379304892,0.2413410679123364,142.6833417648726,402.78,2026-09-02,NSS,continuous_rate,-0.001196933340446,0.0385726822440593,0.0396507874566124,0.1573136916636166,2.1532279899754223,16.810163806603725,2.060781659511834,405
2026-09-02,2026-09-02 20:00:00+00:00,2027-06-17,430.0,28.58,800379908,GLD   270617C00430000,0.7885010266940452,288,1.0675803167982525,0.0403868379304892,0.2418253552784212,142.51497172820245,402.78,2026-09-02,NSS,continuous_rate,-0.001196933340446,0.0385726822440593,0.0396507874566124,0.1573136916636166,2.1532279899754223,16.810163806603725,2.060781659511834,406
2026-09-02,2026-09-02 20:00:00+00:00,2027-06-17,435.0,26.78,800379978,GLD   270617C00435000,0.7885010266940452,288,1.0799940414121854,0.0403868379304892,0.2423048650552519,141.94379187161044,402.78,2026-09-02,NSS,continuous_rate,-0.001196933340446,0.0385726822440593,0.0396507874566124,0.1573136916636166,2.1532279899754223,16.810163806603725,2.060781659511834,407
2026-09-02,2026-09-02 20:00:00+00:00,2027-06-17,440.0,25.03,800380022,GLD   270617C00440000,0.7885010266940452,288,1.0924077660261184,0.0403868379304892,0.2424481275415979,140.98200632017665,402.78,2026-09-02,NSS,continuous_rate,-0.001196933340446,0.0385726822440593,0.0396507874566124,0.1573136916636166,2.1532279899754223,16.810163806603725,2.060781659511834,408
2026-09-02,2026-09-02 20:00:00+00:00,2027-06-17,445.0,23.48,800380075,GLD   270617C00445000,0.7885010266940452,288,1.1048214906400518,0.0403868379304892,0.2433439301832579,139.69238619767907,402.78,2026-09-02,NSS,continuous_rate,-0.001196933340446,0.0385726822440593,0.0396507874566124,0.1573136916636166,2.1532279899754223,16.810163806603725,2.060781659511834,409
2026-09-02,2026-09-02 20:00:00+00:00,2027-06-17,450.0,22.05,800380138,GLD   270617C00450000,0.7885010266940452,288,1.1172352152539848,0.0403868379304892,0.2444622492772527,138.10515416826954,402.78,2026-09-02,NSS,continuous_rate,-0.001196933340446,0.0385726822440593,0.0396507874566124,0.1573136916636166,2.1532279899754223,16.810163806603725,2.060781659511834,410
2026-09-02,2026-09-02 20:00:00+00:00,2027-06-17,455.0,20.68,800824420,GLD   270617C00455000,0.7885010266940452,288,1.129648939867918,0.0403868379304892,0.245400714952778,136.22782513528216,402.78,2026-09-02,NSS,continuous_rate,-0.001196933340446,0.0385726822440593,0.0396507874566124,0.1573136916636166,2.1532279899754223,16.810163806603725,2.060781659511834,411
2026-09-02,2026-09-02 20:00:00+00:00,2027-06-17,460.0,19.4,800824505,GLD   270617C00460000,0.7885010266940452,288,1.1420626644818512,0.0403868379304892,0.2464049958783201,134.1061745250231,402.78,2026-09-02,NSS,continuous_rate,-0.001196933340446,0.0385726822440593,0.0396507874566124,0.1573136916636166,2.1532279899754223,16.810163806603725,2.060781659511834,412
2026-09-02,2026-09-02 20:00:00+00:00,2027-06-17,465.0,18.15,801599385,GLD   270617C00465000,0.7885010266940452,288,1.1544763890957843,0.0403868379304892,0.2470528760959394,131.71799299469916,402.78,2026-09-02,NSS,continuous_rate,-0.001196933340446,0.0385726822440593,0.0396507874566124,0.1573136916636166,2.1532279899754223,16.810163806603725,2.060781659511834,413
2026-09-02,2026-09-02 20:00:00+00:00,2027-06-17,470.0,17.05,801599430,GLD   270617C00470000,0.7885010266940452,288,1.1668901137097176,0.0403868379304892,0.2482822345596738,129.21223322276748,402.78,2026-09-02,NSS,continuous_rate,-0.001196933340446,0.0385726822440593,0.0396507874566124,0.1573136916636166,2.1532279899754223,16.810163806603725,2.060781659511834,414
2026-09-02,2026-09-02 20:00:00+00:00,2027-06-17,475.0,16.0,813159478,GLD   270617C00475000,0.7885010266940452,288,1.1793038383236507,0.0403868379304892,0.2493684609196149,126.52715021311782,402.78,2026-09-02,NSS,continuous_rate,-0.001196933340446,0.0385726822440593,0.0396507874566124,0.1573136916636166,2.1532279899754223,16.810163806603725,2.060781659511834,415
2026-09-02,2026-09-02 20:00:00+00:00,2027-06-17,480.0,15.03,806090421,GLD   270617C00480000,0.7885010266940452,288,1.1917175629375838,0.0403868379304892,0.2505750117496588,123.73147072851056,402.78,2026-09-02,NSS,continuous_rate,-0.001196933340446,0.0385726822440593,0.0396507874566124,0.1573136916636166,2.1532279899754223,16.810163806603725,2.060781659511834,416
2026-09-02,2026-09-02 20:00:00+00:00,2027-06-30,325.0,95.25,897587853,GLD   270630C00325000,0.8240930869267625,301,0.8068920999056558,0.0404880378482557,0.2664665960603393,75.6547776442747,402.78,2026-09-02,NSS,continuous_rate,-0.001196933340446,0.0385726822440593,0.0396507874566124,0.1573136916636166,2.1532279899754223,16.810163806603725,2.060781659511834,417
2026-09-02,2026-09-02 20:00:00+00:00,2027-06-30,330.0,91.05,897587927,GLD   270630C00330000,0.8240930869267625,301,0.8193058245195889,0.0404880378482557,0.2628667058399878,80.15424123230652,402.78,2026-09-02,NSS,continuous_rate,-0.001196933340446,0.0385726822440593,0.0396507874566124,0.1573136916636166,2.1532279899754223,16.810163806603725,2.060781659511834,418
2026-09-02,2026-09-02 20:00:00+00:00,2027-06-30,333.0,89.08,897587994,GLD   270630C00333000,0.8240930869267625,301,0.8267540592879488,0.0404880378482557,0.2669974486238323,84.60467910528929,402.78,2026-09-02,NSS,continuous_rate,-0.001196933340446,0.0385726822440593,0.0396507874566124,0.1573136916636166,2.1532279899754223,16.810163806603725,2.060781659511834,419
2026-09-02,2026-09-02 20:00:00+00:00,2027-06-30,334.0,88.3,897588072,GLD   270630C00334000,0.8240930869267625,301,0.8292368042107354,0.0404880378482557,0.2667748762932606,85.63947975491186,402.78,2026-09-02,NSS,continuous_rate,-0.001196933340446,0.0385726822440593,0.0396507874566124,0.1573136916636166,2.1532279899754223,16.810163806603725,2.060781659511834,420
2026-09-02,2026-09-02 20:00:00+00:00,2027-06-30,335.0,87.0,897588139,GLD   270630C00335000,0.8240930869267625,301,0.8317195491335221,0.0404880378482557,0.2604617158372888,85.05881735790078,402.78,2026-09-02,NSS,continuous_rate,-0.001196933340446,0.0385726822440593,0.0396507874566124,0.1573136916636166,2.1532279899754223,16.810163806603725,2.060781659511834,421
2026-09-02,2026-09-02 20:00:00+00:00,2027-06-30,336.0,86.2,897588197,GLD   270630C00336000,0.8240930869267625,301,0.8342022940563087,0.0404880378482557,0.2600102383092978,86.05171319515,402.78,2026-09-02,NSS,continuous_rate,-0.001196933340446,0.0385726822440593,0.0396507874566124,0.1573136916636166,2.1532279899754223,16.810163806603725,2.060781659511834,422
2026-09-02,2026-09-02 20:00:00+00:00,2027-06-30,337.0,85.4,897588233,GLD   270630C00337000,0.8240930869267625,301,0.8366850389790953,0.0404880378482557,0.2595288193593733,87.03731567173004,402.78,2026-09-02,NSS,continuous_rate,-0.001196933340446,0.0385726822440593,0.0396507874566124,0.1573136916636166,2.1532279899754223,16.810163806603725,2.060781659511834,423
2026-09-02,2026-09-02 20:00:00+00:00,2027-06-30,338.0,84.6,897588260,GLD   270630C00338000,0.8240930869267625,301,0.839167783901882,0.0404880378482557,0.2590181854045951,88.01586926402884,402.78,2026-09-02,NSS,continuous_rate,-0.001196933340446,0.0385726822440593,0.0396507874566124,0.1573136916636166,2.1532279899754223,16.810163806603725,2.060781659511834,424
2026-09-02,2026-09-02 20:00:00+00:00,2027-06-30,339.0,83.8,897588282,GLD   270630C00339000,0.8240930869267625,301,0.8416505288246686,0.0404880378482557,0.258478997670766,88.98759743544622,402.78,2026-09-02,NSS,continuous_rate,-0.001196933340446,0.0385726822440593,0.0396507874566124,0.1573136916636166,2.1532279899754223,16.810163806603725,2.060781659511834,425
2026-09-02,2026-09-02 20:00:00+00:00,2027-06-30,340.0,83.5,897588307,GLD   270630C00340000,0.8240930869267625,301,0.8441332737474553,0.0404880378482557,0.263427630207967,91.33503843799429,402.78,2026-09-02,NSS,continuous_rate,-0.001196933340446,0.0385726822440593,0.0396507874566124,0.1573136916636166,2.1532279899754223,16.810163806603725,2.060781659511834,426
2026-09-02,2026-09-02 20:00:00+00:00,2027-06-30,341.0,82.23,897588350,GLD   270630C00341000,0.8240930869267625,301,0.8466160186702418,0.0404880378482557,0.2576473059928976,90.99502088894845,402.78,2026-09-02,NSS,continuous_rate,-0.001196933340446,0.0385726822440593,0.0396507874566124,0.1573136916636166,2.1532279899754223,16.810163806603725,2.060781659511834,427
2026-09-02,2026-09-02 20:00:00+00:00,2027-06-30,342.0,81.4,897588366,GLD   270630C00342000,0.8240930869267625,301,0.8490987635930285,0.0404880378482557,0.2566962863401509,91.86389674974548,402.78,2026-09-02,NSS,continuous_rate,-0.001196933340446,0.0385726822440593,0.0396507874566124,0.1573136916636166,2.1532279899754223,16.810163806603725,2.060781659511834,428
2026-09-02,2026-09-02 20:00:00+00:00,2027-06-30,343.0,80.65,897588393,GLD   270630C00343000,0.8240930869267625,301,0.8515815085158152,0.0404880378482557,0.2565872585869394,92.94333120320688,402.78,2026-09-02,NSS,continuous_rate,-0.001196933340446,0.0385726822440593,0.0396507874566124,0.1573136916636166,2.1532279899754223,16.810163806603725,2.060781659511834,429
2026-09-02,2026-09-02 20:00:00+00:00,2027-06-30,344.0,79.83,897588426,GLD   270630C00344000,0.8240930869267625,301,0.8540642534386018,0.0404880378482557,0.2556957026912831,93.82900220086864,402.78,2026-09-02,NSS,continuous_rate,-0.001196933340446,0.0385726822440593,0.0396507874566124,0.1573136916636166,2.1532279899754223,16.810163806603725,2.060781659511834,430
2026-09-02,2026-09-02 20:00:00+00:00,2027-06-30,345.0,79.1,897588450,GLD   270630C00345000,0.8240930869267625,301,0.8565469983613884,0.0404880378482557,0.2557322656842881,94.93909467720418,402.78,2026-09-02,NSS,continuous_rate,-0.001196933340446,0.0385726822440593,0.0396507874566124,0.1573136916636166,2.1532279899754223,16.810163806603725,2.060781659511834,431
2026-09-02,2026-09-02 20:00:00+00:00,2027-06-30,346.0,78.28,897588476,GLD   270630C00346000,0.8240930869267625,301,0.859029743284175,0.0404880378482557,0.2547903355580755,95.81336702805032,402.78,2026-09-02,NSS,continuous_rate,-0.001196933340446,0.0385726822440593,0.0396507874566124,0.1573136916636166,2.1532279899754223,16.810163806603725,2.060781659511834,432
2026-09-02,2026-09-02 20:00:00+00:00,2027-06-30,347.0,77.55,897588508,GLD   270630C00347000,0.8240930869267625,301,0.8615124882069617,0.0404880378482557,0.2547580193110742,96.9007431305076,402.78,2026-09-02,NSS,continuous_rate,-0.001196933340446,0.0385726822440593,0.0396507874566124,0.1573136916636166,2.1532279899754223,16.810163806603725,2.060781659511834,433
2026-09-02,2026-09-02 20:00:00+00:00,2027-06-30,348.0,76.75,897588547,GLD   270630C00348000,0.8240930869267625,301,0.8639952331297484,0.0404880378482557,0.2539722316048108,97.81103983793518,402.78,2026-09-02,NSS,continuous_rate,-0.001196933340446,0.0385726822440593,0.0396507874566124,0.1573136916636166,2.1532279899754223,16.810163806603725,2.060781659511834,434
2026-09-02,2026-09-02 20:00:00+00:00,2027-06-30,349.0,75.58,897588590,GLD   270630C00349000,0.8240930869267625,301,0.8664779780525349,0.0404880378482557,0.2493987841761671,97.85201183992508,402.78,2026-09-02,NSS,continuous_rate,-0.001196933340446,0.0385726822440593,0.0396507874566124,0.1573136916636166,2.1532279899754223,16.810163806603725,2.060781659511834,435
2026-09-02,2026-09-02 20:00:00+00:00,2027-06-30,350.0,75.28,897588647,GLD   270630C00350000,0.8240930869267625,301,0.8689607229753216,0.0404880378482557,0.2536346246105618,99.90423152626828,402.78,2026-09-02,NSS,continuous_rate,-0.001196933340446,0.0385726822440593,0.0396507874566124,0.1573136916636166,2.1532279899754223,16.810163806603725,2.060781659511834,436
2026-09-02,2026-09-02 20:00:00+00:00,2027-06-30,351.0,74.53,897588698,GLD   270630C00351000,0.8240930869267625,301,0.8714434678981082,0.0404880378482557,0.2532646361780354,100.89997495234311,402.78,2026-09-02,NSS,continuous_rate,-0.001196933340446,0.0385726822440593,0.0396507874566124,0.1573136916636166,2.1532279899754223,16.810163806603725,2.060781659511834,437
2026-09-02,2026-09-02 20:00:00+00:00,2027-06-30,352.0,73.72,897588752,GLD   270630C00352000,0.8240930869267625,301,0.8739262128208949,0.0404880378482557,0.2522743806899525,101.76088293781658,402.78,2026-09-02,NSS,continuous_rate,-0.001196933340446,0.0385726822440593,0.0396507874566124,0.1573136916636166,2.1532279899754223,16.810163806603725,2.060781659511834,438
2026-09-02,2026-09-02 20:00:00+00:00,2027-06-30,353.0,73.03,897588815,GLD   270630C00353000,0.8240930869267625,301,0.8764089577436814,0.0404880378482557,0.2524322832743637,102.86104004687844,402.78,2026-09-02,NSS,continuous_rate,-0.001196933340446,0.0385726822440593,0.0396507874566124,0.1573136916636166,2.1532279899754223,16.810163806603725,2.060781659511834,439
2026-09-02,2026-09-02 20:00:00+00:00,2027-06-30,354.0,72.22,897588870,GLD   270630C00354000,0.8240930869267625,301,0.8788917026664681,0.0404880378482557,0.2513929527247325,103.70942202376855,402.78,2026-09-02,NSS,continuous_rate,-0.001196933340446,0.0385726822440593,0.0396507874566124,0.1573136916636166,2.1532279899754223,16.810163806603725,2.060781659511834,440
2026-09-02,2026-09-02 20:00:00+00:00,2027-06-30,355.0,71.53,897588907,GLD   270630C00355000,0.8240930869267625,301,0.8813744475892548,0.0404880378482557,0.2514808631609194,104.7831267054093,402.78,2026-09-02,NSS,continuous_rate,-0.001196933340446,0.0385726822440593,0.0396507874566124,0.1573136916636166,2.1532279899754223,16.810163806603725,2.060781659511834,441
2026-09-02,2026-09-02 20:00:00+00:00,2027-06-30,356.0,70.8,897588922,GLD   270630C00356000,0.8240930869267625,301,0.8838571925120414,0.0404880378482557,0.2511510604937561,105.766775473616,402.78,2026-09-02,NSS,continuous_rate,-0.001196933340446,0.0385726822440593,0.0396507874566124,0.1573136916636166,2.1532279899754223,16.810163806603725,2.060781659511834,442
2026-09-02,2026-09-02 20:00:00+00:00,2027-06-30,357.0,70.03,897588950,GLD   270630C00357000,0.8240930869267625,301,0.886339937434828,0.0404880378482557,0.250414855409693,106.6679154020602,402.78,2026-09-02,NSS,continuous_rate,-0.001196933340446,0.0385726822440593,0.0396507874566124,0.1573136916636166,2.1532279899754223,16.810163806603725,2.060781659511834,443
2026-09-02,2026-09-02 20:00:00+00:00,2027-06-30,358.0,69.85,897588992,GLD   270630C00358000,0.8240930869267625,301,0.8888226823576146,0.0404880378482557,0.255114117345214,108.55011420013103,402.78,2026-09-02,NSS,continuous_rate,-0.001196933340446,0.0385726822440593,0.0396507874566124,0.1573136916636166,2.1532279899754223,16.810163806603725,2.060781659511834,444
2026-09-02,2026-09-02 20:00:00+00:00,2027-06-30,359.0,68.58,897589019,GLD   270630C00359000,0.8240930869267625,301,0.8913054272804013,0.0404880378482557,0.2496988223691471,108.60037894771553,402.78,2026-09-02,NSS,continuous_rate,-0.001196933340446,0.0385726822440593,0.0396507874566124,0.1573136916636166,2.1532279899754223,16.810163806603725,2.060781659511834,445
2026-09-02,2026-09-02 20:00:00+00:00,2027-06-30,360.0,67.85,897589052,GLD   270630C00360000,0.8240930869267625,301,0.893788172203188,0.0404880378482557,0.2492489373709075,109.54148901838778,402.78,2026-09-02,NSS,continuous_rate,-0.001196933340446,0.0385726822440593,0.0396507874566124,0.1573136916636166,2.1532279899754223,16.810163806603725,2.060781659511834,446
2026-09-02,2026-09-02 20:00:00+00:00,2027-06-30,361.0,67.18,897589087,GLD   270630C00361000,0.8240930869267625,301,0.8962709171259745,0.0404880378482557,0.2493126618435606,110.56521250424164,402.78,2026-09-02,NSS,continuous_rate,-0.001196933340446,0.0385726822440593,0.0396507874566124,0.1573136916636166,2.1532279899754223,16.810163806603725,2.060781659511834,447
2026-09-02,2026-09-02 20:00:00+00:00,2027-06-30,362.0,66.47,897589127,GLD   270630C00362000,0.8240930869267625,301,0.8987536620487612,0.0404880378482557,0.248979613582138,111.51220611858022,402.78,2026-09-02,NSS,continuous_rate,-0.001196933340446,0.0385726822440593,0.0396507874566124,0.1573136916636166,2.1532279899754223,16.810163806603725,2.060781659511834,448
2026-09-02,2026-09-02 20:00:00+00:00,2027-06-30,363.0,65.78,897589148,GLD   270630C00363000,0.8240930869267625,301,0.9012364069715478,0.0404880378482557,0.2487932782881893,112.47575819807724,402.78,2026-09-02,NSS,continuous_rate,-0.001196933340446,0.0385726822440593,0.0396507874566124,0.1573136916636166,2.1532279899754223,16.810163806603725,2.060781659511834,449
2026-09-02,2026-09-02 20:00:00+00:00,2027-06-30,364.0,65.07,897589187,GLD   270630C00364000,0.8240930869267625,301,0.9037191518943344,0.0404880378482557,0.2483970829625614,113.39757984911166,402.78,2026-09-02,NSS,continuous_rate,-0.001196933340446,0.0385726822440593,0.0396507874566124,0.1573136916636166,2.1532279899754223,16.810163806603725,2.060781659511834,450
2026-09-02,2026-09-02 20:00:00+00:00,2027-06-30,365.0,64.38,897589208,GLD   270630C00365000,0.8240930869267625,301,0.906201896817121,0.0404880378482557,0.2481458450964652,114.33431726708965,402.78,2026-09-02,NSS,continuous_rate,-0.001196933340446,0.0385726822440593,0.0396507874566124,0.1573136916636166,2.1532279899754223,16.810163806603725,2.060781659511834,451
2026-09-02,2026-09-02 20:00:00+00:00,2027-06-30,366.0,63.68,897589260,GLD   270630C00366000,0.8240930869267625,301,0.9086846417399076,0.0404880378482557,0.2477755772727541,115.24472916749784,402.78,2026-09-02,NSS,continuous_rate,-0.001196933340446,0.0385726822440593,0.0396507874566124,0.1573136916636166,2.1532279899754223,16.810163806603725,2.060781659511834,452
2026-09-02,2026-09-02 20:00:00+00:00,2027-06-30,367.0,62.95,897589296,GLD   270630C00367000,0.8240930869267625,301,0.9111673866626944,0.0404880378482557,0.2471166424772702,116.10590683674982,402.78,2026-09-02,NSS,continuous_rate,-0.001196933340446,0.0385726822440593,0.0396507874566124,0.1573136916636166,2.1532279899754223,16.810163806603725,2.060781659511834,453
2026-09-02,2026-09-02 20:00:00+00:00,2027-06-30,368.0,62.3,897589337,GLD   270630C00368000,0.8240930869267625,301,0.9136501315854808,0.0404880378482557,0.2471154504082165,117.05250466387112,402.78,2026-09-02,NSS,continuous_rate,-0.001196933340446,0.0385726822440593,0.0396507874566124,0.1573136916636166,2.1532279899754223,16.810163806603725,2.060781659511834,454
2026-09-02,2026-09-02 20:00:00+00:00,2027-06-30,369.0,61.65,897589380,GLD   270630C00369000,0.8240930869267625,301,0.9161328765082676,0.0404880378482557,0.2470783006937243,117.9821674758663,402.78,2026-09-02,NSS,continuous_rate,-0.001196933340446,0.0385726822440593,0.0396507874566124,0.1573136916636166,2.1532279899754223,16.810163806603725,2.060781659511834,455
2026-09-02,2026-09-02 20:00:00+00:00,2027-06-30,370.0,60.93,897589420,GLD   270630C00370000,0.8240930869267625,301,0.9186156214310542,0.0404880378482557,0.246417000386212,118.81973950593373,402.78,2026-09-02,NSS,continuous_rate,-0.001196933340446,0.0385726822440593,0.0396507874566124,0.1573136916636166,2.1532279899754223,16.810163806603725,2.060781659511834,456
2026-09-02,2026-09-02 20:00:00+00:00,2027-06-30,371.0,60.25,897589467,GLD   270630C00371000,0.8240930869267625,301,0.9210983663538408,0.0404880378482557,0.2460639337464235,119.68908127773167,402.78,2026-09-02,NSS,continuous_rate,-0.001196933340446,0.0385726822440593,0.0396507874566124,0.1573136916636166,2.1532279899754223,16.810163806603725,2.060781659511834,457
2026-09-02,2026-09-02 20:00:00+00:00,2027-06-30,372.0,59.6,897589491,GLD   270630C00372000,0.8240930869267625,301,0.9235811112766276,0.0404880378482557,0.2459293230737559,120.57495225710008,402.78,2026-09-02,NSS,continuous_rate,-0.001196933340446,0.0385726822440593,0.0396507874566124,0.1573136916636166,2.1532279899754223,16.810163806603725,2.060781659511834,458
2026-09-02,2026-09-02 20:00:00+00:00,2027-06-30,373.0,58.93,897589536,GLD   270630C00373000,0.8240930869267625,301,0.926063856199414,0.0404880378482557,0.2455965867991559,121.42625700585997,402.78,2026-09-02,NSS,continuous_rate,-0.001196933340446,0.0385726822440593,0.0396507874566124,0.1573136916636166,2.1532279899754223,16.810163806603725,2.060781659511834,459
2026-09-02,2026-09-02 20:00:00+00:00,2027-06-30,374.0,58.3,897589580,GLD   270630C00374000,0.8240930869267625,301,0.9285466011222008,0.0404880378482557,0.2455603963277303,122.29984571444034,402.78,2026-09-02,NSS,continuous_rate,-0.001196933340446,0.0385726822440593,0.0396507874566124,0.1573136916636166,2.1532279899754223,16.810163806603725,2.060781659511834,460
2026-09-02,2026-09-02 20:00:00+00:00,2027-06-30,375.0,57.63,897589621,GLD   270630C00375000,0.8240930869267625,301,0.9310293460449874,0.0404880378482557,0.2451648063496687,123.12234668358366,402.78,2026-09-02,NSS,continuous_rate,-0.001196933340446,0.0385726822440593,0.0396507874566124,0.1573136916636166,2.1532279899754223,16.810163806603725,2.060781659511834,461
2026-09-02,2026-09-02 20:00:00+00:00,2027-06-30,376.0,57.03,897589671,GLD   270630C00376000,0.8240930869267625,301,0.933512090967774,0.0404880378482557,0.2453042970550246,123.9883300981922,402.78,2026-09-02,NSS,continuous_rate,-0.001196933340446,0.0385726822440593,0.0396507874566124,0.1573136916636166,2.1532279899754223,16.810163806603725,2.060781659511834,462
2026-09-02,2026-09-02 20:00:00+00:00,2027-06-30,377.0,56.35,897589722,GLD   270630C00377000,0.8240930869267625,301,0.9359948358905608,0.0404880378482557,0.2447661337555386,124.77400631380692,402.78,2026-09-02,NSS,continuous_rate,-0.001196933340446,0.0385726822440593,0.0396507874566124,0.1573136916636166,2.1532279899754223,16.810163806603725,2.060781659511834,463
2026-09-02,2026-09-02 20:00:00+00:00,2027-06-30,378.0,55.75,897589774,GLD   270630C00378000,0.8240930869267625,301,0.9384775808133472,0.0404880378482557,0.2448372853771783,125.60579888136742,402.78,2026-09-02,NSS,continuous_rate,-0.001196933340446,0.0385726822440593,0.0396507874566124,0.1573136916636166,2.1532279899754223,16.810163806603725,2.060781659511834,464
2026-09-02,2026-09-02 20:00:00+00:00,2027-06-30,379.0,55.08,897589841,GLD   270630C00379000,0.8240930869267625,301,0.940960325736134,0.0404880378482557,0.2443192289299331,126.37121965213473,402.78,2026-09-02,NSS,continuous_rate,-0.001196933340446,0.0385726822440593,0.0396507874566124,0.1573136916636166,2.1532279899754223,16.810163806603725,2.060781659511834,465
2026-09-02,2026-09-02 20:00:00+00:00,2027-06-30,380.0,54.5,897589891,GLD   270630C00380000,0.8240930869267625,301,0.9434430706589204,0.0404880378482557,0.2444809871126898,127.18242037415482,402.78,2026-09-02,NSS,continuous_rate,-0.001196933340446,0.0385726822440593,0.0396507874566124,0.1573136916636166,2.1532279899754223,16.810163806603725,2.060781659511834,466
2026-09-02,2026-09-02 20:00:00+00:00,2027-06-30,381.0,53.85,897589934,GLD   270630C00381000,0.8240930869267625,301,0.9459258155817072,0.0404880378482557,0.2440594975718297,127.93169375385426,402.78,2026-09-02,NSS,continuous_rate,-0.001196933340446,0.0385726822440593,0.0396507874566124,0.1573136916636166,2.1532279899754223,16.810163806603725,2.060781659511834,467
2026-09-02,2026-09-02 20:00:00+00:00,2027-06-30,382.0,53.23,897590004,GLD   270630C00382000,0.8240930869267625,301,0.9484085605044938,0.0404880378482557,0.2438420753520914,128.68439418252993,402.78,2026-09-02,NSS,continuous_rate,-0.001196933340446,0.0385726822440593,0.0396507874566124,0.1573136916636166,2.1532279899754223,16.810163806603725,2.060781659511834,468
2026-09-02,2026-09-02 20:00:00+00:00,2027-06-30,383.0,52.63,897590091,GLD   270630C00383000,0.8240930869267625,301,0.9508913054272804,0.0404880378482557,0.2437478087664581,129.4320645895934,402.78,2026-09-02,NSS,continuous_rate,-0.001196933340446,0.0385726822440593,0.0396507874566124,0.1573136916636166,2.1532279899754223,16.810163806603725,2.060781659511834,469
2026-09-02,2026-09-02 20:00:00+00:00,2027-06-30,384.0,52.03,897590152,GLD   270630C00384000,0.8240930869267625,301,0.9533740503500672,0.0404880378482557,0.2436208720383234,130.16274942835528,402.78,2026-09-02,NSS,continuous_rate,-0.001196933340446,0.0385726822440593,0.0396507874566124,0.1573136916636166,2.1532279899754223,16.810163806603725,2.060781659511834,470
2026-09-02,2026-09-02 20:00:00+00:00,2027-06-30,385.0,51.43,897590231,GLD   270630C00385000,0.8240930869267625,301,0.9558567952728536,0.0404880378482557,0.2434617494457401,130.87668670945737,402.78,2026-09-02,NSS,continuous_rate,-0.001196933340446,0.0385726822440593,0.0396507874566124,0.1573136916636166,2.1532279899754223,16.810163806603725,2.060781659511834,471
2026-09-02,2026-09-02 20:00:00+00:00,2027-06-30,386.0,50.8,897590285,GLD   270630C00386000,0.8240930869267625,301,0.9583395401956404,0.0404880378482557,0.2430428768689744,131.56099935630178,402.78,2026-09-02,NSS,continuous_rate,-0.001196933340446,0.0385726822440593,0.0396507874566124,0.1573136916636166,2.1532279899754223,16.810163806603725,2.060781659511834,472
2026-09-02,2026-09-02 20:00:00+00:00,2027-06-30,387.0,50.2,897590342,GLD   270630C00387000,0.8240930869267625,301,0.960822285118427,0.0404880378482557,0.2428219063811936,132.24300188942334,402.78,2026-09-02,NSS,continuous_rate,-0.001196933340446,0.0385726822440593,0.0396507874566124,0.1573136916636166,2.1532279899754223,16.810163806603725,2.060781659511834,473
2026-09-02,2026-09-02 20:00:00+00:00,2027-06-30,388.0,49.63,897590400,GLD   270630C00388000,0.8240930869267625,301,0.9633050300412136,0.0404880378482557,0.2427957088011317,132.92004633865892,402.78,2026-09-02,NSS,continuous_rate,-0.001196933340446,0.0385726822440593,0.0396507874566124,0.1573136916636166,2.1532279899754223,16.810163806603725,2.060781659511834,474
2026-09-02,2026-09-02 20:00:00+00:00,2027-06-30,389.0,49.08,897590468,GLD   270630C00389000,0.8240930869267625,301,0.9657877749640004,0.0404880378482557,0.2428864643708803,133.58614291283402,402.78,2026-09-02,NSS,continuous_rate,-0.001196933340446,0.0385726822440593,0.0396507874566124,0.1573136916636166,2.1532279899754223,16.810163806603725,2.060781659511834,475
2026-09-02,2026-09-02 20:00:00+00:00,2027-06-30,390.0,48.48,897590531,GLD   270630C00390000,0.8240930869267625,301,0.9682705198867868,0.0404880378482557,0.2425709665323607,134.21773388534453,402.78,2026-09-02,NSS,continuous_rate,-0.001196933340446,0.0385726822440593,0.0396507874566124,0.1573136916636166,2.1532279899754223,16.810163806603725,2.060781659511834,476
2026-09-02,2026-09-02 20:00:00+00:00,2027-06-30,391.0,47.93,897590586,GLD   270630C00391000,0.8240930869267625,301,0.9707532648095736,0.0404880378482557,0.2425964935735799,134.84802740814746,402.78,2026-09-02,NSS,continuous_rate,-0.001196933340446,0.0385726822440593,0.0396507874566124,0.1573136916636166,2.1532279899754223,16.810163806603725,2.060781659511834,477
2026-09-02,2026-09-02 20:00:00+00:00,2027-06-30,392.0,47.38,897590644,GLD   270630C00392000,0.8240930869267625,301,0.97323600973236,0.0404880378482557,0.2425892107767053,135.4600652774949,402.78,2026-09-02,NSS,continuous_rate,-0.001196933340446,0.0385726822440593,0.0396507874566124,0.1573136916636166,2.1532279899754223,16.810163806603725,2.060781659511834,478
2026-09-02,2026-09-02 20:00:00+00:00,2027-06-30,393.0,46.4,897590697,GLD   270630C00393000,0.8240930869267625,301,0.9757187546551468,0.0404880378482557,0.23938788139401,135.9502094955425,402.78,2026-09-02,NSS,continuous_rate,-0.001196933340446,0.0385726822440593,0.0396507874566124,0.1573136916636166,2.1532279899754223,16.810163806603725,2.060781659511834,479
2026-09-02,2026-09-02 20:00:00+00:00,2027-06-30,394.0,46.25,897590760,GLD   270630C00394000,0.8240930869267625,301,0.9782014995779336,0.0404880378482557,0.2422584768055938,136.62397256353842,402.78,2026-09-02,NSS,continuous_rate,-0.001196933340446,0.0385726822440593,0.0396507874566124,0.1573136916636166,2.1532279899754223,16.810163806603725,2.060781659511834,480
2026-09-02,2026-09-02 20:00:00+00:00,2027-06-30,395.0,45.65,897590829,GLD   270630C00395000,0.8240930869267625,301,0.98068424450072,0.0404880378482557,0.2417918283362873,137.17381990870302,402.78,2026-09-02,NSS,continuous_rate,-0.001196933340446,0.0385726822440593,0.0396507874566124,0.1573136916636166,2.1532279899754223,16.810163806603725,2.060781659511834,481
2026-09-02,2026-09-02 20:00:00+00:00,2027-06-30,396.0,45.15,897590862,GLD   270630C00396000,0.8240930869267625,301,0.9831669894235068,0.0404880378482557,0.242022987289261,137.7251603721825,402.78,2026-09-02,NSS,continuous_rate,-0.001196933340446,0.0385726822440593,0.0396507874566124,0.1573136916636166,2.1532279899754223,16.810163806603725,2.060781659511834,482
2026-09-02,2026-09-02 20:00:00+00:00,2027-06-30,397.0,44.5,897590904,GLD   270630C00397000,0.8240930869267625,301,0.9856497343462932,0.0404880378482557,0.2411354732527398,138.23498332688283,402.78,2026-09-02,NSS,continuous_rate,-0.001196933340446,0.0385726822440593,0.0396507874566124,0.1573136916636166,2.1532279899754223,16.810163806603725,2.060781659511834,483
2026-09-02,2026-09-02 20:00:00+00:00,2027-06-30,398.0,43.55,897590964,GLD   270630C00398000,0.8240930869267625,301,0.98813247926908,0.0404880378482557,0.2380599444073625,138.6915354732991,402.78,2026-09-02,NSS,continuous_rate,-0.001196933340446,0.0385726822440593,0.0396507874566124,0.1573136916636166,2.1532279899754223,16.810163806603725,2.060781659511834,484
2026-09-02,2026-09-02 20:00:00+00:00,2027-06-30,399.0,43.25,897591022,GLD   270630C00399000,0.8240930869267625,301,0.9906152241918668,0.0404880378482557,0.2396438409711234,139.21983173864646,402.78,2026-09-02,NSS,continuous_rate,-0.001196933340446,0.0385726822440593,0.0396507874566124,0.1573136916636166,2.1532279899754223,16.810163806603725,2.060781659511834,485
2026-09-02,2026-09-02 20:00:00+00:00,2027-06-30,400.0,42.35,897591090,GLD   270630C00400000,0.8240930869267625,301,0.9930979691146532,0.0404880378482557,0.236889500231389,139.66365369750213,402.78,2026-09-02,NSS,continuous_rate,-0.001196933340446,0.0385726822440593,0.0396507874566124,0.1573136916636166,2.1532279899754223,16.810163806603725,2.060781659511834,486
2026-09-02,2026-09-02 20:00:00+00:00,2027-06-30,401.0,42.25,897591201,GLD   270630C00401000,0.8240930869267625,301,0.99558071403744,0.0404880378482557,0.2398301576389931,140.16573484152008,402.78,2026-09-02,NSS,continuous_rate,-0.001196933340446,0.0385726822440593,0.0396507874566124,0.1573136916636166,2.1532279899754223,16.810163806603725,2.060781659511834,487
2026-09-02,2026-09-02 20:00:00+00:00,2027-06-30,402.0,41.75,897591281,GLD   270630C00402000,0.8240930869267625,301,0.9980634589602264,0.0404880378482557,0.2398753165674396,140.61056110139918,402.78,2026-09-02,NSS,continuous_rate,-0.001196933340446,0.0385726822440593,0.0396507874566124,0.1573136916636166,2.1532279899754223,16.810163806603725,2.060781659511834,488
2026-09-02,2026-09-02 20:00:00+00:00,2027-06-30,403.0,41.25,897591346,GLD   270630C00403000,0.8240930869267625,301,1.000546203883013,0.0404880378482557,0.2398889974224381,141.03690850244092,402.78,2026-09-02,NSS,continuous_rate,-0.001196933340446,0.0385726822440593,0.0396507874566124,0.1573136916636166,2.1532279899754223,16.810163806603725,2.060781659511834,489
2026-09-02,2026-09-02 20:00:00+00:00,2027-06-30,404.0,40.4,897591399,GLD   270630C00404000,0.8240930869267625,301,1.0030289488057995,0.0404880378482557,0.237396977065783,141.43338425327823,402.78,2026-09-02,NSS,continuous_rate,-0.001196933340446,0.0385726822440593,0.0396507874566124,0.1573136916636166,2.1532279899754223,16.810163806603725,2.060781659511834,490
2026-09-02,2026-09-02 20:00:00+00:00,2027-06-30,405.0,40.1,897591482,GLD   270630C00405000,0.8240930869267625,301,1.0055116937285864,0.0404880378482557,0.2387656865392812,141.8319139752867,402.78,2026-09-02,NSS,continuous_rate,-0.001196933340446,0.0385726822440593,0.0396507874566124,0.1573136916636166,2.1532279899754223,16.810163806603725,2.060781659511834,491
2026-09-02,2026-09-02 20:00:00+00:00,2027-06-30,406.0,39.75,897591547,GLD   270630C00406000,0.8240930869267625,301,1.007994438651373,0.0404880378482557,0.2397444869888015,142.20669484894083,402.78,2026-09-02,NSS,continuous_rate,-0.001196933340446,0.0385726822440593,0.0396507874566124,0.1573136916636166,2.1532279899754223,16.810163806603725,2.060781659511834,492
2026-09-02,2026-09-02 20:00:00+00:00,2027-06-30,407.0,39.1,897591606,GLD   270630C00407000,0.8240930869267625,301,1.0104771835741595,0.0404880378482557,0.2385832999740727,142.56101178103947,402.78,2026-09-02,NSS,continuous_rate,-0.001196933340446,0.0385726822440593,0.0396507874566124,0.1573136916636166,2.1532279899754223,16.810163806603725,2.060781659511834,493
2026-09-02,2026-09-02 20:00:00+00:00,2027-06-30,410.0,37.45,897591672,GLD   270630C00410000,0.8240930869267625,301,1.0179254183425197,0.0404880378482557,0.2370392539062537,143.52379816266676,402.78,2026-09-02,NSS,continuous_rate,-0.001196933340446,0.0385726822440593,0.0396507874566124,0.1573136916636166,2.1532279899754223,16.810163806603725,2.060781659511834,494
2026-09-02,2026-09-02 20:00:00+00:00,2027-06-30,415.0,35.28,897591742,GLD   270630C00415000,0.8240930869267625,301,1.0303391429564528,0.0404880378482557,0.2379089800373651,144.751277589124,402.78,2026-09-02,NSS,continuous_rate,-0.001196933340446,0.0385726822440593,0.0396507874566124,0.1573136916636166,2.1532279899754223,16.810163806603725,2.060781659511834,495
2026-09-02,2026-09-02 20:00:00+00:00,2027-06-30,420.0,33.35,897591811,GLD   270630C00420000,0.8240930869267625,301,1.042752867570386,0.0404880378482557,0.2396797054861672,145.5158203754938,402.78,2026-09-02,NSS,continuous_rate,-0.001196933340446,0.0385726822440593,0.0396507874566124,0.1573136916636166,2.1532279899754223,16.810163806603725,2.060781659511834,496
2026-09-02,2026-09-02 20:00:00+00:00,2027-06-30,425.0,30.93,897591871,GLD   270630C00425000,0.8240930869267625,301,1.055166592184319,0.0404880378482557,0.2373617365243845,145.85699026281142,402.78,2026-09-02,NSS,continuous_rate,-0.001196933340446,0.0385726822440593,0.0396507874566124,0.1573136916636166,2.1532279899754223,16.810163806603725,2.060781659511834,497
2026-09-02,2026-09-02 20:00:00+00:00,2027-06-30,430.0,29.45,897591919,GLD   270630C00430000,0.8240930869267625,301,1.0675803167982525,0.0404880378482557,0.2407885997842066,145.768963518663,402.78,2026-09-02,NSS,continuous_rate,-0.001196933340446,0.0385726822440593,0.0396507874566124,0.1573136916636166,2.1532279899754223,16.810163806603725,2.060781659511834,498
2026-09-02,2026-09-02 20:00:00+00:00,2027-06-30,435.0,27.65,897591957,GLD   270630C00435000,0.8240930869267625,301,1.0799940414121854,0.0404880378482557,0.2413427908246405,145.28811521332017,402.78,2026-09-02,NSS,continuous_rate,-0.001196933340446,0.0385726822440593,0.0396507874566124,0.1573136916636166,2.1532279899754223,16.810163806603725,2.060781659511834,499
2026-09-02,2026-09-02 20:00:00+00:00,2027-06-30,440.0,25.98,897592020,GLD   270630C00440000,0.8240930869267625,301,1.0924077660261184,0.0404880378482557,0.2421340825372376,144.43945095048724,402.78,2026-09-02,NSS,continuous_rate,-0.001196933340446,0.0385726822440593,0.0396507874566124,0.1573136916636166,2.1532279899754223,16.810163806603725,2.060781659511834,500
2026-09-02,2026-09-02 20:00:00+00:00,2027-06-30,445.0,24.35,897592083,GLD   270630C00445000,0.8240930869267625,301,1.1048214906400518,0.0404880378482557,0.2425635533529334,143.231378279135,402.78,2026-09-02,NSS,continuous_rate,-0.001196933340446,0.0385726822440593,0.0396507874566124,0.1573136916636166,2.1532279899754223,16.810163806603725,2.060781659511834,501
2026-09-02,2026-09-02 20:00:00+00:00,2027-06-30,450.0,22.83,897592137,GLD   270630C00450000,0.8240930869267625,301,1.1172352152539848,0.0404880378482557,0.2431393599580042,141.70431585411384,402.78,2026-09-02,NSS,continuous_rate,-0.001196933340446,0.0385726822440593,0.0396507874566124,0.1573136916636166,2.1532279899754223,16.810163806603725,2.060781659511834,502
2026-09-02,2026-09-02 20:00:00+00:00,2027-06-30,455.0,21.2,897592191,GLD   270630C00455000,0.8240930869267625,301,1.129648939867918,0.0404880378482557,0.2423180057539605,139.76089340385627,402.78,2026-09-02,NSS,continuous_rate,-0.001196933340446,0.0385726822440593,0.0396507874566124,0.1573136916636166,2.1532279899754223,16.810163806603725,2.060781659511834,503
2026-09-02,2026-09-02 20:00:00+00:00,2027-06-30,460.0,20.0,897592219,GLD   270630C00460000,0.8240930869267625,301,1.1420626644818512,0.0404880378482557,0.2439823576658032,137.7544003678226,402.78,2026-09-02,NSS,continuous_rate,-0.001196933340446,0.0385726822440593,0.0396507874566124,0.1573136916636166,2.1532279899754223,16.810163806603725,2.060781659511834,504
2026-09-02,2026-09-02 20:00:00+00:00,2027-06-30,465.0,19.83,897592243,GLD   270630C00465000,0.8240930869267625,301,1.1544763890957843,0.0404880378482557,0.2526792837074958,136.41569165066934,402.78,2026-09-02,NSS,continuous_rate,-0.001196933340446,0.0385726822440593,0.0396507874566124,0.1573136916636166,2.1532279899754223,16.810163806603725,2.060781659511834,505
2026-09-02,2026-09-02 20:00:00+00:00,2027-06-30,470.0,17.5,897592267,GLD   270630C00470000,0.8240930869267625,301,1.1668901137097176,0.0404880378482557,0.2449296521027572,132.8216905092316,402.78,2026-09-02,NSS,continuous_rate,-0.001196933340446,0.0385726822440593,0.0396507874566124,0.1573136916636166,2.1532279899754223,16.810163806603725,2.060781659511834,506
2026-09-02,2026-09-02 20:00:00+00:00,2027-06-30,475.0,16.4,897592300,GLD   270630C00475000,0.8240930869267625,301,1.1793038383236507,0.0404880378482557,0.2457140707922168,130.10572731508097,402.78,2026-09-02,NSS,continuous_rate,-0.001196933340446,0.0385726822440593,0.0396507874566124,0.1573136916636166,2.1532279899754223,16.810163806603725,2.060781659511834,507
2026-09-02,2026-09-02 20:00:00+00:00,2027-06-30,480.0,15.5,897592325,GLD   270630C00480000,0.8240930869267625,301,1.1917175629375838,0.0404880378482557,0.2475452658063732,127.44549361752992,402.78,2026-09-02,NSS,continuous_rate,-0.001196933340446,0.0385726822440593,0.0396507874566124,0.1573136916636166,2.1532279899754223,16.810163806603725,2.060781659511834,508
2026-09-02,2026-09-02 20:00:00+00:00,2027-09-17,325.0,99.38,887869727,GLD   270917C00325000,1.0403832991101984,380,0.8068920999056558,0.0410519165397473,0.2574844255888835,88.42690353181216,402.78,2026-09-02,NSS,continuous_rate,-0.001196933340446,0.0385726822440593,0.0396507874566124,0.1573136916636166,2.1532279899754223,16.810163806603725,2.060781659511834,509
2026-09-02,2026-09-02 20:00:00+00:00,2027-09-17,330.0,95.4,887869790,GLD   270917C00330000,1.0403832991101984,380,0.8193058245195889,0.0410519165397473,0.2555901487017983,93.58565724692504,402.78,2026-09-02,NSS,continuous_rate,-0.001196933340446,0.0385726822440593,0.0396507874566124,0.1573136916636166,2.1532279899754223,16.810163806603725,2.060781659511834,510
2026-09-02,2026-09-02 20:00:00+00:00,2027-09-17,335.0,91.45,887869857,GLD   270917C00335000,1.0403832991101984,380,0.8317195491335221,0.0410519165397473,0.2533910700020381,98.6736701941788,402.78,2026-09-02,NSS,continuous_rate,-0.001196933340446,0.0385726822440593,0.0396507874566124,0.1573136916636166,2.1532279899754223,16.810163806603725,2.060781659511834,511
2026-09-02,2026-09-02 20:00:00+00:00,2027-09-17,340.0,87.75,887869910,GLD   270917C00340000,1.0403832991101984,380,0.8441332737474553,0.0410519165397473,0.2530228696730919,104.26793221016749,402.78,2026-09-02,NSS,continuous_rate,-0.001196933340446,0.0385726822440593,0.0396507874566124,0.1573136916636166,2.1532279899754223,16.810163806603725,2.060781659511834,512
2026-09-02,2026-09-02 20:00:00+00:00,2027-09-17,345.0,83.78,887869959,GLD   270917C00345000,1.0403832991101984,380,0.8565469983613884,0.0410519165397473,0.2494403762104921,108.95356924416726,402.78,2026-09-02,NSS,continuous_rate,-0.001196933340446,0.0385726822440593,0.0396507874566124,0.1573136916636166,2.1532279899754223,16.810163806603725,2.060781659511834,513
2026-09-02,2026-09-02 20:00:00+00:00,2027-09-17,350.0,80.28,887870022,GLD   270917C00350000,1.0403832991101984,380,0.8689607229753216,0.0410519165397473,0.2495282726771198,114.5035832391837,402.78,2026-09-02,NSS,continuous_rate,-0.001196933340446,0.0385726822440593,0.0396507874566124,0.1573136916636166,2.1532279899754223,16.810163806603725,2.060781659511834,514
2026-09-02,2026-09-02 20:00:00+00:00,2027-09-17,355.0,76.75,887870079,GLD   270917C00355000,1.0403832991101984,380,0.8813744475892548,0.0410519165397473,0.2486062910814769,119.66252573495564,402.78,2026-09-02,NSS,continuous_rate,-0.001196933340446,0.0385726822440593,0.0396507874566124,0.1573136916636166,2.1532279899754223,16.810163806603725,2.060781659511834,515
2026-09-02,2026-09-02 20:00:00+00:00,2027-09-17,360.0,73.15,887870134,GLD   270917C00360000,1.0403832991101984,380,0.893788172203188,0.0410519165397473,0.2464621406885795,124.434169576296,402.78,2026-09-02,NSS,continuous_rate,-0.001196933340446,0.0385726822440593,0.0396507874566124,0.1573136916636166,2.1532279899754223,16.810163806603725,2.060781659511834,516
2026-09-02,2026-09-02 20:00:00+00:00,2027-09-17,365.0,69.97,887870182,GLD   270917C00365000,1.0403832991101984,380,0.906201896817121,0.0410519165397473,0.2470052957772277,129.49676458101987,402.78,2026-09-02,NSS,continuous_rate,-0.001196933340446,0.0385726822440593,0.0396507874566124,0.1573136916636166,2.1532279899754223,16.810163806603725,2.060781659511834,517
2026-09-02,2026-09-02 20:00:00+00:00,2027-09-17,370.0,66.35,887870217,GLD   270917C00370000,1.0403832991101984,380,0.9186156214310542,0.0410519165397473,0.243519765025191,133.7258163332437,402.78,2026-09-02,NSS,continuous_rate,-0.001196933340446,0.0385726822440593,0.0396507874566124,0.1573136916636166,2.1532279899754223,16.810163806603725,2.060781659511834,518
2026-09-02,2026-09-02 20:00:00+00:00,2027-09-17,375.0,63.25,887870280,GLD   270917C00375000,1.0403832991101984,380,0.9310293460449874,0.0410519165397473,0.243326086399611,138.1924876669886,402.78,2026-09-02,NSS,continuous_rate,-0.001196933340446,0.0385726822440593,0.0396507874566124,0.1573136916636166,2.1532279899754223,16.810163806603725,2.060781659511834,519
2026-09-02,2026-09-02 20:00:00+00:00,2027-09-17,380.0,60.23,887870334,GLD   270917C00380000,1.0403832991101984,380,0.9434430706589204,0.0410519165397473,0.2430245860594325,142.3388114449741,402.78,2026-09-02,NSS,continuous_rate,-0.001196933340446,0.0385726822440593,0.0396507874566124,0.1573136916636166,2.1532279899754223,16.810163806603725,2.060781659511834,520
2026-09-02,2026-09-02 20:00:00+00:00,2027-09-17,385.0,57.08,887870377,GLD   270917C00385000,1.0403832991101984,380,0.9558567952728536,0.0410519165397473,0.2411828859367408,146.05460417206135,402.78,2026-09-02,NSS,continuous_rate,-0.001196933340446,0.0385726822440593,0.0396507874566124,0.1573136916636166,2.1532279899754223,16.810163806603725,2.060781659511834,521
2026-09-02,2026-09-02 20:00:00+00:00,2027-09-17,390.0,54.53,887870430,GLD   270917C00390000,1.0403832991101984,380,0.9682705198867868,0.0410519165397473,0.2427860604922287,149.64998573453292,402.78,2026-09-02,NSS,continuous_rate,-0.001196933340446,0.0385726822440593,0.0396507874566124,0.1573136916636166,2.1532279899754223,16.810163806603725,2.060781659511834,522
2026-09-02,2026-09-02 20:00:00+00:00,2027-09-17,395.0,51.68,887870478,GLD   270917C00395000,1.0403832991101984,380,0.98068424450072,0.0410519165397473,0.241718171507027,152.73483354898715,402.78,2026-09-02,NSS,continuous_rate,-0.001196933340446,0.0385726822440593,0.0396507874566124,0.1573136916636166,2.1532279899754223,16.810163806603725,2.060781659511834,523
2026-09-02,2026-09-02 20:00:00+00:00,2027-09-17,400.0,49.15,887870533,GLD   270917C00400000,1.0403832991101984,380,0.9930979691146532,0.0410519165397473,0.2421228510116227,155.4940670533076,402.78,2026-09-02,NSS,continuous_rate,-0.001196933340446,0.0385726822440593,0.0396507874566124,0.1573136916636166,2.1532279899754223,16.810163806603725,2.060781659511834,524
2026-09-02,2026-09-02 20:00:00+00:00,2027-09-17,405.0,46.43,887870585,GLD   270917C00405000,1.0403832991101984,380,1.0055116937285864,0.0410519165397473,0.2406998372049071,157.845731246783,402.78,2026-09-02,NSS,continuous_rate,-0.001196933340446,0.0385726822440593,0.0396507874566124,0.1573136916636166,2.1532279899754223,16.810163806603725,2.060781659511834,525
2026-09-02,2026-09-02 20:00:00+00:00,2027-09-17,410.0,44.25,887870628,GLD   270917C00410000,1.0403832991101984,380,1.0179254183425197,0.0410519165397473,0.2420932169199921,159.8205117398982,402.78,2026-09-02,NSS,continuous_rate,-0.001196933340446,0.0385726822440593,0.0396507874566124,0.1573136916636166,2.1532279899754223,16.810163806603725,2.060781659511834,526
2026-09-02,2026-09-02 20:00:00+00:00,2027-09-17,415.0,41.5,887870681,GLD   270917C00415000,1.0403832991101984,380,1.0303391429564528,0.0410519165397473,0.2393399006146006,161.41954901385213,402.78,2026-09-02,NSS,continuous_rate,-0.001196933340446,0.0385726822440593,0.0396507874566124,0.1573136916636166,2.1532279899754223,16.810163806603725,2.060781659511834,527
2026-09-02,2026-09-02 20:00:00+00:00,2027-09-17,420.0,39.4,887870740,GLD   270917C00420000,1.0403832991101984,380,1.042752867570386,0.0410519165397473,0.2400524412653409,162.60497885292466,402.78,2026-09-02,NSS,continuous_rate,-0.001196933340446,0.0385726822440593,0.0396507874566124,0.1573136916636166,2.1532279899754223,16.810163806603725,2.060781659511834,528
2026-09-02,2026-09-02 20:00:00+00:00,2027-09-17,425.0,37.08,887870798,GLD   270917C00425000,1.0403832991101984,380,1.055166592184319,0.0410519165397473,0.2388454154702834,163.41694340531475,402.78,2026-09-02,NSS,continuous_rate,-0.001196933340446,0.0385726822440593,0.0396507874566124,0.1573136916636166,2.1532279899754223,16.810163806603725,2.060781659511834,529
2026-09-02,2026-09-02 20:00:00+00:00,2027-09-17,430.0,35.2,887870856,GLD   270917C00430000,1.0403832991101984,380,1.0675803167982525,0.0410519165397473,0.2397775762180797,163.82692253838476,402.78,2026-09-02,NSS,continuous_rate,-0.001196933340446,0.0385726822440593,0.0396507874566124,0.1573136916636166,2.1532279899754223,16.810163806603725,2.060781659511834,530
2026-09-02,2026-09-02 20:00:00+00:00,2027-09-17,435.0,33.4,887870918,GLD   270917C00435000,1.0403832991101984,380,1.0799940414121854,0.0410519165397473,0.2406535141465254,163.87529779828552,402.78,2026-09-02,NSS,continuous_rate,-0.001196933340446,0.0385726822440593,0.0396507874566124,0.1573136916636166,2.1532279899754223,16.810163806603725,2.060781659511834,531
2026-09-02,2026-09-02 20:00:00+00:00,2027-09-17,440.0,31.68,887870960,GLD   270917C00440000,1.0403832991101984,380,1.0924077660261184,0.0410519165397473,0.2414912593000569,163.58093567119977,402.78,2026-09-02,NSS,continuous_rate,-0.001196933340446,0.0385726822440593,0.0396507874566124,0.1573136916636166,2.1532279899754223,16.810163806603725,2.060781659511834,532
2026-09-02,2026-09-02 20:00:00+00:00,2027-09-17,445.0,30.38,887871012,GLD   270917C00445000,1.0403832991101984,380,1.1048214906400518,0.0410519165397473,0.2443948135583661,163.01587288570832,402.78,2026-09-02,NSS,continuous_rate,-0.001196933340446,0.0385726822440593,0.0396507874566124,0.1573136916636166,2.1532279899754223,16.810163806603725,2.060781659511834,533
2026-09-02,2026-09-02 20:00:00+00:00,2027-09-17,450.0,28.68,887871065,GLD   270917C00450000,1.0403832991101984,380,1.1172352152539848,0.0410519165397473,0.2443583250696771,162.09402971507032,402.78,2026-09-02,NSS,continuous_rate,-0.001196933340446,0.0385726822440593,0.0396507874566124,0.1573136916636166,2.1532279899754223,16.810163806603725,2.060781659511834,534
2026-09-02,2026-09-02 20:00:00+00:00,2027-09-17,455.0,26.8,887871118,GLD   270917C00455000,1.0403832991101984,380,1.129648939867918,0.0410519165397473,0.2427126830541529,160.77640604483588,402.78,2026-09-02,NSS,continuous_rate,-0.001196933340446,0.0385726822440593,0.0396507874566124,0.1573136916636166,2.1532279899754223,16.810163806603725,2.060781659511834,535
2026-09-02,2026-09-02 20:00:00+00:00,2027-09-17,460.0,25.4,887871178,GLD   270917C00460000,1.0403832991101984,380,1.1420626644818512,0.0410519165397473,0.2435692405474372,159.30063382071577,402.78,2026-09-02,NSS,continuous_rate,-0.001196933340446,0.0385726822440593,0.0396507874566124,0.1573136916636166,2.1532279899754223,16.810163806603725,2.060781659511834,536
2026-09-02,2026-09-02 20:00:00+00:00,2027-09-17,465.0,23.85,887871225,GLD   270917C00465000,1.0403832991101984,380,1.1544763890957843,0.0410519165397473,0.243019743278902,157.4529748798216,402.78,2026-09-02,NSS,continuous_rate,-0.001196933340446,0.0385726822440593,0.0396507874566124,0.1573136916636166,2.1532279899754223,16.810163806603725,2.060781659511834,537
2026-09-02,2026-09-02 20:00:00+00:00,2027-09-17,470.0,22.55,887871279,GLD   270917C00470000,1.0403832991101984,380,1.1668901137097176,0.0410519165397473,0.2436018454986624,155.46506622783687,402.78,2026-09-02,NSS,continuous_rate,-0.001196933340446,0.0385726822440593,0.0396507874566124,0.1573136916636166,2.1532279899754223,16.810163806603725,2.060781659511834,538
2026-09-02,2026-09-02 20:00:00+00:00,2027-09-17,475.0,21.43,887871325,GLD   270917C00475000,1.0403832991101984,380,1.1793038383236507,0.0410519165397473,0.2449212983063422,153.37518408195427,402.78,2026-09-02,NSS,continuous_rate,-0.001196933340446,0.0385726822440593,0.0396507874566124,0.1573136916636166,2.1532279899754223,16.810163806603725,2.060781659511834,539
2026-09-02,2026-09-02 20:00:00+00:00,2027-09-17,480.0,20.35,887871375,GLD   270917C00480000,1.0403832991101984,380,1.1917175629375838,0.0410519165397473,0.2461035514163784,151.11103458989388,402.78,2026-09-02,NSS,continuous_rate,-0.001196933340446,0.0385726822440593,0.0396507874566124,0.1573136916636166,2.1532279899754223,16.810163806603725,2.060781659511834,540
2026-09-02,2026-09-02 20:00:00+00:00,2028-01-21,325.0,107.0,814295299,GLD   280121C00325000,1.3853524982888432,506,0.8068920999056558,0.0417919866668568,0.2601912651707418,109.80555038093028,402.78,2026-09-02,NSS,continuous_rate,-0.001196933340446,0.0385726822440593,0.0396507874566124,0.1573136916636166,2.1532279899754223,16.810163806603725,2.060781659511834,541
2026-09-02,2026-09-02 20:00:00+00:00,2028-01-21,330.0,103.33,814295359,GLD   280121C00330000,1.3853524982888432,506,0.8193058245195889,0.0417919866668568,0.2595313990713098,115.3209858226958,402.78,2026-09-02,NSS,continuous_rate,-0.001196933340446,0.0385726822440593,0.0396507874566124,0.1573136916636166,2.1532279899754223,16.810163806603725,2.060781659511834,542
2026-09-02,2026-09-02 20:00:00+00:00,2028-01-21,335.0,99.2,814295409,GLD   280121C00335000,1.3853524982888432,506,0.8317195491335221,0.0417919866668568,0.2544914056167938,119.50462113121824,402.78,2026-09-02,NSS,continuous_rate,-0.001196933340446,0.0385726822440593,0.0396507874566124,0.1573136916636166,2.1532279899754223,16.810163806603725,2.060781659511834,543
2026-09-02,2026-09-02 20:00:00+00:00,2028-01-21,340.0,95.85,814295468,GLD   280121C00340000,1.3853524982888432,506,0.8441332737474553,0.0417919866668568,0.255506824937556,125.4264077984827,402.78,2026-09-02,NSS,continuous_rate,-0.001196933340446,0.0385726822440593,0.0396507874566124,0.1573136916636166,2.1532279899754223,16.810163806603725,2.060781659511834,544
2026-09-02,2026-09-02 20:00:00+00:00,2028-01-21,345.0,92.0,814295533,GLD   280121C00345000,1.3853524982888432,506,0.8565469983613884,0.0417919866668568,0.2520188308865764,130.04361530011906,402.78,2026-09-02,NSS,continuous_rate,-0.001196933340446,0.0385726822440593,0.0396507874566124,0.1573136916636166,2.1532279899754223,16.810163806603725,2.060781659511834,545
2026-09-02,2026-09-02 20:00:00+00:00,2028-01-21,350.0,88.9,814295591,GLD   280121C00350000,1.3853524982888432,506,0.8689607229753216,0.0417919866668568,0.2537581620792859,135.85383648144534,402.78,2026-09-02,NSS,continuous_rate,-0.001196933340446,0.0385726822440593,0.0396507874566124,0.1573136916636166,2.1532279899754223,16.810163806603725,2.060781659511834,546
2026-09-02,2026-09-02 20:00:00+00:00,2028-01-21,355.0,85.28,814295637,GLD   280121C00355000,1.3853524982888432,506,0.8813744475892548,0.0417919866668568,0.2511137524575926,140.511603958602,402.78,2026-09-02,NSS,continuous_rate,-0.001196933340446,0.0385726822440593,0.0396507874566124,0.1573136916636166,2.1532279899754223,16.810163806603725,2.060781659511834,547
2026-09-02,2026-09-02 20:00:00+00:00,2028-01-21,360.0,81.8,814295687,GLD   280121C00360000,1.3853524982888432,506,0.893788172203188,0.0417919866668568,0.2490600689302198,145.19570252580314,402.78,2026-09-02,NSS,continuous_rate,-0.001196933340446,0.0385726822440593,0.0396507874566124,0.1573136916636166,2.1532279899754223,16.810163806603725,2.060781659511834,548
2026-09-02,2026-09-02 20:00:00+00:00,2028-01-21,365.0,78.78,814295739,GLD   280121C00365000,1.3853524982888432,506,0.906201896817121,0.0417919866668568,0.2496642709926702,150.1784007211131,402.78,2026-09-02,NSS,continuous_rate,-0.001196933340446,0.0385726822440593,0.0396507874566124,0.1573136916636166,2.1532279899754223,16.810163806603725,2.060781659511834,549
2026-09-02,2026-09-02 20:00:00+00:00,2028-01-21,370.0,75.28,814295802,GLD   280121C00370000,1.3853524982888432,506,0.9186156214310542,0.0417919866668568,0.2466002716901712,154.39392740002438,402.78,2026-09-02,NSS,continuous_rate,-0.001196933340446,0.0385726822440593,0.0396507874566124,0.1573136916636166,2.1532279899754223,16.810163806603725,2.060781659511834,550
2026-09-02,2026-09-02 20:00:00+00:00,2028-01-21,375.0,72.43,814295869,GLD   280121C00375000,1.3853524982888432,506,0.9310293460449874,0.0417919866668568,0.2472805892243049,158.917799775613,402.78,2026-09-02,NSS,continuous_rate,-0.001196933340446,0.0385726822440593,0.0396507874566124,0.1573136916636166,2.1532279899754223,16.810163806603725,2.060781659511834,551
2026-09-02,2026-09-02 20:00:00+00:00,2028-01-21,380.0,69.22,814295954,GLD   280121C00380000,1.3853524982888432,506,0.9434430706589204,0.0417919866668568,0.2452104495561681,162.88231945027334,402.78,2026-09-02,NSS,continuous_rate,-0.001196933340446,0.0385726822440593,0.0396507874566124,0.1573136916636166,2.1532279899754223,16.810163806603725,2.060781659511834,552
2026-09-02,2026-09-02 20:00:00+00:00,2028-01-21,385.0,66.65,814295994,GLD   280121C00385000,1.3853524982888432,506,0.9558567952728536,0.0417919866668568,0.2465785816212184,166.89238166984717,402.78,2026-09-02,NSS,continuous_rate,-0.001196933340446,0.0385726822440593,0.0396507874566124,0.1573136916636166,2.1532279899754223,16.810163806603725,2.060781659511834,553
2026-09-02,2026-09-02 20:00:00+00:00,2028-01-21,390.0,63.63,814296032,GLD   280121C00390000,1.3853524982888432,506,0.9682705198867868,0.0417919866668568,0.2447628183134831,170.3804965257385,402.78,2026-09-02,NSS,continuous_rate,-0.001196933340446,0.0385726822440593,0.0396507874566124,0.1573136916636166,2.1532279899754223,16.810163806603725,2.060781659511834,554
2026-09-02,2026-09-02 20:00:00+00:00,2028-01-21,395.0,60.98,814296088,GLD   280121C00395000,1.3853524982888432,506,0.98068424450072,0.0417919866668568,0.2446736087082885,173.6849526236486,402.78,2026-09-02,NSS,continuous_rate,-0.001196933340446,0.0385726822440593,0.0396507874566124,0.1573136916636166,2.1532279899754223,16.810163806603725,2.060781659511834,555
2026-09-02,2026-09-02 20:00:00+00:00,2028-01-21,400.0,58.65,814296135,GLD   280121C00400000,1.3853524982888432,506,0.9930979691146532,0.0417919866668568,0.2459340727238915,176.70294007449553,402.78,2026-09-02,NSS,continuous_rate,-0.001196933340446,0.0385726822440593,0.0396507874566124,0.1573136916636166,2.1532279899754223,16.810163806603725,2.060781659511834,556
2026-09-02,2026-09-02 20:00:00+00:00,2028-01-21,405.0,55.78,814296206,GLD   280121C00405000,1.3853524982888432,506,1.0055116937285864,0.0417919866668568,0.2436921726685949,179.3354342350471,402.78,2026-09-02,NSS,continuous_rate,-0.001196933340446,0.0385726822440593,0.0396507874566124,0.1573136916636166,2.1532279899754223,16.810163806603725,2.060781659511834,557
2026-09-02,2026-09-02 20:00:00+00:00,2028-01-21,410.0,53.65,816976248,GLD   280121C00410000,1.3853524982888432,506,1.0179254183425197,0.0417919866668568,0.2451394376301207,181.6870814563323,402.78,2026-09-02,NSS,continuous_rate,-0.001196933340446,0.0385726822440593,0.0396507874566124,0.1573136916636166,2.1532279899754223,16.810163806603725,2.060781659511834,558
2026-09-02,2026-09-02 20:00:00+00:00,2028-01-21,415.0,51.08,816976281,GLD   280121C00415000,1.3853524982888432,506,1.0303391429564528,0.0417919866668568,0.2437241350200959,183.7124967558209,402.78,2026-09-02,NSS,continuous_rate,-0.001196933340446,0.0385726822440593,0.0396507874566124,0.1573136916636166,2.1532279899754223,16.810163806603725,2.060781659511834,559
2026-09-02,2026-09-02 20:00:00+00:00,2028-01-21,420.0,49.1,816976318,GLD   280121C00420000,1.3853524982888432,506,1.042752867570386,0.0417919866668568,0.2450935243454762,185.39085241712945,402.78,2026-09-02,NSS,continuous_rate,-0.001196933340446,0.0385726822440593,0.0396507874566124,0.1573136916636166,2.1532279899754223,16.810163806603725,2.060781659511834,560
2026-09-02,2026-09-02 20:00:00+00:00,2028-01-21,425.0,46.83,816976363,GLD   280121C00425000,1.3853524982888432,506,1.055166592184319,0.0417919866668568,0.2444734528637491,186.76927567697845,402.78,2026-09-02,NSS,continuous_rate,-0.001196933340446,0.0385726822440593,0.0396507874566124,0.1573136916636166,2.1532279899754223,16.810163806603725,2.060781659511834,561
2026-09-02,2026-09-02 20:00:00+00:00,2028-01-21,430.0,44.88,816976417,GLD   280121C00430000,1.3853524982888432,506,1.0675803167982525,0.0417919866668568,0.2451588273783214,187.8103645698448,402.78,2026-09-02,NSS,continuous_rate,-0.001196933340446,0.0385726822440593,0.0396507874566124,0.1573136916636166,2.1532279899754223,16.810163806603725,2.060781659511834,562
2026-09-02,2026-09-02 20:00:00+00:00,2028-01-21,435.0,42.58,816976485,GLD   280121C00435000,1.3853524982888432,506,1.0799940414121854,0.0417919866668568,0.2435850168363191,188.57096806792143,402.78,2026-09-02,NSS,continuous_rate,-0.001196933340446,0.0385726822440593,0.0396507874566124,0.1573136916636166,2.1532279899754223,16.810163806603725,2.060781659511834,563
2026-09-02,2026-09-02 20:00:00+00:00,2028-01-21,440.0,40.85,816976556,GLD   280121C00440000,1.3853524982888432,506,1.0924077660261184,0.0417919866668568,0.2446463215026073,188.99178648250705,402.78,2026-09-02,NSS,continuous_rate,-0.001196933340446,0.0385726822440593,0.0396507874566124,0.1573136916636166,2.1532279899754223,16.810163806603725,2.060781659511834,564
2026-09-02,2026-09-02 20:00:00+00:00,2028-01-21,445.0,39.05,816976610,GLD   280121C00445000,1.3853524982888432,506,1.1048214906400518,0.0417919866668568,0.244953623866383,189.1289351098824,402.78,2026-09-02,NSS,continuous_rate,-0.001196933340446,0.0385726822440593,0.0396507874566124,0.1573136916636166,2.1532279899754223,16.810163806603725,2.060781659511834,565
2026-09-02,2026-09-02 20:00:00+00:00,2028-01-21,450.0,37.65,816976653,GLD   280121C00450000,1.3853524982888432,506,1.1172352152539848,0.0417919866668568,0.2470051560816355,189.00096298276443,402.78,2026-09-02,NSS,continuous_rate,-0.001196933340446,0.0385726822440593,0.0396507874566124,0.1573136916636166,2.1532279899754223,16.810163806603725,2.060781659511834,566
2026-09-02,2026-09-02 20:00:00+00:00,2028-01-21,455.0,35.78,816976727,GLD   280121C00455000,1.3853524982888432,506,1.129648939867918,0.0417919866668568,0.2462088260146789,188.58372317276292,402.78,2026-09-02,NSS,continuous_rate,-0.001196933340446,0.0385726822440593,0.0396507874566124,0.1573136916636166,2.1532279899754223,16.810163806603725,2.060781659511834,567
2026-09-02,2026-09-02 20:00:00+00:00,2028-01-21,460.0,34.67,816976778,GLD   280121C00460000,1.3853524982888432,506,1.1420626644818512,0.0417919866668568,0.2490963245929219,188.00866899156708,402.78,2026-09-02,NSS,continuous_rate,-0.001196933340446,0.0385726822440593,0.0396507874566124,0.1573136916636166,2.1532279899754223,16.810163806603725,2.060781659511834,568
2026-09-02,2026-09-02 20:00:00+00:00,2028-01-21,465.0,32.6,816976825,GLD   280121C00465000,1.3853524982888432,506,1.1544763890957843,0.0417919866668568,0.2465317184065469,187.0010826756574,402.78,2026-09-02,NSS,continuous_rate,-0.001196933340446,0.0385726822440593,0.0396507874566124,0.1573136916636166,2.1532279899754223,16.810163806603725,2.060781659511834,569
2026-09-02,2026-09-02 20:00:00+00:00,2028-01-21,470.0,31.15,816976882,GLD   280121C00470000,1.3853524982888432,506,1.1668901137097176,0.0417919866668568,0.2469333246081136,185.86779002650184,402.78,2026-09-02,NSS,continuous_rate,-0.001196933340446,0.0385726822440593,0.0396507874566124,0.1573136916636166,2.1532279899754223,16.810163806603725,2.060781659511834,570
2026-09-02,2026-09-02 20:00:00+00:00,2028-01-21,475.0,29.95,816976936,GLD   280121C00475000,1.3853524982888432,506,1.1793038383236507,0.0417919866668568,0.2483617586038075,184.60845460256735,402.78,2026-09-02,NSS,continuous_rate,-0.001196933340446,0.0385726822440593,0.0396507874566124,0.1573136916636166,2.1532279899754223,16.810163806603725,2.060781659511834,571
2026-09-02,2026-09-02 20:00:00+00:00,2028-01-21,480.0,28.78,816976991,GLD   280121C00480000,1.3853524982888432,506,1.1917175629375838,0.0417919866668568,0.2496512606765143,183.17415824351457,402.78,2026-09-02,NSS,continuous_rate,-0.001196933340446,0.0385726822440593,0.0396507874566124,0.1573136916636166,2.1532279899754223,16.810163806603725,2.060781659511834,572
2026-09-02,2026-09-02 20:00:00+00:00,2028-06-16,325.0,115.23,852304105,GLD   280616C00325000,1.787816563997262,653,0.8068920999056558,0.0424566013570986,0.2611612368588337,129.47753290467142,402.78,2026-09-02,NSS,continuous_rate,-0.001196933340446,0.0385726822440593,0.0396507874566124,0.1573136916636166,2.1532279899754223,16.810163806603725,2.060781659511834,573
2026-09-02,2026-09-02 20:00:00+00:00,2028-06-16,330.0,111.88,851891539,GLD   280616C00330000,1.787816563997262,653,0.8193058245195889,0.0424566013570986,0.2616592609581538,135.32467410039771,402.78,2026-09-02,NSS,continuous_rate,-0.001196933340446,0.0385726822440593,0.0396507874566124,0.1573136916636166,2.1532279899754223,16.810163806603725,2.060781659511834,574
2026-09-02,2026-09-02 20:00:00+00:00,2028-06-16,335.0,108.23,852304174,GLD   280616C00335000,1.787816563997262,653,0.8317195491335221,0.0424566013570986,0.2595122142099776,140.2937134070119,402.78,2026-09-02,NSS,continuous_rate,-0.001196933340446,0.0385726822440593,0.0396507874566124,0.1573136916636166,2.1532279899754223,16.810163806603725,2.060781659511834,575
2026-09-02,2026-09-02 20:00:00+00:00,2028-06-16,340.0,104.95,851891588,GLD   280616C00340000,1.787816563997262,653,0.8441332737474553,0.0424566013570986,0.2596000547983684,145.8247093540209,402.78,2026-09-02,NSS,continuous_rate,-0.001196933340446,0.0385726822440593,0.0396507874566124,0.1573136916636166,2.1532279899754223,16.810163806603725,2.060781659511834,576
2026-09-02,2026-09-02 20:00:00+00:00,2028-06-16,345.0,101.55,852304254,GLD   280616C00345000,1.787816563997262,653,0.8565469983613884,0.0424566013570986,0.2584374428885989,150.91104569610266,402.78,2026-09-02,NSS,continuous_rate,-0.001196933340446,0.0385726822440593,0.0396507874566124,0.1573136916636166,2.1532279899754223,16.810163806603725,2.060781659511834,577
2026-09-02,2026-09-02 20:00:00+00:00,2028-06-16,350.0,98.05,851891628,GLD   280616C00350000,1.787816563997262,653,0.8689607229753216,0.0424566013570986,0.2562698608883658,155.67071107849077,402.78,2026-09-02,NSS,continuous_rate,-0.001196933340446,0.0385726822440593,0.0396507874566124,0.1573136916636166,2.1532279899754223,16.810163806603725,2.060781659511834,578
2026-09-02,2026-09-02 20:00:00+00:00,2028-06-16,355.0,94.75,852304325,GLD   280616C00355000,1.787816563997262,653,0.8813744475892548,0.0424566013570986,0.2550507933332585,160.5472543532439,402.78,2026-09-02,NSS,continuous_rate,-0.001196933340446,0.0385726822440593,0.0396507874566124,0.1573136916636166,2.1532279899754223,16.810163806603725,2.060781659511834,579
2026-09-02,2026-09-02 20:00:00+00:00,2028-06-16,360.0,91.53,851891668,GLD   280616C00360000,1.787816563997262,653,0.893788172203188,0.0424566013570986,0.2539660104944371,165.3185746873132,402.78,2026-09-02,NSS,continuous_rate,-0.001196933340446,0.0385726822440593,0.0396507874566124,0.1573136916636166,2.1532279899754223,16.810163806603725,2.060781659511834,580
2026-09-02,2026-09-02 20:00:00+00:00,2028-06-16,365.0,88.38,852304389,GLD   280616C00365000,1.787816563997262,653,0.906201896817121,0.0424566013570986,0.2529411198125222,169.94965191317164,402.78,2026-09-02,NSS,continuous_rate,-0.001196933340446,0.0385726822440593,0.0396507874566124,0.1573136916636166,2.1532279899754223,16.810163806603725,2.060781659511834,581
2026-09-02,2026-09-02 20:00:00+00:00,2028-06-16,370.0,85.38,851891693,GLD   280616C00370000,1.787816563997262,653,0.9186156214310542,0.0424566013570986,0.2524262577378191,174.48465620849322,402.78,2026-09-02,NSS,continuous_rate,-0.001196933340446,0.0385726822440593,0.0396507874566124,0.1573136916636166,2.1532279899754223,16.810163806603725,2.060781659511834,582
2026-09-02,2026-09-02 20:00:00+00:00,2028-06-16,375.0,82.4,852304452,GLD   280616C00375000,1.787816563997262,653,0.9310293460449874,0.0424566013570986,0.2516541788256727,178.7887455521007,402.78,2026-09-02,NSS,continuous_rate,-0.001196933340446,0.0385726822440593,0.0396507874566124,0.1573136916636166,2.1532279899754223,16.810163806603725,2.060781659511834,583
2026-09-02,2026-09-02 20:00:00+00:00,2028-06-16,380.0,79.5,851891739,GLD   280616C00380000,1.787816563997262,653,0.9434430706589204,0.0424566013570986,0.2509691582066007,182.89923233942375,402.78,2026-09-02,NSS,continuous_rate,-0.001196933340446,0.0385726822440593,0.0396507874566124,0.1573136916636166,2.1532279899754223,16.810163806603725,2.060781659511834,584
2026-09-02,2026-09-02 20:00:00+00:00,2028-06-16,385.0,76.6,852304531,GLD   280616C00385000,1.787816563997262,653,0.9558567952728536,0.0424566013570986,0.2499359323543497,186.76650417645013,402.78,2026-09-02,NSS,continuous_rate,-0.001196933340446,0.0385726822440593,0.0396507874566124,0.1573136916636166,2.1532279899754223,16.810163806603725,2.060781659511834,585
2026-09-02,2026-09-02 20:00:00+00:00,2028-06-16,390.0,73.97,851891780,GLD   280616C00390000,1.787816563997262,653,0.9682705198867868,0.0424566013570986,0.2499915218870155,190.48407797998047,402.78,2026-09-02,NSS,continuous_rate,-0.001196933340446,0.0385726822440593,0.0396507874566124,0.1573136916636166,2.1532279899754223,16.810163806603725,2.060781659511834,586
2026-09-02,2026-09-02 20:00:00+00:00,2028-06-16,395.0,71.15,852304600,GLD   280616C00395000,1.787816563997262,653,0.98068424450072,0.0424566013570986,0.2487040128047578,193.8845904943697,402.78,2026-09-02,NSS,continuous_rate,-0.001196933340446,0.0385726822440593,0.0396507874566124,0.1573136916636166,2.1532279899754223,16.810163806603725,2.060781659511834,587
2026-09-02,2026-09-02 20:00:00+00:00,2028-06-16,400.0,68.65,851891820,GLD   280616C00400000,1.787816563997262,653,0.9930979691146532,0.0424566013570986,0.2487290648809634,197.0964705746717,402.78,2026-09-02,NSS,continuous_rate,-0.001196933340446,0.0385726822440593,0.0396507874566124,0.1573136916636166,2.1532279899754223,16.810163806603725,2.060781659511834,588
2026-09-02,2026-09-02 20:00:00+00:00,2028-06-16,405.0,66.18,852304666,GLD   280616C00405000,1.787816563997262,653,1.0055116937285864,0.0424566013570986,0.2485571461721323,200.0361458162456,402.78,2026-09-02,NSS,continuous_rate,-0.001196933340446,0.0385726822440593,0.0396507874566124,0.1573136916636166,2.1532279899754223,16.810163806603725,2.060781659511834,589
2026-09-02,2026-09-02 20:00:00+00:00,2028-06-16,410.0,63.73,851891862,GLD   280616C00410000,1.787816563997262,653,1.0179254183425197,0.0424566013570986,0.2481502222250215,202.70832409077343,402.78,2026-09-02,NSS,continuous_rate,-0.001196933340446,0.0385726822440593,0.0396507874566124,0.1573136916636166,2.1532279899754223,16.810163806603725,2.060781659511834,590
2026-09-02,2026-09-02 20:00:00+00:00,2028-06-16,415.0,61.48,852304743,GLD   280616C00415000,1.787816563997262,653,1.0303391429564528,0.0424566013570986,0.2483971760929562,205.1116309763973,402.78,2026-09-02,NSS,continuous_rate,-0.001196933340446,0.0385726822440593,0.0396507874566124,0.1573136916636166,2.1532279899754223,16.810163806603725,2.060781659511834,591
2026-09-02,2026-09-02 20:00:00+00:00,2028-06-16,420.0,59.08,851891902,GLD   280616C00420000,1.787816563997262,653,1.042752867570386,0.0424566013570986,0.2475914771082811,207.25363966104783,402.78,2026-09-02,NSS,continuous_rate,-0.001196933340446,0.0385726822440593,0.0396507874566124,0.1573136916636166,2.1532279899754223,16.810163806603725,2.060781659511834,592
2026-09-02,2026-09-02 20:00:00+00:00,2028-06-16,425.0,57.0,852304826,GLD   280616C00425000,1.787816563997262,653,1.055166592184319,0.0424566013570986,0.2480141680312343,209.1095435051068,402.78,2026-09-02,NSS,continuous_rate,-0.001196933340446,0.0385726822440593,0.0396507874566124,0.1573136916636166,2.1532279899754223,16.810163806603725,2.060781659511834,593
2026-09-02,2026-09-02 20:00:00+00:00,2028-06-16,430.0,54.93,851891950,GLD   280616C00430000,1.787816563997262,653,1.0675803167982525,0.0424566013570986,0.2481676189827732,210.6988029666303,402.78,2026-09-02,NSS,continuous_rate,-0.001196933340446,0.0385726822440593,0.0396507874566124,0.1573136916636166,2.1532279899754223,16.810163806603725,2.060781659511834,594
2026-09-02,2026-09-02 20:00:00+00:00,2028-06-16,435.0,52.8,852304894,GLD   280616C00435000,1.787816563997262,653,1.0799940414121854,0.0424566013570986,0.2477331656909547,212.03572240287528,402.78,2026-09-02,NSS,continuous_rate,-0.001196933340446,0.0385726822440593,0.0396507874566124,0.1573136916636166,2.1532279899754223,16.810163806603725,2.060781659511834,595
2026-09-02,2026-09-02 20:00:00+00:00,2028-06-16,440.0,50.8,851891989,GLD   280616C00440000,1.787816563997262,653,1.0924077660261184,0.0424566013570986,0.2476168458278291,213.1032187806088,402.78,2026-09-02,NSS,continuous_rate,-0.001196933340446,0.0385726822440593,0.0396507874566124,0.1573136916636166,2.1532279899754223,16.810163806603725,2.060781659511834,596
2026-09-02,2026-09-02 20:00:00+00:00,2028-06-16,445.0,48.98,852304959,GLD   280616C00445000,1.787816563997262,653,1.1048214906400518,0.0424566013570986,0.2480524539365433,213.9020985570984,402.78,2026-09-02,NSS,continuous_rate,-0.001196933340446,0.0385726822440593,0.0396507874566124,0.1573136916636166,2.1532279899754223,16.810163806603725,2.060781659511834,597
2026-09-02,2026-09-02 20:00:00+00:00,2028-06-16,450.0,46.75,851892032,GLD   280616C00450000,1.787816563997262,653,1.1172352152539848,0.0424566013570986,0.246289691136498,214.48446669020228,402.78,2026-09-02,NSS,continuous_rate,-0.001196933340446,0.0385726822440593,0.0396507874566124,0.1573136916636166,2.1532279899754223,16.810163806603725,2.060781659511834,598
2026-09-02,2026-09-02 20:00:00+00:00,2028-06-16,455.0,45.53,852305055,GLD   280616C00455000,1.787816563997262,653,1.129648939867918,0.0424566013570986,0.2489565451833419,214.76634540959745,402.78,2026-09-02,NSS,continuous_rate,-0.001196933340446,0.0385726822440593,0.0396507874566124,0.1573136916636166,2.1532279899754223,16.810163806603725,2.060781659511834,599
2026-09-02,2026-09-02 20:00:00+00:00,2028-06-16,460.0,43.63,851892072,GLD   280616C00460000,1.787816563997262,653,1.1420626644818512,0.0424566013570986,0.2481824360285885,214.84860340018028,402.78,2026-09-02,NSS,continuous_rate,-0.001196933340446,0.0385726822440593,0.0396507874566124,0.1573136916636166,2.1532279899754223,16.810163806603725,2.060781659511834,600
2026-09-02,2026-09-02 20:00:00+00:00,2028-06-16,465.0,42.1,852305139,GLD   280616C00465000,1.787816563997262,653,1.1544763890957843,0.0424566013570986,0.2488649607530795,214.70339518282657,402.78,2026-09-02,NSS,continuous_rate,-0.001196933340446,0.0385726822440593,0.0396507874566124,0.1573136916636166,2.1532279899754223,16.810163806603725,2.060781659511834,601
2026-09-02,2026-09-02 20:00:00+00:00,2028-06-16,470.0,40.65,851892108,GLD   280616C00470000,1.787816563997262,653,1.1668901137097176,0.0424566013570986,0.2496620265501551,214.35500798895703,402.78,2026-09-02,NSS,continuous_rate,-0.001196933340446,0.0385726822440593,0.0396507874566124,0.1573136916636166,2.1532279899754223,16.810163806603725,2.060781659511834,602
2026-09-02,2026-09-02 20:00:00+00:00,2028-06-16,475.0,39.08,852305199,GLD   280616C00475000,1.787816563997262,653,1.1793038383236507,0.0424566013570986,0.2496469953044318,213.785049830403,402.78,2026-09-02,NSS,continuous_rate,-0.001196933340446,0.0385726822440593,0.0396507874566124,0.1573136916636166,2.1532279899754223,16.810163806603725,2.060781659511834,603
2026-09-02,2026-09-02 20:00:00+00:00,2028-06-16,480.0,37.7,851892142,GLD   280616C00480000,1.787816563997262,653,1.1917175629375838,0.0424566013570986,0.2502746382872574,213.04452971428023,402.78,2026-09-02,NSS,continuous_rate,-0.001196933340446,0.0385726822440593,0.0396507874566124,0.1573136916636166,2.1532279899754223,16.810163806603725,2.060781659511834,604
