expiry_iso,expiry_ymd,T,right,K,conId,localSymbol,symbol,bid,ask,mid,last,close,model_price,price_used,price_source,has_any_quote,impliedVol,delta,gamma,vega,theta,undPrice_model,volume,openInterest
2026-04-06T16:00:00-04:00,20260406,0.009719381521848047,C,315.0,867923113,GLD   260406C00315000,GLD,-1.0,-1.0,,-1.0,122.99,,122.99,close,True,,,,,,,0.0,0.0
2026-04-06T16:00:00-04:00,20260406,0.009719381521848047,C,375.0,867923300,GLD   260406C00375000,GLD,-1.0,-1.0,,-1.0,63.18,,63.18,close,True,,,,,,,0.0,0.0
2026-04-06T16:00:00-04:00,20260406,0.009719381521848047,C,383.0,867923453,GLD   260406C00383000,GLD,-1.0,-1.0,,-1.0,55.23,,55.23,close,True,,,,,,,0.0,0.0
2026-04-06T16:00:00-04:00,20260406,0.009719381521848047,C,392.0,867923602,GLD   260406C00392000,GLD,-1.0,-1.0,,36.4,46.33,,46.33,close,True,,,,,,,3.0,0.0
2026-04-06T16:00:00-04:00,20260406,0.009719381521848047,C,393.0,867923620,GLD   260406C00393000,GLD,-1.0,-1.0,,-1.0,45.35,,45.35,close,True,,,,,,,3.0,0.0
2026-04-06T16:00:00-04:00,20260406,0.009719381521848047,C,394.0,867923642,GLD   260406C00394000,GLD,-1.0,-1.0,,-1.0,44.37,,44.37,close,True,,,,,,,8.0,0.0
2026-04-06T16:00:00-04:00,20260406,0.009719381521848047,C,395.0,867923655,GLD   260406C00395000,GLD,-1.0,-1.0,,-1.0,43.39,,43.39,close,True,,,,,,,0.0,0.0
2026-04-06T16:00:00-04:00,20260406,0.009719381521848047,C,396.0,867923670,GLD   260406C00396000,GLD,-1.0,-1.0,,-1.0,42.41,,42.41,close,True,,,,,,,0.0,0.0
2026-04-06T16:00:00-04:00,20260406,0.009719381521848047,C,397.0,867923685,GLD   260406C00397000,GLD,-1.0,-1.0,,-1.0,41.42,,41.42,close,True,,,,,,,0.0,0.0
2026-04-06T16:00:00-04:00,20260406,0.009719381521848047,C,398.0,867923700,GLD   260406C00398000,GLD,-1.0,-1.0,,32.4,40.44,,40.44,close,True,,,,,,,3.0,0.0
2026-04-06T16:00:00-04:00,20260406,0.009719381521848047,C,399.0,867923712,GLD   260406C00399000,GLD,-1.0,-1.0,,-1.0,39.46,,39.46,close,True,,,,,,,0.0,0.0
2026-04-06T16:00:00-04:00,20260406,0.009719381521848047,C,400.0,867923729,GLD   260406C00400000,GLD,-1.0,-1.0,,28.29,38.48,,38.48,close,True,,,,,,,159.0,0.0
2026-04-06T16:00:00-04:00,20260406,0.009719381521848047,C,401.0,867923746,GLD   260406C00401000,GLD,-1.0,-1.0,,-1.0,37.51,,37.51,close,True,,,,,,,0.0,0.0
2026-04-06T16:00:00-04:00,20260406,0.009719381521848047,C,402.0,867923769,GLD   260406C00402000,GLD,-1.0,-1.0,,-1.0,36.54,,36.54,close,True,,,,,,,0.0,
2026-04-06T16:00:00-04:00,20260406,0.009719381521848047,C,403.0,867923790,GLD   260406C00403000,GLD,-1.0,-1.0,,-1.0,35.58,,35.58,close,True,,,,,,,7.0,0.0
2026-04-06T16:00:00-04:00,20260406,0.009719381521848047,C,404.0,867923811,GLD   260406C00404000,GLD,-1.0,-1.0,,-1.0,34.61,,34.61,close,True,,,,,,,25.0,
2026-04-06T16:00:00-04:00,20260406,0.009719381521848047,C,405.0,867084740,GLD   260406C00405000,GLD,-1.0,-1.0,,24.7,33.64,,33.64,close,True,,,,,,,25.0,
2026-04-06T16:00:00-04:00,20260406,0.009719381521848047,C,406.0,867084855,GLD   260406C00406000,GLD,-1.0,-1.0,,20.85,32.67,,32.67,close,True,,,,,,,6.0,0.0
2026-04-06T16:00:00-04:00,20260406,0.009719381521848047,C,407.0,867084915,GLD   260406C00407000,GLD,-1.0,-1.0,,-1.0,31.71,,31.71,close,True,,,,,,,0.0,0.0
2026-04-06T16:00:00-04:00,20260406,0.009719381521848047,C,408.0,867084976,GLD   260406C00408000,GLD,-1.0,-1.0,,-1.0,30.75,,30.75,close,True,,,,,,,3.0,0.0
2026-04-06T16:00:00-04:00,20260406,0.009719381521848047,C,409.0,867085041,GLD   260406C00409000,GLD,-1.0,-1.0,,19.7,29.78,,29.78,close,True,,,,,,,79.0,0.0
2026-04-06T16:00:00-04:00,20260406,0.009719381521848047,C,410.0,867085101,GLD   260406C00410000,GLD,-1.0,-1.0,,20.5,28.83,,28.83,close,True,,,,,,,41.0,0.0
2026-04-06T16:00:00-04:00,20260406,0.009719381521848047,C,411.0,867085170,GLD   260406C00411000,GLD,-1.0,-1.0,,-1.0,27.89,,27.89,close,True,,,,,,,9.0,0.0
2026-04-06T16:00:00-04:00,20260406,0.009719381521848047,C,412.0,867085243,GLD   260406C00412000,GLD,-1.0,-1.0,,-1.0,26.94,,26.94,close,True,,,,,,,14.0,0.0
2026-04-06T16:00:00-04:00,20260406,0.009719381521848047,C,413.0,867085296,GLD   260406C00413000,GLD,-1.0,-1.0,,-1.0,26.0,,26.0,close,True,,,,,,,27.0,0.0
2026-04-06T16:00:00-04:00,20260406,0.009719381521848047,C,414.0,867085364,GLD   260406C00414000,GLD,-1.0,-1.0,,-1.0,25.05,,25.05,close,True,,,,,,,39.0,0.0
2026-04-06T16:00:00-04:00,20260406,0.009719381521848047,C,415.0,867085434,GLD   260406C00415000,GLD,-1.0,-1.0,,13.05,24.14,,24.14,close,True,,,,,,,99.0,0.0
2026-04-06T16:00:00-04:00,20260406,0.009719381521848047,C,416.0,867085497,GLD   260406C00416000,GLD,-1.0,-1.0,,14.0,23.22,,23.22,close,True,,,,,,,79.0,0.0
2026-04-06T16:00:00-04:00,20260406,0.009719381521848047,C,417.0,867085559,GLD   260406C00417000,GLD,-1.0,-1.0,,-1.0,22.3,,22.3,close,True,,,,,,,31.0,0.0
2026-04-06T16:00:00-04:00,20260406,0.009719381521848047,C,418.0,867085634,GLD   260406C00418000,GLD,-1.0,-1.0,,14.42,21.4,,21.4,close,True,,,,,,,55.0,0.0
2026-04-06T16:00:00-04:00,20260406,0.009719381521848047,C,419.0,867085717,GLD   260406C00419000,GLD,-1.0,-1.0,,12.52,20.5,,20.5,close,True,,,,,,,40.0,0.0
2026-04-06T16:00:00-04:00,20260406,0.009719381521848047,C,420.0,867085799,GLD   260406C00420000,GLD,-1.0,-1.0,,11.0,19.6,,19.6,close,True,,,,,,,226.0,0.0
2026-04-06T16:00:00-04:00,20260406,0.009719381521848047,C,421.0,867085881,GLD   260406C00421000,GLD,-1.0,-1.0,,11.57,18.72,,18.72,close,True,,,,,,,45.0,0.0
2026-04-06T16:00:00-04:00,20260406,0.009719381521848047,C,422.0,867085944,GLD   260406C00422000,GLD,-1.0,-1.0,,9.97,17.85,,17.85,close,True,,,,,,,114.0,0.0
2026-04-06T16:00:00-04:00,20260406,0.009719381521848047,C,423.0,867086028,GLD   260406C00423000,GLD,-1.0,-1.0,,8.5,16.99,,16.99,close,True,,,,,,,53.0,0.0
2026-04-06T16:00:00-04:00,20260406,0.009719381521848047,C,424.0,867086121,GLD   260406C00424000,GLD,-1.0,-1.0,,8.4,16.13,,16.13,close,True,,,,,,,528.0,0.0
2026-04-06T16:00:00-04:00,20260406,0.009719381521848047,C,425.0,867086201,GLD   260406C00425000,GLD,-1.0,-1.0,,7.81,15.28,,15.28,close,True,,,,,,,397.0,0.0
2026-04-06T16:00:00-04:00,20260406,0.009719381521848047,C,426.0,867086279,GLD   260406C00426000,GLD,-1.0,-1.0,,7.2,14.47,,14.47,close,True,,,,,,,179.0,0.0
2026-04-06T16:00:00-04:00,20260406,0.009719381521848047,C,427.0,867086366,GLD   260406C00427000,GLD,-1.0,-1.0,,6.8,13.66,,13.66,close,True,,,,,,,255.0,0.0
2026-04-06T16:00:00-04:00,20260406,0.009719381521848047,C,428.0,867086421,GLD   260406C00428000,GLD,-1.0,-1.0,,5.6,12.85,,12.85,close,True,,,,,,,523.0,0.0
2026-04-06T16:00:00-04:00,20260406,0.009719381521848047,C,429.0,867086496,GLD   260406C00429000,GLD,-1.0,-1.0,,5.2,12.1,,12.1,close,True,,,,,,,384.0,0.0
2026-04-06T16:00:00-04:00,20260406,0.009719381521848047,C,430.0,867086576,GLD   260406C00430000,GLD,-1.0,-1.0,,4.73,11.35,,11.35,close,True,,,,,,,1535.0,0.0
2026-04-06T16:00:00-04:00,20260406,0.009719381521848047,C,431.0,867086647,GLD   260406C00431000,GLD,,,,4.35,10.62,,10.62,close,True,,,,,,,178.0,0.0
2026-04-06T16:00:00-04:00,20260406,0.009719381521848047,C,432.0,867086732,GLD   260406C00432000,GLD,-1.0,-1.0,,3.6,9.92,,9.92,close,True,,,,,,,1349.0,0.0
2026-04-06T16:00:00-04:00,20260406,0.009719381521848047,C,433.0,867086797,GLD   260406C00433000,GLD,,,,3.2,9.24,,9.24,close,True,,,,,,,194.0,0.0
2026-04-06T16:00:00-04:00,20260406,0.009719381521848047,C,434.0,867086873,GLD   260406C00434000,GLD,,,,2.9,8.59,,8.59,close,True,,,,,,,252.0,0.0
2026-04-06T16:00:00-04:00,20260406,0.009719381521848047,C,435.0,867923865,GLD   260406C00435000,GLD,,,,2.46,7.96,,7.96,close,True,,,,,,,837.0,0.0
2026-04-06T16:00:00-04:00,20260406,0.009719381521848047,C,436.0,867923877,GLD   260406C00436000,GLD,,,,2.2,7.34,,7.34,close,True,,,,,,,329.0,0.0
2026-04-06T16:00:00-04:00,20260406,0.009719381521848047,C,437.0,867923889,GLD   260406C00437000,GLD,-1.0,-1.0,,1.89,6.74,,6.74,close,True,,,,,,,602.0,0.0
2026-04-06T16:00:00-04:00,20260406,0.009719381521848047,C,438.0,867923907,GLD   260406C00438000,GLD,-1.0,-1.0,,1.6,6.21,,6.21,close,True,,,,,,,219.0,0.0
2026-04-06T16:00:00-04:00,20260406,0.009719381521848047,C,439.0,867923922,GLD   260406C00439000,GLD,-1.0,-1.0,,1.58,5.7,,5.7,close,True,,,,,,,250.0,
2026-04-06T16:00:00-04:00,20260406,0.009719381521848047,C,440.0,867923933,GLD   260406C00440000,GLD,-1.0,-1.0,,1.25,5.18,,5.18,close,True,,,,,,,4817.0,
2026-04-06T16:00:00-04:00,20260406,0.009719381521848047,C,441.0,867923947,GLD   260406C00441000,GLD,-1.0,-1.0,,1.1,4.74,,4.74,close,True,,,,,,,159.0,
2026-04-06T16:00:00-04:00,20260406,0.009719381521848047,C,442.0,867923957,GLD   260406C00442000,GLD,-1.0,-1.0,,0.95,4.31,,4.31,close,True,,,,,,,564.0,0.0
2026-04-06T16:00:00-04:00,20260406,0.009719381521848047,C,443.0,867923973,GLD   260406C00443000,GLD,-1.0,-1.0,,0.79,3.87,,3.87,close,True,,,,,,,3171.0,0.0
2026-04-06T16:00:00-04:00,20260406,0.009719381521848047,C,444.0,867923985,GLD   260406C00444000,GLD,-1.0,-1.0,,0.67,3.55,,3.55,close,True,,,,,,,96.0,0.0
2026-04-06T16:00:00-04:00,20260406,0.009719381521848047,C,445.0,867923995,GLD   260406C00445000,GLD,-1.0,-1.0,,0.63,3.22,,3.22,close,True,,,,,,,513.0,0.0
2026-04-06T16:00:00-04:00,20260406,0.009719381521848047,C,446.0,867924007,GLD   260406C00446000,GLD,-1.0,-1.0,,0.5,2.9,,2.9,close,True,,,,,,,57.0,0.0
2026-04-06T16:00:00-04:00,20260406,0.009719381521848047,C,447.0,867924019,GLD   260406C00447000,GLD,-1.0,-1.0,,0.48,2.6,,2.6,close,True,,,,,,,53.0,0.0
2026-04-06T16:00:00-04:00,20260406,0.009719381521848047,C,448.0,867924028,GLD   260406C00448000,GLD,-1.0,-1.0,,0.35,2.33,,2.33,close,True,,,,,,,108.0,0.0
2026-04-06T16:00:00-04:00,20260406,0.009719381521848047,C,449.0,867924046,GLD   260406C00449000,GLD,-1.0,-1.0,,0.33,2.1,,2.1,close,True,,,,,,,58.0,0.0
2026-04-06T16:00:00-04:00,20260406,0.009719381521848047,C,450.0,867924058,GLD   260406C00450000,GLD,-1.0,-1.0,,0.27,1.87,,1.87,close,True,,,,,,,1359.0,0.0
2026-04-06T16:00:00-04:00,20260406,0.009719381521848047,C,451.0,867924073,GLD   260406C00451000,GLD,-1.0,-1.0,,0.27,1.68,,1.68,close,True,,,,,,,28.0,0.0
2026-04-06T16:00:00-04:00,20260406,0.009719381521848047,C,452.0,867924087,GLD   260406C00452000,GLD,-1.0,-1.0,,0.22,1.5,,1.5,close,True,,,,,,,34.0,0.0
2026-04-06T16:00:00-04:00,20260406,0.009719381521848047,C,453.0,867924098,GLD   260406C00453000,GLD,-1.0,-1.0,,0.22,1.31,,1.31,close,True,,,,,,,13.0,0.0
2026-04-06T16:00:00-04:00,20260406,0.009719381521848047,C,454.0,867924118,GLD   260406C00454000,GLD,-1.0,-1.0,,0.2,1.18,,1.18,close,True,,,,,,,39.0,0.0
2026-04-06T16:00:00-04:00,20260406,0.009719381521848047,C,455.0,867924128,GLD   260406C00455000,GLD,-1.0,-1.0,,0.16,1.07,,1.07,close,True,,,,,,,349.0,0.0
2026-04-06T16:00:00-04:00,20260406,0.009719381521848047,C,456.0,867924143,GLD   260406C00456000,GLD,-1.0,-1.0,,0.15,0.95,,0.95,close,True,,,,,,,29.0,0.0
2026-04-06T16:00:00-04:00,20260406,0.009719381521848047,C,457.0,867924155,GLD   260406C00457000,GLD,-1.0,-1.0,,0.13,0.85,,0.85,close,True,,,,,,,40.0,0.0
2026-04-06T16:00:00-04:00,20260406,0.009719381521848047,C,458.0,867924169,GLD   260406C00458000,GLD,-1.0,-1.0,,0.09,0.76,,0.76,close,True,,,,,,,161.0,0.0
2026-04-06T16:00:00-04:00,20260406,0.009719381521848047,C,459.0,867924178,GLD   260406C00459000,GLD,-1.0,-1.0,,0.07,0.66,,0.66,close,True,,,,,,,31.0,0.0
2026-04-06T16:00:00-04:00,20260406,0.009719381521848047,C,460.0,867924184,GLD   260406C00460000,GLD,-1.0,-1.0,,0.11,0.57,,0.57,close,True,,,,,,,229.0,0.0
2026-04-06T16:00:00-04:00,20260406,0.009719381521848047,C,465.0,867924193,GLD   260406C00465000,GLD,-1.0,-1.0,,0.11,0.37,,0.37,close,True,,,,,,,19.0,
2026-04-06T16:00:00-04:00,20260406,0.009719381521848047,C,470.0,867924203,GLD   260406C00470000,GLD,-1.0,-1.0,,0.04,0.23,0.03412714378677755,0.23,close,True,0.3448555116391526,0.0067653016266315666,0.001215804653184908,0.008262810803212402,-0.02591650133417199,429.31781005859375,54.0,
2026-04-06T16:00:00-04:00,20260406,0.009719381521848047,C,475.0,867924208,GLD   260406C00475000,GLD,-1.0,-1.0,,0.03,0.16,0.02255991967496109,0.16,close,True,0.36182394111100347,0.00441313375779011,0.0007878617330707944,0.006894797891378306,-0.01778366783238141,429.31781005859375,16.0,0.0
2026-04-06T16:00:00-04:00,20260406,0.009719381521848047,C,490.0,867924250,GLD   260406C00490000,GLD,-1.0,-1.0,,0.01,0.06,0.006527404550132447,0.06,close,True,0.39923966118643267,0.0012395790468906524,0.00021811388451119232,0.002287281875972907,-0.005575597927299619,429.31781005859375,33.0,0.0
2026-04-06T16:00:00-04:00,20260406,0.009719381521848047,C,495.0,867924262,GLD   260406C00495000,GLD,-1.0,-1.0,,0.02,0.05,,0.05,close,True,,,,,,,32.0,0.0
2026-04-06T16:00:00-04:00,20260406,0.009719381521848047,C,520.0,867924342,GLD   260406C00520000,GLD,-1.0,-1.0,,0.01,0.02,,0.02,close,True,,,,,,,1.0,0.0
2026-04-06T16:00:00-04:00,20260406,0.009719381521848047,C,540.0,867924400,GLD   260406C00540000,GLD,-1.0,-1.0,,-1.0,0.01,,0.01,close,True,,,,,,,0.0,0.0
2026-04-06T16:00:00-04:00,20260406,0.009719381521848047,C,560.0,867924478,GLD   260406C00560000,GLD,-1.0,-1.0,,-1.0,0.0,,,,False,,,,,,,0.0,0.0
2026-04-06T16:00:00-04:00,20260406,0.009719381521848047,C,580.0,867924542,GLD   260406C00580000,GLD,-1.0,-1.0,,-1.0,0.0,,,,False,,,,,,,0.0,0.0
2026-04-06T16:00:00-04:00,20260406,0.009719381521848047,C,600.0,867924607,GLD   260406C00600000,GLD,-1.0,-1.0,,-1.0,0.0,,,,False,,,,,,,8.0,0.0
2026-04-06T16:00:00-04:00,20260406,0.009719381521848047,P,315.0,867924772,GLD   260406P00315000,GLD,-1.0,-1.0,,-1.0,0.0,,,,False,,,,,,,0.0,30.0
2026-04-06T16:00:00-04:00,20260406,0.009719381521848047,P,375.0,867924943,GLD   260406P00375000,GLD,-1.0,-1.0,,0.06,0.16,,0.16,close,True,,,,,,,278.0,1277.0
2026-04-06T16:00:00-04:00,20260406,0.009719381521848047,P,383.0,867925048,GLD   260406P00383000,GLD,-1.0,-1.0,,0.16,0.21,,0.21,close,True,,,,,,,51.0,21.0
2026-04-06T16:00:00-04:00,20260406,0.009719381521848047,P,392.0,867925156,GLD   260406P00392000,GLD,-1.0,-1.0,,0.37,0.31,,0.31,close,True,,,,,,,12.0,139.0
2026-04-06T16:00:00-04:00,20260406,0.009719381521848047,P,393.0,867925163,GLD   260406P00393000,GLD,-1.0,-1.0,,0.31,0.32,,0.32,close,True,,,,,,,37.0,53.0
2026-04-06T16:00:00-04:00,20260406,0.009719381521848047,P,394.0,867925168,GLD   260406P00394000,GLD,-1.0,-1.0,,0.39,0.34,,0.34,close,True,,,,,,,23.0,7.0
2026-04-06T16:00:00-04:00,20260406,0.009719381521848047,P,395.0,867925183,GLD   260406P00395000,GLD,-1.0,-1.0,,0.35,0.36,,0.36,close,True,,,,,,,404.0,540.0
2026-04-06T16:00:00-04:00,20260406,0.009719381521848047,P,396.0,867925192,GLD   260406P00396000,GLD,-1.0,-1.0,,0.46,0.38,,0.38,close,True,,,,,,,8.0,115.0
2026-04-06T16:00:00-04:00,20260406,0.009719381521848047,P,397.0,867925203,GLD   260406P00397000,GLD,-1.0,-1.0,,0.51,0.39,,0.39,close,True,,,,,,,34.0,224.0
2026-04-06T16:00:00-04:00,20260406,0.009719381521848047,P,398.0,867925212,GLD   260406P00398000,GLD,-1.0,-1.0,,0.35,0.41,,0.41,close,True,,,,,,,39.0,25.0
2026-04-06T16:00:00-04:00,20260406,0.009719381521848047,P,399.0,867925221,GLD   260406P00399000,GLD,-1.0,-1.0,,0.38,0.43,,0.43,close,True,,,,,,,78.0,47.0
2026-04-06T16:00:00-04:00,20260406,0.009719381521848047,P,400.0,867925233,GLD   260406P00400000,GLD,-1.0,-1.0,,0.45,0.45,,0.45,close,True,,,,,,,544.0,784.0
2026-04-06T16:00:00-04:00,20260406,0.009719381521848047,P,401.0,867925248,GLD   260406P00401000,GLD,-1.0,-1.0,,0.54,0.48,,0.48,close,True,,,,,,,3.0,51.0
2026-04-06T16:00:00-04:00,20260406,0.009719381521848047,P,402.0,867925263,GLD   260406P00402000,GLD,-1.0,-1.0,,0.52,0.51,,0.51,close,True,,,,,,,55.0,187.0
2026-04-06T16:00:00-04:00,20260406,0.009719381521848047,P,403.0,867925275,GLD   260406P00403000,GLD,-1.0,-1.0,,0.46,0.54,,0.54,close,True,,,,,,,20.0,
2026-04-06T16:00:00-04:00,20260406,0.009719381521848047,P,404.0,867925288,GLD   260406P00404000,GLD,-1.0,-1.0,,0.94,0.57,,0.57,close,True,,,,,,,20.0,51.0
2026-04-06T16:00:00-04:00,20260406,0.009719381521848047,P,405.0,867086965,GLD   260406P00405000,GLD,-1.0,-1.0,,0.58,0.6,,0.6,close,True,,,,,,,246.0,329.0
2026-04-06T16:00:00-04:00,20260406,0.009719381521848047,P,406.0,867087051,GLD   260406P00406000,GLD,-1.0,-1.0,,0.66,0.64,,0.64,close,True,,,,,,,129.0,158.0
2026-04-06T16:00:00-04:00,20260406,0.009719381521848047,P,407.0,867087128,GLD   260406P00407000,GLD,-1.0,-1.0,,0.84,0.67,,0.67,close,True,,,,,,,109.0,94.0
2026-04-06T16:00:00-04:00,20260406,0.009719381521848047,P,408.0,867087217,GLD   260406P00408000,GLD,-1.0,-1.0,,0.74,0.71,,0.71,close,True,,,,,,,25.0,270.0
2026-04-06T16:00:00-04:00,20260406,0.009719381521848047,P,409.0,867087311,GLD   260406P00409000,GLD,-1.0,-1.0,,0.81,0.75,,0.75,close,True,,,,,,,85.0,106.0
2026-04-06T16:00:00-04:00,20260406,0.009719381521848047,P,410.0,867087381,GLD   260406P00410000,GLD,-1.0,-1.0,,0.82,0.79,,0.79,close,True,,,,,,,402.0,343.0
2026-04-06T16:00:00-04:00,20260406,0.009719381521848047,P,411.0,867087434,GLD   260406P00411000,GLD,-1.0,-1.0,,0.93,0.85,,0.85,close,True,,,,,,,208.0,90.0
2026-04-06T16:00:00-04:00,20260406,0.009719381521848047,P,412.0,867087512,GLD   260406P00412000,GLD,-1.0,-1.0,,1.04,0.9,,0.9,close,True,,,,,,,112.0,108.0
2026-04-06T16:00:00-04:00,20260406,0.009719381521848047,P,413.0,867087599,GLD   260406P00413000,GLD,-1.0,-1.0,,1.13,0.96,,0.96,close,True,,,,,,,51.0,74.0
2026-04-06T16:00:00-04:00,20260406,0.009719381521848047,P,414.0,867087656,GLD   260406P00414000,GLD,-1.0,-1.0,,1.23,1.01,,1.01,close,True,,,,,,,70.0,230.0
2026-04-06T16:00:00-04:00,20260406,0.009719381521848047,P,415.0,867087724,GLD   260406P00415000,GLD,-1.0,-1.0,,1.33,1.1,,1.1,close,True,,,,,,,1023.0,796.0
2026-04-06T16:00:00-04:00,20260406,0.009719381521848047,P,416.0,867087803,GLD   260406P00416000,GLD,-1.0,-1.0,,2.14,1.18,,1.18,close,True,,,,,,,123.0,44.0
2026-04-06T16:00:00-04:00,20260406,0.009719381521848047,P,417.0,867087884,GLD   260406P00417000,GLD,-1.0,-1.0,,1.54,1.26,,1.26,close,True,,,,,,,302.0,18.0
2026-04-06T16:00:00-04:00,20260406,0.009719381521848047,P,418.0,867087955,GLD   260406P00418000,GLD,-1.0,-1.0,,1.75,1.36,,1.36,close,True,,,,,,,918.0,43.0
2026-04-06T16:00:00-04:00,20260406,0.009719381521848047,P,419.0,867088011,GLD   260406P00419000,GLD,-1.0,-1.0,,1.93,1.46,,1.46,close,True,,,,,,,205.0,531.0
2026-04-06T16:00:00-04:00,20260406,0.009719381521848047,P,420.0,867088104,GLD   260406P00420000,GLD,-1.0,-1.0,,2.25,1.56,,1.56,close,True,,,,,,,638.0,461.0
2026-04-06T16:00:00-04:00,20260406,0.009719381521848047,P,421.0,867088180,GLD   260406P00421000,GLD,-1.0,-1.0,,3.2,1.68,,1.68,close,True,,,,,,,268.0,202.0
2026-04-06T16:00:00-04:00,20260406,0.009719381521848047,P,422.0,867088250,GLD   260406P00422000,GLD,-1.0,-1.0,,2.42,1.81,,1.81,close,True,,,,,,,259.0,23.0
2026-04-06T16:00:00-04:00,20260406,0.009719381521848047,P,423.0,867088316,GLD   260406P00423000,GLD,-1.0,-1.0,,2.75,1.95,,1.95,close,True,,,,,,,125.0,25.0
2026-04-06T16:00:00-04:00,20260406,0.009719381521848047,P,424.0,867088386,GLD   260406P00424000,GLD,-1.0,-1.0,,3.05,2.09,,2.09,close,True,,,,,,,818.0,63.0
2026-04-06T16:00:00-04:00,20260406,0.009719381521848047,P,425.0,867088457,GLD   260406P00425000,GLD,-1.0,-1.0,,3.35,2.24,,2.24,close,True,,,,,,,1830.0,232.0
2026-04-06T16:00:00-04:00,20260406,0.009719381521848047,P,426.0,867088529,GLD   260406P00426000,GLD,,,,3.52,2.43,,2.43,close,True,,,,,,,146.0,4.0
2026-04-06T16:00:00-04:00,20260406,0.009719381521848047,P,427.0,867088592,GLD   260406P00427000,GLD,-1.0,-1.0,,4.03,2.62,,2.62,close,True,,,,,,,336.0,39.0
2026-04-06T16:00:00-04:00,20260406,0.009719381521848047,P,428.0,867088649,GLD   260406P00428000,GLD,-1.0,-1.0,,4.55,2.81,,2.81,close,True,,,,,,,358.0,5.0
2026-04-06T16:00:00-04:00,20260406,0.009719381521848047,P,429.0,867088698,GLD   260406P00429000,GLD,-1.0,-1.0,,4.8,3.06,,3.06,close,True,,,,,,,331.0,19.0
2026-04-06T16:00:00-04:00,20260406,0.009719381521848047,P,430.0,867088756,GLD   260406P00430000,GLD,-1.0,-1.0,,5.15,3.3,,3.3,close,True,,,,,,,451.0,86.0
2026-04-06T16:00:00-04:00,20260406,0.009719381521848047,P,431.0,867088809,GLD   260406P00431000,GLD,-1.0,-1.0,,5.8,3.58,,3.58,close,True,,,,,,,27.0,2.0
2026-04-06T16:00:00-04:00,20260406,0.009719381521848047,P,432.0,867088866,GLD   260406P00432000,GLD,-1.0,-1.0,,7.9,3.87,,3.87,close,True,,,,,,,68.0,78.0
2026-04-06T16:00:00-04:00,20260406,0.009719381521848047,P,433.0,867088926,GLD   260406P00433000,GLD,-1.0,-1.0,,6.6,4.2,,4.2,close,True,,,,,,,24.0,7.0
2026-04-06T16:00:00-04:00,20260406,0.009719381521848047,P,434.0,867088995,GLD   260406P00434000,GLD,-1.0,-1.0,,7.42,4.55,,4.55,close,True,,,,,,,27.0,39.0
2026-04-06T16:00:00-04:00,20260406,0.009719381521848047,P,435.0,867925326,GLD   260406P00435000,GLD,-1.0,-1.0,,8.63,4.93,,4.93,close,True,,,,,,,109.0,19.0
2026-04-06T16:00:00-04:00,20260406,0.009719381521848047,P,436.0,867925338,GLD   260406P00436000,GLD,-1.0,-1.0,,9.25,5.3,,5.3,close,True,,,,,,,33.0,6.0
2026-04-06T16:00:00-04:00,20260406,0.009719381521848047,P,437.0,867925350,GLD   260406P00437000,GLD,-1.0,-1.0,,9.35,5.7,,5.7,close,True,,,,,,,28.0,2.0
2026-04-06T16:00:00-04:00,20260406,0.009719381521848047,P,438.0,867925362,GLD   260406P00438000,GLD,-1.0,-1.0,,11.65,6.18,,6.18,close,True,,,,,,,16.0,12.0
2026-04-06T16:00:00-04:00,20260406,0.009719381521848047,P,439.0,867925383,GLD   260406P00439000,GLD,-1.0,-1.0,,12.1,6.66,,6.66,close,True,,,,,,,224.0,2.0
2026-04-06T16:00:00-04:00,20260406,0.009719381521848047,P,440.0,867925395,GLD   260406P00440000,GLD,-1.0,-1.0,,12.95,7.14,,7.14,close,True,,,,,,,72.0,34.0
2026-04-06T16:00:00-04:00,20260406,0.009719381521848047,P,441.0,867925404,GLD   260406P00441000,GLD,-1.0,-1.0,,-1.0,7.71,,7.71,close,True,,,,,,,0.0,8.0
2026-04-06T16:00:00-04:00,20260406,0.009719381521848047,P,442.0,867925418,GLD   260406P00442000,GLD,-1.0,-1.0,,15.55,8.27,,8.27,close,True,,,,,,,42.0,10.0
2026-04-06T16:00:00-04:00,20260406,0.009719381521848047,P,443.0,867925428,GLD   260406P00443000,GLD,-1.0,-1.0,,-1.0,8.84,,8.84,close,True,,,,,,,5.0,6.0
2026-04-06T16:00:00-04:00,20260406,0.009719381521848047,P,444.0,867925446,GLD   260406P00444000,GLD,-1.0,-1.0,,16.3,9.52,,9.52,close,True,,,,,,,7.0,14.0
2026-04-06T16:00:00-04:00,20260406,0.009719381521848047,P,445.0,867925463,GLD   260406P00445000,GLD,-1.0,-1.0,,-1.0,10.2,,10.2,close,True,,,,,,,8.0,20.0
2026-04-06T16:00:00-04:00,20260406,0.009719381521848047,P,446.0,867925469,GLD   260406P00446000,GLD,-1.0,-1.0,,-1.0,10.87,,10.87,close,True,,,,,,,7.0,1.0
2026-04-06T16:00:00-04:00,20260406,0.009719381521848047,P,447.0,867925483,GLD   260406P00447000,GLD,-1.0,-1.0,,-1.0,11.57,,11.57,close,True,,,,,,,3.0,4.0
2026-04-06T16:00:00-04:00,20260406,0.009719381521848047,P,448.0,867925498,GLD   260406P00448000,GLD,-1.0,-1.0,,25.95,12.31,,12.31,close,True,,,,,,,1.0,4.0
2026-04-06T16:00:00-04:00,20260406,0.009719381521848047,P,449.0,867925510,GLD   260406P00449000,GLD,-1.0,-1.0,,20.27,13.08,,13.08,close,True,,,,,,,2.0,11.0
2026-04-06T16:00:00-04:00,20260406,0.009719381521848047,P,450.0,867925522,GLD   260406P00450000,GLD,-1.0,-1.0,,-1.0,13.85,,13.85,close,True,,,,,,,0.0,10.0
2026-04-06T16:00:00-04:00,20260406,0.009719381521848047,P,451.0,867925537,GLD   260406P00451000,GLD,-1.0,-1.0,,-1.0,14.67,,14.67,close,True,,,,,,,0.0,17.0
2026-04-06T16:00:00-04:00,20260406,0.009719381521848047,P,452.0,867925550,GLD   260406P00452000,GLD,-1.0,-1.0,,-1.0,15.48,,15.48,close,True,,,,,,,0.0,3.0
2026-04-06T16:00:00-04:00,20260406,0.009719381521848047,P,453.0,867925557,GLD   260406P00453000,GLD,-1.0,-1.0,,-1.0,16.3,,16.3,close,True,,,,,,,4.0,6.0
2026-04-06T16:00:00-04:00,20260406,0.009719381521848047,P,454.0,867925570,GLD   260406P00454000,GLD,-1.0,-1.0,,-1.0,17.18,,17.18,close,True,,,,,,,0.0,2.0
2026-04-06T16:00:00-04:00,20260406,0.009719381521848047,P,455.0,867925576,GLD   260406P00455000,GLD,-1.0,-1.0,,26.35,18.07,,18.07,close,True,,,,,,,49.0,4.0
2026-04-06T16:00:00-04:00,20260406,0.009719381521848047,P,456.0,867925587,GLD   260406P00456000,GLD,-1.0,-1.0,,27.28,18.96,,18.96,close,True,,,,,,,32.0,3.0
2026-04-06T16:00:00-04:00,20260406,0.009719381521848047,P,457.0,867925596,GLD   260406P00457000,GLD,-1.0,-1.0,,-1.0,19.85,,19.85,close,True,,,,,,,3.0,6.0
2026-04-06T16:00:00-04:00,20260406,0.009719381521848047,P,458.0,867925605,GLD   260406P00458000,GLD,-1.0,-1.0,,-1.0,20.76,,20.76,close,True,,,,,,,0.0,0.0
2026-04-06T16:00:00-04:00,20260406,0.009719381521848047,P,459.0,867925615,GLD   260406P00459000,GLD,-1.0,-1.0,,-1.0,21.68,,21.68,close,True,,,,,,,0.0,0.0
2026-04-06T16:00:00-04:00,20260406,0.009719381521848047,P,460.0,867925620,GLD   260406P00460000,GLD,-1.0,-1.0,,-1.0,22.59,,22.59,close,True,,,,,,,0.0,2.0
2026-04-06T16:00:00-04:00,20260406,0.009719381521848047,P,465.0,867925633,GLD   260406P00465000,GLD,-1.0,-1.0,,-1.0,27.4,,27.4,close,True,,,,,,,0.0,0.0
2026-04-06T16:00:00-04:00,20260406,0.009719381521848047,P,470.0,867925643,GLD   260406P00470000,GLD,-1.0,-1.0,,47.34,32.28,,32.28,close,True,,,,,,,12.0,4.0
2026-04-06T16:00:00-04:00,20260406,0.009719381521848047,P,475.0,867925663,GLD   260406P00475000,GLD,-1.0,-1.0,,-1.0,37.23,,37.23,close,True,,,,,,,2.0,0.0
2026-04-06T16:00:00-04:00,20260406,0.009719381521848047,P,490.0,867925726,GLD   260406P00490000,GLD,-1.0,-1.0,,-1.0,52.18,,52.18,close,True,,,,,,,4.0,3.0
2026-04-06T16:00:00-04:00,20260406,0.009719381521848047,P,495.0,867925741,GLD   260406P00495000,GLD,-1.0,-1.0,,-1.0,57.18,,57.18,close,True,,,,,,,0.0,0.0
2026-04-06T16:00:00-04:00,20260406,0.009719381521848047,P,520.0,867925836,GLD   260406P00520000,GLD,-1.0,-1.0,,-1.0,82.18,,82.18,close,True,,,,,,,0.0,0.0
2026-04-06T16:00:00-04:00,20260406,0.009719381521848047,P,540.0,867925915,GLD   260406P00540000,GLD,-1.0,-1.0,,-1.0,102.18,,102.18,close,True,,,,,,,0.0,0.0
2026-04-06T16:00:00-04:00,20260406,0.009719381521848047,P,560.0,867925987,GLD   260406P00560000,GLD,-1.0,-1.0,,-1.0,122.18,,122.18,close,True,,,,,,,0.0,0.0
2026-04-06T16:00:00-04:00,20260406,0.009719381521848047,P,580.0,867926065,GLD   260406P00580000,GLD,-1.0,-1.0,,-1.0,142.18,,142.18,close,True,,,,,,,0.0,0.0
2026-04-06T16:00:00-04:00,20260406,0.009719381521848047,P,600.0,867926144,GLD   260406P00600000,GLD,-1.0,-1.0,,-1.0,162.18,,162.18,close,True,,,,,,,0.0,0.0
2026-04-08T16:00:00-04:00,20260408,0.015198833576642567,C,315.0,868217853,GLD   260408C00315000,GLD,-1.0,-1.0,,-1.0,123.08,,123.08,close,True,,,,,,,0.0,
2026-04-08T16:00:00-04:00,20260408,0.015198833576642567,C,375.0,868218450,GLD   260408C00375000,GLD,-1.0,-1.0,,-1.0,63.33,,63.33,close,True,,,,,,,0.0,0.0
2026-04-08T16:00:00-04:00,20260408,0.015198833576642567,C,383.0,868218843,GLD   260408C00383000,GLD,-1.0,-1.0,,-1.0,55.43,,55.43,close,True,,,,,,,0.0,0.0
2026-04-08T16:00:00-04:00,20260408,0.015198833576642567,C,392.0,868219354,GLD   260408C00392000,GLD,-1.0,-1.0,,-1.0,46.62,,46.62,close,True,,,,,,,0.0,0.0
2026-04-08T16:00:00-04:00,20260408,0.015198833576642567,C,393.0,868219408,GLD   260408C00393000,GLD,-1.0,-1.0,,-1.0,45.64,,45.64,close,True,,,,,,,0.0,0.0
2026-04-08T16:00:00-04:00,20260408,0.015198833576642567,C,394.0,867926224,GLD   260408C00394000,GLD,-1.0,-1.0,,-1.0,44.67,,44.67,close,True,,,,,,,0.0,0.0
2026-04-08T16:00:00-04:00,20260408,0.015198833576642567,C,395.0,867926243,GLD   260408C00395000,GLD,-1.0,-1.0,,-1.0,43.7,,43.7,close,True,,,,,,,0.0,0.0
2026-04-08T16:00:00-04:00,20260408,0.015198833576642567,C,396.0,867926263,GLD   260408C00396000,GLD,-1.0,-1.0,,-1.0,42.73,,42.73,close,True,,,,,,,1.0,0.0
2026-04-08T16:00:00-04:00,20260408,0.015198833576642567,C,397.0,867926281,GLD   260408C00397000,GLD,-1.0,-1.0,,-1.0,41.76,,41.76,close,True,,,,,,,0.0,0.0
2026-04-08T16:00:00-04:00,20260408,0.015198833576642567,C,398.0,867926301,GLD   260408C00398000,GLD,-1.0,-1.0,,-1.0,40.79,,40.79,close,True,,,,,,,0.0,0.0
2026-04-08T16:00:00-04:00,20260408,0.015198833576642567,C,399.0,867926318,GLD   260408C00399000,GLD,-1.0,-1.0,,-1.0,39.83,,39.83,close,True,,,,,,,0.0,0.0
2026-04-08T16:00:00-04:00,20260408,0.015198833576642567,C,400.0,867926343,GLD   260408C00400000,GLD,-1.0,-1.0,,29.7,38.88,,38.88,close,True,,,,,,,7.0,0.0
2026-04-08T16:00:00-04:00,20260408,0.015198833576642567,C,401.0,867926361,GLD   260408C00401000,GLD,-1.0,-1.0,,29.0,37.93,,37.93,close,True,,,,,,,4.0,0.0
2026-04-08T16:00:00-04:00,20260408,0.015198833576642567,C,402.0,867926383,GLD   260408C00402000,GLD,-1.0,-1.0,,-1.0,36.98,,36.98,close,True,,,,,,,1.0,0.0
2026-04-08T16:00:00-04:00,20260408,0.015198833576642567,C,403.0,867926398,GLD   260408C00403000,GLD,-1.0,-1.0,,-1.0,36.03,,36.03,close,True,,,,,,,7.0,0.0
2026-04-08T16:00:00-04:00,20260408,0.015198833576642567,C,404.0,867926416,GLD   260408C00404000,GLD,-1.0,-1.0,,-1.0,35.09,,35.09,close,True,,,,,,,4.0,0.0
2026-04-08T16:00:00-04:00,20260408,0.015198833576642567,C,405.0,867926438,GLD   260408C00405000,GLD,-1.0,-1.0,,-1.0,34.15,,34.15,close,True,,,,,,,2.0,0.0
2026-04-08T16:00:00-04:00,20260408,0.015198833576642567,C,406.0,867926456,GLD   260408C00406000,GLD,-1.0,-1.0,,-1.0,33.2,,33.2,close,True,,,,,,,0.0,0.0
2026-04-08T16:00:00-04:00,20260408,0.015198833576642567,C,407.0,867926479,GLD   260408C00407000,GLD,-1.0,-1.0,,21.28,32.26,,32.26,close,True,,,,,,,6.0,0.0
2026-04-08T16:00:00-04:00,20260408,0.015198833576642567,C,408.0,867926498,GLD   260408C00408000,GLD,-1.0,-1.0,,-1.0,31.34,,31.34,close,True,,,,,,,0.0,0.0
2026-04-08T16:00:00-04:00,20260408,0.015198833576642567,C,409.0,867926518,GLD   260408C00409000,GLD,-1.0,-1.0,,-1.0,30.42,,30.42,close,True,,,,,,,8.0,0.0
2026-04-08T16:00:00-04:00,20260408,0.015198833576642567,C,410.0,867926533,GLD   260408C00410000,GLD,-1.0,-1.0,,-1.0,29.49,,29.49,close,True,,,,,,,4.0,0.0
2026-04-08T16:00:00-04:00,20260408,0.015198833576642567,C,411.0,867926555,GLD   260408C00411000,GLD,-1.0,-1.0,,-1.0,28.58,,28.58,close,True,,,,,,,2.0,0.0
2026-04-08T16:00:00-04:00,20260408,0.015198833576642567,C,412.0,867926573,GLD   260408C00412000,GLD,-1.0,-1.0,,-1.0,27.66,,27.66,close,True,,,,,,,26.0,0.0
2026-04-08T16:00:00-04:00,20260408,0.015198833576642567,C,413.0,867926588,GLD   260408C00413000,GLD,-1.0,-1.0,,-1.0,26.74,,26.74,close,True,,,,,,,2.0,0.0
2026-04-08T16:00:00-04:00,20260408,0.015198833576642567,C,414.0,867926608,GLD   260408C00414000,GLD,-1.0,-1.0,,-1.0,25.85,,25.85,close,True,,,,,,,3.0,0.0
2026-04-08T16:00:00-04:00,20260408,0.015198833576642567,C,415.0,867926633,GLD   260408C00415000,GLD,-1.0,-1.0,,-1.0,24.96,,24.96,close,True,,,,,,,22.0,0.0
2026-04-08T16:00:00-04:00,20260408,0.015198833576642567,C,416.0,867926653,GLD   260408C00416000,GLD,-1.0,-1.0,,-1.0,24.06,,24.06,close,True,,,,,,,3.0,
2026-04-08T16:00:00-04:00,20260408,0.015198833576642567,C,417.0,867926664,GLD   260408C00417000,GLD,-1.0,-1.0,,-1.0,23.17,,23.17,close,True,,,,,,,7.0,0.0
2026-04-08T16:00:00-04:00,20260408,0.015198833576642567,C,418.0,867926678,GLD   260408C00418000,GLD,-1.0,-1.0,,10.45,22.3,,22.3,close,True,,,,,,,33.0,0.0
2026-04-08T16:00:00-04:00,20260408,0.015198833576642567,C,419.0,867926688,GLD   260408C00419000,GLD,-1.0,-1.0,,9.85,21.44,,21.44,close,True,,,,,,,24.0,0.0
2026-04-08T16:00:00-04:00,20260408,0.015198833576642567,C,420.0,867926703,GLD   260408C00420000,GLD,-1.0,-1.0,,13.68,20.57,,20.57,close,True,,,,,,,23.0,0.0
2026-04-08T16:00:00-04:00,20260408,0.015198833576642567,C,421.0,867926715,GLD   260408C00421000,GLD,-1.0,-1.0,,8.3,19.74,,19.74,close,True,,,,,,,18.0,0.0
2026-04-08T16:00:00-04:00,20260408,0.015198833576642567,C,422.0,867926732,GLD   260408C00422000,GLD,-1.0,-1.0,,11.5,18.92,,18.92,close,True,,,,,,,74.0,0.0
2026-04-08T16:00:00-04:00,20260408,0.015198833576642567,C,423.0,867926749,GLD   260408C00423000,GLD,-1.0,-1.0,,11.01,18.11,,18.11,close,True,,,,,,,311.0,0.0
2026-04-08T16:00:00-04:00,20260408,0.015198833576642567,C,424.0,868219586,GLD   260408C00424000,GLD,-1.0,-1.0,,7.05,17.29,,17.29,close,True,,,,,,,27.0,0.0
2026-04-08T16:00:00-04:00,20260408,0.015198833576642567,C,425.0,868219633,GLD   260408C00425000,GLD,-1.0,-1.0,,9.45,16.52,,16.52,close,True,,,,,,,35.0,0.0
2026-04-08T16:00:00-04:00,20260408,0.015198833576642567,C,426.0,868219693,GLD   260408C00426000,GLD,-1.0,-1.0,,8.38,15.76,,15.76,close,True,,,,,,,14.0,
2026-04-08T16:00:00-04:00,20260408,0.015198833576642567,C,427.0,868219753,GLD   260408C00427000,GLD,-1.0,-1.0,,8.55,15.0,,15.0,close,True,,,,,,,30.0,
2026-04-08T16:00:00-04:00,20260408,0.015198833576642567,C,428.0,868219801,GLD   260408C00428000,GLD,-1.0,-1.0,,7.95,14.25,,14.25,close,True,,,,,,,109.0,
2026-04-08T16:00:00-04:00,20260408,0.015198833576642567,C,429.0,868219869,GLD   260408C00429000,GLD,-1.0,-1.0,,7.22,13.51,,13.51,close,True,,,,,,,133.0,
2026-04-08T16:00:00-04:00,20260408,0.015198833576642567,C,430.0,868219917,GLD   260408C00430000,GLD,-1.0,-1.0,,6.9,12.82,,12.82,close,True,,,,,,,474.0,
2026-04-08T16:00:00-04:00,20260408,0.015198833576642567,C,431.0,868219963,GLD   260408C00431000,GLD,-1.0,-1.0,,6.33,12.13,,12.13,close,True,,,,,,,138.0,
2026-04-08T16:00:00-04:00,20260408,0.015198833576642567,C,432.0,868220026,GLD   260408C00432000,GLD,-1.0,-1.0,,5.75,11.45,,11.45,close,True,,,,,,,81.0,
2026-04-08T16:00:00-04:00,20260408,0.015198833576642567,C,433.0,868220097,GLD   260408C00433000,GLD,-1.0,-1.0,,5.11,10.78,,10.78,close,True,,,,,,,143.0,
2026-04-08T16:00:00-04:00,20260408,0.015198833576642567,C,434.0,868220166,GLD   260408C00434000,GLD,-1.0,-1.0,,5.02,10.16,,10.16,close,True,,,,,,,138.0,
2026-04-08T16:00:00-04:00,20260408,0.015198833576642567,C,435.0,868220213,GLD   260408C00435000,GLD,-1.0,-1.0,,4.6,9.58,,9.58,close,True,,,,,,,301.0,
2026-04-08T16:00:00-04:00,20260408,0.015198833576642567,C,436.0,868220273,GLD   260408C00436000,GLD,-1.0,-1.0,,4.1,9.0,,9.0,close,True,,,,,,,248.0,0.0
2026-04-08T16:00:00-04:00,20260408,0.015198833576642567,C,437.0,868220343,GLD   260408C00437000,GLD,-1.0,-1.0,,3.54,8.42,3.8907757332117394,8.42,close,True,0.3129510191345705,0.3451958939909043,0.02153346208153037,0.1975464046748958,-0.5529497194223665,429.31781005859375,161.0,0.0
2026-04-08T16:00:00-04:00,20260408,0.015198833576642567,C,438.0,868220446,GLD   260408C00438000,GLD,-1.0,-1.0,,3.35,7.85,,7.85,close,True,,,,,,,101.0,0.0
2026-04-08T16:00:00-04:00,20260408,0.015198833576642567,C,439.0,868220524,GLD   260408C00439000,GLD,-1.0,-1.0,,3.1,7.27,,7.27,close,True,,,,,,,474.0,0.0
2026-04-08T16:00:00-04:00,20260408,0.015198833576642567,C,440.0,868220591,GLD   260408C00440000,GLD,-1.0,-1.0,,2.8,6.78,,6.78,close,True,,,,,,,2118.0,0.0
2026-04-08T16:00:00-04:00,20260408,0.015198833576642567,C,441.0,868220654,GLD   260408C00441000,GLD,-1.0,-1.0,,2.76,6.35,,6.35,close,True,,,,,,,124.0,
2026-04-08T16:00:00-04:00,20260408,0.015198833576642567,C,442.0,868220727,GLD   260408C00442000,GLD,-1.0,-1.0,,2.3,5.92,,5.92,close,True,,,,,,,39.0,
2026-04-08T16:00:00-04:00,20260408,0.015198833576642567,C,443.0,868220790,GLD   260408C00443000,GLD,-1.0,-1.0,,2.13,5.48,,5.48,close,True,,,,,,,1537.0,
2026-04-08T16:00:00-04:00,20260408,0.015198833576642567,C,444.0,868220883,GLD   260408C00444000,GLD,-1.0,-1.0,,1.99,5.07,,5.07,close,True,,,,,,,58.0,
2026-04-08T16:00:00-04:00,20260408,0.015198833576642567,C,445.0,868220971,GLD   260408C00445000,GLD,-1.0,-1.0,,1.64,4.68,,4.68,close,True,,,,,,,314.0,
2026-04-08T16:00:00-04:00,20260408,0.015198833576642567,C,446.0,868221044,GLD   260408C00446000,GLD,-1.0,-1.0,,1.5,4.32,,4.32,close,True,,,,,,,90.0,
2026-04-08T16:00:00-04:00,20260408,0.015198833576642567,C,447.0,868221112,GLD   260408C00447000,GLD,-1.0,-1.0,,1.3,3.98,,3.98,close,True,,,,,,,64.0,
2026-04-08T16:00:00-04:00,20260408,0.015198833576642567,C,448.0,868221206,GLD   260408C00448000,GLD,-1.0,-1.0,,1.2,3.64,,3.64,close,True,,,,,,,12.0,
2026-04-08T16:00:00-04:00,20260408,0.015198833576642567,C,449.0,868221281,GLD   260408C00449000,GLD,-1.0,-1.0,,1.18,3.31,,3.31,close,True,,,,,,,20.0,
2026-04-08T16:00:00-04:00,20260408,0.015198833576642567,C,450.0,868221363,GLD   260408C00450000,GLD,-1.0,-1.0,,0.95,3.03,,3.03,close,True,,,,,,,400.0,0.0
2026-04-08T16:00:00-04:00,20260408,0.015198833576642567,C,451.0,868221437,GLD   260408C00451000,GLD,-1.0,-1.0,,0.84,2.78,,2.78,close,True,,,,,,,18.0,0.0
2026-04-08T16:00:00-04:00,20260408,0.015198833576642567,C,452.0,868221496,GLD   260408C00452000,GLD,-1.0,-1.0,,0.75,2.52,,2.52,close,True,,,,,,,34.0,0.0
2026-04-08T16:00:00-04:00,20260408,0.015198833576642567,C,453.0,868221564,GLD   260408C00453000,GLD,-1.0,-1.0,,0.68,2.27,,2.27,close,True,,,,,,,4.0,0.0
2026-04-08T16:00:00-04:00,20260408,0.015198833576642567,C,454.0,868221640,GLD   260408C00454000,GLD,-1.0,-1.0,,0.71,2.05,,2.05,close,True,,,,,,,12.0,0.0
2026-04-08T16:00:00-04:00,20260408,0.015198833576642567,C,455.0,868221706,GLD   260408C00455000,GLD,-1.0,-1.0,,0.6,1.86,,1.86,close,True,,,,,,,114.0,0.0
2026-04-08T16:00:00-04:00,20260408,0.015198833576642567,C,456.0,868221798,GLD   260408C00456000,GLD,-1.0,-1.0,,0.52,1.7,,1.7,close,True,,,,,,,72.0,0.0
2026-04-08T16:00:00-04:00,20260408,0.015198833576642567,C,457.0,868221886,GLD   260408C00457000,GLD,-1.0,-1.0,,0.49,1.54,,1.54,close,True,,,,,,,101.0,0.0
2026-04-08T16:00:00-04:00,20260408,0.015198833576642567,C,458.0,868221954,GLD   260408C00458000,GLD,-1.0,-1.0,,0.38,1.39,,1.39,close,True,,,,,,,149.0,0.0
2026-04-08T16:00:00-04:00,20260408,0.015198833576642567,C,459.0,868222019,GLD   260408C00459000,GLD,,,,0.4,1.29,,1.29,close,True,,,,,,,101.0,0.0
2026-04-08T16:00:00-04:00,20260408,0.015198833576642567,C,460.0,868222097,GLD   260408C00460000,GLD,,,,0.32,1.18,,1.18,close,True,,,,,,,145.0,0.0
2026-04-08T16:00:00-04:00,20260408,0.015198833576642567,C,465.0,868222165,GLD   260408C00465000,GLD,-1.0,-1.0,,0.18,0.79,,0.79,close,True,,,,,,,135.0,0.0
2026-04-08T16:00:00-04:00,20260408,0.015198833576642567,C,470.0,868222244,GLD   260408C00470000,GLD,-1.0,-1.0,,0.15,0.51,,0.51,close,True,,,,,,,7.0,0.0
2026-04-08T16:00:00-04:00,20260408,0.015198833576642567,C,475.0,868222309,GLD   260408C00475000,GLD,-1.0,-1.0,,0.14,0.35,,0.35,close,True,,,,,,,1.0,0.0
2026-04-08T16:00:00-04:00,20260408,0.015198833576642567,C,490.0,868222509,GLD   260408C00490000,GLD,-1.0,-1.0,,0.04,0.16,,0.16,close,True,,,,,,,12.0,0.0
2026-04-08T16:00:00-04:00,20260408,0.015198833576642567,C,495.0,868222583,GLD   260408C00495000,GLD,-1.0,-1.0,,0.01,0.13,,0.13,close,True,,,,,,,14.0,0.0
2026-04-08T16:00:00-04:00,20260408,0.015198833576642567,C,520.0,868222871,GLD   260408C00520000,GLD,-1.0,-1.0,,0.02,0.02,,0.02,close,True,,,,,,,26.0,0.0
2026-04-08T16:00:00-04:00,20260408,0.015198833576642567,C,540.0,868223070,GLD   260408C00540000,GLD,-1.0,-1.0,,-1.0,0.0,,,,False,,,,,,,0.0,0.0
2026-04-08T16:00:00-04:00,20260408,0.015198833576642567,C,560.0,868223297,GLD   260408C00560000,GLD,-1.0,-1.0,,-1.0,0.0,,,,False,,,,,,,0.0,0.0
2026-04-08T16:00:00-04:00,20260408,0.015198833576642567,C,580.0,868223506,GLD   260408C00580000,GLD,-1.0,-1.0,,-1.0,0.0,,,,False,,,,,,,0.0,0.0
2026-04-08T16:00:00-04:00,20260408,0.015198833576642567,C,600.0,868223751,GLD   260408C00600000,GLD,-1.0,-1.0,,-1.0,0.0,,,,False,,,,,,,0.0,0.0
2026-04-08T16:00:00-04:00,20260408,0.015198833576642567,P,315.0,868224260,GLD   260408P00315000,GLD,-1.0,-1.0,,-1.0,0.05,,0.05,close,True,,,,,,,0.0,3.0
2026-04-08T16:00:00-04:00,20260408,0.015198833576642567,P,375.0,868224934,GLD   260408P00375000,GLD,-1.0,-1.0,,0.43,0.26,,0.26,close,True,,,,,,,42.0,62.0
2026-04-08T16:00:00-04:00,20260408,0.015198833576642567,P,383.0,868225333,GLD   260408P00383000,GLD,-1.0,-1.0,,0.47,0.35,,0.35,close,True,,,,,,,56.0,34.0
2026-04-08T16:00:00-04:00,20260408,0.015198833576642567,P,392.0,868225751,GLD   260408P00392000,GLD,-1.0,-1.0,,0.98,0.53,,0.53,close,True,,,,,,,5.0,44.0
2026-04-08T16:00:00-04:00,20260408,0.015198833576642567,P,393.0,868225791,GLD   260408P00393000,GLD,-1.0,-1.0,,0.98,0.56,,0.56,close,True,,,,,,,12.0,98.0
2026-04-08T16:00:00-04:00,20260408,0.015198833576642567,P,394.0,867926766,GLD   260408P00394000,GLD,-1.0,-1.0,,0.75,0.59,,0.59,close,True,,,,,,,38.0,170.0
2026-04-08T16:00:00-04:00,20260408,0.015198833576642567,P,395.0,867926783,GLD   260408P00395000,GLD,-1.0,-1.0,,0.73,0.61,,0.61,close,True,,,,,,,188.0,171.0
2026-04-08T16:00:00-04:00,20260408,0.015198833576642567,P,396.0,867926788,GLD   260408P00396000,GLD,-1.0,-1.0,,1.05,0.64,,0.64,close,True,,,,,,,113.0,16.0
2026-04-08T16:00:00-04:00,20260408,0.015198833576642567,P,397.0,867926800,GLD   260408P00397000,GLD,-1.0,-1.0,,1.14,0.67,,0.67,close,True,,,,,,,10.0,21.0
2026-04-08T16:00:00-04:00,20260408,0.015198833576642567,P,398.0,867926819,GLD   260408P00398000,GLD,-1.0,-1.0,,1.06,0.71,,0.71,close,True,,,,,,,8.0,127.0
2026-04-08T16:00:00-04:00,20260408,0.015198833576642567,P,399.0,867926845,GLD   260408P00399000,GLD,-1.0,-1.0,,1.26,0.74,,0.74,close,True,,,,,,,435.0,14.0
2026-04-08T16:00:00-04:00,20260408,0.015198833576642567,P,400.0,867926858,GLD   260408P00400000,GLD,-1.0,-1.0,,1.09,0.79,,0.79,close,True,,,,,,,68.0,268.0
2026-04-08T16:00:00-04:00,20260408,0.015198833576642567,P,401.0,867926875,GLD   260408P00401000,GLD,-1.0,-1.0,,1.26,0.84,,0.84,close,True,,,,,,,9.0,42.0
2026-04-08T16:00:00-04:00,20260408,0.015198833576642567,P,402.0,867926882,GLD   260408P00402000,GLD,-1.0,-1.0,,1.6,0.89,,0.89,close,True,,,,,,,5.0,110.0
2026-04-08T16:00:00-04:00,20260408,0.015198833576642567,P,403.0,867926887,GLD   260408P00403000,GLD,-1.0,-1.0,,1.93,0.94,,0.94,close,True,,,,,,,5.0,305.0
2026-04-08T16:00:00-04:00,20260408,0.015198833576642567,P,404.0,867926888,GLD   260408P00404000,GLD,-1.0,-1.0,,1.65,0.99,,0.99,close,True,,,,,,,80.0,27.0
2026-04-08T16:00:00-04:00,20260408,0.015198833576642567,P,405.0,867926893,GLD   260408P00405000,GLD,-1.0,-1.0,,1.71,1.05,,1.05,close,True,,,,,,,9.0,556.0
2026-04-08T16:00:00-04:00,20260408,0.015198833576642567,P,406.0,867926902,GLD   260408P00406000,GLD,-1.0,-1.0,,1.66,1.11,,1.11,close,True,,,,,,,78.0,15.0
2026-04-08T16:00:00-04:00,20260408,0.015198833576642567,P,407.0,867926905,GLD   260408P00407000,GLD,-1.0,-1.0,,2.16,1.17,,1.17,close,True,,,,,,,119.0,18.0
2026-04-08T16:00:00-04:00,20260408,0.015198833576642567,P,408.0,867926908,GLD   260408P00408000,GLD,-1.0,-1.0,,2.11,1.25,,1.25,close,True,,,,,,,13.0,254.0
2026-04-08T16:00:00-04:00,20260408,0.015198833576642567,P,409.0,867926915,GLD   260408P00409000,GLD,-1.0,-1.0,,2.01,1.32,,1.32,close,True,,,,,,,56.0,123.0
2026-04-08T16:00:00-04:00,20260408,0.015198833576642567,P,410.0,867926918,GLD   260408P00410000,GLD,-1.0,-1.0,,2.16,1.4,,1.4,close,True,,,,,,,192.0,353.0
2026-04-08T16:00:00-04:00,20260408,0.015198833576642567,P,411.0,867926921,GLD   260408P00411000,GLD,-1.0,-1.0,,-1.0,1.48,,1.48,close,True,,,,,,,72.0,33.0
2026-04-08T16:00:00-04:00,20260408,0.015198833576642567,P,412.0,867926924,GLD   260408P00412000,GLD,-1.0,-1.0,,2.5,1.56,,1.56,close,True,,,,,,,27.0,267.0
2026-04-08T16:00:00-04:00,20260408,0.015198833576642567,P,413.0,867926936,GLD   260408P00413000,GLD,-1.0,-1.0,,2.84,1.64,,1.64,close,True,,,,,,,70.0,27.0
2026-04-08T16:00:00-04:00,20260408,0.015198833576642567,P,414.0,867926945,GLD   260408P00414000,GLD,-1.0,-1.0,,3.25,1.75,,1.75,close,True,,,,,,,26.0,14.0
2026-04-08T16:00:00-04:00,20260408,0.015198833576642567,P,415.0,867926955,GLD   260408P00415000,GLD,-1.0,-1.0,,2.79,1.86,,1.86,close,True,,,,,,,122.0,142.0
2026-04-08T16:00:00-04:00,20260408,0.015198833576642567,P,416.0,867926960,GLD   260408P00416000,GLD,-1.0,-1.0,,3.7,1.96,,1.96,close,True,,,,,,,77.0,38.0
2026-04-08T16:00:00-04:00,20260408,0.015198833576642567,P,417.0,867926970,GLD   260408P00417000,GLD,-1.0,-1.0,,4.0,2.07,,2.07,close,True,,,,,,,44.0,51.0
2026-04-08T16:00:00-04:00,20260408,0.015198833576642567,P,418.0,867926983,GLD   260408P00418000,GLD,-1.0,-1.0,,4.1,2.2,,2.2,close,True,,,,,,,204.0,49.0
2026-04-08T16:00:00-04:00,20260408,0.015198833576642567,P,419.0,867926989,GLD   260408P00419000,GLD,-1.0,-1.0,,3.77,2.34,,2.34,close,True,,,,,,,123.0,40.0
2026-04-08T16:00:00-04:00,20260408,0.015198833576642567,P,420.0,867927001,GLD   260408P00420000,GLD,-1.0,-1.0,,3.75,2.47,,2.47,close,True,,,,,,,296.0,86.0
2026-04-08T16:00:00-04:00,20260408,0.015198833576642567,P,421.0,867927008,GLD   260408P00421000,GLD,-1.0,-1.0,,5.0,2.64,,2.64,close,True,,,,,,,127.0,112.0
2026-04-08T16:00:00-04:00,20260408,0.015198833576642567,P,422.0,867927013,GLD   260408P00422000,GLD,-1.0,-1.0,,4.95,2.82,,2.82,close,True,,,,,,,530.0,28.0
2026-04-08T16:00:00-04:00,20260408,0.015198833576642567,P,423.0,867927018,GLD   260408P00423000,GLD,-1.0,-1.0,,5.62,3.0,,3.0,close,True,,,,,,,95.0,15.0
2026-04-08T16:00:00-04:00,20260408,0.015198833576642567,P,424.0,868225992,GLD   260408P00424000,GLD,-1.0,-1.0,,6.0,3.19,,3.19,close,True,,,,,,,880.0,34.0
2026-04-08T16:00:00-04:00,20260408,0.015198833576642567,P,425.0,868226033,GLD   260408P00425000,GLD,-1.0,-1.0,,5.2,3.42,,3.42,close,True,,,,,,,163.0,31.0
2026-04-08T16:00:00-04:00,20260408,0.015198833576642567,P,426.0,868226106,GLD   260408P00426000,GLD,-1.0,-1.0,,5.77,3.65,,3.65,close,True,,,,,,,11.0,23.0
2026-04-08T16:00:00-04:00,20260408,0.015198833576642567,P,427.0,868226149,GLD   260408P00427000,GLD,-1.0,-1.0,,6.95,3.9,,3.9,close,True,,,,,,,53.0,15.0
2026-04-08T16:00:00-04:00,20260408,0.015198833576642567,P,428.0,868226202,GLD   260408P00428000,GLD,-1.0,-1.0,,6.8,4.15,,4.15,close,True,,,,,,,22.0,6.0
2026-04-08T16:00:00-04:00,20260408,0.015198833576642567,P,429.0,868226255,GLD   260408P00429000,GLD,-1.0,-1.0,,7.0,4.41,,4.41,close,True,,,,,,,197.0,7.0
2026-04-08T16:00:00-04:00,20260408,0.015198833576642567,P,430.0,868226297,GLD   260408P00430000,GLD,-1.0,-1.0,,7.3,4.72,,4.72,close,True,,,,,,,61.0,97.0
2026-04-08T16:00:00-04:00,20260408,0.015198833576642567,P,431.0,868226351,GLD   260408P00431000,GLD,-1.0,-1.0,,10.0,5.03,,5.03,close,True,,,,,,,141.0,4.0
2026-04-08T16:00:00-04:00,20260408,0.015198833576642567,P,432.0,868226401,GLD   260408P00432000,GLD,-1.0,-1.0,,10.8,5.35,,5.35,close,True,,,,,,,15.0,8.0
2026-04-08T16:00:00-04:00,20260408,0.015198833576642567,P,433.0,868226449,GLD   260408P00433000,GLD,-1.0,-1.0,,9.85,5.68,,5.68,close,True,,,,,,,21.0,6.0
2026-04-08T16:00:00-04:00,20260408,0.015198833576642567,P,434.0,868226500,GLD   260408P00434000,GLD,-1.0,-1.0,,12.36,6.06,,6.06,close,True,,,,,,,22.0,23.0
2026-04-08T16:00:00-04:00,20260408,0.015198833576642567,P,435.0,868226551,GLD   260408P00435000,GLD,-1.0,-1.0,,10.78,6.48,,6.48,close,True,,,,,,,74.0,3.0
2026-04-08T16:00:00-04:00,20260408,0.015198833576642567,P,436.0,868226604,GLD   260408P00436000,GLD,-1.0,-1.0,,-1.0,6.9,,6.9,close,True,,,,,,,3.0,33.0
2026-04-08T16:00:00-04:00,20260408,0.015198833576642567,P,437.0,868226654,GLD   260408P00437000,GLD,-1.0,-1.0,,17.05,7.32,,7.32,close,True,,,,,,,13.0,7.0
2026-04-08T16:00:00-04:00,20260408,0.015198833576642567,P,438.0,868226700,GLD   260408P00438000,GLD,-1.0,-1.0,,13.21,7.75,,7.75,close,True,,,,,,,58.0,98.0
2026-04-08T16:00:00-04:00,20260408,0.015198833576642567,P,439.0,868226751,GLD   260408P00439000,GLD,-1.0,-1.0,,18.5,8.17,,8.17,close,True,,,,,,,11.0,110.0
2026-04-08T16:00:00-04:00,20260408,0.015198833576642567,P,440.0,868226799,GLD   260408P00440000,GLD,-1.0,-1.0,,-1.0,8.68,,8.68,close,True,,,,,,,17.0,59.0
2026-04-08T16:00:00-04:00,20260408,0.015198833576642567,P,441.0,868226833,GLD   260408P00441000,GLD,-1.0,-1.0,,17.28,9.25,,9.25,close,True,,,,,,,16.0,2.0
2026-04-08T16:00:00-04:00,20260408,0.015198833576642567,P,442.0,868226881,GLD   260408P00442000,GLD,-1.0,-1.0,,-1.0,9.82,,9.82,close,True,,,,,,,0.0,0.0
2026-04-08T16:00:00-04:00,20260408,0.015198833576642567,P,443.0,868226951,GLD   260408P00443000,GLD,-1.0,-1.0,,-1.0,10.39,,10.39,close,True,,,,,,,1.0,3.0
2026-04-08T16:00:00-04:00,20260408,0.015198833576642567,P,444.0,868227006,GLD   260408P00444000,GLD,-1.0,-1.0,,-1.0,10.98,,10.98,close,True,,,,,,,1.0,1.0
2026-04-08T16:00:00-04:00,20260408,0.015198833576642567,P,445.0,868227056,GLD   260408P00445000,GLD,-1.0,-1.0,,-1.0,11.58,,11.58,close,True,,,,,,,2.0,25.0
2026-04-08T16:00:00-04:00,20260408,0.015198833576642567,P,446.0,868227126,GLD   260408P00446000,GLD,-1.0,-1.0,,-1.0,12.23,,12.23,close,True,,,,,,,1.0,0.0
2026-04-08T16:00:00-04:00,20260408,0.015198833576642567,P,447.0,868227186,GLD   260408P00447000,GLD,-1.0,-1.0,,-1.0,12.89,,12.89,close,True,,,,,,,0.0,2.0
2026-04-08T16:00:00-04:00,20260408,0.015198833576642567,P,448.0,868227252,GLD   260408P00448000,GLD,-1.0,-1.0,,-1.0,13.55,,13.55,close,True,,,,,,,0.0,11.0
2026-04-08T16:00:00-04:00,20260408,0.015198833576642567,P,449.0,868227322,GLD   260408P00449000,GLD,-1.0,-1.0,,-1.0,14.22,,14.22,close,True,,,,,,,0.0,0.0
2026-04-08T16:00:00-04:00,20260408,0.015198833576642567,P,450.0,868227383,GLD   260408P00450000,GLD,,,,,14.95,,14.95,close,True,,,,,,,1.0,110.0
2026-04-08T16:00:00-04:00,20260408,0.015198833576642567,P,451.0,868227446,GLD   260408P00451000,GLD,-1.0,-1.0,,-1.0,15.7,22.169265774653606,15.7,close,True,0.30763036103007374,-0.8921273035662539,0.011761700905124248,0.09552958323743964,-0.22322712593282645,429.31781005859375,0.0,0.0
2026-04-08T16:00:00-04:00,20260408,0.015198833576642567,P,452.0,868227499,GLD   260408P00452000,GLD,-1.0,-1.0,,-1.0,16.44,23.08329561598718,16.44,close,True,0.3082408929681967,-0.9020196195817052,0.011018891079418369,0.09480219300344216,-0.213138250932829,429.31781005859375,0.0,4.0
2026-04-08T16:00:00-04:00,20260408,0.015198833576642567,P,453.0,868227567,GLD   260408P00453000,GLD,-1.0,-1.0,,-1.0,17.2,23.99988390455071,17.2,close,True,0.30897425276717594,-0.9118022786929132,0.010284281073963564,0.09370217795655832,-0.18691745684423464,429.31781005859375,0.0,0.0
2026-04-08T16:00:00-04:00,20260408,0.015198833576642567,P,454.0,868227636,GLD   260408P00454000,GLD,-1.0,-1.0,,-1.0,17.98,24.919961163435193,17.98,close,True,0.30982718788375346,-0.9214160068520328,0.009557806794721072,0.09163054057482256,-0.16215575726241127,429.31781005859375,0.0,0.0
2026-04-08T16:00:00-04:00,20260408,0.015198833576642567,P,455.0,868227711,GLD   260408P00455000,GLD,-1.0,-1.0,,-1.0,18.79,25.86452542689553,18.79,close,True,0.3107962683632207,-0.9286293544703208,0.00893084403544404,0.07042923585341043,-0.1592715077007405,429.31781005859375,0.0,8.0
2026-04-08T16:00:00-04:00,20260408,0.015198833576642567,P,456.0,868227792,GLD   260408P00456000,GLD,-1.0,-1.0,,-1.0,19.63,26.811475403301507,19.63,close,True,0.31187794597656887,-0.9356800996813962,0.008319613706576353,0.0694654489534976,-0.14413856553724003,429.31781005859375,0.0,0.0
2026-04-08T16:00:00-04:00,20260408,0.015198833576642567,P,457.0,868227864,GLD   260408P00457000,GLD,-1.0,-1.0,,-1.0,20.48,28.03255126976814,20.48,close,True,0.313068672494789,-0.9450136019879803,0.007524211019944796,0.06749895544244211,-0.11983938103858094,429.31781005859375,3.0,0.0
2026-04-08T16:00:00-04:00,20260408,0.015198833576642567,P,458.0,868227951,GLD   260408P00458000,GLD,-1.0,-1.0,,-1.0,21.33,28.988838671611337,21.33,close,True,0.31436451529739634,-0.9513016898437648,0.006964904217856712,0.061386280914693,-0.10685875167006388,429.31781005859375,0.0,0.0
2026-04-08T16:00:00-04:00,20260408,0.015198833576642567,P,459.0,868228029,GLD   260408P00459000,GLD,-1.0,-1.0,,-1.0,22.23,29.957256015794854,22.23,close,True,0.315759501532226,-0.9561370541356286,0.006485523798248084,0.04838562110681366,-0.10064276021504526,429.31781005859375,0.0,0.0
2026-04-08T16:00:00-04:00,20260408,0.015198833576642567,P,460.0,868228112,GLD   260408P00460000,GLD,-1.0,-1.0,,-1.0,23.13,30.92714265627911,23.13,close,True,0.3172534833564025,-0.960896762555616,0.00602283025436643,0.04721238455192989,-0.08856121289900187,429.31781005859375,1.0,10.0
2026-04-08T16:00:00-04:00,20260408,0.015198833576642567,P,465.0,868228220,GLD   260408P00465000,GLD,-1.0,-1.0,,-1.0,27.75,35.82338204633318,27.75,close,True,0.32607952560446807,-0.9794226583836244,0.004112763610457165,0.028545748085363695,-0.04502136775793275,429.31781005859375,1.0,1.0
2026-04-08T16:00:00-04:00,20260408,0.015198833576642567,P,470.0,868228272,GLD   260408P00470000,GLD,-1.0,-1.0,,-1.0,32.5,40.77735020857301,32.5,close,True,0.33688057125601006,-0.990800288522476,0.0028986334307152116,0.014344653246837424,-0.017246152701190454,429.31781005859375,0.0,4.0
2026-04-08T16:00:00-04:00,20260408,0.015198833576642567,P,475.0,868228337,GLD   260408P00475000,GLD,-1.0,-1.0,,-1.0,37.36,45.40205086735513,37.36,close,True,0.34933373147122304,-0.9971488969598672,0.001763656635261194,0.006368694761910376,-0.0020874884501296265,429.31781005859375,0.0,0.0
2026-04-08T16:00:00-04:00,20260408,0.015198833576642567,P,490.0,868228547,GLD   260408P00490000,GLD,-1.0,-1.0,,-1.0,52.21,60.760009765625,52.21,close,True,0.39423668785252836,-1.000000000000008,3.746120966059836e-15,7.389644451905042e-13,-9.094947017729282e-13,429.31781005859375,0.0,0.0
2026-04-08T16:00:00-04:00,20260408,0.015198833576642567,P,495.0,868228592,GLD   260408P00495000,GLD,-1.0,-1.0,,-1.0,57.2,,57.2,close,True,,,,,,,0.0,0.0
2026-04-08T16:00:00-04:00,20260408,0.015198833576642567,P,520.0,868228731,GLD   260408P00520000,GLD,-1.0,-1.0,,-1.0,82.18,,82.18,close,True,,,,,,,0.0,0.0
2026-04-08T16:00:00-04:00,20260408,0.015198833576642567,P,540.0,868228892,GLD   260408P00540000,GLD,-1.0,-1.0,,-1.0,102.18,,102.18,close,True,,,,,,,0.0,0.0
2026-04-08T16:00:00-04:00,20260408,0.015198833576642567,P,560.0,868229060,GLD   260408P00560000,GLD,-1.0,-1.0,,-1.0,122.18,,122.18,close,True,,,,,,,0.0,0.0
2026-04-08T16:00:00-04:00,20260408,0.015198833576642567,P,580.0,868229224,GLD   260408P00580000,GLD,-1.0,-1.0,,-1.0,142.18,,142.18,close,True,,,,,,,0.0,0.0
2026-04-08T16:00:00-04:00,20260408,0.015198833576642567,P,600.0,868229371,GLD   260408P00600000,GLD,-1.0,-1.0,,-1.0,162.18,,162.18,close,True,,,,,,,0.0,0.0
2026-04-10T16:00:00-04:00,20260410,0.020678285631437088,C,230.0,869053390,GLD   260410C00230000,GLD,-1.0,-1.0,,-1.0,208.09,,208.09,close,True,,,,,,,0.0,0.0
2026-04-10T16:00:00-04:00,20260410,0.020678285631437088,C,255.0,869053635,GLD   260410C00255000,GLD,-1.0,-1.0,,-1.0,183.11,,183.11,close,True,,,,,,,0.0,0.0
2026-04-10T16:00:00-04:00,20260410,0.020678285631437088,C,315.0,859150789,GLD   260410C00315000,GLD,-1.0,-1.0,,-1.0,123.22,,123.22,close,True,,,,,,,0.0,0.0
2026-04-10T16:00:00-04:00,20260410,0.020678285631437088,C,375.0,859151413,GLD   260410C00375000,GLD,-1.0,-1.0,,-1.0,63.66,,63.66,close,True,,,,,,,0.0,0.0
2026-04-10T16:00:00-04:00,20260410,0.020678285631437088,C,383.0,867927052,GLD   260410C00383000,GLD,-1.0,-1.0,,-1.0,55.83,,55.83,close,True,,,,,,,0.0,0.0
2026-04-10T16:00:00-04:00,20260410,0.020678285631437088,C,392.0,867927093,GLD   260410C00392000,GLD,-1.0,-1.0,,-1.0,47.11,,47.11,close,True,,,,,,,0.0,0.0
2026-04-10T16:00:00-04:00,20260410,0.020678285631437088,C,393.0,867927098,GLD   260410C00393000,GLD,-1.0,-1.0,,-1.0,46.15,,46.15,close,True,,,,,,,0.0,0.0
2026-04-10T16:00:00-04:00,20260410,0.020678285631437088,C,394.0,867927103,GLD   260410C00394000,GLD,-1.0,-1.0,,-1.0,45.18,,45.18,close,True,,,,,,,0.0,0.0
2026-04-10T16:00:00-04:00,20260410,0.020678285631437088,C,395.0,859151624,GLD   260410C00395000,GLD,-1.0,-1.0,,-1.0,44.22,,44.22,close,True,,,,,,,0.0,0.0
2026-04-10T16:00:00-04:00,20260410,0.020678285631437088,C,396.0,867927111,GLD   260410C00396000,GLD,-1.0,-1.0,,35.55,43.26,,43.26,close,True,,,,,,,2.0,0.0
2026-04-10T16:00:00-04:00,20260410,0.020678285631437088,C,397.0,867927112,GLD   260410C00397000,GLD,-1.0,-1.0,,-1.0,42.32,,42.32,close,True,,,,,,,3.0,0.0
2026-04-10T16:00:00-04:00,20260410,0.020678285631437088,C,398.0,867927123,GLD   260410C00398000,GLD,-1.0,-1.0,,33.75,41.37,,41.37,close,True,,,,,,,4.0,0.0
2026-04-10T16:00:00-04:00,20260410,0.020678285631437088,C,399.0,867927129,GLD   260410C00399000,GLD,-1.0,-1.0,,-1.0,40.43,,40.43,close,True,,,,,,,4.0,0.0
2026-04-10T16:00:00-04:00,20260410,0.020678285631437088,C,400.0,859151663,GLD   260410C00400000,GLD,-1.0,-1.0,,31.33,39.49,,39.49,close,True,,,,,,,192.0,0.0
2026-04-10T16:00:00-04:00,20260410,0.020678285631437088,C,401.0,867927141,GLD   260410C00401000,GLD,-1.0,-1.0,,-1.0,38.55,,38.55,close,True,,,,,,,150.0,0.0
2026-04-10T16:00:00-04:00,20260410,0.020678285631437088,C,402.0,867927151,GLD   260410C00402000,GLD,-1.0,-1.0,,-1.0,37.62,,37.62,close,True,,,,,,,0.0,0.0
2026-04-10T16:00:00-04:00,20260410,0.020678285631437088,C,403.0,867927156,GLD   260410C00403000,GLD,-1.0,-1.0,,-1.0,36.7,,36.7,close,True,,,,,,,0.0,0.0
2026-04-10T16:00:00-04:00,20260410,0.020678285631437088,C,404.0,867927166,GLD   260410C00404000,GLD,-1.0,-1.0,,22.41,35.77,,35.77,close,True,,,,,,,3.0,0.0
2026-04-10T16:00:00-04:00,20260410,0.020678285631437088,C,405.0,859151726,GLD   260410C00405000,GLD,-1.0,-1.0,,-1.0,34.85,,34.85,close,True,,,,,,,1.0,0.0
2026-04-10T16:00:00-04:00,20260410,0.020678285631437088,C,406.0,867927172,GLD   260410C00406000,GLD,-1.0,-1.0,,-1.0,33.94,,33.94,close,True,,,,,,,0.0,0.0
2026-04-10T16:00:00-04:00,20260410,0.020678285631437088,C,407.0,867927179,GLD   260410C00407000,GLD,-1.0,-1.0,,-1.0,33.03,,33.03,close,True,,,,,,,0.0,0.0
2026-04-10T16:00:00-04:00,20260410,0.020678285631437088,C,408.0,867927184,GLD   260410C00408000,GLD,-1.0,-1.0,,-1.0,32.12,,32.12,close,True,,,,,,,0.0,0.0
2026-04-10T16:00:00-04:00,20260410,0.020678285631437088,C,409.0,867927199,GLD   260410C00409000,GLD,-1.0,-1.0,,-1.0,31.21,,31.21,close,True,,,,,,,0.0,0.0
2026-04-10T16:00:00-04:00,20260410,0.020678285631437088,C,410.0,859151789,GLD   260410C00410000,GLD,-1.0,-1.0,,22.75,30.31,,30.31,close,True,,,,,,,29.0,0.0
2026-04-10T16:00:00-04:00,20260410,0.020678285631437088,C,411.0,867927206,GLD   260410C00411000,GLD,-1.0,-1.0,,-1.0,29.41,,29.41,close,True,,,,,,,0.0,0.0
2026-04-10T16:00:00-04:00,20260410,0.020678285631437088,C,412.0,867927218,GLD   260410C00412000,GLD,-1.0,-1.0,,16.4,28.55,,28.55,close,True,,,,,,,3.0,0.0
2026-04-10T16:00:00-04:00,20260410,0.020678285631437088,C,413.0,867927224,GLD   260410C00413000,GLD,-1.0,-1.0,,15.95,27.68,,27.68,close,True,,,,,,,14.0,0.0
2026-04-10T16:00:00-04:00,20260410,0.020678285631437088,C,414.0,867927232,GLD   260410C00414000,GLD,-1.0,-1.0,,18.94,26.81,,26.81,close,True,,,,,,,63.0,0.0
2026-04-10T16:00:00-04:00,20260410,0.020678285631437088,C,415.0,859151843,GLD   260410C00415000,GLD,-1.0,-1.0,,19.07,25.94,,25.94,close,True,,,,,,,662.0,0.0
2026-04-10T16:00:00-04:00,20260410,0.020678285631437088,C,416.0,867927247,GLD   260410C00416000,GLD,-1.0,-1.0,,-1.0,25.07,,25.07,close,True,,,,,,,56.0,0.0
2026-04-10T16:00:00-04:00,20260410,0.020678285631437088,C,417.0,867927249,GLD   260410C00417000,GLD,-1.0,-1.0,,18.1,24.24,,24.24,close,True,,,,,,,52.0,0.0
2026-04-10T16:00:00-04:00,20260410,0.020678285631437088,C,418.0,867927262,GLD   260410C00418000,GLD,-1.0,-1.0,,15.6,23.41,,23.41,close,True,,,,,,,84.0,0.0
2026-04-10T16:00:00-04:00,20260410,0.020678285631437088,C,419.0,867927266,GLD   260410C00419000,GLD,-1.0,-1.0,,15.15,22.59,,22.59,close,True,,,,,,,37.0,0.0
2026-04-10T16:00:00-04:00,20260410,0.020678285631437088,C,420.0,859151893,GLD   260410C00420000,GLD,-1.0,-1.0,,14.55,21.76,,21.76,close,True,,,,,,,268.0,0.0
2026-04-10T16:00:00-04:00,20260410,0.020678285631437088,C,421.0,867927271,GLD   260410C00421000,GLD,-1.0,-1.0,,11.5,20.97,,20.97,close,True,,,,,,,37.0,0.0
2026-04-10T16:00:00-04:00,20260410,0.020678285631437088,C,422.0,867927272,GLD   260410C00422000,GLD,-1.0,-1.0,,13.1,20.18,,20.18,close,True,,,,,,,85.0,0.0
2026-04-10T16:00:00-04:00,20260410,0.020678285631437088,C,423.0,867927283,GLD   260410C00423000,GLD,-1.0,-1.0,,13.4,19.4,,19.4,close,True,,,,,,,60.0,0.0
2026-04-10T16:00:00-04:00,20260410,0.020678285631437088,C,424.0,867927286,GLD   260410C00424000,GLD,-1.0,-1.0,,11.9,18.61,,18.61,close,True,,,,,,,52.0,0.0
2026-04-10T16:00:00-04:00,20260410,0.020678285631437088,C,425.0,859151953,GLD   260410C00425000,GLD,-1.0,-1.0,,11.45,17.83,,17.83,close,True,,,,,,,356.0,0.0
2026-04-10T16:00:00-04:00,20260410,0.020678285631437088,C,426.0,867927289,GLD   260410C00426000,GLD,-1.0,-1.0,,10.8,17.1,,17.1,close,True,,,,,,,58.0,0.0
2026-04-10T16:00:00-04:00,20260410,0.020678285631437088,C,427.0,867927298,GLD   260410C00427000,GLD,-1.0,-1.0,,10.11,16.37,,16.37,close,True,,,,,,,6116.0,0.0
2026-04-10T16:00:00-04:00,20260410,0.020678285631437088,C,428.0,867927304,GLD   260410C00428000,GLD,-1.0,-1.0,,9.85,15.68,,15.68,close,True,,,,,,,4226.0,0.0
2026-04-10T16:00:00-04:00,20260410,0.020678285631437088,C,429.0,867927309,GLD   260410C00429000,GLD,-1.0,-1.0,,9.05,14.98,,14.98,close,True,,,,,,,2155.0,0.0
2026-04-10T16:00:00-04:00,20260410,0.020678285631437088,C,430.0,859152009,GLD   260410C00430000,GLD,-1.0,-1.0,,8.5,14.29,,14.29,close,True,,,,,,,2774.0,0.0
2026-04-10T16:00:00-04:00,20260410,0.020678285631437088,C,431.0,867927315,GLD   260410C00431000,GLD,-1.0,-1.0,,8.04,13.63,,13.63,close,True,,,,,,,128.0,0.0
2026-04-10T16:00:00-04:00,20260410,0.020678285631437088,C,432.0,867927321,GLD   260410C00432000,GLD,-1.0,-1.0,,7.42,12.97,,12.97,close,True,,,,,,,94.0,0.0
2026-04-10T16:00:00-04:00,20260410,0.020678285631437088,C,433.0,867927324,GLD   260410C00433000,GLD,-1.0,-1.0,,7.01,12.31,,12.31,close,True,,,,,,,14.0,0.0
2026-04-10T16:00:00-04:00,20260410,0.020678285631437088,C,434.0,866174145,GLD   260410C00434000,GLD,-1.0,-1.0,,6.85,11.66,,11.66,close,True,,,,,,,39.0,0.0
2026-04-10T16:00:00-04:00,20260410,0.020678285631437088,C,435.0,859152066,GLD   260410C00435000,GLD,-1.0,-1.0,,6.11,11.08,,11.08,close,True,,,,,,,1787.0,0.0
2026-04-10T16:00:00-04:00,20260410,0.020678285631437088,C,436.0,866174285,GLD   260410C00436000,GLD,-1.0,-1.0,,6.0,10.51,,10.51,close,True,,,,,,,25.0,0.0
2026-04-10T16:00:00-04:00,20260410,0.020678285631437088,C,437.0,866174357,GLD   260410C00437000,GLD,-1.0,-1.0,,5.25,9.93,,9.93,close,True,,,,,,,6130.0,0.0
2026-04-10T16:00:00-04:00,20260410,0.020678285631437088,C,438.0,866174434,GLD   260410C00438000,GLD,-1.0,-1.0,,4.85,9.38,,9.38,close,True,,,,,,,414.0,0.0
2026-04-10T16:00:00-04:00,20260410,0.020678285631437088,C,439.0,866174515,GLD   260410C00439000,GLD,-1.0,-1.0,,4.48,8.87,,8.87,close,True,,,,,,,565.0,0.0
2026-04-10T16:00:00-04:00,20260410,0.020678285631437088,C,440.0,859152123,GLD   260410C00440000,GLD,-1.0,-1.0,,4.2,8.39,,8.39,close,True,,,,,,,1100.0,0.0
2026-04-10T16:00:00-04:00,20260410,0.020678285631437088,C,441.0,866174605,GLD   260410C00441000,GLD,-1.0,-1.0,,3.88,7.93,,7.93,close,True,,,,,,,43.0,0.0
2026-04-10T16:00:00-04:00,20260410,0.020678285631437088,C,442.0,866174679,GLD   260410C00442000,GLD,-1.0,-1.0,,3.48,7.47,,7.47,close,True,,,,,,,67.0,0.0
2026-04-10T16:00:00-04:00,20260410,0.020678285631437088,C,443.0,866174758,GLD   260410C00443000,GLD,-1.0,-1.0,,3.35,7.02,,7.02,close,True,,,,,,,22.0,0.0
2026-04-10T16:00:00-04:00,20260410,0.020678285631437088,C,444.0,866174851,GLD   260410C00444000,GLD,-1.0,-1.0,,2.92,6.58,,6.58,close,True,,,,,,,53.0,0.0
2026-04-10T16:00:00-04:00,20260410,0.020678285631437088,C,445.0,859152179,GLD   260410C00445000,GLD,-1.0,-1.0,,2.7,6.15,,6.15,close,True,,,,,,,1396.0,0.0
2026-04-10T16:00:00-04:00,20260410,0.020678285631437088,C,446.0,859152236,GLD   260410C00446000,GLD,-1.0,-1.0,,2.44,5.77,,5.77,close,True,,,,,,,44.0,0.0
2026-04-10T16:00:00-04:00,20260410,0.020678285631437088,C,447.0,859152288,GLD   260410C00447000,GLD,-1.0,-1.0,,2.22,5.4,,5.4,close,True,,,,,,,75.0,0.0
2026-04-10T16:00:00-04:00,20260410,0.020678285631437088,C,448.0,859152349,GLD   260410C00448000,GLD,-1.0,-1.0,,2.08,5.02,,5.02,close,True,,,,,,,80.0,0.0
2026-04-10T16:00:00-04:00,20260410,0.020678285631437088,C,449.0,859152408,GLD   260410C00449000,GLD,-1.0,-1.0,,1.97,4.68,,4.68,close,True,,,,,,,89.0,0.0
2026-04-10T16:00:00-04:00,20260410,0.020678285631437088,C,450.0,859152470,GLD   260410C00450000,GLD,-1.0,-1.0,,1.78,4.34,,4.34,close,True,,,,,,,944.0,0.0
2026-04-10T16:00:00-04:00,20260410,0.020678285631437088,C,451.0,859152528,GLD   260410C00451000,GLD,-1.0,-1.0,,1.53,4.06,,4.06,close,True,,,,,,,145.0,0.0
2026-04-10T16:00:00-04:00,20260410,0.020678285631437088,C,452.0,859152615,GLD   260410C00452000,GLD,-1.0,-1.0,,1.39,3.79,,3.79,close,True,,,,,,,127.0,0.0
2026-04-10T16:00:00-04:00,20260410,0.020678285631437088,C,453.0,859152699,GLD   260410C00453000,GLD,-1.0,-1.0,,1.28,3.54,,3.54,close,True,,,,,,,47.0,0.0
2026-04-10T16:00:00-04:00,20260410,0.020678285631437088,C,454.0,859152768,GLD   260410C00454000,GLD,-1.0,-1.0,,1.13,3.3,,3.3,close,True,,,,,,,148.0,0.0
2026-04-10T16:00:00-04:00,20260410,0.020678285631437088,C,455.0,859152836,GLD   260410C00455000,GLD,-1.0,-1.0,,1.15,3.05,,3.05,close,True,,,,,,,221.0,0.0
2026-04-10T16:00:00-04:00,20260410,0.020678285631437088,C,456.0,859152897,GLD   260410C00456000,GLD,-1.0,-1.0,,0.92,2.84,,2.84,close,True,,,,,,,43.0,0.0
2026-04-10T16:00:00-04:00,20260410,0.020678285631437088,C,457.0,859152960,GLD   260410C00457000,GLD,-1.0,-1.0,,0.83,2.63,,2.63,close,True,,,,,,,127.0,0.0
2026-04-10T16:00:00-04:00,20260410,0.020678285631437088,C,458.0,859153020,GLD   260410C00458000,GLD,,,,0.77,2.44,,2.44,close,True,,,,,,,28.0,0.0
2026-04-10T16:00:00-04:00,20260410,0.020678285631437088,C,459.0,859153090,GLD   260410C00459000,GLD,-1.0,-1.0,,0.66,2.28,0.7311411114359947,2.28,close,True,0.32194740594363597,0.08167401469262904,0.00758644021071531,0.0948971570059184,-0.18090596407951545,429.31781005859375,30.0,0.0
2026-04-10T16:00:00-04:00,20260410,0.020678285631437088,C,460.0,859153147,GLD   260410C00460000,GLD,-1.0,-1.0,,0.61,2.12,0.6613726651842434,2.12,close,True,0.3224542704575503,0.0747996793843085,0.007070470512725999,0.08758127715924902,-0.18119812496781357,429.31781005859375,348.0,0.0
2026-04-10T16:00:00-04:00,20260410,0.020678285631437088,C,461.0,859153206,GLD   260410C00461000,GLD,-1.0,-1.0,,0.61,1.96,0.6221458518861243,1.96,close,True,0.32304020134121186,0.07083298749718457,0.006761102530216076,0.08775405140307357,-0.1746311590505027,429.31781005859375,84.0,0.0
2026-04-10T16:00:00-04:00,20260410,0.020678285631437088,C,462.0,859153271,GLD   260410C00462000,GLD,-1.0,-1.0,,0.5,1.81,0.5877043057349748,1.81,close,True,0.3237031879315156,0.06647411373148336,0.0063237018305562906,0.08782956590926161,-0.16245868806184222,429.31781005859375,29.0,0.0
2026-04-10T16:00:00-04:00,20260410,0.020678285631437088,C,463.0,859153322,GLD   260410C00463000,GLD,-1.0,-1.0,,0.48,1.69,0.528269378568905,1.69,close,True,0.3244411308596313,0.06069967333233929,0.005893863470288374,0.08798992391977012,-0.14248482750392094,429.31781005859375,100.0,0.0
2026-04-10T16:00:00-04:00,20260410,0.020678285631437088,C,464.0,858638752,GLD   260410C00464000,GLD,-1.0,-1.0,,0.4,1.56,0.4474131261947914,1.56,close,True,0.32525190118815367,0.053187373467451074,0.005377670345105287,0.06389488533449367,-0.13326518631853634,429.31781005859375,15.0,0.0
2026-04-10T16:00:00-04:00,20260410,0.020678285631437088,C,465.0,858638817,GLD   260410C00465000,GLD,-1.0,-1.0,,0.39,1.43,0.423918269742304,1.43,close,True,0.326133222136802,0.05056612736309087,0.005141716506783111,0.0640144002813573,-0.13374934999692512,429.31781005859375,195.0,0.0
2026-04-10T16:00:00-04:00,20260410,0.020678285631437088,C,466.0,858638881,GLD   260410C00466000,GLD,-1.0,-1.0,,0.31,1.34,0.38631659863144185,1.34,close,True,0.3270826986509954,0.04651390884923168,0.004791907136717352,0.06412730656770116,-0.12157785816722982,429.31781005859375,61.0,0.0
2026-04-10T16:00:00-04:00,20260410,0.020678285631437088,C,467.0,858638944,GLD   260410C00467000,GLD,-1.0,-1.0,,0.27,1.25,0.34875222427492725,1.25,close,True,0.3280895086322568,0.042482432965716,0.00444499776652187,0.06423952917071157,-0.10806654150004776,429.31781005859375,13.0,0.0
2026-04-10T16:00:00-04:00,20260410,0.020678285631437088,C,468.0,858639020,GLD   260410C00468000,GLD,-1.0,-1.0,,0.26,1.16,0.33224655110654316,1.16,close,True,0.32915983191277653,0.040122313664017854,0.004170123181278573,0.06427581881985645,-0.10181498701882638,429.31781005859375,24.0,0.0
2026-04-10T16:00:00-04:00,20260410,0.020678285631437088,C,469.0,858639080,GLD   260410C00469000,GLD,-1.0,-1.0,,0.3,1.07,0.289213298746583,1.07,close,True,0.33029260402385213,0.03589140270072348,0.0038503445166874154,0.05161363821759246,-0.09486824218313768,429.31781005859375,16.0,0.0
2026-04-10T16:00:00-04:00,20260410,0.020678285631437088,C,470.0,858639153,GLD   260410C00470000,GLD,-1.0,-1.0,,0.25,0.98,0.2667343045146251,0.98,close,True,0.33148566645950306,0.03326827353982639,0.0035965844538652374,0.04486554924134878,-0.09461180995750162,429.31781005859375,86.0,0.0
2026-04-10T16:00:00-04:00,20260410,0.020678285631437088,C,471.0,858639232,GLD   260410C00471000,GLD,-1.0,-1.0,,0.19,0.91,0.24458981473715988,0.91,close,True,0.332736831145174,0.030696568950917897,0.0033487467674086537,0.04493822006909251,-0.08614040855224489,429.31781005859375,14.0,0.0
2026-04-10T16:00:00-04:00,20260410,0.020678285631437088,C,472.0,858639297,GLD   260410C00472000,GLD,-1.0,-1.0,,0.16,0.85,0.23639563081366413,0.85,close,True,0.33404399871203455,0.02930116233188543,0.0031611309857963736,0.04495816212110679,-0.0828679359411452,429.31781005859375,28.0,0.0
2026-04-10T16:00:00-04:00,20260410,0.020678285631437088,C,473.0,858639377,GLD   260410C00473000,GLD,-1.0,-1.0,,0.15,0.79,0.19650142887279123,0.79,close,True,0.3354051584969798,0.025191018800207143,0.0028256864425026,0.04507772368664409,-0.06774727118192128,429.31781005859375,10.0,0.0
2026-04-10T16:00:00-04:00,20260410,0.020678285631437088,C,474.0,858639440,GLD   260410C00474000,GLD,-1.0,-1.0,,0.16,0.74,,0.74,close,True,,,,,,,10.0,0.0
2026-04-10T16:00:00-04:00,20260410,0.020678285631437088,C,475.0,858639501,GLD   260410C00475000,GLD,-1.0,-1.0,,0.12,0.69,,0.69,close,True,,,,,,,168.0,0.0
2026-04-10T16:00:00-04:00,20260410,0.020678285631437088,C,476.0,858639581,GLD   260410C00476000,GLD,-1.0,-1.0,,0.11,0.64,,0.64,close,True,,,,,,,60.0,0.0
2026-04-10T16:00:00-04:00,20260410,0.020678285631437088,C,477.0,858639654,GLD   260410C00477000,GLD,-1.0,-1.0,,0.08,0.61,,0.61,close,True,,,,,,,10.0,0.0
2026-04-10T16:00:00-04:00,20260410,0.020678285631437088,C,478.0,858639707,GLD   260410C00478000,GLD,-1.0,-1.0,,0.08,0.57,,0.57,close,True,,,,,,,10.0,0.0
2026-04-10T16:00:00-04:00,20260410,0.020678285631437088,C,479.0,858639777,GLD   260410C00479000,GLD,-1.0,-1.0,,0.08,0.54,,0.54,close,True,,,,,,,12.0,0.0
2026-04-10T16:00:00-04:00,20260410,0.020678285631437088,C,486.0,858640244,GLD   260410C00486000,GLD,-1.0,-1.0,,0.04,0.34,,0.34,close,True,,,,,,,70.0,0.0
2026-04-10T16:00:00-04:00,20260410,0.020678285631437088,C,490.0,858640542,GLD   260410C00490000,GLD,-1.0,-1.0,,0.03,0.28,,0.28,close,True,,,,,,,48.0,0.0
2026-04-10T16:00:00-04:00,20260410,0.020678285631437088,C,495.0,859153496,GLD   260410C00495000,GLD,-1.0,-1.0,,0.01,0.21,,0.21,close,True,,,,,,,143.0,0.0
2026-04-10T16:00:00-04:00,20260410,0.020678285631437088,C,520.0,859153842,GLD   260410C00520000,GLD,-1.0,-1.0,,-1.0,0.09,,0.09,close,True,,,,,,,0.0,0.0
2026-04-10T16:00:00-04:00,20260410,0.020678285631437088,C,540.0,859154110,GLD   260410C00540000,GLD,-1.0,-1.0,,0.13,0.07,,0.07,close,True,,,,,,,2.0,0.0
2026-04-10T16:00:00-04:00,20260410,0.020678285631437088,C,560.0,859154367,GLD   260410C00560000,GLD,-1.0,-1.0,,0.02,0.05,,0.05,close,True,,,,,,,88.0,0.0
2026-04-10T16:00:00-04:00,20260410,0.020678285631437088,C,580.0,859154676,GLD   260410C00580000,GLD,-1.0,-1.0,,-1.0,0.02,,0.02,close,True,,,,,,,0.0,0.0
2026-04-10T16:00:00-04:00,20260410,0.020678285631437088,C,600.0,859154956,GLD   260410C00600000,GLD,-1.0,-1.0,,-1.0,0.01,,0.01,close,True,,,,,,,0.0,0.0
2026-04-10T16:00:00-04:00,20260410,0.020678285631437088,C,620.0,859155232,GLD   260410C00620000,GLD,-1.0,-1.0,,-1.0,0.0,,,,False,,,,,,,0.0,0.0
2026-04-10T16:00:00-04:00,20260410,0.020678285631437088,C,645.0,859155586,GLD   260410C00645000,GLD,-1.0,-1.0,,-1.0,0.0,,,,False,,,,,,,0.0,0.0
2026-04-10T16:00:00-04:00,20260410,0.020678285631437088,C,665.0,859155827,GLD   260410C00665000,GLD,-1.0,-1.0,,-1.0,0.0,,,,False,,,,,,,0.0,0.0
2026-04-10T16:00:00-04:00,20260410,0.020678285631437088,C,705.0,859156191,GLD   260410C00705000,GLD,-1.0,-1.0,,-1.0,0.0,,,,False,,,,,,,0.0,0.0
2026-04-10T16:00:00-04:00,20260410,0.020678285631437088,P,230.0,869054321,GLD   260410P00230000,GLD,-1.0,-1.0,,-1.0,0.0,,,,False,,,,,,,0.0,0.0
2026-04-10T16:00:00-04:00,20260410,0.020678285631437088,P,255.0,869054553,GLD   260410P00255000,GLD,-1.0,-1.0,,-1.0,0.0,,,,False,,,,,,,0.0,0.0
2026-04-10T16:00:00-04:00,20260410,0.020678285631437088,P,315.0,859156587,GLD   260410P00315000,GLD,-1.0,-1.0,,0.06,0.06,,0.06,close,True,,,,,,,87.0,105.0
2026-04-10T16:00:00-04:00,20260410,0.020678285631437088,P,375.0,859157242,GLD   260410P00375000,GLD,-1.0,-1.0,,0.46,0.44,,0.44,close,True,,,,,,,191.0,856.0
2026-04-10T16:00:00-04:00,20260410,0.020678285631437088,P,383.0,867927358,GLD   260410P00383000,GLD,-1.0,-1.0,,0.79,0.6,,0.6,close,True,,,,,,,401.0,12.0
2026-04-10T16:00:00-04:00,20260410,0.020678285631437088,P,392.0,867927389,GLD   260410P00392000,GLD,-1.0,-1.0,,1.1,0.87,,0.87,close,True,,,,,,,74.0,29.0
2026-04-10T16:00:00-04:00,20260410,0.020678285631437088,P,393.0,867927393,GLD   260410P00393000,GLD,-1.0,-1.0,,1.15,0.91,,0.91,close,True,,,,,,,57.0,257.0
2026-04-10T16:00:00-04:00,20260410,0.020678285631437088,P,394.0,867927396,GLD   260410P00394000,GLD,-1.0,-1.0,,1.22,0.95,,0.95,close,True,,,,,,,17.0,27.0
2026-04-10T16:00:00-04:00,20260410,0.020678285631437088,P,395.0,859157434,GLD   260410P00395000,GLD,-1.0,-1.0,,1.29,0.98,,0.98,close,True,,,,,,,158.0,915.0
2026-04-10T16:00:00-04:00,20260410,0.020678285631437088,P,396.0,867927403,GLD   260410P00396000,GLD,-1.0,-1.0,,1.36,1.02,,1.02,close,True,,,,,,,16.0,155.0
2026-04-10T16:00:00-04:00,20260410,0.020678285631437088,P,397.0,867927408,GLD   260410P00397000,GLD,-1.0,-1.0,,1.44,1.08,,1.08,close,True,,,,,,,14.0,31.0
2026-04-10T16:00:00-04:00,20260410,0.020678285631437088,P,398.0,867927413,GLD   260410P00398000,GLD,-1.0,-1.0,,1.51,1.13,,1.13,close,True,,,,,,,31.0,34.0
2026-04-10T16:00:00-04:00,20260410,0.020678285631437088,P,399.0,867927418,GLD   260410P00399000,GLD,-1.0,-1.0,,1.61,1.19,,1.19,close,True,,,,,,,54.0,133.0
2026-04-10T16:00:00-04:00,20260410,0.020678285631437088,P,400.0,859157489,GLD   260410P00400000,GLD,-1.0,-1.0,,1.75,1.25,,1.25,close,True,,,,,,,572.0,7639.0
2026-04-10T16:00:00-04:00,20260410,0.020678285631437088,P,401.0,867927423,GLD   260410P00401000,GLD,-1.0,-1.0,,1.8,1.31,,1.31,close,True,,,,,,,15.0,142.0
2026-04-10T16:00:00-04:00,20260410,0.020678285631437088,P,402.0,867927424,GLD   260410P00402000,GLD,-1.0,-1.0,,1.9,1.38,,1.38,close,True,,,,,,,76.0,36.0
2026-04-10T16:00:00-04:00,20260410,0.020678285631437088,P,403.0,867927434,GLD   260410P00403000,GLD,-1.0,-1.0,,2.01,1.45,,1.45,close,True,,,,,,,36.0,58.0
2026-04-10T16:00:00-04:00,20260410,0.020678285631437088,P,404.0,867927439,GLD   260410P00404000,GLD,-1.0,-1.0,,2.13,1.53,,1.53,close,True,,,,,,,16.0,115.0
2026-04-10T16:00:00-04:00,20260410,0.020678285631437088,P,405.0,859157540,GLD   260410P00405000,GLD,-1.0,-1.0,,2.26,1.61,,1.61,close,True,,,,,,,88.0,4589.0
2026-04-10T16:00:00-04:00,20260410,0.020678285631437088,P,406.0,867927441,GLD   260410P00406000,GLD,-1.0,-1.0,,2.37,1.69,,1.69,close,True,,,,,,,25.0,358.0
2026-04-10T16:00:00-04:00,20260410,0.020678285631437088,P,407.0,867927444,GLD   260410P00407000,GLD,-1.0,-1.0,,2.51,1.78,,1.78,close,True,,,,,,,47.0,107.0
2026-04-10T16:00:00-04:00,20260410,0.020678285631437088,P,408.0,867927451,GLD   260410P00408000,GLD,-1.0,-1.0,,2.64,1.87,,1.87,close,True,,,,,,,42.0,37.0
2026-04-10T16:00:00-04:00,20260410,0.020678285631437088,P,409.0,867927454,GLD   260410P00409000,GLD,-1.0,-1.0,,2.79,1.97,,1.97,close,True,,,,,,,20.0,71.0
2026-04-10T16:00:00-04:00,20260410,0.020678285631437088,P,410.0,859157581,GLD   260410P00410000,GLD,-1.0,-1.0,,2.96,2.06,,2.06,close,True,,,,,,,462.0,1187.0
2026-04-10T16:00:00-04:00,20260410,0.020678285631437088,P,411.0,867927458,GLD   260410P00411000,GLD,-1.0,-1.0,,3.1,2.16,,2.16,close,True,,,,,,,151.0,134.0
2026-04-10T16:00:00-04:00,20260410,0.020678285631437088,P,412.0,867927464,GLD   260410P00412000,GLD,-1.0,-1.0,,3.3,2.3,,2.3,close,True,,,,,,,18.0,290.0
2026-04-10T16:00:00-04:00,20260410,0.020678285631437088,P,413.0,867927469,GLD   260410P00413000,GLD,-1.0,-1.0,,4.65,2.43,,2.43,close,True,,,,,,,142.0,82.0
2026-04-10T16:00:00-04:00,20260410,0.020678285631437088,P,414.0,867927475,GLD   260410P00414000,GLD,-1.0,-1.0,,4.5,2.56,,2.56,close,True,,,,,,,184.0,3142.0
2026-04-10T16:00:00-04:00,20260410,0.020678285631437088,P,415.0,859157630,GLD   260410P00415000,GLD,-1.0,-1.0,,4.0,2.69,,2.69,close,True,,,,,,,1039.0,607.0
2026-04-10T16:00:00-04:00,20260410,0.020678285631437088,P,416.0,867927478,GLD   260410P00416000,GLD,-1.0,-1.0,,4.35,2.82,,2.82,close,True,,,,,,,356.0,2755.0
2026-04-10T16:00:00-04:00,20260410,0.020678285631437088,P,417.0,867927481,GLD   260410P00417000,GLD,-1.0,-1.0,,5.55,2.99,,2.99,close,True,,,,,,,39.0,21.0
2026-04-10T16:00:00-04:00,20260410,0.020678285631437088,P,418.0,867927484,GLD   260410P00418000,GLD,-1.0,-1.0,,5.53,3.16,,3.16,close,True,,,,,,,22.0,196.0
2026-04-10T16:00:00-04:00,20260410,0.020678285631437088,P,419.0,867927492,GLD   260410P00419000,GLD,-1.0,-1.0,,5.9,3.33,,3.33,close,True,,,,,,,114.0,41.0
2026-04-10T16:00:00-04:00,20260410,0.020678285631437088,P,420.0,859157688,GLD   260410P00420000,GLD,-1.0,-1.0,,5.45,3.5,,3.5,close,True,,,,,,,1259.0,863.0
2026-04-10T16:00:00-04:00,20260410,0.020678285631437088,P,421.0,867927499,GLD   260410P00421000,GLD,-1.0,-1.0,,5.8,3.72,,3.72,close,True,,,,,,,20.0,62.0
2026-04-10T16:00:00-04:00,20260410,0.020678285631437088,P,422.0,867927502,GLD   260410P00422000,GLD,-1.0,-1.0,,6.35,3.93,,3.93,close,True,,,,,,,90.0,8.0
2026-04-10T16:00:00-04:00,20260410,0.020678285631437088,P,423.0,867927504,GLD   260410P00423000,GLD,-1.0,-1.0,,6.1,4.14,,4.14,close,True,,,,,,,1502.0,19.0
2026-04-10T16:00:00-04:00,20260410,0.020678285631437088,P,424.0,867927509,GLD   260410P00424000,GLD,-1.0,-1.0,,6.75,4.36,,4.36,close,True,,,,,,,908.0,702.0
2026-04-10T16:00:00-04:00,20260410,0.020678285631437088,P,425.0,859157736,GLD   260410P00425000,GLD,-1.0,-1.0,,6.75,4.58,,4.58,close,True,,,,,,,640.0,662.0
2026-04-10T16:00:00-04:00,20260410,0.020678285631437088,P,426.0,867927514,GLD   260410P00426000,GLD,-1.0,-1.0,,8.15,4.85,,4.85,close,True,,,,,,,60.0,8.0
2026-04-10T16:00:00-04:00,20260410,0.020678285631437088,P,427.0,867927523,GLD   260410P00427000,GLD,-1.0,-1.0,,7.75,5.11,,5.11,close,True,,,,,,,4112.0,11.0
2026-04-10T16:00:00-04:00,20260410,0.020678285631437088,P,428.0,867927526,GLD   260410P00428000,GLD,-1.0,-1.0,,8.25,5.42,,5.42,close,True,,,,,,,4149.0,200.0
2026-04-10T16:00:00-04:00,20260410,0.020678285631437088,P,429.0,867927529,GLD   260410P00429000,GLD,-1.0,-1.0,,8.4,5.73,,5.73,close,True,,,,,,,8309.0,290.0
2026-04-10T16:00:00-04:00,20260410,0.020678285631437088,P,430.0,859157797,GLD   260410P00430000,GLD,-1.0,-1.0,,8.78,6.03,,6.03,close,True,,,,,,,255.0,1107.0
2026-04-10T16:00:00-04:00,20260410,0.020678285631437088,P,431.0,867927532,GLD   260410P00431000,GLD,-1.0,-1.0,,10.55,6.38,,6.38,close,True,,,,,,,56.0,147.0
2026-04-10T16:00:00-04:00,20260410,0.020678285631437088,P,432.0,867927538,GLD   260410P00432000,GLD,-1.0,-1.0,,10.39,6.72,,6.72,close,True,,,,,,,46.0,33.0
2026-04-10T16:00:00-04:00,20260410,0.020678285631437088,P,433.0,867927543,GLD   260410P00433000,GLD,-1.0,-1.0,,-1.0,7.06,,7.06,close,True,,,,,,,3.0,13.0
2026-04-10T16:00:00-04:00,20260410,0.020678285631437088,P,434.0,866174940,GLD   260410P00434000,GLD,-1.0,-1.0,,11.95,7.4,,7.4,close,True,,,,,,,6.0,14.0
2026-04-10T16:00:00-04:00,20260410,0.020678285631437088,P,435.0,859157848,GLD   260410P00435000,GLD,-1.0,-1.0,,11.87,7.83,,7.83,close,True,,,,,,,123.0,439.0
2026-04-10T16:00:00-04:00,20260410,0.020678285631437088,P,436.0,866175050,GLD   260410P00436000,GLD,-1.0,-1.0,,13.5,8.25,,8.25,close,True,,,,,,,5.0,24.0
2026-04-10T16:00:00-04:00,20260410,0.020678285631437088,P,437.0,866175128,GLD   260410P00437000,GLD,-1.0,-1.0,,13.8,8.68,,8.68,close,True,,,,,,,10.0,7.0
2026-04-10T16:00:00-04:00,20260410,0.020678285631437088,P,438.0,866175217,GLD   260410P00438000,GLD,-1.0,-1.0,,13.8,9.12,,9.12,close,True,,,,,,,29.0,52.0
2026-04-10T16:00:00-04:00,20260410,0.020678285631437088,P,439.0,866175312,GLD   260410P00439000,GLD,-1.0,-1.0,,15.65,9.63,,9.63,close,True,,,,,,,16.0,33.0
2026-04-10T16:00:00-04:00,20260410,0.020678285631437088,P,440.0,859157908,GLD   260410P00440000,GLD,-1.0,-1.0,,15.1,10.14,,10.14,close,True,,,,,,,130.0,961.0
2026-04-10T16:00:00-04:00,20260410,0.020678285631437088,P,441.0,866175407,GLD   260410P00441000,GLD,-1.0,-1.0,,-1.0,10.68,,10.68,close,True,,,,,,,3.0,10.0
2026-04-10T16:00:00-04:00,20260410,0.020678285631437088,P,442.0,866175497,GLD   260410P00442000,GLD,-1.0,-1.0,,15.85,11.22,,11.22,close,True,,,,,,,29.0,28.0
2026-04-10T16:00:00-04:00,20260410,0.020678285631437088,P,443.0,866175589,GLD   260410P00443000,GLD,-1.0,-1.0,,-1.0,11.78,,11.78,close,True,,,,,,,12.0,11.0
2026-04-10T16:00:00-04:00,20260410,0.020678285631437088,P,444.0,866175685,GLD   260410P00444000,GLD,-1.0,-1.0,,17.4,12.33,,12.33,close,True,,,,,,,10.0,29.0
2026-04-10T16:00:00-04:00,20260410,0.020678285631437088,P,445.0,859157966,GLD   260410P00445000,GLD,-1.0,-1.0,,17.65,12.91,,12.91,close,True,,,,,,,94.0,612.0
2026-04-10T16:00:00-04:00,20260410,0.020678285631437088,P,446.0,859158017,GLD   260410P00446000,GLD,-1.0,-1.0,,-1.0,13.53,,13.53,close,True,,,,,,,4.0,265.0
2026-04-10T16:00:00-04:00,20260410,0.020678285631437088,P,447.0,859158077,GLD   260410P00447000,GLD,-1.0,-1.0,,-1.0,14.16,,14.16,close,True,,,,,,,1.0,184.0
2026-04-10T16:00:00-04:00,20260410,0.020678285631437088,P,448.0,859158134,GLD   260410P00448000,GLD,,,,,14.79,,14.79,close,True,,,,,,,9.0,76.0
2026-04-10T16:00:00-04:00,20260410,0.020678285631437088,P,449.0,859158173,GLD   260410P00449000,GLD,,,,,,,,,False,,,,,,,,113.0
2026-04-10T16:00:00-04:00,20260410,0.020678285631437088,P,450.0,859158245,GLD   260410P00450000,GLD,-1.0,-1.0,,22.42,16.11,,16.11,close,True,,,,,,,89.0,1171.0
2026-04-10T16:00:00-04:00,20260410,0.020678285631437088,P,451.0,859158302,GLD   260410P00451000,GLD,-1.0,-1.0,,-1.0,16.84,,16.84,close,True,,,,,,,0.0,1089.0
2026-04-10T16:00:00-04:00,20260410,0.020678285631437088,P,452.0,859158362,GLD   260410P00452000,GLD,-1.0,-1.0,,-1.0,17.57,,17.57,close,True,,,,,,,0.0,1068.0
2026-04-10T16:00:00-04:00,20260410,0.020678285631437088,P,453.0,859158397,GLD   260410P00453000,GLD,-1.0,-1.0,,-1.0,18.32,,18.32,close,True,,,,,,,0.0,73.0
2026-04-10T16:00:00-04:00,20260410,0.020678285631437088,P,454.0,859158473,GLD   260410P00454000,GLD,-1.0,-1.0,,-1.0,19.08,,19.08,close,True,,,,,,,3.0,277.0
2026-04-10T16:00:00-04:00,20260410,0.020678285631437088,P,455.0,859158517,GLD   260410P00455000,GLD,-1.0,-1.0,,26.9,19.84,,19.84,close,True,,,,,,,39.0,463.0
2026-04-10T16:00:00-04:00,20260410,0.020678285631437088,P,456.0,859158579,GLD   260410P00456000,GLD,-1.0,-1.0,,-1.0,20.63,,20.63,close,True,,,,,,,4.0,97.0
2026-04-10T16:00:00-04:00,20260410,0.020678285631437088,P,457.0,859158630,GLD   260410P00457000,GLD,-1.0,-1.0,,-1.0,21.42,,21.42,close,True,,,,,,,8.0,28.0
2026-04-10T16:00:00-04:00,20260410,0.020678285631437088,P,458.0,859158698,GLD   260410P00458000,GLD,-1.0,-1.0,,-1.0,22.24,,22.24,close,True,,,,,,,4.0,87.0
2026-04-10T16:00:00-04:00,20260410,0.020678285631437088,P,459.0,859158768,GLD   260410P00459000,GLD,-1.0,-1.0,,-1.0,23.08,,23.08,close,True,,,,,,,4.0,190.0
2026-04-10T16:00:00-04:00,20260410,0.020678285631437088,P,460.0,859158828,GLD   260410P00460000,GLD,-1.0,-1.0,,31.3,23.92,,23.92,close,True,,,,,,,6.0,1475.0
2026-04-10T16:00:00-04:00,20260410,0.020678285631437088,P,461.0,859158888,GLD   260410P00461000,GLD,-1.0,-1.0,,-1.0,24.76,,24.76,close,True,,,,,,,2.0,41.0
2026-04-10T16:00:00-04:00,20260410,0.020678285631437088,P,462.0,859158948,GLD   260410P00462000,GLD,-1.0,-1.0,,-1.0,25.63,,25.63,close,True,,,,,,,0.0,1058.0
2026-04-10T16:00:00-04:00,20260410,0.020678285631437088,P,463.0,859159001,GLD   260410P00463000,GLD,-1.0,-1.0,,34.0,26.51,,26.51,close,True,,,,,,,1.0,60.0
2026-04-10T16:00:00-04:00,20260410,0.020678285631437088,P,464.0,858640751,GLD   260410P00464000,GLD,-1.0,-1.0,,-1.0,27.38,,27.38,close,True,,,,,,,4.0,40.0
2026-04-10T16:00:00-04:00,20260410,0.020678285631437088,P,465.0,858640818,GLD   260410P00465000,GLD,-1.0,-1.0,,38.5,28.26,,28.26,close,True,,,,,,,3.0,100.0
2026-04-10T16:00:00-04:00,20260410,0.020678285631437088,P,466.0,858640886,GLD   260410P00466000,GLD,-1.0,-1.0,,-1.0,29.18,,29.18,close,True,,,,,,,0.0,19.0
2026-04-10T16:00:00-04:00,20260410,0.020678285631437088,P,467.0,858640956,GLD   260410P00467000,GLD,-1.0,-1.0,,-1.0,30.09,,30.09,close,True,,,,,,,15.0,56.0
2026-04-10T16:00:00-04:00,20260410,0.020678285631437088,P,468.0,858641026,GLD   260410P00468000,GLD,-1.0,-1.0,,39.0,31.0,,31.0,close,True,,,,,,,1.0,31.0
2026-04-10T16:00:00-04:00,20260410,0.020678285631437088,P,469.0,858641100,GLD   260410P00469000,GLD,-1.0,-1.0,,-1.0,31.92,,31.92,close,True,,,,,,,1.0,19.0
2026-04-10T16:00:00-04:00,20260410,0.020678285631437088,P,470.0,858641166,GLD   260410P00470000,GLD,-1.0,-1.0,,-1.0,32.83,,32.83,close,True,,,,,,,7.0,162.0
2026-04-10T16:00:00-04:00,20260410,0.020678285631437088,P,471.0,858641231,GLD   260410P00471000,GLD,-1.0,-1.0,,-1.0,33.78,,33.78,close,True,,,,,,,1.0,16.0
2026-04-10T16:00:00-04:00,20260410,0.020678285631437088,P,472.0,858641289,GLD   260410P00472000,GLD,-1.0,-1.0,,-1.0,34.72,,34.72,close,True,,,,,,,0.0,31.0
2026-04-10T16:00:00-04:00,20260410,0.020678285631437088,P,473.0,858641369,GLD   260410P00473000,GLD,-1.0,-1.0,,-1.0,35.67,,35.67,close,True,,,,,,,1.0,21.0
2026-04-10T16:00:00-04:00,20260410,0.020678285631437088,P,474.0,858641437,GLD   260410P00474000,GLD,-1.0,-1.0,,-1.0,36.62,,36.62,close,True,,,,,,,0.0,35.0
2026-04-10T16:00:00-04:00,20260410,0.020678285631437088,P,475.0,858641500,GLD   260410P00475000,GLD,-1.0,-1.0,,-1.0,37.58,,37.58,close,True,,,,,,,6.0,
2026-04-10T16:00:00-04:00,20260410,0.020678285631437088,P,476.0,858641562,GLD   260410P00476000,GLD,-1.0,-1.0,,-1.0,38.53,,38.53,close,True,,,,,,,0.0,
2026-04-10T16:00:00-04:00,20260410,0.020678285631437088,P,477.0,858641651,GLD   260410P00477000,GLD,-1.0,-1.0,,-1.0,39.5,,39.5,close,True,,,,,,,0.0,
2026-04-10T16:00:00-04:00,20260410,0.020678285631437088,P,478.0,858641716,GLD   260410P00478000,GLD,-1.0,-1.0,,-1.0,40.47,,40.47,close,True,,,,,,,0.0,23.0
2026-04-10T16:00:00-04:00,20260410,0.020678285631437088,P,479.0,858641781,GLD   260410P00479000,GLD,-1.0,-1.0,,-1.0,41.44,,41.44,close,True,,,,,,,0.0,8.0
2026-04-10T16:00:00-04:00,20260410,0.020678285631437088,P,486.0,858642317,GLD   260410P00486000,GLD,-1.0,-1.0,,-1.0,48.29,,48.29,close,True,,,,,,,0.0,0.0
2026-04-10T16:00:00-04:00,20260410,0.020678285631437088,P,490.0,858642647,GLD   260410P00490000,GLD,-1.0,-1.0,,-1.0,52.24,,52.24,close,True,,,,,,,0.0,240.0
2026-04-10T16:00:00-04:00,20260410,0.020678285631437088,P,495.0,859159198,GLD   260410P00495000,GLD,-1.0,-1.0,,-1.0,57.21,,57.21,close,True,,,,,,,0.0,5.0
2026-04-10T16:00:00-04:00,20260410,0.020678285631437088,P,520.0,859159462,GLD   260410P00520000,GLD,-1.0,-1.0,,-1.0,82.18,,82.18,close,True,,,,,,,0.0,0.0
2026-04-10T16:00:00-04:00,20260410,0.020678285631437088,P,540.0,859159676,GLD   260410P00540000,GLD,-1.0,-1.0,,-1.0,102.18,,102.18,close,True,,,,,,,0.0,0.0
2026-04-10T16:00:00-04:00,20260410,0.020678285631437088,P,560.0,859159883,GLD   260410P00560000,GLD,-1.0,-1.0,,-1.0,122.18,,122.18,close,True,,,,,,,0.0,0.0
2026-04-10T16:00:00-04:00,20260410,0.020678285631437088,P,580.0,859160076,GLD   260410P00580000,GLD,-1.0,-1.0,,-1.0,142.18,,142.18,close,True,,,,,,,0.0,0.0
2026-04-10T16:00:00-04:00,20260410,0.020678285631437088,P,600.0,859160286,GLD   260410P00600000,GLD,-1.0,-1.0,,-1.0,162.18,,162.18,close,True,,,,,,,0.0,0.0
2026-04-10T16:00:00-04:00,20260410,0.020678285631437088,P,620.0,859160502,GLD   260410P00620000,GLD,-1.0,-1.0,,-1.0,182.18,,182.18,close,True,,,,,,,0.0,0.0
2026-04-10T16:00:00-04:00,20260410,0.020678285631437088,P,645.0,859160780,GLD   260410P00645000,GLD,-1.0,-1.0,,-1.0,207.18,,207.18,close,True,,,,,,,0.0,0.0
2026-04-10T16:00:00-04:00,20260410,0.020678285631437088,P,665.0,859161008,GLD   260410P00665000,GLD,-1.0,-1.0,,-1.0,227.18,,227.18,close,True,,,,,,,0.0,0.0
2026-04-10T16:00:00-04:00,20260410,0.020678285631437088,P,705.0,859161410,GLD   260410P00705000,GLD,-1.0,-1.0,,-1.0,267.18,,267.18,close,True,,,,,,,0.0,0.0
2026-04-13T16:00:00-04:00,20260413,0.02889746371362887,C,315.0,870002386,GLD   260413C00315000,GLD,-1.0,-1.0,,-1.0,123.31,,123.31,close,True,,,,,,,0.0,
2026-04-13T16:00:00-04:00,20260413,0.02889746371362887,C,375.0,870002886,GLD   260413C00375000,GLD,-1.0,-1.0,,-1.0,63.8,,63.8,close,True,,,,,,,0.0,0.0
2026-04-13T16:00:00-04:00,20260413,0.02889746371362887,C,383.0,870003222,GLD   260413C00383000,GLD,-1.0,-1.0,,-1.0,56.0,,56.0,close,True,,,,,,,0.0,0.0
2026-04-13T16:00:00-04:00,20260413,0.02889746371362887,C,392.0,870003747,GLD   260413C00392000,GLD,-1.0,-1.0,,-1.0,47.32,,47.32,close,True,,,,,,,0.0,0.0
2026-04-13T16:00:00-04:00,20260413,0.02889746371362887,C,393.0,870003803,GLD   260413C00393000,GLD,-1.0,-1.0,,-1.0,46.37,,46.37,close,True,,,,,,,0.0,0.0
2026-04-13T16:00:00-04:00,20260413,0.02889746371362887,C,394.0,870003846,GLD   260413C00394000,GLD,-1.0,-1.0,,38.7,45.42,,45.42,close,True,,,,,,,1.0,0.0
2026-04-13T16:00:00-04:00,20260413,0.02889746371362887,C,395.0,869346462,GLD   260413C00395000,GLD,-1.0,-1.0,,-1.0,44.47,,44.47,close,True,,,,,,,0.0,0.0
2026-04-13T16:00:00-04:00,20260413,0.02889746371362887,C,396.0,869346527,GLD   260413C00396000,GLD,-1.0,-1.0,,-1.0,43.53,,43.53,close,True,,,,,,,0.0,0.0
2026-04-13T16:00:00-04:00,20260413,0.02889746371362887,C,397.0,869346572,GLD   260413C00397000,GLD,-1.0,-1.0,,29.25,42.59,,42.59,close,True,,,,,,,1.0,0.0
2026-04-13T16:00:00-04:00,20260413,0.02889746371362887,C,398.0,869346618,GLD   260413C00398000,GLD,-1.0,-1.0,,-1.0,41.67,,41.67,close,True,,,,,,,0.0,0.0
2026-04-13T16:00:00-04:00,20260413,0.02889746371362887,C,399.0,869346671,GLD   260413C00399000,GLD,-1.0,-1.0,,-1.0,40.74,,40.74,close,True,,,,,,,0.0,0.0
2026-04-13T16:00:00-04:00,20260413,0.02889746371362887,C,400.0,869346719,GLD   260413C00400000,GLD,-1.0,-1.0,,-1.0,39.82,,39.82,close,True,,,,,,,1.0,0.0
2026-04-13T16:00:00-04:00,20260413,0.02889746371362887,C,401.0,869346772,GLD   260413C00401000,GLD,-1.0,-1.0,,-1.0,38.9,,38.9,close,True,,,,,,,0.0,0.0
2026-04-13T16:00:00-04:00,20260413,0.02889746371362887,C,402.0,869346833,GLD   260413C00402000,GLD,-1.0,-1.0,,-1.0,37.99,,37.99,close,True,,,,,,,0.0,0.0
2026-04-13T16:00:00-04:00,20260413,0.02889746371362887,C,403.0,869346884,GLD   260413C00403000,GLD,-1.0,-1.0,,-1.0,37.07,,37.07,close,True,,,,,,,0.0,0.0
2026-04-13T16:00:00-04:00,20260413,0.02889746371362887,C,404.0,869346936,GLD   260413C00404000,GLD,-1.0,-1.0,,-1.0,36.15,,36.15,close,True,,,,,,,0.0,0.0
2026-04-13T16:00:00-04:00,20260413,0.02889746371362887,C,405.0,869346991,GLD   260413C00405000,GLD,-1.0,-1.0,,-1.0,35.23,,35.23,close,True,,,,,,,2.0,0.0
2026-04-13T16:00:00-04:00,20260413,0.02889746371362887,C,406.0,869347032,GLD   260413C00406000,GLD,-1.0,-1.0,,-1.0,34.33,,34.33,close,True,,,,,,,0.0,0.0
2026-04-13T16:00:00-04:00,20260413,0.02889746371362887,C,407.0,869347071,GLD   260413C00407000,GLD,-1.0,-1.0,,-1.0,33.44,,33.44,close,True,,,,,,,0.0,0.0
2026-04-13T16:00:00-04:00,20260413,0.02889746371362887,C,408.0,869347113,GLD   260413C00408000,GLD,-1.0,-1.0,,-1.0,32.56,,32.56,close,True,,,,,,,0.0,0.0
2026-04-13T16:00:00-04:00,20260413,0.02889746371362887,C,409.0,869347176,GLD   260413C00409000,GLD,-1.0,-1.0,,-1.0,31.68,,31.68,close,True,,,,,,,0.0,0.0
2026-04-13T16:00:00-04:00,20260413,0.02889746371362887,C,410.0,869347233,GLD   260413C00410000,GLD,-1.0,-1.0,,-1.0,30.79,,30.79,close,True,,,,,,,0.0,0.0
2026-04-13T16:00:00-04:00,20260413,0.02889746371362887,C,411.0,869347289,GLD   260413C00411000,GLD,-1.0,-1.0,,-1.0,29.93,,29.93,close,True,,,,,,,0.0,0.0
2026-04-13T16:00:00-04:00,20260413,0.02889746371362887,C,412.0,869347333,GLD   260413C00412000,GLD,-1.0,-1.0,,-1.0,29.06,,29.06,close,True,,,,,,,0.0,0.0
2026-04-13T16:00:00-04:00,20260413,0.02889746371362887,C,413.0,869347385,GLD   260413C00413000,GLD,-1.0,-1.0,,-1.0,28.2,,28.2,close,True,,,,,,,0.0,0.0
2026-04-13T16:00:00-04:00,20260413,0.02889746371362887,C,414.0,869347423,GLD   260413C00414000,GLD,-1.0,-1.0,,-1.0,27.34,,27.34,close,True,,,,,,,0.0,0.0
2026-04-13T16:00:00-04:00,20260413,0.02889746371362887,C,415.0,869347478,GLD   260413C00415000,GLD,-1.0,-1.0,,19.75,26.47,,26.47,close,True,,,,,,,18.0,0.0
2026-04-13T16:00:00-04:00,20260413,0.02889746371362887,C,416.0,869347529,GLD   260413C00416000,GLD,-1.0,-1.0,,-1.0,25.65,,25.65,close,True,,,,,,,6.0,0.0
2026-04-13T16:00:00-04:00,20260413,0.02889746371362887,C,417.0,869347583,GLD   260413C00417000,GLD,-1.0,-1.0,,-1.0,24.82,,24.82,close,True,,,,,,,8.0,0.0
2026-04-13T16:00:00-04:00,20260413,0.02889746371362887,C,418.0,869347634,GLD   260413C00418000,GLD,-1.0,-1.0,,-1.0,24.01,,24.01,close,True,,,,,,,10.0,0.0
2026-04-13T16:00:00-04:00,20260413,0.02889746371362887,C,419.0,869347682,GLD   260413C00419000,GLD,-1.0,-1.0,,15.65,23.2,,23.2,close,True,,,,,,,9.0,0.0
2026-04-13T16:00:00-04:00,20260413,0.02889746371362887,C,420.0,869347735,GLD   260413C00420000,GLD,-1.0,-1.0,,14.35,22.4,,22.4,close,True,,,,,,,9.0,0.0
2026-04-13T16:00:00-04:00,20260413,0.02889746371362887,C,421.0,869347778,GLD   260413C00421000,GLD,-1.0,-1.0,,-1.0,21.64,,21.64,close,True,,,,,,,9.0,0.0
2026-04-13T16:00:00-04:00,20260413,0.02889746371362887,C,422.0,869347828,GLD   260413C00422000,GLD,-1.0,-1.0,,-1.0,20.87,,20.87,close,True,,,,,,,11.0,0.0
2026-04-13T16:00:00-04:00,20260413,0.02889746371362887,C,423.0,869347877,GLD   260413C00423000,GLD,-1.0,-1.0,,10.7,20.1,,20.1,close,True,,,,,,,9.0,0.0
2026-04-13T16:00:00-04:00,20260413,0.02889746371362887,C,424.0,869347928,GLD   260413C00424000,GLD,-1.0,-1.0,,13.75,19.33,,19.33,close,True,,,,,,,9.0,0.0
2026-04-13T16:00:00-04:00,20260413,0.02889746371362887,C,425.0,870004046,GLD   260413C00425000,GLD,-1.0,-1.0,,12.1,18.57,,18.57,close,True,,,,,,,23.0,0.0
2026-04-13T16:00:00-04:00,20260413,0.02889746371362887,C,426.0,870004098,GLD   260413C00426000,GLD,-1.0,-1.0,,-1.0,17.87,,17.87,close,True,,,,,,,2.0,0.0
2026-04-13T16:00:00-04:00,20260413,0.02889746371362887,C,427.0,870004145,GLD   260413C00427000,GLD,-1.0,-1.0,,11.4,17.17,,17.17,close,True,,,,,,,71.0,0.0
2026-04-13T16:00:00-04:00,20260413,0.02889746371362887,C,428.0,870004203,GLD   260413C00428000,GLD,-1.0,-1.0,,-1.0,16.47,,16.47,close,True,,,,,,,8.0,0.0
2026-04-13T16:00:00-04:00,20260413,0.02889746371362887,C,429.0,870004253,GLD   260413C00429000,GLD,-1.0,-1.0,,10.1,15.77,,15.77,close,True,,,,,,,26.0,0.0
2026-04-13T16:00:00-04:00,20260413,0.02889746371362887,C,430.0,870004316,GLD   260413C00430000,GLD,-1.0,-1.0,,9.65,15.08,,15.08,close,True,,,,,,,108.0,0.0
2026-04-13T16:00:00-04:00,20260413,0.02889746371362887,C,431.0,870004387,GLD   260413C00431000,GLD,-1.0,-1.0,,8.9,14.42,,14.42,close,True,,,,,,,27.0,0.0
2026-04-13T16:00:00-04:00,20260413,0.02889746371362887,C,432.0,870004433,GLD   260413C00432000,GLD,-1.0,-1.0,,8.41,13.76,,13.76,close,True,,,,,,,2.0,0.0
2026-04-13T16:00:00-04:00,20260413,0.02889746371362887,C,433.0,870004502,GLD   260413C00433000,GLD,-1.0,-1.0,,8.1,13.1,,13.1,close,True,,,,,,,21.0,0.0
2026-04-13T16:00:00-04:00,20260413,0.02889746371362887,C,434.0,870004550,GLD   260413C00434000,GLD,-1.0,-1.0,,-1.0,12.45,,12.45,close,True,,,,,,,2.0,0.0
2026-04-13T16:00:00-04:00,20260413,0.02889746371362887,C,435.0,870004602,GLD   260413C00435000,GLD,-1.0,-1.0,,7.65,11.87,,11.87,close,True,,,,,,,21.0,0.0
2026-04-13T16:00:00-04:00,20260413,0.02889746371362887,C,436.0,870004638,GLD   260413C00436000,GLD,-1.0,-1.0,,-1.0,11.32,,11.32,close,True,,,,,,,0.0,0.0
2026-04-13T16:00:00-04:00,20260413,0.02889746371362887,C,437.0,870004686,GLD   260413C00437000,GLD,-1.0,-1.0,,4.3,10.77,,10.77,close,True,,,,,,,5.0,0.0
2026-04-13T16:00:00-04:00,20260413,0.02889746371362887,C,438.0,870004728,GLD   260413C00438000,GLD,-1.0,-1.0,,-1.0,10.24,,10.24,close,True,,,,,,,21.0,0.0
2026-04-13T16:00:00-04:00,20260413,0.02889746371362887,C,439.0,870004764,GLD   260413C00439000,GLD,-1.0,-1.0,,5.15,9.7,,9.7,close,True,,,,,,,2.0,0.0
2026-04-13T16:00:00-04:00,20260413,0.02889746371362887,C,440.0,870004809,GLD   260413C00440000,GLD,-1.0,-1.0,,5.0,9.17,,9.17,close,True,,,,,,,1118.0,0.0
2026-04-13T16:00:00-04:00,20260413,0.02889746371362887,C,441.0,870004853,GLD   260413C00441000,GLD,-1.0,-1.0,,-1.0,8.71,,8.71,close,True,,,,,,,0.0,0.0
2026-04-13T16:00:00-04:00,20260413,0.02889746371362887,C,442.0,870004904,GLD   260413C00442000,GLD,-1.0,-1.0,,5.0,8.27,,8.27,close,True,,,,,,,8.0,0.0
2026-04-13T16:00:00-04:00,20260413,0.02889746371362887,C,443.0,870004949,GLD   260413C00443000,GLD,-1.0,-1.0,,4.8,7.82,,7.82,close,True,,,,,,,7.0,0.0
2026-04-13T16:00:00-04:00,20260413,0.02889746371362887,C,444.0,870004995,GLD   260413C00444000,GLD,-1.0,-1.0,,4.0,7.37,,7.37,close,True,,,,,,,2.0,0.0
2026-04-13T16:00:00-04:00,20260413,0.02889746371362887,C,445.0,870005040,GLD   260413C00445000,GLD,-1.0,-1.0,,3.65,6.92,,6.92,close,True,,,,,,,42.0,0.0
2026-04-13T16:00:00-04:00,20260413,0.02889746371362887,C,446.0,870005098,GLD   260413C00446000,GLD,-1.0,-1.0,,-1.0,6.53,,6.53,close,True,,,,,,,0.0,0.0
2026-04-13T16:00:00-04:00,20260413,0.02889746371362887,C,447.0,870005146,GLD   260413C00447000,GLD,-1.0,-1.0,,3.05,6.13,,6.13,close,True,,,,,,,2.0,0.0
2026-04-13T16:00:00-04:00,20260413,0.02889746371362887,C,448.0,870005211,GLD   260413C00448000,GLD,-1.0,-1.0,,-1.0,5.76,,5.76,close,True,,,,,,,14.0,0.0
2026-04-13T16:00:00-04:00,20260413,0.02889746371362887,C,449.0,870005248,GLD   260413C00449000,GLD,-1.0,-1.0,,2.63,5.42,,5.42,close,True,,,,,,,40.0,0.0
2026-04-13T16:00:00-04:00,20260413,0.02889746371362887,C,450.0,870005299,GLD   260413C00450000,GLD,-1.0,-1.0,,2.75,5.08,,5.08,close,True,,,,,,,63.0,0.0
2026-04-13T16:00:00-04:00,20260413,0.02889746371362887,C,451.0,870005333,GLD   260413C00451000,GLD,-1.0,-1.0,,-1.0,4.78,,4.78,close,True,,,,,,,0.0,0.0
2026-04-13T16:00:00-04:00,20260413,0.02889746371362887,C,452.0,870005378,GLD   260413C00452000,GLD,-1.0,-1.0,,1.8,4.47,,4.47,close,True,,,,,,,4.0,0.0
2026-04-13T16:00:00-04:00,20260413,0.02889746371362887,C,453.0,870005438,GLD   260413C00453000,GLD,-1.0,-1.0,,-1.0,4.2,,4.2,close,True,,,,,,,1.0,0.0
2026-04-13T16:00:00-04:00,20260413,0.02889746371362887,C,454.0,870005483,GLD   260413C00454000,GLD,-1.0,-1.0,,2.08,3.93,,3.93,close,True,,,,,,,1.0,0.0
2026-04-13T16:00:00-04:00,20260413,0.02889746371362887,C,455.0,870005525,GLD   260413C00455000,GLD,-1.0,-1.0,,-1.0,3.69,,3.69,close,True,,,,,,,10.0,0.0
2026-04-13T16:00:00-04:00,20260413,0.02889746371362887,C,456.0,870005578,GLD   260413C00456000,GLD,-1.0,-1.0,,-1.0,3.45,,3.45,close,True,,,,,,,0.0,0.0
2026-04-13T16:00:00-04:00,20260413,0.02889746371362887,C,457.0,870005619,GLD   260413C00457000,GLD,-1.0,-1.0,,-1.0,3.21,,3.21,close,True,,,,,,,0.0,0.0
2026-04-13T16:00:00-04:00,20260413,0.02889746371362887,C,458.0,870005650,GLD   260413C00458000,GLD,-1.0,-1.0,,1.43,2.97,,2.97,close,True,,,,,,,6.0,0.0
2026-04-13T16:00:00-04:00,20260413,0.02889746371362887,C,459.0,870005690,GLD   260413C00459000,GLD,-1.0,-1.0,,-1.0,2.77,,2.77,close,True,,,,,,,0.0,0.0
2026-04-13T16:00:00-04:00,20260413,0.02889746371362887,C,460.0,870005733,GLD   260413C00460000,GLD,-1.0,-1.0,,1.14,2.58,,2.58,close,True,,,,,,,101.0,0.0
2026-04-13T16:00:00-04:00,20260413,0.02889746371362887,C,465.0,870005772,GLD   260413C00465000,GLD,-1.0,-1.0,,0.66,1.83,,1.83,close,True,,,,,,,15.0,0.0
2026-04-13T16:00:00-04:00,20260413,0.02889746371362887,C,470.0,870005813,GLD   260413C00470000,GLD,-1.0,-1.0,,0.48,1.27,,1.27,close,True,,,,,,,54.0,0.0
2026-04-13T16:00:00-04:00,20260413,0.02889746371362887,C,475.0,870005849,GLD   260413C00475000,GLD,-1.0,-1.0,,0.47,0.93,,0.93,close,True,,,,,,,33.0,0.0
2026-04-13T16:00:00-04:00,20260413,0.02889746371362887,C,490.0,870006018,GLD   260413C00490000,GLD,-1.0,-1.0,,-1.0,0.44,,0.44,close,True,,,,,,,8.0,0.0
2026-04-13T16:00:00-04:00,20260413,0.02889746371362887,C,495.0,870006068,GLD   260413C00495000,GLD,-1.0,-1.0,,-1.0,0.39,,0.39,close,True,,,,,,,0.0,0.0
2026-04-13T16:00:00-04:00,20260413,0.02889746371362887,C,520.0,870006363,GLD   260413C00520000,GLD,-1.0,-1.0,,-1.0,0.2,,0.2,close,True,,,,,,,0.0,0.0
2026-04-13T16:00:00-04:00,20260413,0.02889746371362887,C,540.0,870006623,GLD   260413C00540000,GLD,-1.0,-1.0,,-1.0,0.08,,0.08,close,True,,,,,,,0.0,0.0
2026-04-13T16:00:00-04:00,20260413,0.02889746371362887,C,560.0,870006866,GLD   260413C00560000,GLD,-1.0,-1.0,,-1.0,0.04,,0.04,close,True,,,,,,,0.0,0.0
2026-04-13T16:00:00-04:00,20260413,0.02889746371362887,C,580.0,870007043,GLD   260413C00580000,GLD,-1.0,-1.0,,-1.0,0.02,,0.02,close,True,,,,,,,0.0,0.0
2026-04-13T16:00:00-04:00,20260413,0.02889746371362887,C,600.0,870007232,GLD   260413C00600000,GLD,-1.0,-1.0,,-1.0,0.01,,0.01,close,True,,,,,,,0.0,0.0
2026-04-13T16:00:00-04:00,20260413,0.02889746371362887,P,315.0,870007636,GLD   260413P00315000,GLD,-1.0,-1.0,,0.1,0.12,,0.12,close,True,,,,,,,1.0,1.0
2026-04-13T16:00:00-04:00,20260413,0.02889746371362887,P,375.0,870008077,GLD   260413P00375000,GLD,-1.0,-1.0,,0.95,0.55,,0.55,close,True,,,,,,,60.0,44.0
2026-04-13T16:00:00-04:00,20260413,0.02889746371362887,P,383.0,870008346,GLD   260413P00383000,GLD,-1.0,-1.0,,-1.0,0.73,,0.73,close,True,,,,,,,0.0,0.0
2026-04-13T16:00:00-04:00,20260413,0.02889746371362887,P,392.0,870008696,GLD   260413P00392000,GLD,-1.0,-1.0,,1.79,1.05,,1.05,close,True,,,,,,,6.0,11.0
2026-04-13T16:00:00-04:00,20260413,0.02889746371362887,P,393.0,870008741,GLD   260413P00393000,GLD,-1.0,-1.0,,-1.0,1.1,,1.1,close,True,,,,,,,0.0,0.0
2026-04-13T16:00:00-04:00,20260413,0.02889746371362887,P,394.0,870008777,GLD   260413P00394000,GLD,-1.0,-1.0,,-1.0,1.14,,1.14,close,True,,,,,,,0.0,27.0
2026-04-13T16:00:00-04:00,20260413,0.02889746371362887,P,395.0,869347985,GLD   260413P00395000,GLD,-1.0,-1.0,,-1.0,1.19,,1.19,close,True,,,,,,,0.0,201.0
2026-04-13T16:00:00-04:00,20260413,0.02889746371362887,P,396.0,869348043,GLD   260413P00396000,GLD,-1.0,-1.0,,2.25,1.25,,1.25,close,True,,,,,,,10.0,1.0
2026-04-13T16:00:00-04:00,20260413,0.02889746371362887,P,397.0,869348088,GLD   260413P00397000,GLD,-1.0,-1.0,,-1.0,1.31,,1.31,close,True,,,,,,,0.0,5.0
2026-04-13T16:00:00-04:00,20260413,0.02889746371362887,P,398.0,869348139,GLD   260413P00398000,GLD,-1.0,-1.0,,-1.0,1.38,,1.38,close,True,,,,,,,4.0,1.0
2026-04-13T16:00:00-04:00,20260413,0.02889746371362887,P,399.0,869348179,GLD   260413P00399000,GLD,-1.0,-1.0,,3.59,1.46,,1.46,close,True,,,,,,,1.0,6.0
2026-04-13T16:00:00-04:00,20260413,0.02889746371362887,P,400.0,869348228,GLD   260413P00400000,GLD,-1.0,-1.0,,2.5,1.54,,1.54,close,True,,,,,,,8.0,78.0
2026-04-13T16:00:00-04:00,20260413,0.02889746371362887,P,401.0,869348280,GLD   260413P00401000,GLD,-1.0,-1.0,,-1.0,1.62,,1.62,close,True,,,,,,,0.0,1.0
2026-04-13T16:00:00-04:00,20260413,0.02889746371362887,P,402.0,869348333,GLD   260413P00402000,GLD,-1.0,-1.0,,-1.0,1.7,,1.7,close,True,,,,,,,4.0,1.0
2026-04-13T16:00:00-04:00,20260413,0.02889746371362887,P,403.0,869348373,GLD   260413P00403000,GLD,-1.0,-1.0,,-1.0,1.78,,1.78,close,True,,,,,,,1.0,2.0
2026-04-13T16:00:00-04:00,20260413,0.02889746371362887,P,404.0,869348436,GLD   260413P00404000,GLD,-1.0,-1.0,,-1.0,1.86,,1.86,close,True,,,,,,,0.0,1.0
2026-04-13T16:00:00-04:00,20260413,0.02889746371362887,P,405.0,869348489,GLD   260413P00405000,GLD,-1.0,-1.0,,-1.0,1.94,,1.94,close,True,,,,,,,6.0,26.0
2026-04-13T16:00:00-04:00,20260413,0.02889746371362887,P,406.0,869348533,GLD   260413P00406000,GLD,-1.0,-1.0,,3.65,2.04,,2.04,close,True,,,,,,,1.0,2.0
2026-04-13T16:00:00-04:00,20260413,0.02889746371362887,P,407.0,869348581,GLD   260413P00407000,GLD,-1.0,-1.0,,4.0,2.15,,2.15,close,True,,,,,,,7.0,11.0
2026-04-13T16:00:00-04:00,20260413,0.02889746371362887,P,408.0,869348638,GLD   260413P00408000,GLD,-1.0,-1.0,,-1.0,2.27,,2.27,close,True,,,,,,,0.0,2.0
2026-04-13T16:00:00-04:00,20260413,0.02889746371362887,P,409.0,869348688,GLD   260413P00409000,GLD,-1.0,-1.0,,-1.0,2.39,,2.39,close,True,,,,,,,0.0,2.0
2026-04-13T16:00:00-04:00,20260413,0.02889746371362887,P,410.0,869348755,GLD   260413P00410000,GLD,-1.0,-1.0,,3.7,2.5,,2.5,close,True,,,,,,,94.0,36.0
2026-04-13T16:00:00-04:00,20260413,0.02889746371362887,P,411.0,869348798,GLD   260413P00411000,GLD,-1.0,-1.0,,4.23,2.64,,2.64,close,True,,,,,,,4.0,1.0
2026-04-13T16:00:00-04:00,20260413,0.02889746371362887,P,412.0,869348848,GLD   260413P00412000,GLD,-1.0,-1.0,,4.95,2.77,,2.77,close,True,,,,,,,67.0,1.0
2026-04-13T16:00:00-04:00,20260413,0.02889746371362887,P,413.0,869348897,GLD   260413P00413000,GLD,-1.0,-1.0,,-1.0,2.91,,2.91,close,True,,,,,,,0.0,1.0
2026-04-13T16:00:00-04:00,20260413,0.02889746371362887,P,414.0,869348953,GLD   260413P00414000,GLD,-1.0,-1.0,,-1.0,3.04,,3.04,close,True,,,,,,,0.0,3.0
2026-04-13T16:00:00-04:00,20260413,0.02889746371362887,P,415.0,869349006,GLD   260413P00415000,GLD,-1.0,-1.0,,5.78,3.18,,3.18,close,True,,,,,,,127.0,29.0
2026-04-13T16:00:00-04:00,20260413,0.02889746371362887,P,416.0,869349066,GLD   260413P00416000,GLD,-1.0,-1.0,,5.35,3.35,,3.35,close,True,,,,,,,66.0,9.0
2026-04-13T16:00:00-04:00,20260413,0.02889746371362887,P,417.0,869349107,GLD   260413P00417000,GLD,-1.0,-1.0,,6.4,3.52,,3.52,close,True,,,,,,,11.0,5.0
2026-04-13T16:00:00-04:00,20260413,0.02889746371362887,P,418.0,869349179,GLD   260413P00418000,GLD,-1.0,-1.0,,5.9,3.71,,3.71,close,True,,,,,,,34.0,4.0
2026-04-13T16:00:00-04:00,20260413,0.02889746371362887,P,419.0,869349237,GLD   260413P00419000,GLD,-1.0,-1.0,,-1.0,3.9,,3.9,close,True,,,,,,,0.0,2.0
2026-04-13T16:00:00-04:00,20260413,0.02889746371362887,P,420.0,869349287,GLD   260413P00420000,GLD,-1.0,-1.0,,6.45,4.1,,4.1,close,True,,,,,,,67.0,24.0
2026-04-13T16:00:00-04:00,20260413,0.02889746371362887,P,421.0,869349343,GLD   260413P00421000,GLD,-1.0,-1.0,,6.35,4.34,,4.34,close,True,,,,,,,4.0,0.0
2026-04-13T16:00:00-04:00,20260413,0.02889746371362887,P,422.0,869349389,GLD   260413P00422000,GLD,-1.0,-1.0,,-1.0,4.57,,4.57,close,True,,,,,,,16.0,1.0
2026-04-13T16:00:00-04:00,20260413,0.02889746371362887,P,423.0,869349438,GLD   260413P00423000,GLD,-1.0,-1.0,,-1.0,4.8,,4.8,close,True,,,,,,,1.0,50.0
2026-04-13T16:00:00-04:00,20260413,0.02889746371362887,P,424.0,869349488,GLD   260413P00424000,GLD,-1.0,-1.0,,8.85,5.03,,5.03,close,True,,,,,,,7.0,1.0
2026-04-13T16:00:00-04:00,20260413,0.02889746371362887,P,425.0,870009007,GLD   260413P00425000,GLD,-1.0,-1.0,,7.8,5.26,,5.26,close,True,,,,,,,36.0,21.0
2026-04-13T16:00:00-04:00,20260413,0.02889746371362887,P,426.0,870009057,GLD   260413P00426000,GLD,-1.0,-1.0,,8.2,5.57,,5.57,close,True,,,,,,,4.0,2.0
2026-04-13T16:00:00-04:00,20260413,0.02889746371362887,P,427.0,870009104,GLD   260413P00427000,GLD,-1.0,-1.0,,8.55,5.87,,5.87,close,True,,,,,,,240.0,3.0
2026-04-13T16:00:00-04:00,20260413,0.02889746371362887,P,428.0,870009144,GLD   260413P00428000,GLD,-1.0,-1.0,,9.55,6.17,,6.17,close,True,,,,,,,107.0,1.0
2026-04-13T16:00:00-04:00,20260413,0.02889746371362887,P,429.0,870009191,GLD   260413P00429000,GLD,-1.0,-1.0,,-1.0,6.47,,6.47,close,True,,,,,,,1.0,0.0
2026-04-13T16:00:00-04:00,20260413,0.02889746371362887,P,430.0,870009234,GLD   260413P00430000,GLD,-1.0,-1.0,,11.1,6.77,,6.77,close,True,,,,,,,18.0,30.0
2026-04-13T16:00:00-04:00,20260413,0.02889746371362887,P,431.0,870009287,GLD   260413P00431000,GLD,-1.0,-1.0,,-1.0,7.11,,7.11,close,True,,,,,,,0.0,0.0
2026-04-13T16:00:00-04:00,20260413,0.02889746371362887,P,432.0,870009339,GLD   260413P00432000,GLD,-1.0,-1.0,,-1.0,7.45,,7.45,close,True,,,,,,,0.0,1.0
2026-04-13T16:00:00-04:00,20260413,0.02889746371362887,P,433.0,870009381,GLD   260413P00433000,GLD,-1.0,-1.0,,12.6,7.8,,7.8,close,True,,,,,,,2.0,16.0
2026-04-13T16:00:00-04:00,20260413,0.02889746371362887,P,434.0,870009420,GLD   260413P00434000,GLD,-1.0,-1.0,,-1.0,8.15,,8.15,close,True,,,,,,,1.0,
2026-04-13T16:00:00-04:00,20260413,0.02889746371362887,P,435.0,870009471,GLD   260413P00435000,GLD,-1.0,-1.0,,-1.0,8.57,,8.57,close,True,,,,,,,29.0,22.0
2026-04-13T16:00:00-04:00,20260413,0.02889746371362887,P,436.0,870009517,GLD   260413P00436000,GLD,-1.0,-1.0,,14.82,9.02,,9.02,close,True,,,,,,,5.0,1.0
2026-04-13T16:00:00-04:00,20260413,0.02889746371362887,P,437.0,870009552,GLD   260413P00437000,GLD,-1.0,-1.0,,-1.0,9.47,,9.47,close,True,,,,,,,0.0,
2026-04-13T16:00:00-04:00,20260413,0.02889746371362887,P,438.0,870009586,GLD   260413P00438000,GLD,-1.0,-1.0,,-1.0,9.94,,9.94,close,True,,,,,,,0.0,0.0
2026-04-13T16:00:00-04:00,20260413,0.02889746371362887,P,439.0,870009629,GLD   260413P00439000,GLD,-1.0,-1.0,,-1.0,10.4,,10.4,close,True,,,,,,,0.0,6.0
2026-04-13T16:00:00-04:00,20260413,0.02889746371362887,P,440.0,870009672,GLD   260413P00440000,GLD,-1.0,-1.0,,15.85,10.87,,10.87,close,True,,,,,,,18.0,13.0
2026-04-13T16:00:00-04:00,20260413,0.02889746371362887,P,441.0,870009713,GLD   260413P00441000,GLD,-1.0,-1.0,,-1.0,11.42,,11.42,close,True,,,,,,,0.0,0.0
2026-04-13T16:00:00-04:00,20260413,0.02889746371362887,P,442.0,870009763,GLD   260413P00442000,GLD,-1.0,-1.0,,-1.0,11.97,,11.97,close,True,,,,,,,0.0,0.0
2026-04-13T16:00:00-04:00,20260413,0.02889746371362887,P,443.0,870009797,GLD   260413P00443000,GLD,-1.0,-1.0,,-1.0,12.52,,12.52,close,True,,,,,,,11.0,0.0
2026-04-13T16:00:00-04:00,20260413,0.02889746371362887,P,444.0,870009849,GLD   260413P00444000,GLD,-1.0,-1.0,,-1.0,13.08,,13.08,close,True,,,,,,,0.0,0.0
2026-04-13T16:00:00-04:00,20260413,0.02889746371362887,P,445.0,870009894,GLD   260413P00445000,GLD,-1.0,-1.0,,-1.0,13.63,,13.63,close,True,,,,,,,16.0,0.0
2026-04-13T16:00:00-04:00,20260413,0.02889746371362887,P,446.0,870009930,GLD   260413P00446000,GLD,-1.0,-1.0,,-1.0,14.24,,14.24,close,True,,,,,,,0.0,1.0
2026-04-13T16:00:00-04:00,20260413,0.02889746371362887,P,447.0,870009974,GLD   260413P00447000,GLD,-1.0,-1.0,,-1.0,14.84,,14.84,close,True,,,,,,,0.0,0.0
2026-04-13T16:00:00-04:00,20260413,0.02889746371362887,P,448.0,870010013,GLD   260413P00448000,GLD,-1.0,-1.0,,-1.0,15.47,,15.47,close,True,,,,,,,3.0,0.0
2026-04-13T16:00:00-04:00,20260413,0.02889746371362887,P,449.0,870010067,GLD   260413P00449000,GLD,,,,,,,,,False,,,,,,,,2.0
2026-04-13T16:00:00-04:00,20260413,0.02889746371362887,P,450.0,870010107,GLD   260413P00450000,GLD,,,,,16.8,,16.8,close,True,,,,,,,2.0,2.0
2026-04-13T16:00:00-04:00,20260413,0.02889746371362887,P,451.0,870010146,GLD   260413P00451000,GLD,-1.0,-1.0,,-1.0,17.5,23.67725903567081,17.5,close,True,0.3079911567831237,-0.8154684899552708,0.012174167055742334,0.2029416150040717,-0.25968607777711483,429.31781005859375,0.0,0.0
2026-04-13T16:00:00-04:00,20260413,0.02889746371362887,P,452.0,870010187,GLD   260413P00452000,GLD,-1.0,-1.0,,-1.0,18.2,24.49624082541192,18.2,close,True,0.30776188205200183,-0.8275454282023523,0.011750987071018085,0.201858392868985,-0.24380642106599024,429.31781005859375,0.0,0.0
2026-04-13T16:00:00-04:00,20260413,0.02889746371362887,P,453.0,870010220,GLD   260413P00453000,GLD,-1.0,-1.0,,24.75,18.93,25.327863261217985,18.93,close,True,0.3076039562925329,-0.839150426594811,0.011322928382917085,0.191382704367566,-0.20865133370584488,429.31781005859375,3.0,0.0
2026-04-13T16:00:00-04:00,20260413,0.02889746371362887,P,454.0,870010268,GLD   260413P00454000,GLD,-1.0,-1.0,,-1.0,19.66,26.195817958504872,19.66,close,True,0.3075172316618416,-0.8489326991747057,0.010893909401729596,0.1661772008843485,-0.2077055153687972,429.31781005859375,2.0,0.0
2026-04-13T16:00:00-04:00,20260413,0.02889746371362887,P,455.0,870010310,GLD   260413P00455000,GLD,-1.0,-1.0,,-1.0,20.42,27.065914805029543,20.42,close,True,0.3075015011799023,-0.8586930028659334,0.01046437512249758,0.16548633033687565,-0.20627469415048336,429.31781005859375,0.0,0.0
2026-04-13T16:00:00-04:00,20260413,0.02889746371362887,P,456.0,870010362,GLD   260413P00456000,GLD,-1.0,-1.0,,-1.0,21.18,27.93855910818034,21.18,close,True,0.3075565578666897,-0.8684238205199667,0.01003526781624412,0.1643362543996716,-0.20407233467008723,429.31781005859375,0.0,0.0
2026-04-13T16:00:00-04:00,20260413,0.02889746371362887,P,457.0,870010421,GLD   260413P00457000,GLD,-1.0,-1.0,,-1.0,21.95,28.814197600001556,21.95,close,True,0.3076820468993027,-0.8781113011085978,0.009604962274687549,0.16267849044428928,-0.17950735597938206,429.31781005859375,4.0,0.0
2026-04-13T16:00:00-04:00,20260413,0.02889746371362887,P,458.0,870010460,GLD   260413P00458000,GLD,-1.0,-1.0,,-1.0,22.71,29.70321669560822,22.71,close,True,0.3078776134548405,-0.8870954958139815,0.009182942265647252,0.15056085145246811,-0.15672090574417652,429.31781005859375,0.0,0.0
2026-04-13T16:00:00-04:00,20260413,0.02889746371362887,P,459.0,870010512,GLD   260413P00459000,GLD,-1.0,-1.0,,-1.0,23.52,30.61593900240598,23.52,close,True,0.30814287314182714,-0.8945968868826033,0.008786755504868987,0.1285821283057942,-0.15553113035840127,429.31781005859375,2.0,0.0
2026-04-13T16:00:00-04:00,20260413,0.02889746371362887,P,460.0,870010557,GLD   260413P00460000,GLD,-1.0,-1.0,,-1.0,24.33,,24.33,close,True,,,,,,,1.0,0.0
2026-04-13T16:00:00-04:00,20260413,0.02889746371362887,P,465.0,870010600,GLD   260413P00465000,GLD,-1.0,-1.0,,-1.0,28.6,,28.6,close,True,,,,,,,1.0,0.0
2026-04-13T16:00:00-04:00,20260413,0.02889746371362887,P,470.0,870010649,GLD   260413P00470000,GLD,-1.0,-1.0,,-1.0,33.07,,33.07,close,True,,,,,,,0.0,6.0
2026-04-13T16:00:00-04:00,20260413,0.02889746371362887,P,475.0,870010700,GLD   260413P00475000,GLD,-1.0,-1.0,,-1.0,37.75,,37.75,close,True,,,,,,,0.0,0.0
2026-04-13T16:00:00-04:00,20260413,0.02889746371362887,P,490.0,870010830,GLD   260413P00490000,GLD,-1.0,-1.0,,-1.0,52.34,,52.34,close,True,,,,,,,0.0,0.0
2026-04-13T16:00:00-04:00,20260413,0.02889746371362887,P,495.0,870010872,GLD   260413P00495000,GLD,-1.0,-1.0,,-1.0,57.31,,57.31,close,True,,,,,,,0.0,0.0
2026-04-13T16:00:00-04:00,20260413,0.02889746371362887,P,520.0,870011064,GLD   260413P00520000,GLD,-1.0,-1.0,,-1.0,82.19,,82.19,close,True,,,,,,,0.0,0.0
2026-04-13T16:00:00-04:00,20260413,0.02889746371362887,P,540.0,870011206,GLD   260413P00540000,GLD,-1.0,-1.0,,-1.0,102.18,,102.18,close,True,,,,,,,0.0,0.0
2026-04-13T16:00:00-04:00,20260413,0.02889746371362887,P,560.0,870011349,GLD   260413P00560000,GLD,-1.0,-1.0,,-1.0,122.18,,122.18,close,True,,,,,,,0.0,0.0
2026-04-13T16:00:00-04:00,20260413,0.02889746371362887,P,580.0,870011496,GLD   260413P00580000,GLD,-1.0,-1.0,,-1.0,142.18,,142.18,close,True,,,,,,,0.0,0.0
2026-04-13T16:00:00-04:00,20260413,0.02889746371362887,P,600.0,870011646,GLD   260413P00600000,GLD,-1.0,-1.0,,-1.0,162.18,,162.18,close,True,,,,,,,0.0,0.0
2026-04-15T16:00:00-04:00,20260415,0.03437691576842339,C,315.0,870298113,GLD   260415C00315000,GLD,-1.0,-1.0,,-1.0,123.39,,123.39,close,True,,,,,,,0.0,
2026-04-15T16:00:00-04:00,20260415,0.03437691576842339,C,375.0,870298493,GLD   260415C00375000,GLD,-1.0,-1.0,,-1.0,64.06,,64.06,close,True,,,,,,,0.0,0.0
2026-04-15T16:00:00-04:00,20260415,0.03437691576842339,C,383.0,870298903,GLD   260415C00383000,GLD,-1.0,-1.0,,-1.0,56.35,,56.35,close,True,,,,,,,0.0,0.0
2026-04-15T16:00:00-04:00,20260415,0.03437691576842339,C,392.0,870299408,GLD   260415C00392000,GLD,-1.0,-1.0,,-1.0,47.87,,47.87,close,True,,,,,,,0.0,0.0
2026-04-15T16:00:00-04:00,20260415,0.03437691576842339,C,393.0,870299466,GLD   260415C00393000,GLD,-1.0,-1.0,,-1.0,46.94,,46.94,close,True,,,,,,,0.0,0.0
2026-04-15T16:00:00-04:00,20260415,0.03437691576842339,C,394.0,870299523,GLD   260415C00394000,GLD,-1.0,-1.0,,-1.0,46.01,,46.01,close,True,,,,,,,0.0,0.0
2026-04-15T16:00:00-04:00,20260415,0.03437691576842339,C,395.0,870299591,GLD   260415C00395000,GLD,-1.0,-1.0,,-1.0,45.09,,45.09,close,True,,,,,,,0.0,0.0
2026-04-15T16:00:00-04:00,20260415,0.03437691576842339,C,396.0,870299646,GLD   260415C00396000,GLD,-1.0,-1.0,,-1.0,44.16,,44.16,close,True,,,,,,,0.0,0.0
2026-04-15T16:00:00-04:00,20260415,0.03437691576842339,C,397.0,870299698,GLD   260415C00397000,GLD,-1.0,-1.0,,-1.0,43.23,,43.23,close,True,,,,,,,0.0,0.0
2026-04-15T16:00:00-04:00,20260415,0.03437691576842339,C,398.0,870299752,GLD   260415C00398000,GLD,-1.0,-1.0,,-1.0,42.3,,42.3,close,True,,,,,,,0.0,0.0
2026-04-15T16:00:00-04:00,20260415,0.03437691576842339,C,399.0,870299809,GLD   260415C00399000,GLD,-1.0,-1.0,,-1.0,41.38,,41.38,close,True,,,,,,,0.0,0.0
2026-04-15T16:00:00-04:00,20260415,0.03437691576842339,C,400.0,870299877,GLD   260415C00400000,GLD,-1.0,-1.0,,-1.0,40.45,,40.45,close,True,,,,,,,0.0,0.0
2026-04-15T16:00:00-04:00,20260415,0.03437691576842339,C,401.0,870011778,GLD   260415C00401000,GLD,-1.0,-1.0,,-1.0,39.54,,39.54,close,True,,,,,,,0.0,0.0
2026-04-15T16:00:00-04:00,20260415,0.03437691576842339,C,402.0,870011808,GLD   260415C00402000,GLD,-1.0,-1.0,,-1.0,38.62,,38.62,close,True,,,,,,,0.0,0.0
2026-04-15T16:00:00-04:00,20260415,0.03437691576842339,C,403.0,870011843,GLD   260415C00403000,GLD,-1.0,-1.0,,-1.0,37.71,,37.71,close,True,,,,,,,0.0,0.0
2026-04-15T16:00:00-04:00,20260415,0.03437691576842339,C,404.0,870011873,GLD   260415C00404000,GLD,-1.0,-1.0,,-1.0,36.8,,36.8,close,True,,,,,,,0.0,0.0
2026-04-15T16:00:00-04:00,20260415,0.03437691576842339,C,405.0,870011911,GLD   260415C00405000,GLD,-1.0,-1.0,,-1.0,35.91,,35.91,close,True,,,,,,,0.0,0.0
2026-04-15T16:00:00-04:00,20260415,0.03437691576842339,C,406.0,870011929,GLD   260415C00406000,GLD,-1.0,-1.0,,-1.0,35.02,,35.02,close,True,,,,,,,0.0,0.0
2026-04-15T16:00:00-04:00,20260415,0.03437691576842339,C,407.0,870011963,GLD   260415C00407000,GLD,-1.0,-1.0,,-1.0,34.13,,34.13,close,True,,,,,,,0.0,0.0
2026-04-15T16:00:00-04:00,20260415,0.03437691576842339,C,408.0,870011986,GLD   260415C00408000,GLD,-1.0,-1.0,,26.7,33.24,,33.24,close,True,,,,,,,7.0,0.0
2026-04-15T16:00:00-04:00,20260415,0.03437691576842339,C,409.0,870012011,GLD   260415C00409000,GLD,-1.0,-1.0,,-1.0,32.35,,32.35,close,True,,,,,,,0.0,0.0
2026-04-15T16:00:00-04:00,20260415,0.03437691576842339,C,410.0,870012042,GLD   260415C00410000,GLD,-1.0,-1.0,,-1.0,31.46,,31.46,close,True,,,,,,,3.0,0.0
2026-04-15T16:00:00-04:00,20260415,0.03437691576842339,C,411.0,870012071,GLD   260415C00411000,GLD,-1.0,-1.0,,-1.0,30.64,,30.64,close,True,,,,,,,0.0,0.0
2026-04-15T16:00:00-04:00,20260415,0.03437691576842339,C,412.0,870012092,GLD   260415C00412000,GLD,-1.0,-1.0,,-1.0,29.81,,29.81,close,True,,,,,,,0.0,0.0
2026-04-15T16:00:00-04:00,20260415,0.03437691576842339,C,413.0,870012122,GLD   260415C00413000,GLD,-1.0,-1.0,,-1.0,28.99,,28.99,close,True,,,,,,,0.0,0.0
2026-04-15T16:00:00-04:00,20260415,0.03437691576842339,C,414.0,870012140,GLD   260415C00414000,GLD,-1.0,-1.0,,20.35,28.17,,28.17,close,True,,,,,,,3.0,0.0
2026-04-15T16:00:00-04:00,20260415,0.03437691576842339,C,415.0,870012152,GLD   260415C00415000,GLD,-1.0,-1.0,,-1.0,27.35,,27.35,close,True,,,,,,,3.0,0.0
2026-04-15T16:00:00-04:00,20260415,0.03437691576842339,C,416.0,870012172,GLD   260415C00416000,GLD,-1.0,-1.0,,-1.0,26.54,,26.54,close,True,,,,,,,0.0,0.0
2026-04-15T16:00:00-04:00,20260415,0.03437691576842339,C,417.0,870012196,GLD   260415C00417000,GLD,-1.0,-1.0,,-1.0,25.73,,25.73,close,True,,,,,,,0.0,0.0
2026-04-15T16:00:00-04:00,20260415,0.03437691576842339,C,418.0,870012218,GLD   260415C00418000,GLD,-1.0,-1.0,,-1.0,24.92,,24.92,close,True,,,,,,,0.0,0.0
2026-04-15T16:00:00-04:00,20260415,0.03437691576842339,C,419.0,870012231,GLD   260415C00419000,GLD,-1.0,-1.0,,-1.0,24.11,,24.11,close,True,,,,,,,0.0,0.0
2026-04-15T16:00:00-04:00,20260415,0.03437691576842339,C,420.0,870012249,GLD   260415C00420000,GLD,-1.0,-1.0,,13.55,23.31,,23.31,close,True,,,,,,,4.0,0.0
2026-04-15T16:00:00-04:00,20260415,0.03437691576842339,C,421.0,870012271,GLD   260415C00421000,GLD,-1.0,-1.0,,-1.0,22.54,,22.54,close,True,,,,,,,0.0,0.0
2026-04-15T16:00:00-04:00,20260415,0.03437691576842339,C,422.0,870012289,GLD   260415C00422000,GLD,-1.0,-1.0,,-1.0,21.76,,21.76,close,True,,,,,,,0.0,0.0
2026-04-15T16:00:00-04:00,20260415,0.03437691576842339,C,423.0,870012314,GLD   260415C00423000,GLD,-1.0,-1.0,,-1.0,20.99,,20.99,close,True,,,,,,,1.0,0.0
2026-04-15T16:00:00-04:00,20260415,0.03437691576842339,C,424.0,870012338,GLD   260415C00424000,GLD,-1.0,-1.0,,-1.0,20.29,,20.29,close,True,,,,,,,0.0,0.0
2026-04-15T16:00:00-04:00,20260415,0.03437691576842339,C,425.0,870012357,GLD   260415C00425000,GLD,-1.0,-1.0,,13.6,19.58,,19.58,close,True,,,,,,,13.0,0.0
2026-04-15T16:00:00-04:00,20260415,0.03437691576842339,C,426.0,870012379,GLD   260415C00426000,GLD,-1.0,-1.0,,13.8,18.87,,18.87,close,True,,,,,,,2.0,0.0
2026-04-15T16:00:00-04:00,20260415,0.03437691576842339,C,427.0,870012403,GLD   260415C00427000,GLD,-1.0,-1.0,,12.55,18.17,,18.17,close,True,,,,,,,15.0,0.0
2026-04-15T16:00:00-04:00,20260415,0.03437691576842339,C,428.0,870012433,GLD   260415C00428000,GLD,-1.0,-1.0,,12.4,17.46,,17.46,close,True,,,,,,,21.0,0.0
2026-04-15T16:00:00-04:00,20260415,0.03437691576842339,C,429.0,870012456,GLD   260415C00429000,GLD,-1.0,-1.0,,-1.0,16.81,,16.81,close,True,,,,,,,0.0,0.0
2026-04-15T16:00:00-04:00,20260415,0.03437691576842339,C,430.0,870012484,GLD   260415C00430000,GLD,-1.0,-1.0,,11.0,16.17,,16.17,close,True,,,,,,,61.0,0.0
2026-04-15T16:00:00-04:00,20260415,0.03437691576842339,C,431.0,870300119,GLD   260415C00431000,GLD,-1.0,-1.0,,11.1,15.52,,15.52,close,True,,,,,,,3.0,0.0
2026-04-15T16:00:00-04:00,20260415,0.03437691576842339,C,432.0,870300166,GLD   260415C00432000,GLD,-1.0,-1.0,,-1.0,14.88,,14.88,close,True,,,,,,,0.0,0.0
2026-04-15T16:00:00-04:00,20260415,0.03437691576842339,C,433.0,870300206,GLD   260415C00433000,GLD,-1.0,-1.0,,9.96,14.24,,14.24,close,True,,,,,,,24.0,0.0
2026-04-15T16:00:00-04:00,20260415,0.03437691576842339,C,434.0,870300243,GLD   260415C00434000,GLD,-1.0,-1.0,,-1.0,13.59,,13.59,close,True,,,,,,,1.0,0.0
2026-04-15T16:00:00-04:00,20260415,0.03437691576842339,C,435.0,870300289,GLD   260415C00435000,GLD,-1.0,-1.0,,9.2,13.0,,13.0,close,True,,,,,,,15.0,0.0
2026-04-15T16:00:00-04:00,20260415,0.03437691576842339,C,436.0,870300338,GLD   260415C00436000,GLD,-1.0,-1.0,,-1.0,12.42,,12.42,close,True,,,,,,,0.0,0.0
2026-04-15T16:00:00-04:00,20260415,0.03437691576842339,C,437.0,870300382,GLD   260415C00437000,GLD,-1.0,-1.0,,7.6,11.88,,11.88,close,True,,,,,,,79.0,0.0
2026-04-15T16:00:00-04:00,20260415,0.03437691576842339,C,438.0,870300441,GLD   260415C00438000,GLD,-1.0,-1.0,,6.9,11.34,,11.34,close,True,,,,,,,13.0,0.0
2026-04-15T16:00:00-04:00,20260415,0.03437691576842339,C,439.0,870300498,GLD   260415C00439000,GLD,-1.0,-1.0,,7.0,10.8,,10.8,close,True,,,,,,,3.0,0.0
2026-04-15T16:00:00-04:00,20260415,0.03437691576842339,C,440.0,870300549,GLD   260415C00440000,GLD,-1.0,-1.0,,7.3,10.26,,10.26,close,True,,,,,,,6.0,0.0
2026-04-15T16:00:00-04:00,20260415,0.03437691576842339,C,441.0,870300598,GLD   260415C00441000,GLD,-1.0,-1.0,,6.3,9.75,,9.75,close,True,,,,,,,2.0,0.0
2026-04-15T16:00:00-04:00,20260415,0.03437691576842339,C,442.0,870300669,GLD   260415C00442000,GLD,-1.0,-1.0,,-1.0,9.27,,9.27,close,True,,,,,,,3.0,0.0
2026-04-15T16:00:00-04:00,20260415,0.03437691576842339,C,443.0,870300729,GLD   260415C00443000,GLD,-1.0,-1.0,,-1.0,8.8,,8.8,close,True,,,,,,,5.0,0.0
2026-04-15T16:00:00-04:00,20260415,0.03437691576842339,C,444.0,870300780,GLD   260415C00444000,GLD,-1.0,-1.0,,4.63,8.35,,8.35,close,True,,,,,,,1.0,0.0
2026-04-15T16:00:00-04:00,20260415,0.03437691576842339,C,445.0,870300852,GLD   260415C00445000,GLD,-1.0,-1.0,,5.35,7.92,,7.92,close,True,,,,,,,9.0,0.0
2026-04-15T16:00:00-04:00,20260415,0.03437691576842339,C,446.0,870300912,GLD   260415C00446000,GLD,-1.0,-1.0,,4.4,7.48,,7.48,close,True,,,,,,,1.0,0.0
2026-04-15T16:00:00-04:00,20260415,0.03437691576842339,C,447.0,870300978,GLD   260415C00447000,GLD,-1.0,-1.0,,3.04,7.1,,7.1,close,True,,,,,,,10.0,0.0
2026-04-15T16:00:00-04:00,20260415,0.03437691576842339,C,448.0,870301046,GLD   260415C00448000,GLD,-1.0,-1.0,,-1.0,6.72,,6.72,close,True,,,,,,,0.0,0.0
2026-04-15T16:00:00-04:00,20260415,0.03437691576842339,C,449.0,870301089,GLD   260415C00449000,GLD,-1.0,-1.0,,-1.0,6.35,,6.35,close,True,,,,,,,1.0,0.0
2026-04-15T16:00:00-04:00,20260415,0.03437691576842339,C,450.0,870301133,GLD   260415C00450000,GLD,-1.0,-1.0,,3.1,6.0,,6.0,close,True,,,,,,,40.0,0.0
2026-04-15T16:00:00-04:00,20260415,0.03437691576842339,C,451.0,870301192,GLD   260415C00451000,GLD,-1.0,-1.0,,2.52,5.65,,5.65,close,True,,,,,,,1.0,0.0
2026-04-15T16:00:00-04:00,20260415,0.03437691576842339,C,452.0,870301236,GLD   260415C00452000,GLD,-1.0,-1.0,,2.4,5.35,,5.35,close,True,,,,,,,4.0,0.0
2026-04-15T16:00:00-04:00,20260415,0.03437691576842339,C,453.0,870301317,GLD   260415C00453000,GLD,-1.0,-1.0,,3.0,5.06,,5.06,close,True,,,,,,,1.0,0.0
2026-04-15T16:00:00-04:00,20260415,0.03437691576842339,C,454.0,870301392,GLD   260415C00454000,GLD,-1.0,-1.0,,2.77,4.77,,4.77,close,True,,,,,,,1.0,0.0
2026-04-15T16:00:00-04:00,20260415,0.03437691576842339,C,455.0,870301464,GLD   260415C00455000,GLD,-1.0,-1.0,,2.5,4.51,,4.51,close,True,,,,,,,7.0,0.0
2026-04-15T16:00:00-04:00,20260415,0.03437691576842339,C,456.0,870301523,GLD   260415C00456000,GLD,-1.0,-1.0,,-1.0,4.28,,4.28,close,True,,,,,,,0.0,0.0
2026-04-15T16:00:00-04:00,20260415,0.03437691576842339,C,457.0,870301579,GLD   260415C00457000,GLD,-1.0,-1.0,,-1.0,4.04,,4.04,close,True,,,,,,,0.0,0.0
2026-04-15T16:00:00-04:00,20260415,0.03437691576842339,C,458.0,870301637,GLD   260415C00458000,GLD,-1.0,-1.0,,1.54,3.8,,3.8,close,True,,,,,,,1.0,0.0
2026-04-15T16:00:00-04:00,20260415,0.03437691576842339,C,459.0,870301707,GLD   260415C00459000,GLD,-1.0,-1.0,,-1.0,3.57,,3.57,close,True,,,,,,,0.0,0.0
2026-04-15T16:00:00-04:00,20260415,0.03437691576842339,C,460.0,870301787,GLD   260415C00460000,GLD,-1.0,-1.0,,1.67,3.33,,3.33,close,True,,,,,,,9.0,0.0
2026-04-15T16:00:00-04:00,20260415,0.03437691576842339,C,461.0,870301848,GLD   260415C00461000,GLD,-1.0,-1.0,,-1.0,3.14,,3.14,close,True,,,,,,,3.0,0.0
2026-04-15T16:00:00-04:00,20260415,0.03437691576842339,C,462.0,870301913,GLD   260415C00462000,GLD,-1.0,-1.0,,-1.0,2.95,,2.95,close,True,,,,,,,0.0,0.0
2026-04-15T16:00:00-04:00,20260415,0.03437691576842339,C,463.0,870301991,GLD   260415C00463000,GLD,-1.0,-1.0,,-1.0,2.77,,2.77,close,True,,,,,,,0.0,
2026-04-15T16:00:00-04:00,20260415,0.03437691576842339,C,464.0,870302057,GLD   260415C00464000,GLD,-1.0,-1.0,,-1.0,2.61,,2.61,close,True,,,,,,,0.0,
2026-04-15T16:00:00-04:00,20260415,0.03437691576842339,C,465.0,870302122,GLD   260415C00465000,GLD,-1.0,-1.0,,-1.0,2.45,,2.45,close,True,,,,,,,1.0,
2026-04-15T16:00:00-04:00,20260415,0.03437691576842339,C,466.0,870302214,GLD   260415C00466000,GLD,-1.0,-1.0,,1.15,2.31,,2.31,close,True,,,,,,,1.0,
2026-04-15T16:00:00-04:00,20260415,0.03437691576842339,C,467.0,870302280,GLD   260415C00467000,GLD,-1.0,-1.0,,-1.0,2.18,,2.18,close,True,,,,,,,0.0,
2026-04-15T16:00:00-04:00,20260415,0.03437691576842339,C,468.0,870302352,GLD   260415C00468000,GLD,-1.0,-1.0,,-1.0,2.04,,2.04,close,True,,,,,,,0.0,
2026-04-15T16:00:00-04:00,20260415,0.03437691576842339,C,469.0,870302420,GLD   260415C00469000,GLD,-1.0,-1.0,,-1.0,1.91,,1.91,close,True,,,,,,,0.0,
2026-04-15T16:00:00-04:00,20260415,0.03437691576842339,C,470.0,870302489,GLD   260415C00470000,GLD,-1.0,-1.0,,-1.0,1.79,,1.79,close,True,,,,,,,0.0,
2026-04-15T16:00:00-04:00,20260415,0.03437691576842339,C,471.0,870302561,GLD   260415C00471000,GLD,-1.0,-1.0,,-1.0,1.71,,1.71,close,True,,,,,,,0.0,
2026-04-15T16:00:00-04:00,20260415,0.03437691576842339,C,472.0,870302626,GLD   260415C00472000,GLD,-1.0,-1.0,,-1.0,1.63,,1.63,close,True,,,,,,,0.0,
2026-04-15T16:00:00-04:00,20260415,0.03437691576842339,C,473.0,870302706,GLD   260415C00473000,GLD,-1.0,-1.0,,-1.0,1.55,,1.55,close,True,,,,,,,0.0,0.0
2026-04-15T16:00:00-04:00,20260415,0.03437691576842339,C,474.0,870302780,GLD   260415C00474000,GLD,-1.0,-1.0,,-1.0,1.47,,1.47,close,True,,,,,,,0.0,0.0
2026-04-15T16:00:00-04:00,20260415,0.03437691576842339,C,475.0,870302856,GLD   260415C00475000,GLD,-1.0,-1.0,,-1.0,1.38,,1.38,close,True,,,,,,,0.0,0.0
2026-04-15T16:00:00-04:00,20260415,0.03437691576842339,C,476.0,870302936,GLD   260415C00476000,GLD,-1.0,-1.0,,-1.0,1.3,,1.3,close,True,,,,,,,0.0,0.0
2026-04-15T16:00:00-04:00,20260415,0.03437691576842339,C,477.0,870303014,GLD   260415C00477000,GLD,-1.0,-1.0,,-1.0,1.22,,1.22,close,True,,,,,,,0.0,0.0
2026-04-15T16:00:00-04:00,20260415,0.03437691576842339,C,478.0,870303080,GLD   260415C00478000,GLD,-1.0,-1.0,,-1.0,1.14,,1.14,close,True,,,,,,,0.0,0.0
2026-04-15T16:00:00-04:00,20260415,0.03437691576842339,C,479.0,870303167,GLD   260415C00479000,GLD,-1.0,-1.0,,-1.0,1.09,,1.09,close,True,,,,,,,0.0,0.0
2026-04-15T16:00:00-04:00,20260415,0.03437691576842339,C,486.0,870303690,GLD   260415C00486000,GLD,-1.0,-1.0,,-1.0,0.75,,0.75,close,True,,,,,,,0.0,0.0
2026-04-15T16:00:00-04:00,20260415,0.03437691576842339,C,490.0,870303987,GLD   260415C00490000,GLD,-1.0,-1.0,,-1.0,0.61,,0.61,close,True,,,,,,,0.0,0.0
2026-04-15T16:00:00-04:00,20260415,0.03437691576842339,C,495.0,870304354,GLD   260415C00495000,GLD,-1.0,-1.0,,-1.0,0.49,,0.49,close,True,,,,,,,0.0,0.0
2026-04-15T16:00:00-04:00,20260415,0.03437691576842339,C,499.0,870304620,GLD   260415C00499000,GLD,-1.0,-1.0,,0.27,0.38,,0.38,close,True,,,,,,,3.0,0.0
2026-04-15T16:00:00-04:00,20260415,0.03437691576842339,C,520.0,870304838,GLD   260415C00520000,GLD,-1.0,-1.0,,-1.0,0.13,,0.13,close,True,,,,,,,0.0,0.0
2026-04-15T16:00:00-04:00,20260415,0.03437691576842339,C,540.0,870305001,GLD   260415C00540000,GLD,-1.0,-1.0,,-1.0,0.03,,0.03,close,True,,,,,,,0.0,0.0
2026-04-15T16:00:00-04:00,20260415,0.03437691576842339,C,560.0,870305207,GLD   260415C00560000,GLD,-1.0,-1.0,,-1.0,0.0,,,,False,,,,,,,0.0,0.0
2026-04-15T16:00:00-04:00,20260415,0.03437691576842339,C,580.0,870305460,GLD   260415C00580000,GLD,-1.0,-1.0,,-1.0,0.0,,,,False,,,,,,,0.0,0.0
2026-04-15T16:00:00-04:00,20260415,0.03437691576842339,C,600.0,870305620,GLD   260415C00600000,GLD,-1.0,-1.0,,-1.0,0.0,,,,False,,,,,,,0.0,0.0
2026-04-15T16:00:00-04:00,20260415,0.03437691576842339,P,315.0,870306042,GLD   260415P00315000,GLD,-1.0,-1.0,,0.25,0.14,,0.14,close,True,,,,,,,1.0,5.0
2026-04-15T16:00:00-04:00,20260415,0.03437691576842339,P,375.0,870306752,GLD   260415P00375000,GLD,-1.0,-1.0,,-1.0,0.72,,0.72,close,True,,,,,,,0.0,0.0
2026-04-15T16:00:00-04:00,20260415,0.03437691576842339,P,383.0,870307070,GLD   260415P00383000,GLD,-1.0,-1.0,,1.71,1.01,,1.01,close,True,,,,,,,1.0,0.0
2026-04-15T16:00:00-04:00,20260415,0.03437691576842339,P,392.0,870307361,GLD   260415P00392000,GLD,-1.0,-1.0,,2.5,1.51,,1.51,close,True,,,,,,,11.0,0.0
2026-04-15T16:00:00-04:00,20260415,0.03437691576842339,P,393.0,870307399,GLD   260415P00393000,GLD,-1.0,-1.0,,-1.0,1.58,,1.58,close,True,,,,,,,0.0,0.0
2026-04-15T16:00:00-04:00,20260415,0.03437691576842339,P,394.0,870307439,GLD   260415P00394000,GLD,-1.0,-1.0,,-1.0,1.65,,1.65,close,True,,,,,,,0.0,0.0
2026-04-15T16:00:00-04:00,20260415,0.03437691576842339,P,395.0,870307470,GLD   260415P00395000,GLD,-1.0,-1.0,,-1.0,1.73,,1.73,close,True,,,,,,,1.0,0.0
2026-04-15T16:00:00-04:00,20260415,0.03437691576842339,P,396.0,870307500,GLD   260415P00396000,GLD,-1.0,-1.0,,-1.0,1.8,,1.8,close,True,,,,,,,0.0,0.0
2026-04-15T16:00:00-04:00,20260415,0.03437691576842339,P,397.0,870307535,GLD   260415P00397000,GLD,-1.0,-1.0,,-1.0,1.87,,1.87,close,True,,,,,,,0.0,4.0
2026-04-15T16:00:00-04:00,20260415,0.03437691576842339,P,398.0,870307560,GLD   260415P00398000,GLD,-1.0,-1.0,,2.8,1.94,,1.94,close,True,,,,,,,1.0,0.0
2026-04-15T16:00:00-04:00,20260415,0.03437691576842339,P,399.0,870307591,GLD   260415P00399000,GLD,-1.0,-1.0,,-1.0,2.01,,2.01,close,True,,,,,,,0.0,0.0
2026-04-15T16:00:00-04:00,20260415,0.03437691576842339,P,400.0,870307621,GLD   260415P00400000,GLD,-1.0,-1.0,,2.9,2.08,,2.08,close,True,,,,,,,13.0,13.0
2026-04-15T16:00:00-04:00,20260415,0.03437691576842339,P,401.0,870012511,GLD   260415P00401000,GLD,-1.0,-1.0,,3.7,2.17,,2.17,close,True,,,,,,,1.0,1.0
2026-04-15T16:00:00-04:00,20260415,0.03437691576842339,P,402.0,870012535,GLD   260415P00402000,GLD,-1.0,-1.0,,3.75,2.25,,2.25,close,True,,,,,,,10.0,1.0
2026-04-15T16:00:00-04:00,20260415,0.03437691576842339,P,403.0,870012546,GLD   260415P00403000,GLD,-1.0,-1.0,,-1.0,2.34,,2.34,close,True,,,,,,,9.0,2.0
2026-04-15T16:00:00-04:00,20260415,0.03437691576842339,P,404.0,870012566,GLD   260415P00404000,GLD,-1.0,-1.0,,4.0,2.43,,2.43,close,True,,,,,,,1.0,0.0
2026-04-15T16:00:00-04:00,20260415,0.03437691576842339,P,405.0,870012586,GLD   260415P00405000,GLD,-1.0,-1.0,,4.1,2.53,,2.53,close,True,,,,,,,16.0,0.0
2026-04-15T16:00:00-04:00,20260415,0.03437691576842339,P,406.0,870012611,GLD   260415P00406000,GLD,-1.0,-1.0,,4.1,2.64,,2.64,close,True,,,,,,,108.0,1.0
2026-04-15T16:00:00-04:00,20260415,0.03437691576842339,P,407.0,870012631,GLD   260415P00407000,GLD,-1.0,-1.0,,-1.0,2.75,,2.75,close,True,,,,,,,0.0,1.0
2026-04-15T16:00:00-04:00,20260415,0.03437691576842339,P,408.0,870012654,GLD   260415P00408000,GLD,-1.0,-1.0,,-1.0,2.86,,2.86,close,True,,,,,,,0.0,0.0
2026-04-15T16:00:00-04:00,20260415,0.03437691576842339,P,409.0,870012673,GLD   260415P00409000,GLD,-1.0,-1.0,,4.65,2.97,,2.97,close,True,,,,,,,6.0,10.0
2026-04-15T16:00:00-04:00,20260415,0.03437691576842339,P,410.0,870012698,GLD   260415P00410000,GLD,-1.0,-1.0,,5.4,3.08,,3.08,close,True,,,,,,,26.0,11.0
2026-04-15T16:00:00-04:00,20260415,0.03437691576842339,P,411.0,870012722,GLD   260415P00411000,GLD,-1.0,-1.0,,4.9,3.26,,3.26,close,True,,,,,,,41.0,9.0
2026-04-15T16:00:00-04:00,20260415,0.03437691576842339,P,412.0,870012751,GLD   260415P00412000,GLD,-1.0,-1.0,,5.35,3.43,,3.43,close,True,,,,,,,5.0,1.0
2026-04-15T16:00:00-04:00,20260415,0.03437691576842339,P,413.0,870012775,GLD   260415P00413000,GLD,-1.0,-1.0,,-1.0,3.61,,3.61,close,True,,,,,,,0.0,3.0
2026-04-15T16:00:00-04:00,20260415,0.03437691576842339,P,414.0,870012806,GLD   260415P00414000,GLD,-1.0,-1.0,,-1.0,3.79,,3.79,close,True,,,,,,,0.0,0.0
2026-04-15T16:00:00-04:00,20260415,0.03437691576842339,P,415.0,870012829,GLD   260415P00415000,GLD,-1.0,-1.0,,6.55,3.97,,3.97,close,True,,,,,,,20.0,11.0
2026-04-15T16:00:00-04:00,20260415,0.03437691576842339,P,416.0,870012853,GLD   260415P00416000,GLD,-1.0,-1.0,,-1.0,4.16,,4.16,close,True,,,,,,,0.0,0.0
2026-04-15T16:00:00-04:00,20260415,0.03437691576842339,P,417.0,870012886,GLD   260415P00417000,GLD,-1.0,-1.0,,6.6,4.35,,4.35,close,True,,,,,,,40.0,0.0
2026-04-15T16:00:00-04:00,20260415,0.03437691576842339,P,418.0,870012906,GLD   260415P00418000,GLD,-1.0,-1.0,,-1.0,4.54,,4.54,close,True,,,,,,,0.0,0.0
2026-04-15T16:00:00-04:00,20260415,0.03437691576842339,P,419.0,870012932,GLD   260415P00419000,GLD,-1.0,-1.0,,7.75,4.73,,4.73,close,True,,,,,,,1.0,2.0
2026-04-15T16:00:00-04:00,20260415,0.03437691576842339,P,420.0,870012969,GLD   260415P00420000,GLD,-1.0,-1.0,,7.53,4.93,,4.93,close,True,,,,,,,231.0,3.0
2026-04-15T16:00:00-04:00,20260415,0.03437691576842339,P,421.0,870013002,GLD   260415P00421000,GLD,-1.0,-1.0,,7.55,5.15,,5.15,close,True,,,,,,,25.0,1.0
2026-04-15T16:00:00-04:00,20260415,0.03437691576842339,P,422.0,870013031,GLD   260415P00422000,GLD,-1.0,-1.0,,7.9,5.37,,5.37,close,True,,,,,,,205.0,2.0
2026-04-15T16:00:00-04:00,20260415,0.03437691576842339,P,423.0,870013068,GLD   260415P00423000,GLD,-1.0,-1.0,,10.3,5.6,,5.6,close,True,,,,,,,22.0,1.0
2026-04-15T16:00:00-04:00,20260415,0.03437691576842339,P,424.0,870013099,GLD   260415P00424000,GLD,-1.0,-1.0,,-1.0,5.9,,5.9,close,True,,,,,,,1.0,64.0
2026-04-15T16:00:00-04:00,20260415,0.03437691576842339,P,425.0,870013128,GLD   260415P00425000,GLD,-1.0,-1.0,,10.12,6.19,,6.19,close,True,,,,,,,1.0,3.0
2026-04-15T16:00:00-04:00,20260415,0.03437691576842339,P,426.0,870013162,GLD   260415P00426000,GLD,-1.0,-1.0,,-1.0,6.48,,6.48,close,True,,,,,,,0.0,6.0
2026-04-15T16:00:00-04:00,20260415,0.03437691576842339,P,427.0,870013199,GLD   260415P00427000,GLD,-1.0,-1.0,,9.75,6.78,,6.78,close,True,,,,,,,83.0,0.0
2026-04-15T16:00:00-04:00,20260415,0.03437691576842339,P,428.0,870013235,GLD   260415P00428000,GLD,-1.0,-1.0,,12.7,7.07,,7.07,close,True,,,,,,,3.0,5.0
2026-04-15T16:00:00-04:00,20260415,0.03437691576842339,P,429.0,870013269,GLD   260415P00429000,GLD,-1.0,-1.0,,-1.0,7.42,,7.42,close,True,,,,,,,2.0,2.0
2026-04-15T16:00:00-04:00,20260415,0.03437691576842339,P,430.0,870013319,GLD   260415P00430000,GLD,-1.0,-1.0,,12.1,7.78,,7.78,close,True,,,,,,,15.0,20.0
2026-04-15T16:00:00-04:00,20260415,0.03437691576842339,P,431.0,870307769,GLD   260415P00431000,GLD,-1.0,-1.0,,16.46,8.13,,8.13,close,True,,,,,,,1.0,1.0
2026-04-15T16:00:00-04:00,20260415,0.03437691576842339,P,432.0,870307802,GLD   260415P00432000,GLD,-1.0,-1.0,,-1.0,8.49,,8.49,close,True,,,,,,,0.0,0.0
2026-04-15T16:00:00-04:00,20260415,0.03437691576842339,P,433.0,870307832,GLD   260415P00433000,GLD,-1.0,-1.0,,-1.0,8.85,,8.85,close,True,,,,,,,0.0,0.0
2026-04-15T16:00:00-04:00,20260415,0.03437691576842339,P,434.0,870307865,GLD   260415P00434000,GLD,-1.0,-1.0,,-1.0,9.2,,9.2,close,True,,,,,,,0.0,1.0
2026-04-15T16:00:00-04:00,20260415,0.03437691576842339,P,435.0,870307907,GLD   260415P00435000,GLD,-1.0,-1.0,,16.25,9.61,,9.61,close,True,,,,,,,1.0,5.0
2026-04-15T16:00:00-04:00,20260415,0.03437691576842339,P,436.0,870307950,GLD   260415P00436000,GLD,-1.0,-1.0,,-1.0,10.03,,10.03,close,True,,,,,,,0.0,1.0
2026-04-15T16:00:00-04:00,20260415,0.03437691576842339,P,437.0,870307985,GLD   260415P00437000,GLD,-1.0,-1.0,,-1.0,10.49,,10.49,close,True,,,,,,,10.0,4.0
2026-04-15T16:00:00-04:00,20260415,0.03437691576842339,P,438.0,870308022,GLD   260415P00438000,GLD,-1.0,-1.0,,16.81,10.95,,10.95,close,True,,,,,,,8.0,9.0
2026-04-15T16:00:00-04:00,20260415,0.03437691576842339,P,439.0,870308058,GLD   260415P00439000,GLD,-1.0,-1.0,,-1.0,11.41,,11.41,close,True,,,,,,,0.0,0.0
2026-04-15T16:00:00-04:00,20260415,0.03437691576842339,P,440.0,870308099,GLD   260415P00440000,GLD,-1.0,-1.0,,-1.0,11.88,,11.88,close,True,,,,,,,0.0,2.0
2026-04-15T16:00:00-04:00,20260415,0.03437691576842339,P,441.0,870308129,GLD   260415P00441000,GLD,-1.0,-1.0,,-1.0,12.36,,12.36,close,True,,,,,,,0.0,0.0
2026-04-15T16:00:00-04:00,20260415,0.03437691576842339,P,442.0,870308154,GLD   260415P00442000,GLD,-1.0,-1.0,,-1.0,12.89,,12.89,close,True,,,,,,,0.0,0.0
2026-04-15T16:00:00-04:00,20260415,0.03437691576842339,P,443.0,870308185,GLD   260415P00443000,GLD,-1.0,-1.0,,-1.0,13.42,,13.42,close,True,,,,,,,0.0,0.0
2026-04-15T16:00:00-04:00,20260415,0.03437691576842339,P,444.0,870308228,GLD   260415P00444000,GLD,-1.0,-1.0,,-1.0,13.97,,13.97,close,True,,,,,,,1.0,0.0
2026-04-15T16:00:00-04:00,20260415,0.03437691576842339,P,445.0,870308259,GLD   260415P00445000,GLD,-1.0,-1.0,,-1.0,14.54,,14.54,close,True,,,,,,,0.0,0.0
2026-04-15T16:00:00-04:00,20260415,0.03437691576842339,P,446.0,870308288,GLD   260415P00446000,GLD,-1.0,-1.0,,-1.0,15.1,,15.1,close,True,,,,,,,0.0,0.0
2026-04-15T16:00:00-04:00,20260415,0.03437691576842339,P,447.0,870308327,GLD   260415P00447000,GLD,-1.0,-1.0,,-1.0,15.73,,15.73,close,True,,,,,,,0.0,1.0
2026-04-15T16:00:00-04:00,20260415,0.03437691576842339,P,448.0,870308357,GLD   260415P00448000,GLD,-1.0,-1.0,,-1.0,16.35,,16.35,close,True,,,,,,,0.0,0.0
2026-04-15T16:00:00-04:00,20260415,0.03437691576842339,P,449.0,870308403,GLD   260415P00449000,GLD,-1.0,-1.0,,-1.0,16.97,,16.97,close,True,,,,,,,2.0,0.0
2026-04-15T16:00:00-04:00,20260415,0.03437691576842339,P,450.0,870308427,GLD   260415P00450000,GLD,-1.0,-1.0,,-1.0,17.63,,17.63,close,True,,,,,,,1.0,1.0
2026-04-15T16:00:00-04:00,20260415,0.03437691576842339,P,451.0,870308454,GLD   260415P00451000,GLD,-1.0,-1.0,,-1.0,18.28,,18.28,close,True,,,,,,,0.0,0.0
2026-04-15T16:00:00-04:00,20260415,0.03437691576842339,P,452.0,870308477,GLD   260415P00452000,GLD,-1.0,-1.0,,-1.0,18.99,,18.99,close,True,,,,,,,0.0,0.0
2026-04-15T16:00:00-04:00,20260415,0.03437691576842339,P,453.0,870308512,GLD   260415P00453000,GLD,-1.0,-1.0,,-1.0,19.7,,19.7,close,True,,,,,,,0.0,0.0
2026-04-15T16:00:00-04:00,20260415,0.03437691576842339,P,454.0,870308532,GLD   260415P00454000,GLD,-1.0,-1.0,,-1.0,20.41,,20.41,close,True,,,,,,,0.0,0.0
2026-04-15T16:00:00-04:00,20260415,0.03437691576842339,P,455.0,870308573,GLD   260415P00455000,GLD,-1.0,-1.0,,-1.0,21.16,,21.16,close,True,,,,,,,0.0,4.0
2026-04-15T16:00:00-04:00,20260415,0.03437691576842339,P,456.0,870308612,GLD   260415P00456000,GLD,-1.0,-1.0,,-1.0,21.92,,21.92,close,True,,,,,,,0.0,0.0
2026-04-15T16:00:00-04:00,20260415,0.03437691576842339,P,457.0,870308643,GLD   260415P00457000,GLD,-1.0,-1.0,,-1.0,22.69,29.34767513873439,22.69,close,True,0.317254873079431,-0.8456160092297524,0.00983323910787014,0.1812561920276181,-0.19699178105835813,429.31781005859375,0.0,0.0
2026-04-15T16:00:00-04:00,20260415,0.03437691576842339,P,458.0,870308672,GLD   260415P00458000,GLD,-1.0,-1.0,,-1.0,23.46,30.217999924585204,23.46,close,True,0.317291774661123,-0.8542650386991085,0.009498442522112878,0.1806354892312392,-0.1959108343418947,429.31781005859375,0.0,0.0
2026-04-15T16:00:00-04:00,20260415,0.03437691576842339,P,459.0,870308706,GLD   260415P00459000,GLD,-1.0,-1.0,,-1.0,24.23,31.090550248282906,24.23,close,True,0.31738816821586346,-0.8628886234103661,0.009164025588684566,0.17964564560154272,-0.19454576980512783,429.31781005859375,0.0,0.0
2026-04-15T16:00:00-04:00,20260415,0.03437691576842339,P,460.0,870308745,GLD   260415P00460000,GLD,-1.0,-1.0,,-1.0,24.99,31.965530895749172,24.99,close,True,0.3175439650379271,-0.8714859581780774,0.008829051191457438,0.17839099728128005,-0.1922099499585599,429.31781005859375,1.0,0.0
2026-04-15T16:00:00-04:00,20260415,0.03437691576842339,P,461.0,870308779,GLD   260415P00461000,GLD,-1.0,-1.0,,-1.0,25.8,32.84359736210844,25.8,close,True,0.3177590468530136,-0.8800382116088714,0.008493182974567212,0.17638209317688336,-0.16493178678071274,429.31781005859375,0.0,0.0
2026-04-15T16:00:00-04:00,20260415,0.03437691576842339,P,462.0,870308819,GLD   260415P00462000,GLD,-1.0,-1.0,,-1.0,26.62,33.73973287857882,26.62,close,True,0.3180332953868227,-0.887658113270715,0.008169488442434526,0.1592549984364453,-0.1480826624481324,429.31781005859375,0.0,0.0
2026-04-15T16:00:00-04:00,20260415,0.03437691576842339,P,463.0,870308859,GLD   260415P00463000,GLD,-1.0,-1.0,,-1.0,27.45,34.65360086917426,27.45,close,True,0.3183665332279039,-0.8942810543978379,0.007860309447221886,0.1399851347864569,-0.14708940287277272,429.31781005859375,0.0,0.0
2026-04-15T16:00:00-04:00,20260415,0.03437691576842339,P,464.0,870308893,GLD   260415P00464000,GLD,-1.0,-1.0,,-1.0,28.29,35.56926396713475,28.29,close,True,0.31875867167053207,-0.9008655743357388,0.00755151962143503,0.13893765233749633,-0.1457204748901546,429.31781005859375,0.0,0.0
2026-04-15T16:00:00-04:00,20260415,0.03437691576842339,P,465.0,870308922,GLD   260415P00465000,GLD,-1.0,-1.0,,-1.0,29.13,36.48702655297567,29.13,close,True,0.3192094445975315,-0.907412164301546,0.007245354753008184,0.13746576121126708,-0.14387568076224255,429.31781005859375,0.0,1.0
2026-04-15T16:00:00-04:00,20260415,0.03437691576842339,P,466.0,870308953,GLD   260415P00466000,GLD,-1.0,-1.0,,-1.0,30.0,37.4069795456727,30.0,close,True,0.3197187337346018,-0.9139141878055522,0.006942541407729919,0.135735005236711,-0.13603902410419977,429.31781005859375,0.0,0.0
2026-04-15T16:00:00-04:00,20260415,0.03437691576842339,P,467.0,870308996,GLD   260415P00467000,GLD,-1.0,-1.0,,-1.0,30.87,38.329732549811034,30.87,close,True,0.3202862433959924,-0.9203389919272826,0.006637659582501925,0.13325348150164018,-0.11311836503500672,429.31781005859375,0.0,0.0
2026-04-15T16:00:00-04:00,20260415,0.03437691576842339,P,468.0,870309036,GLD   260415P00468000,GLD,-1.0,-1.0,,-1.0,31.74,39.26742685325189,31.74,close,True,0.3209117961702528,-0.9257870641347952,0.006358217281706366,0.11833619413399532,-0.10368087748009458,429.31781005859375,0.0,0.0
2026-04-15T16:00:00-04:00,20260415,0.03437691576842339,P,469.0,870309086,GLD   260415P00469000,GLD,-1.0,-1.0,,-1.0,32.61,40.21503327055761,32.61,close,True,0.3215951259402073,-0.9305624379928186,0.006102374707708029,0.10150641390103488,-0.10246493899673226,429.31781005859375,0.0,0.0
2026-04-15T16:00:00-04:00,20260415,0.03437691576842339,P,470.0,870309127,GLD   260415P00470000,GLD,-1.0,-1.0,,-1.0,33.5,41.16415535257243,33.5,close,True,0.3223359665886802,-0.9352847631922356,0.005846752914677274,0.10020819455171193,-0.1009193251588698,429.31781005859375,0.0,0.0
2026-04-15T16:00:00-04:00,20260415,0.03437691576842339,P,471.0,870309172,GLD   260415P00471000,GLD,-1.0,-1.0,,-1.0,34.43,42.11496582161971,34.43,close,True,0.32313402242992084,-0.9399495796406224,0.005589894164177592,0.09856993073950804,-0.09878116096762568,429.31781005859375,0.0,0.0
2026-04-15T16:00:00-04:00,20260415,0.03437691576842339,P,472.0,870309220,GLD   260415P00472000,GLD,-1.0,-1.0,,-1.0,35.35,,35.35,close,True,,,,,,,0.0,0.0
2026-04-15T16:00:00-04:00,20260415,0.03437691576842339,P,473.0,870309265,GLD   260415P00473000,GLD,-1.0,-1.0,,-1.0,36.27,,36.27,close,True,,,,,,,0.0,0.0
2026-04-15T16:00:00-04:00,20260415,0.03437691576842339,P,474.0,870309293,GLD   260415P00474000,GLD,-1.0,-1.0,,-1.0,37.19,,37.19,close,True,,,,,,,0.0,0.0
2026-04-15T16:00:00-04:00,20260415,0.03437691576842339,P,475.0,870309338,GLD   260415P00475000,GLD,-1.0,-1.0,,-1.0,38.12,,38.12,close,True,,,,,,,0.0,0.0
2026-04-15T16:00:00-04:00,20260415,0.03437691576842339,P,476.0,870309377,GLD   260415P00476000,GLD,-1.0,-1.0,,-1.0,39.04,,39.04,close,True,,,,,,,0.0,0.0
2026-04-15T16:00:00-04:00,20260415,0.03437691576842339,P,477.0,870309414,GLD   260415P00477000,GLD,-1.0,-1.0,,-1.0,39.97,,39.97,close,True,,,,,,,0.0,0.0
2026-04-15T16:00:00-04:00,20260415,0.03437691576842339,P,478.0,870309450,GLD   260415P00478000,GLD,-1.0,-1.0,,-1.0,40.89,,40.89,close,True,,,,,,,0.0,0.0
2026-04-15T16:00:00-04:00,20260415,0.03437691576842339,P,479.0,870309480,GLD   260415P00479000,GLD,-1.0,-1.0,,-1.0,41.84,,41.84,close,True,,,,,,,0.0,0.0
2026-04-15T16:00:00-04:00,20260415,0.03437691576842339,P,486.0,870309649,GLD   260415P00486000,GLD,-1.0,-1.0,,-1.0,48.55,,48.55,close,True,,,,,,,0.0,0.0
2026-04-15T16:00:00-04:00,20260415,0.03437691576842339,P,490.0,870309734,GLD   260415P00490000,GLD,-1.0,-1.0,,-1.0,52.44,60.77665488589613,52.44,close,True,0.3486638554029271,-0.9914053542951072,0.002289022155843101,0.023229263430110336,-0.011777317413432796,429.31781005859375,0.0,0.0
2026-04-15T16:00:00-04:00,20260415,0.03437691576842339,P,495.0,870309833,GLD   260415P00495000,GLD,-1.0,-1.0,,-1.0,57.34,65.76191933208557,57.34,close,True,0.3584143887192487,-0.9966884528731736,0.0015895906614206044,0.01162297548049196,-0.0019095664600001785,429.31781005859375,0.0,0.0
2026-04-15T16:00:00-04:00,20260415,0.03437691576842339,P,499.0,870309894,GLD   260415P00499000,GLD,-1.0,-1.0,,-1.0,61.27,69.760009765625,61.27,close,True,0.3670257335437037,-0.9990022571973332,0.0007716506204660129,0.003065787081325766,-1.2505552149377765e-12,429.31781005859375,0.0,0.0
2026-04-15T16:00:00-04:00,20260415,0.03437691576842339,P,520.0,870309989,GLD   260415P00520000,GLD,-1.0,-1.0,,-1.0,82.18,90.760009765625,82.18,close,True,0.42190154935731017,-1.0000000000000002,6.125805544339428e-16,-2.273736754432321e-13,-3.979039320256561e-13,429.31781005859375,0.0,0.0
2026-04-15T16:00:00-04:00,20260415,0.03437691576842339,P,540.0,870310077,GLD   260415P00540000,GLD,-1.0,-1.0,,-1.0,102.18,110.7600097656262,102.18,close,True,0.4839641847540433,-0.9999999999999912,-9.252205194726157e-16,-9.094947017729282e-13,-1.8758328224066645e-12,429.31781005859375,0.0,0.0
2026-04-15T16:00:00-04:00,20260415,0.03437691576842339,P,560.0,870310172,GLD   260415P00560000,GLD,-1.0,-1.0,,-1.0,122.18,,122.18,close,True,,,,,,,0.0,0.0
2026-04-15T16:00:00-04:00,20260415,0.03437691576842339,P,580.0,870310287,GLD   260415P00580000,GLD,-1.0,-1.0,,-1.0,142.18,,142.18,close,True,,,,,,,0.0,0.0
2026-04-15T16:00:00-04:00,20260415,0.03437691576842339,P,600.0,870310431,GLD   260415P00600000,GLD,-1.0,-1.0,,-1.0,162.18,,162.18,close,True,,,,,,,0.0,0.0
2026-04-17T16:00:00-04:00,20260417,0.039856367823217914,C,230.0,869055242,GLD   260417C00230000,GLD,-1.0,-1.0,,-1.0,208.28,,208.28,close,True,,,,,,,0.0,
2026-04-17T16:00:00-04:00,20260417,0.039856367823217914,C,255.0,838396550,GLD   260417C00255000,GLD,-1.0,-1.0,,-1.0,183.33,,183.33,close,True,,,,,,,0.0,0.0
2026-04-17T16:00:00-04:00,20260417,0.039856367823217914,C,315.0,838397323,GLD   260417C00315000,GLD,-1.0,-1.0,,-1.0,123.54,,123.54,close,True,,,,,,,0.0,0.0
2026-04-17T16:00:00-04:00,20260417,0.039856367823217914,C,375.0,838398047,GLD   260417C00375000,GLD,-1.0,-1.0,,55.5,64.4,,64.4,close,True,,,,,,,4.0,0.0
2026-04-17T16:00:00-04:00,20260417,0.039856367823217914,C,383.0,867927578,GLD   260417C00383000,GLD,-1.0,-1.0,,-1.0,56.72,,56.72,close,True,,,,,,,40.0,0.0
2026-04-17T16:00:00-04:00,20260417,0.039856367823217914,C,392.0,867927608,GLD   260417C00392000,GLD,-1.0,-1.0,,-1.0,48.23,,48.23,close,True,,,,,,,12.0,0.0
2026-04-17T16:00:00-04:00,20260417,0.039856367823217914,C,393.0,867927613,GLD   260417C00393000,GLD,-1.0,-1.0,,-1.0,47.3,,47.3,close,True,,,,,,,14.0,0.0
2026-04-17T16:00:00-04:00,20260417,0.039856367823217914,C,394.0,867927616,GLD   260417C00394000,GLD,-1.0,-1.0,,-1.0,46.38,,46.38,close,True,,,,,,,29.0,0.0
2026-04-17T16:00:00-04:00,20260417,0.039856367823217914,C,395.0,838398354,GLD   260417C00395000,GLD,-1.0,-1.0,,37.85,45.46,,45.46,close,True,,,,,,,67.0,0.0
2026-04-17T16:00:00-04:00,20260417,0.039856367823217914,C,396.0,867927621,GLD   260417C00396000,GLD,-1.0,-1.0,,35.45,44.54,,44.54,close,True,,,,,,,34.0,0.0
2026-04-17T16:00:00-04:00,20260417,0.039856367823217914,C,397.0,867927626,GLD   260417C00397000,GLD,-1.0,-1.0,,-1.0,43.63,,43.63,close,True,,,,,,,28.0,0.0
2026-04-17T16:00:00-04:00,20260417,0.039856367823217914,C,398.0,867927631,GLD   260417C00398000,GLD,-1.0,-1.0,,-1.0,42.73,,42.73,close,True,,,,,,,22.0,0.0
2026-04-17T16:00:00-04:00,20260417,0.039856367823217914,C,399.0,867927636,GLD   260417C00399000,GLD,-1.0,-1.0,,-1.0,41.83,,41.83,close,True,,,,,,,8.0,0.0
2026-04-17T16:00:00-04:00,20260417,0.039856367823217914,C,400.0,838398425,GLD   260417C00400000,GLD,-1.0,-1.0,,33.4,40.93,,40.93,close,True,,,,,,,40.0,0.0
2026-04-17T16:00:00-04:00,20260417,0.039856367823217914,C,401.0,867927643,GLD   260417C00401000,GLD,-1.0,-1.0,,-1.0,40.03,,40.03,close,True,,,,,,,6.0,0.0
2026-04-17T16:00:00-04:00,20260417,0.039856367823217914,C,402.0,867927646,GLD   260417C00402000,GLD,-1.0,-1.0,,33.0,39.13,,39.13,close,True,,,,,,,13.0,0.0
2026-04-17T16:00:00-04:00,20260417,0.039856367823217914,C,403.0,867927650,GLD   260417C00403000,GLD,-1.0,-1.0,,-1.0,38.24,,38.24,close,True,,,,,,,8.0,
2026-04-17T16:00:00-04:00,20260417,0.039856367823217914,C,404.0,867927655,GLD   260417C00404000,GLD,-1.0,-1.0,,-1.0,37.36,,37.36,close,True,,,,,,,10.0,0.0
2026-04-17T16:00:00-04:00,20260417,0.039856367823217914,C,405.0,838398489,GLD   260417C00405000,GLD,-1.0,-1.0,,27.9,36.48,,36.48,close,True,,,,,,,17.0,0.0
2026-04-17T16:00:00-04:00,20260417,0.039856367823217914,C,406.0,867927656,GLD   260417C00406000,GLD,-1.0,-1.0,,-1.0,35.61,,35.61,close,True,,,,,,,11.0,0.0
2026-04-17T16:00:00-04:00,20260417,0.039856367823217914,C,407.0,867927667,GLD   260417C00407000,GLD,-1.0,-1.0,,-1.0,34.75,,34.75,close,True,,,,,,,8.0,0.0
2026-04-17T16:00:00-04:00,20260417,0.039856367823217914,C,408.0,867927670,GLD   260417C00408000,GLD,-1.0,-1.0,,-1.0,33.88,,33.88,close,True,,,,,,,10.0,0.0
2026-04-17T16:00:00-04:00,20260417,0.039856367823217914,C,409.0,867927673,GLD   260417C00409000,GLD,-1.0,-1.0,,-1.0,33.03,,33.03,close,True,,,,,,,10.0,0.0
2026-04-17T16:00:00-04:00,20260417,0.039856367823217914,C,410.0,838398557,GLD   260417C00410000,GLD,-1.0,-1.0,,25.0,32.18,,32.18,close,True,,,,,,,123.0,0.0
2026-04-17T16:00:00-04:00,20260417,0.039856367823217914,C,411.0,867927676,GLD   260417C00411000,GLD,-1.0,-1.0,,25.0,31.34,,31.34,close,True,,,,,,,1.0,0.0
2026-04-17T16:00:00-04:00,20260417,0.039856367823217914,C,412.0,867927683,GLD   260417C00412000,GLD,-1.0,-1.0,,-1.0,30.5,,30.5,close,True,,,,,,,4.0,0.0
2026-04-17T16:00:00-04:00,20260417,0.039856367823217914,C,413.0,867927686,GLD   260417C00413000,GLD,-1.0,-1.0,,23.45,29.67,,29.67,close,True,,,,,,,16.0,0.0
2026-04-17T16:00:00-04:00,20260417,0.039856367823217914,C,414.0,867927692,GLD   260417C00414000,GLD,-1.0,-1.0,,-1.0,28.86,,28.86,close,True,,,,,,,29.0,0.0
2026-04-17T16:00:00-04:00,20260417,0.039856367823217914,C,415.0,838398597,GLD   260417C00415000,GLD,-1.0,-1.0,,21.4,28.06,,28.06,close,True,,,,,,,156.0,0.0
2026-04-17T16:00:00-04:00,20260417,0.039856367823217914,C,416.0,867927698,GLD   260417C00416000,GLD,-1.0,-1.0,,-1.0,27.25,,27.25,close,True,,,,,,,33.0,0.0
2026-04-17T16:00:00-04:00,20260417,0.039856367823217914,C,417.0,867927703,GLD   260417C00417000,GLD,-1.0,-1.0,,19.47,26.45,,26.45,close,True,,,,,,,39.0,0.0
2026-04-17T16:00:00-04:00,20260417,0.039856367823217914,C,418.0,867927704,GLD   260417C00418000,GLD,-1.0,-1.0,,18.95,25.65,,25.65,close,True,,,,,,,50.0,0.0
2026-04-17T16:00:00-04:00,20260417,0.039856367823217914,C,419.0,867927709,GLD   260417C00419000,GLD,-1.0,-1.0,,15.13,24.88,,24.88,close,True,,,,,,,56.0,0.0
2026-04-17T16:00:00-04:00,20260417,0.039856367823217914,C,420.0,838398652,GLD   260417C00420000,GLD,-1.0,-1.0,,18.25,24.1,,24.1,close,True,,,,,,,758.0,0.0
2026-04-17T16:00:00-04:00,20260417,0.039856367823217914,C,421.0,867927713,GLD   260417C00421000,GLD,-1.0,-1.0,,14.28,23.36,,23.36,close,True,,,,,,,86.0,0.0
2026-04-17T16:00:00-04:00,20260417,0.039856367823217914,C,422.0,867927723,GLD   260417C00422000,GLD,-1.0,-1.0,,16.8,22.62,,22.62,close,True,,,,,,,91.0,0.0
2026-04-17T16:00:00-04:00,20260417,0.039856367823217914,C,423.0,867927726,GLD   260417C00423000,GLD,-1.0,-1.0,,15.35,21.87,,21.87,close,True,,,,,,,84.0,0.0
2026-04-17T16:00:00-04:00,20260417,0.039856367823217914,C,424.0,867927728,GLD   260417C00424000,GLD,-1.0,-1.0,,15.05,21.16,,21.16,close,True,,,,,,,45.0,0.0
2026-04-17T16:00:00-04:00,20260417,0.039856367823217914,C,425.0,838398712,GLD   260417C00425000,GLD,-1.0,-1.0,,15.25,20.45,,20.45,close,True,,,,,,,1744.0,0.0
2026-04-17T16:00:00-04:00,20260417,0.039856367823217914,C,426.0,867927733,GLD   260417C00426000,GLD,-1.0,-1.0,,13.9,19.74,,19.74,close,True,,,,,,,82.0,0.0
2026-04-17T16:00:00-04:00,20260417,0.039856367823217914,C,427.0,867927738,GLD   260417C00427000,GLD,-1.0,-1.0,,13.06,19.04,,19.04,close,True,,,,,,,48.0,0.0
2026-04-17T16:00:00-04:00,20260417,0.039856367823217914,C,428.0,867927743,GLD   260417C00428000,GLD,-1.0,-1.0,,13.2,18.37,,18.37,close,True,,,,,,,338.0,0.0
2026-04-17T16:00:00-04:00,20260417,0.039856367823217914,C,429.0,867927751,GLD   260417C00429000,GLD,-1.0,-1.0,,12.7,17.71,,17.71,close,True,,,,,,,101.0,0.0
2026-04-17T16:00:00-04:00,20260417,0.039856367823217914,C,430.0,838398786,GLD   260417C00430000,GLD,-1.0,-1.0,,12.05,17.07,,17.07,close,True,,,,,,,942.0,0.0
2026-04-17T16:00:00-04:00,20260417,0.039856367823217914,C,431.0,867927752,GLD   260417C00431000,GLD,-1.0,-1.0,,11.05,16.43,,16.43,close,True,,,,,,,116.0,0.0
2026-04-17T16:00:00-04:00,20260417,0.039856367823217914,C,432.0,867927757,GLD   260417C00432000,GLD,-1.0,-1.0,,10.61,15.79,,15.79,close,True,,,,,,,103.0,0.0
2026-04-17T16:00:00-04:00,20260417,0.039856367823217914,C,433.0,867927763,GLD   260417C00433000,GLD,-1.0,-1.0,,10.25,15.17,,15.17,close,True,,,,,,,96.0,0.0
2026-04-17T16:00:00-04:00,20260417,0.039856367823217914,C,434.0,867089056,GLD   260417C00434000,GLD,-1.0,-1.0,,9.5,14.59,,14.59,close,True,,,,,,,157.0,0.0
2026-04-17T16:00:00-04:00,20260417,0.039856367823217914,C,435.0,838398843,GLD   260417C00435000,GLD,-1.0,-1.0,,9.6,14.02,9.580345031209731,14.02,close,True,0.3378240453494634,0.4477821904922048,0.013422229604539973,0.3497761419572871,-0.425630652340633,429.31781005859375,916.0,
2026-04-17T16:00:00-04:00,20260417,0.039856367823217914,C,436.0,867089121,GLD   260417C00436000,GLD,-1.0,-1.0,,9.2,13.45,9.138615108259332,13.45,close,True,0.3366273459790784,0.4344669432431004,0.013387605975757597,0.3367415212117262,-0.4085182576487956,429.31781005859375,98.0,0.0
2026-04-17T16:00:00-04:00,20260417,0.039856367823217914,C,437.0,867089178,GLD   260417C00437000,GLD,-1.0,-1.0,,8.7,12.9,8.71973034355822,12.9,close,True,0.3354880687814866,0.42121805969087184,0.0133260899180323,0.3374268148353572,-0.40730104445938053,429.31781005859375,25.0,0.0
2026-04-17T16:00:00-04:00,20260417,0.039856367823217914,C,438.0,867089216,GLD   260417C00438000,GLD,-1.0,-1.0,,6.27,12.35,,12.35,close,True,,,,,,,70.0,0.0
2026-04-17T16:00:00-04:00,20260417,0.039856367823217914,C,439.0,867089273,GLD   260417C00439000,GLD,-1.0,-1.0,,8.26,11.82,,11.82,close,True,,,,,,,161.0,0.0
2026-04-17T16:00:00-04:00,20260417,0.039856367823217914,C,440.0,838398903,GLD   260417C00440000,GLD,-1.0,-1.0,,7.45,11.29,,11.29,close,True,,,,,,,884.0,0.0
2026-04-17T16:00:00-04:00,20260417,0.039856367823217914,C,441.0,867089323,GLD   260417C00441000,GLD,-1.0,-1.0,,-1.0,10.76,,10.76,close,True,,,,,,,28.0,0.0
2026-04-17T16:00:00-04:00,20260417,0.039856367823217914,C,442.0,867089357,GLD   260417C00442000,GLD,-1.0,-1.0,,6.7,10.31,,10.31,close,True,,,,,,,43.0,0.0
2026-04-17T16:00:00-04:00,20260417,0.039856367823217914,C,443.0,867089411,GLD   260417C00443000,GLD,-1.0,-1.0,,6.54,9.85,,9.85,close,True,,,,,,,54.0,0.0
2026-04-17T16:00:00-04:00,20260417,0.039856367823217914,C,444.0,867089466,GLD   260417C00444000,GLD,-1.0,-1.0,,5.82,9.4,,9.4,close,True,,,,,,,25.0,0.0
2026-04-17T16:00:00-04:00,20260417,0.039856367823217914,C,445.0,838398963,GLD   260417C00445000,GLD,-1.0,-1.0,,5.85,8.94,,8.94,close,True,,,,,,,198.0,0.0
2026-04-17T16:00:00-04:00,20260417,0.039856367823217914,C,446.0,867089514,GLD   260417C00446000,GLD,-1.0,-1.0,,5.37,8.54,,8.54,close,True,,,,,,,13.0,0.0
2026-04-17T16:00:00-04:00,20260417,0.039856367823217914,C,447.0,867089574,GLD   260417C00447000,GLD,-1.0,-1.0,,5.0,8.13,,8.13,close,True,,,,,,,97.0,0.0
2026-04-17T16:00:00-04:00,20260417,0.039856367823217914,C,448.0,867089634,GLD   260417C00448000,GLD,-1.0,-1.0,,5.5,7.73,,7.73,close,True,,,,,,,6.0,0.0
2026-04-17T16:00:00-04:00,20260417,0.039856367823217914,C,449.0,867089683,GLD   260417C00449000,GLD,-1.0,-1.0,,4.7,7.35,,7.35,close,True,,,,,,,8.0,0.0
2026-04-17T16:00:00-04:00,20260417,0.039856367823217914,C,450.0,838399031,GLD   260417C00450000,GLD,-1.0,-1.0,,4.3,6.97,,6.97,close,True,,,,,,,1058.0,0.0
2026-04-17T16:00:00-04:00,20260417,0.039856367823217914,C,451.0,850505143,GLD   260417C00451000,GLD,-1.0,-1.0,,4.15,6.63,,6.63,close,True,,,,,,,67.0,0.0
2026-04-17T16:00:00-04:00,20260417,0.039856367823217914,C,452.0,850505203,GLD   260417C00452000,GLD,-1.0,-1.0,,3.7,6.3,,6.3,close,True,,,,,,,12.0,0.0
2026-04-17T16:00:00-04:00,20260417,0.039856367823217914,C,453.0,850505256,GLD   260417C00453000,GLD,-1.0,-1.0,,3.66,5.96,,5.96,close,True,,,,,,,20.0,0.0
2026-04-17T16:00:00-04:00,20260417,0.039856367823217914,C,454.0,850505318,GLD   260417C00454000,GLD,-1.0,-1.0,,3.69,5.62,,5.62,close,True,,,,,,,55.0,0.0
2026-04-17T16:00:00-04:00,20260417,0.039856367823217914,C,455.0,838399074,GLD   260417C00455000,GLD,-1.0,-1.0,,3.15,5.35,,5.35,close,True,,,,,,,280.0,0.0
2026-04-17T16:00:00-04:00,20260417,0.039856367823217914,C,456.0,850505376,GLD   260417C00456000,GLD,-1.0,-1.0,,3.05,5.09,,5.09,close,True,,,,,,,20.0,0.0
2026-04-17T16:00:00-04:00,20260417,0.039856367823217914,C,457.0,850505441,GLD   260417C00457000,GLD,-1.0,-1.0,,2.76,4.82,,4.82,close,True,,,,,,,225.0,0.0
2026-04-17T16:00:00-04:00,20260417,0.039856367823217914,C,458.0,850505493,GLD   260417C00458000,GLD,-1.0,-1.0,,2.56,4.56,,4.56,close,True,,,,,,,15.0,0.0
2026-04-17T16:00:00-04:00,20260417,0.039856367823217914,C,459.0,850505541,GLD   260417C00459000,GLD,-1.0,-1.0,,2.79,4.32,,4.32,close,True,,,,,,,23.0,
2026-04-17T16:00:00-04:00,20260417,0.039856367823217914,C,460.0,838399122,GLD   260417C00460000,GLD,-1.0,-1.0,,2.3,4.08,,4.08,close,True,,,,,,,371.0,
2026-04-17T16:00:00-04:00,20260417,0.039856367823217914,C,461.0,850505603,GLD   260417C00461000,GLD,-1.0,-1.0,,2.33,3.85,,3.85,close,True,,,,,,,18.0,
2026-04-17T16:00:00-04:00,20260417,0.039856367823217914,C,462.0,850505658,GLD   260417C00462000,GLD,-1.0,-1.0,,2.02,3.65,,3.65,close,True,,,,,,,21.0,
2026-04-17T16:00:00-04:00,20260417,0.039856367823217914,C,463.0,850505706,GLD   260417C00463000,GLD,-1.0,-1.0,,2.05,3.45,,3.45,close,True,,,,,,,111.0,
2026-04-17T16:00:00-04:00,20260417,0.039856367823217914,C,464.0,850505762,GLD   260417C00464000,GLD,-1.0,-1.0,,1.77,3.28,,3.28,close,True,,,,,,,22.0,
2026-04-17T16:00:00-04:00,20260417,0.039856367823217914,C,465.0,838399127,GLD   260417C00465000,GLD,-1.0,-1.0,,1.65,3.1,,3.1,close,True,,,,,,,863.0,
2026-04-17T16:00:00-04:00,20260417,0.039856367823217914,C,466.0,850505813,GLD   260417C00466000,GLD,-1.0,-1.0,,1.74,2.93,,2.93,close,True,,,,,,,14.0,
2026-04-17T16:00:00-04:00,20260417,0.039856367823217914,C,467.0,850505881,GLD   260417C00467000,GLD,-1.0,-1.0,,-1.0,2.76,,2.76,close,True,,,,,,,1.0,
2026-04-17T16:00:00-04:00,20260417,0.039856367823217914,C,468.0,850505926,GLD   260417C00468000,GLD,-1.0,-1.0,,1.45,2.61,,2.61,close,True,,,,,,,16.0,
2026-04-17T16:00:00-04:00,20260417,0.039856367823217914,C,469.0,850505995,GLD   260417C00469000,GLD,-1.0,-1.0,,-1.0,2.46,,2.46,close,True,,,,,,,0.0,
2026-04-17T16:00:00-04:00,20260417,0.039856367823217914,C,470.0,838399128,GLD   260417C00470000,GLD,-1.0,-1.0,,1.25,2.31,,2.31,close,True,,,,,,,276.0,
2026-04-17T16:00:00-04:00,20260417,0.039856367823217914,C,471.0,850506045,GLD   260417C00471000,GLD,-1.0,-1.0,,1.22,2.19,,2.19,close,True,,,,,,,1.0,0.0
2026-04-17T16:00:00-04:00,20260417,0.039856367823217914,C,472.0,850506130,GLD   260417C00472000,GLD,-1.0,-1.0,,1.13,2.07,,2.07,close,True,,,,,,,1.0,0.0
2026-04-17T16:00:00-04:00,20260417,0.039856367823217914,C,473.0,850506198,GLD   260417C00473000,GLD,-1.0,-1.0,,1.05,1.96,,1.96,close,True,,,,,,,4.0,0.0
2026-04-17T16:00:00-04:00,20260417,0.039856367823217914,C,474.0,850506262,GLD   260417C00474000,GLD,-1.0,-1.0,,0.96,1.85,,1.85,close,True,,,,,,,1.0,0.0
2026-04-17T16:00:00-04:00,20260417,0.039856367823217914,C,475.0,838399133,GLD   260417C00475000,GLD,-1.0,-1.0,,0.9,1.76,,1.76,close,True,,,,,,,198.0,0.0
2026-04-17T16:00:00-04:00,20260417,0.039856367823217914,C,476.0,850506313,GLD   260417C00476000,GLD,-1.0,-1.0,,0.84,1.66,,1.66,close,True,,,,,,,44.0,0.0
2026-04-17T16:00:00-04:00,20260417,0.039856367823217914,C,477.0,850506373,GLD   260417C00477000,GLD,-1.0,-1.0,,0.9,1.57,,1.57,close,True,,,,,,,6.0,0.0
2026-04-17T16:00:00-04:00,20260417,0.039856367823217914,C,478.0,850506433,GLD   260417C00478000,GLD,-1.0,-1.0,,0.85,1.47,,1.47,close,True,,,,,,,14.0,0.0
2026-04-17T16:00:00-04:00,20260417,0.039856367823217914,C,479.0,850506493,GLD   260417C00479000,GLD,-1.0,-1.0,,0.83,1.37,,1.37,close,True,,,,,,,3.0,0.0
2026-04-17T16:00:00-04:00,20260417,0.039856367823217914,C,486.0,850506807,GLD   260417C00486000,GLD,-1.0,-1.0,,0.54,0.96,,0.96,close,True,,,,,,,1.0,0.0
2026-04-17T16:00:00-04:00,20260417,0.039856367823217914,C,490.0,838399292,GLD   260417C00490000,GLD,-1.0,-1.0,,0.4,0.8,,0.8,close,True,,,,,,,84.0,0.0
2026-04-17T16:00:00-04:00,20260417,0.039856367823217914,C,495.0,838399351,GLD   260417C00495000,GLD,-1.0,-1.0,,0.35,0.64,,0.64,close,True,,,,,,,606.0,0.0
2026-04-17T16:00:00-04:00,20260417,0.039856367823217914,C,499.0,850507430,GLD   260417C00499000,GLD,-1.0,-1.0,,0.33,0.53,,0.53,close,True,,,,,,,7.0,0.0
2026-04-17T16:00:00-04:00,20260417,0.039856367823217914,C,503.0,850507582,GLD   260417C00503000,GLD,-1.0,-1.0,,0.27,0.45,,0.45,close,True,,,,,,,1.0,0.0
2026-04-17T16:00:00-04:00,20260417,0.039856367823217914,C,507.0,850507743,GLD   260417C00507000,GLD,-1.0,-1.0,,0.22,0.39,,0.39,close,True,,,,,,,12.0,0.0
2026-04-17T16:00:00-04:00,20260417,0.039856367823217914,C,511.0,850507864,GLD   260417C00511000,GLD,-1.0,-1.0,,-1.0,0.34,,0.34,close,True,,,,,,,0.0,0.0
2026-04-17T16:00:00-04:00,20260417,0.039856367823217914,C,520.0,838399660,GLD   260417C00520000,GLD,-1.0,-1.0,,0.15,0.24,,0.24,close,True,,,,,,,16.0,0.0
2026-04-17T16:00:00-04:00,20260417,0.039856367823217914,C,540.0,838399866,GLD   260417C00540000,GLD,-1.0,-1.0,,0.1,0.14,,0.14,close,True,,,,,,,17.0,0.0
2026-04-17T16:00:00-04:00,20260417,0.039856367823217914,C,560.0,838400110,GLD   260417C00560000,GLD,-1.0,-1.0,,-1.0,0.08,,0.08,close,True,,,,,,,0.0,0.0
2026-04-17T16:00:00-04:00,20260417,0.039856367823217914,C,580.0,838400333,GLD   260417C00580000,GLD,-1.0,-1.0,,-1.0,0.06,,0.06,close,True,,,,,,,0.0,0.0
2026-04-17T16:00:00-04:00,20260417,0.039856367823217914,C,600.0,838400569,GLD   260417C00600000,GLD,-1.0,-1.0,,0.02,0.03,,0.03,close,True,,,,,,,76.0,0.0
2026-04-17T16:00:00-04:00,20260417,0.039856367823217914,C,620.0,848872226,GLD   260417C00620000,GLD,-1.0,-1.0,,-1.0,0.01,,0.01,close,True,,,,,,,0.0,0.0
2026-04-17T16:00:00-04:00,20260417,0.039856367823217914,C,645.0,850105931,GLD   260417C00645000,GLD,-1.0,-1.0,,-1.0,0.0,,,,False,,,,,,,0.0,0.0
2026-04-17T16:00:00-04:00,20260417,0.039856367823217914,C,665.0,850930271,GLD   260417C00665000,GLD,-1.0,-1.0,,0.04,0.0,,0.04,last,True,,,,,,,18.0,0.0
2026-04-17T16:00:00-04:00,20260417,0.039856367823217914,C,685.0,850930371,GLD   260417C00685000,GLD,-1.0,-1.0,,-1.0,0.0,,,,False,,,,,,,0.0,0.0
2026-04-17T16:00:00-04:00,20260417,0.039856367823217914,C,705.0,850930470,GLD   260417C00705000,GLD,-1.0,-1.0,,-1.0,0.0,,,,False,,,,,,,0.0,0.0
2026-04-17T16:00:00-04:00,20260417,0.039856367823217914,C,725.0,850930584,GLD   260417C00725000,GLD,-1.0,-1.0,,-1.0,0.0,,,,False,,,,,,,0.0,0.0
2026-04-17T16:00:00-04:00,20260417,0.039856367823217914,C,745.0,850930697,GLD   260417C00745000,GLD,-1.0,-1.0,,-1.0,0.0,,,,False,,,,,,,0.0,0.0
2026-04-17T16:00:00-04:00,20260417,0.039856367823217914,C,780.0,849672905,GLD   260417C00780000,GLD,-1.0,-1.0,,-1.0,0.0,,,,False,,,,,,,0.0,0.0
2026-04-17T16:00:00-04:00,20260417,0.039856367823217914,P,230.0,869055701,GLD   260417P00230000,GLD,-1.0,-1.0,,0.02,0.0,,0.02,last,True,,,,,,,24.0,0.0
2026-04-17T16:00:00-04:00,20260417,0.039856367823217914,P,255.0,838400672,GLD   260417P00255000,GLD,-1.0,-1.0,,0.04,0.01,,0.01,close,True,,,,,,,12.0,1125.0
2026-04-17T16:00:00-04:00,20260417,0.039856367823217914,P,315.0,838401302,GLD   260417P00315000,GLD,-1.0,-1.0,,0.2,0.12,,0.12,close,True,,,,,,,4.0,201.0
2026-04-17T16:00:00-04:00,20260417,0.039856367823217914,P,375.0,838401969,GLD   260417P00375000,GLD,-1.0,-1.0,,1.23,0.89,,0.89,close,True,,,,,,,229.0,8109.0
2026-04-17T16:00:00-04:00,20260417,0.039856367823217914,P,383.0,867927793,GLD   260417P00383000,GLD,-1.0,-1.0,,2.18,1.19,,1.19,close,True,,,,,,,2.0,37.0
2026-04-17T16:00:00-04:00,20260417,0.039856367823217914,P,392.0,867927825,GLD   260417P00392000,GLD,-1.0,-1.0,,2.78,1.7,,1.7,close,True,,,,,,,29.0,41.0
2026-04-17T16:00:00-04:00,20260417,0.039856367823217914,P,393.0,867927828,GLD   260417P00393000,GLD,-1.0,-1.0,,2.87,1.77,,1.77,close,True,,,,,,,3.0,146.0
2026-04-17T16:00:00-04:00,20260417,0.039856367823217914,P,394.0,867927838,GLD   260417P00394000,GLD,-1.0,-1.0,,-1.0,1.84,2.792425567263926,1.84,close,True,0.4223551312989416,-0.14235508756892937,0.006143845849146759,0.21311544730933776,-0.2494836194835548,429.31781005859375,8.0,91.0
2026-04-17T16:00:00-04:00,20260417,0.039856367823217914,P,395.0,838402200,GLD   260417P00395000,GLD,-1.0,-1.0,,3.2,1.92,2.906414706318619,1.92,close,True,0.4199049017568798,-0.14750539660870468,0.006318969176049051,0.21795083788116457,-0.27845186031480074,429.31781005859375,54.0,1986.0
2026-04-17T16:00:00-04:00,20260417,0.039856367823217914,P,396.0,867927842,GLD   260417P00396000,GLD,-1.0,-1.0,,-1.0,2.0,3.0418735570972197,2.0,close,True,0.4174594623239799,-0.153520376823306,0.006517168823121854,0.21832491936323128,-0.3024244311392428,429.31781005859375,2.0,26.0
2026-04-17T16:00:00-04:00,20260417,0.039856367823217914,P,397.0,867927847,GLD   260417P00397000,GLD,-1.0,-1.0,,-1.0,2.09,,2.09,close,True,,,,,,,1.0,30.0
2026-04-17T16:00:00-04:00,20260417,0.039856367823217914,P,398.0,867927848,GLD   260417P00398000,GLD,-1.0,-1.0,,3.75,2.19,3.313203561438981,2.19,close,True,0.4125821850027141,-0.16577758008784174,0.006926134536623382,0.21910661003167675,-0.299181601203252,429.31781005859375,4.0,246.0
2026-04-17T16:00:00-04:00,20260417,0.039856367823217914,P,399.0,867927853,GLD   260417P00399000,GLD,-1.0,-1.0,,3.64,2.29,3.449149794411462,2.29,close,True,0.4101504358200734,-0.1720245338880306,0.007137151315448553,0.21952827147945664,-0.29762257538913106,429.31781005859375,14.0,1141.0
2026-04-17T16:00:00-04:00,20260417,0.039856367823217914,P,400.0,838402253,GLD   260417P00400000,GLD,-1.0,-1.0,,3.76,2.39,3.635678937366361,2.39,close,True,0.4077236245894699,-0.18048222650072152,0.007416182680744405,0.21998040800987265,-0.29596569700427944,429.31781005859375,529.0,14759.0
2026-04-17T16:00:00-04:00,20260417,0.039856367823217914,P,401.0,867927859,GLD   260417P00401000,GLD,-1.0,-1.0,,4.41,2.49,,2.49,close,True,,,,,,,2.0,250.0
2026-04-17T16:00:00-04:00,20260417,0.039856367823217914,P,402.0,867927862,GLD   260417P00402000,GLD,-1.0,-1.0,,4.0,2.59,3.9099987556659626,2.59,close,True,0.402887181470381,-0.19346827655811644,0.007863868421786017,0.25734334457513075,-0.29403015711693303,429.31781005859375,226.0,216.0
2026-04-17T16:00:00-04:00,20260417,0.039856367823217914,P,403.0,867927868,GLD   260417P00403000,GLD,-1.0,-1.0,,4.3,2.69,4.027896884752566,2.69,close,True,0.40047923499067467,-0.1985754367344537,0.008018782383017146,0.25931850186441885,-0.32378557835256894,429.31781005859375,309.0,178.0
2026-04-17T16:00:00-04:00,20260417,0.039856367823217914,P,404.0,867927873,GLD   260417P00404000,GLD,-1.0,-1.0,,4.3,2.81,4.281214743890226,2.81,close,True,0.3980795381434139,-0.20890578380323463,0.00830129548609526,0.2597281990660463,-0.34153856445579267,429.31781005859375,6.0,65.0
2026-04-17T16:00:00-04:00,20260417,0.039856367823217914,P,405.0,838402309,GLD   260417P00405000,GLD,-1.0,-1.0,,4.55,2.93,4.467982616198223,2.93,close,True,0.395689421514477,-0.2167872512203919,0.008526381863688353,0.26020894540903594,-0.339675444992559,429.31781005859375,963.0,4032.0
2026-04-17T16:00:00-04:00,20260417,0.039856367823217914,P,406.0,867927876,GLD   260417P00406000,GLD,-1.0,-1.0,,4.5,3.06,4.655121324684506,3.06,close,True,0.3933103931011928,-0.2247717183684217,0.008756079669892513,0.2607300599413733,-0.337885386385981,429.31781005859375,4.0,104.0
2026-04-17T16:00:00-04:00,20260417,0.039856367823217914,P,407.0,867927883,GLD   260417P00407000,GLD,-1.0,-1.0,,5.2,3.19,,3.19,close,True,,,,,,,57.0,266.0
2026-04-17T16:00:00-04:00,20260417,0.039856367823217914,P,408.0,867927886,GLD   260417P00408000,GLD,-1.0,-1.0,,5.6,3.33,5.001688689801831,3.33,close,True,0.3885921651452487,-0.2399069238306503,0.009200658809301576,0.2618608619342506,-0.3344926257511549,429.31781005859375,123.0,170.0
2026-04-17T16:00:00-04:00,20260417,0.039856367823217914,P,409.0,867927888,GLD   260417P00409000,GLD,-1.0,-1.0,,6.05,3.47,5.187162067680944,3.47,close,True,0.3862566912430481,-0.24808058672710664,0.009441032159006522,0.262944893176817,-0.33303281771958737,429.31781005859375,7.0,102.0
2026-04-17T16:00:00-04:00,20260417,0.039856367823217914,P,410.0,838402369,GLD   260417P00410000,GLD,-1.0,-1.0,,5.5,3.62,,3.62,close,True,,,,,,,325.0,12368.0
2026-04-17T16:00:00-04:00,20260417,0.039856367823217914,P,411.0,867927898,GLD   260417P00411000,GLD,-1.0,-1.0,,6.2,3.78,,3.78,close,True,,,,,,,22.0,94.0
2026-04-17T16:00:00-04:00,20260417,0.039856367823217914,P,412.0,867927903,GLD   260417P00412000,GLD,-1.0,-1.0,,6.65,3.94,,3.94,close,True,,,,,,,9.0,154.0
2026-04-17T16:00:00-04:00,20260417,0.039856367823217914,P,413.0,867927907,GLD   260417P00413000,GLD,-1.0,-1.0,,9.16,4.11,,4.11,close,True,,,,,,,25.0,37.0
2026-04-17T16:00:00-04:00,20260417,0.039856367823217914,P,414.0,867927910,GLD   260417P00414000,GLD,-1.0,-1.0,,6.75,4.3,,4.3,close,True,,,,,,,67.0,62.0
2026-04-17T16:00:00-04:00,20260417,0.039856367823217914,P,415.0,838402439,GLD   260417P00415000,GLD,-1.0,-1.0,,6.67,4.49,,4.49,close,True,,,,,,,328.0,7640.0
2026-04-17T16:00:00-04:00,20260417,0.039856367823217914,P,416.0,867927913,GLD   260417P00416000,GLD,-1.0,-1.0,,6.95,4.69,,4.69,close,True,,,,,,,219.0,127.0
2026-04-17T16:00:00-04:00,20260417,0.039856367823217914,P,417.0,867927916,GLD   260417P00417000,GLD,-1.0,-1.0,,7.53,4.89,,4.89,close,True,,,,,,,24.0,67.0
2026-04-17T16:00:00-04:00,20260417,0.039856367823217914,P,418.0,867927922,GLD   260417P00418000,GLD,-1.0,-1.0,,8.3,5.09,,5.09,close,True,,,,,,,29.0,175.0
2026-04-17T16:00:00-04:00,20260417,0.039856367823217914,P,419.0,867927928,GLD   260417P00419000,GLD,-1.0,-1.0,,8.25,5.31,,5.31,close,True,,,,,,,35.0,102.0
2026-04-17T16:00:00-04:00,20260417,0.039856367823217914,P,420.0,838402491,GLD   260417P00420000,GLD,-1.0,-1.0,,8.18,5.54,,5.54,close,True,,,,,,,690.0,26259.0
2026-04-17T16:00:00-04:00,20260417,0.039856367823217914,P,421.0,867927933,GLD   260417P00421000,GLD,-1.0,-1.0,,9.2,5.79,,5.79,close,True,,,,,,,13.0,222.0
2026-04-17T16:00:00-04:00,20260417,0.039856367823217914,P,422.0,867927938,GLD   260417P00422000,GLD,-1.0,-1.0,,9.9,6.05,,6.05,close,True,,,,,,,30.0,112.0
2026-04-17T16:00:00-04:00,20260417,0.039856367823217914,P,423.0,867927943,GLD   260417P00423000,GLD,-1.0,-1.0,,9.35,6.31,,6.31,close,True,,,,,,,119.0,170.0
2026-04-17T16:00:00-04:00,20260417,0.039856367823217914,P,424.0,867927944,GLD   260417P00424000,GLD,-1.0,-1.0,,-1.0,6.59,,6.59,close,True,,,,,,,1.0,30.0
2026-04-17T16:00:00-04:00,20260417,0.039856367823217914,P,425.0,838402554,GLD   260417P00425000,GLD,-1.0,-1.0,,10.0,6.88,,6.88,close,True,,,,,,,1630.0,6874.0
2026-04-17T16:00:00-04:00,20260417,0.039856367823217914,P,426.0,867927949,GLD   260417P00426000,GLD,-1.0,-1.0,,10.7,7.18,,7.18,close,True,,,,,,,361.0,26.0
2026-04-17T16:00:00-04:00,20260417,0.039856367823217914,P,427.0,867927958,GLD   260417P00427000,GLD,-1.0,-1.0,,12.15,7.47,,7.47,close,True,,,,,,,96.0,41.0
2026-04-17T16:00:00-04:00,20260417,0.039856367823217914,P,428.0,867927961,GLD   260417P00428000,GLD,-1.0,-1.0,,12.5,7.8,,7.8,close,True,,,,,,,48.0,21.0
2026-04-17T16:00:00-04:00,20260417,0.039856367823217914,P,429.0,867927964,GLD   260417P00429000,GLD,-1.0,-1.0,,11.7,8.14,,8.14,close,True,,,,,,,127.0,202.0
2026-04-17T16:00:00-04:00,20260417,0.039856367823217914,P,430.0,838402608,GLD   260417P00430000,GLD,-1.0,-1.0,,12.1,8.5,,8.5,close,True,,,,,,,352.0,9306.0
2026-04-17T16:00:00-04:00,20260417,0.039856367823217914,P,431.0,867927968,GLD   260417P00431000,GLD,-1.0,-1.0,,13.05,8.86,,8.86,close,True,,,,,,,6.0,20.0
2026-04-17T16:00:00-04:00,20260417,0.039856367823217914,P,432.0,867927973,GLD   260417P00432000,GLD,-1.0,-1.0,,14.15,9.23,,9.23,close,True,,,,,,,4.0,72.0
2026-04-17T16:00:00-04:00,20260417,0.039856367823217914,P,433.0,867927978,GLD   260417P00433000,GLD,-1.0,-1.0,,14.53,9.6,,9.6,close,True,,,,,,,27.0,9.0
2026-04-17T16:00:00-04:00,20260417,0.039856367823217914,P,434.0,867089731,GLD   260417P00434000,GLD,-1.0,-1.0,,14.63,10.02,,10.02,close,True,,,,,,,10.0,117.0
2026-04-17T16:00:00-04:00,20260417,0.039856367823217914,P,435.0,838402666,GLD   260417P00435000,GLD,-1.0,-1.0,,14.8,10.45,,10.45,close,True,,,,,,,378.0,2410.0
2026-04-17T16:00:00-04:00,20260417,0.039856367823217914,P,436.0,867089797,GLD   260417P00436000,GLD,-1.0,-1.0,,-1.0,10.88,,10.88,close,True,,,,,,,0.0,5.0
2026-04-17T16:00:00-04:00,20260417,0.039856367823217914,P,437.0,867089832,GLD   260417P00437000,GLD,-1.0,-1.0,,17.5,11.33,,11.33,close,True,,,,,,,5.0,14.0
2026-04-17T16:00:00-04:00,20260417,0.039856367823217914,P,438.0,867089877,GLD   260417P00438000,GLD,-1.0,-1.0,,17.4,11.79,,11.79,close,True,,,,,,,31.0,18.0
2026-04-17T16:00:00-04:00,20260417,0.039856367823217914,P,439.0,867089921,GLD   260417P00439000,GLD,-1.0,-1.0,,16.8,12.26,,12.26,close,True,,,,,,,90.0,3.0
2026-04-17T16:00:00-04:00,20260417,0.039856367823217914,P,440.0,838402729,GLD   260417P00440000,GLD,,,,17.5,12.73,,12.73,close,True,,,,,,,129.0,11520.0
2026-04-17T16:00:00-04:00,20260417,0.039856367823217914,P,441.0,867089975,GLD   260417P00441000,GLD,,,,19.8,13.2,,13.2,close,True,,,,,,,7.0,4.0
2026-04-17T16:00:00-04:00,20260417,0.039856367823217914,P,442.0,867090023,GLD   260417P00442000,GLD,-1.0,-1.0,,20.25,13.75,,13.75,close,True,,,,,,,10.0,16.0
2026-04-17T16:00:00-04:00,20260417,0.039856367823217914,P,443.0,867090072,GLD   260417P00443000,GLD,-1.0,-1.0,,-1.0,14.3,,14.3,close,True,,,,,,,0.0,12.0
2026-04-17T16:00:00-04:00,20260417,0.039856367823217914,P,444.0,867090131,GLD   260417P00444000,GLD,-1.0,-1.0,,-1.0,14.84,,14.84,close,True,,,,,,,0.0,76.0
2026-04-17T16:00:00-04:00,20260417,0.039856367823217914,P,445.0,838402792,GLD   260417P00445000,GLD,-1.0,-1.0,,20.6,15.39,,15.39,close,True,,,,,,,196.0,11765.0
2026-04-17T16:00:00-04:00,20260417,0.039856367823217914,P,446.0,867090181,GLD   260417P00446000,GLD,-1.0,-1.0,,-1.0,15.99,,15.99,close,True,,,,,,,0.0,7.0
2026-04-17T16:00:00-04:00,20260417,0.039856367823217914,P,447.0,867090236,GLD   260417P00447000,GLD,-1.0,-1.0,,-1.0,16.58,,16.58,close,True,,,,,,,0.0,8.0
2026-04-17T16:00:00-04:00,20260417,0.039856367823217914,P,448.0,867090281,GLD   260417P00448000,GLD,-1.0,-1.0,,-1.0,17.18,,17.18,close,True,,,,,,,0.0,28.0
2026-04-17T16:00:00-04:00,20260417,0.039856367823217914,P,449.0,867090336,GLD   260417P00449000,GLD,-1.0,-1.0,,-1.0,17.81,,17.81,close,True,,,,,,,0.0,28.0
2026-04-17T16:00:00-04:00,20260417,0.039856367823217914,P,450.0,838402863,GLD   260417P00450000,GLD,-1.0,-1.0,,24.49,18.44,,18.44,close,True,,,,,,,224.0,14591.0
2026-04-17T16:00:00-04:00,20260417,0.039856367823217914,P,451.0,850508078,GLD   260417P00451000,GLD,-1.0,-1.0,,-1.0,19.1,,19.1,close,True,,,,,,,3.0,2503.0
2026-04-17T16:00:00-04:00,20260417,0.039856367823217914,P,452.0,850508133,GLD   260417P00452000,GLD,-1.0,-1.0,,-1.0,19.76,,19.76,close,True,,,,,,,6.0,2804.0
2026-04-17T16:00:00-04:00,20260417,0.039856367823217914,P,453.0,850508164,GLD   260417P00453000,GLD,-1.0,-1.0,,-1.0,20.43,,20.43,close,True,,,,,,,1.0,3423.0
2026-04-17T16:00:00-04:00,20260417,0.039856367823217914,P,454.0,850508198,GLD   260417P00454000,GLD,-1.0,-1.0,,-1.0,21.09,,21.09,close,True,,,,,,,0.0,607.0
2026-04-17T16:00:00-04:00,20260417,0.039856367823217914,P,455.0,838402923,GLD   260417P00455000,GLD,-1.0,-1.0,,28.5,21.83,,21.83,close,True,,,,,,,29.0,4127.0
2026-04-17T16:00:00-04:00,20260417,0.039856367823217914,P,456.0,850508263,GLD   260417P00456000,GLD,-1.0,-1.0,,-1.0,22.57,,22.57,close,True,,,,,,,1.0,1262.0
2026-04-17T16:00:00-04:00,20260417,0.039856367823217914,P,457.0,850508308,GLD   260417P00457000,GLD,-1.0,-1.0,,-1.0,23.31,,23.31,close,True,,,,,,,0.0,456.0
2026-04-17T16:00:00-04:00,20260417,0.039856367823217914,P,458.0,850508356,GLD   260417P00458000,GLD,-1.0,-1.0,,-1.0,24.05,,24.05,close,True,,,,,,,1.0,201.0
2026-04-17T16:00:00-04:00,20260417,0.039856367823217914,P,459.0,850508402,GLD   260417P00459000,GLD,-1.0,-1.0,,32.1,24.81,,24.81,close,True,,,,,,,28.0,376.0
2026-04-17T16:00:00-04:00,20260417,0.039856367823217914,P,460.0,838402971,GLD   260417P00460000,GLD,-1.0,-1.0,,34.3,25.58,,25.58,close,True,,,,,,,28.0,5396.0
2026-04-17T16:00:00-04:00,20260417,0.039856367823217914,P,461.0,850508444,GLD   260417P00461000,GLD,-1.0,-1.0,,-1.0,26.35,,26.35,close,True,,,,,,,1.0,362.0
2026-04-17T16:00:00-04:00,20260417,0.039856367823217914,P,462.0,850508503,GLD   260417P00462000,GLD,-1.0,-1.0,,-1.0,27.16,,27.16,close,True,,,,,,,2.0,1902.0
2026-04-17T16:00:00-04:00,20260417,0.039856367823217914,P,463.0,850508555,GLD   260417P00463000,GLD,-1.0,-1.0,,-1.0,27.96,,27.96,close,True,,,,,,,3.0,2394.0
2026-04-17T16:00:00-04:00,20260417,0.039856367823217914,P,464.0,850508599,GLD   260417P00464000,GLD,-1.0,-1.0,,-1.0,28.79,,28.79,close,True,,,,,,,1.0,771.0
2026-04-17T16:00:00-04:00,20260417,0.039856367823217914,P,465.0,838403012,GLD   260417P00465000,GLD,-1.0,-1.0,,-1.0,29.63,,29.63,close,True,,,,,,,11.0,6977.0
2026-04-17T16:00:00-04:00,20260417,0.039856367823217914,P,466.0,850508638,GLD   260417P00466000,GLD,-1.0,-1.0,,-1.0,30.46,,30.46,close,True,,,,,,,1.0,524.0
2026-04-17T16:00:00-04:00,20260417,0.039856367823217914,P,467.0,850508681,GLD   260417P00467000,GLD,-1.0,-1.0,,41.41,31.29,,31.29,close,True,,,,,,,1.0,337.0
2026-04-17T16:00:00-04:00,20260417,0.039856367823217914,P,468.0,850508720,GLD   260417P00468000,GLD,-1.0,-1.0,,-1.0,32.15,,32.15,close,True,,,,,,,1.0,66.0
2026-04-17T16:00:00-04:00,20260417,0.039856367823217914,P,469.0,850508768,GLD   260417P00469000,GLD,-1.0,-1.0,,47.23,33.01,,33.01,close,True,,,,,,,11.0,141.0
2026-04-17T16:00:00-04:00,20260417,0.039856367823217914,P,470.0,838403069,GLD   260417P00470000,GLD,-1.0,-1.0,,-1.0,33.86,,33.86,close,True,,,,,,,3.0,3769.0
2026-04-17T16:00:00-04:00,20260417,0.039856367823217914,P,471.0,850508818,GLD   260417P00471000,GLD,-1.0,-1.0,,-1.0,34.75,,34.75,close,True,,,,,,,0.0,397.0
2026-04-17T16:00:00-04:00,20260417,0.039856367823217914,P,472.0,850508863,GLD   260417P00472000,GLD,-1.0,-1.0,,50.15,35.64,,35.64,close,True,,,,,,,1.0,173.0
2026-04-17T16:00:00-04:00,20260417,0.039856367823217914,P,473.0,850508906,GLD   260417P00473000,GLD,-1.0,-1.0,,-1.0,36.53,,36.53,close,True,,,,,,,3.0,111.0
2026-04-17T16:00:00-04:00,20260417,0.039856367823217914,P,474.0,850508954,GLD   260417P00474000,GLD,-1.0,-1.0,,-1.0,37.44,,37.44,close,True,,,,,,,1.0,60.0
2026-04-17T16:00:00-04:00,20260417,0.039856367823217914,P,475.0,838403132,GLD   260417P00475000,GLD,-1.0,-1.0,,45.65,38.35,,38.35,close,True,,,,,,,11.0,4179.0
2026-04-17T16:00:00-04:00,20260417,0.039856367823217914,P,476.0,850509007,GLD   260417P00476000,GLD,-1.0,-1.0,,-1.0,39.26,,39.26,close,True,,,,,,,0.0,133.0
2026-04-17T16:00:00-04:00,20260417,0.039856367823217914,P,477.0,850509052,GLD   260417P00477000,GLD,-1.0,-1.0,,-1.0,40.17,,40.17,close,True,,,,,,,0.0,230.0
2026-04-17T16:00:00-04:00,20260417,0.039856367823217914,P,478.0,850509118,GLD   260417P00478000,GLD,-1.0,-1.0,,-1.0,41.08,,41.08,close,True,,,,,,,0.0,105.0
2026-04-17T16:00:00-04:00,20260417,0.039856367823217914,P,479.0,850509168,GLD   260417P00479000,GLD,-1.0,-1.0,,-1.0,42.0,,42.0,close,True,,,,,,,0.0,101.0
2026-04-17T16:00:00-04:00,20260417,0.039856367823217914,P,486.0,850509416,GLD   260417P00486000,GLD,-1.0,-1.0,,-1.0,48.64,,48.64,close,True,,,,,,,0.0,32.0
2026-04-17T16:00:00-04:00,20260417,0.039856367823217914,P,490.0,838403344,GLD   260417P00490000,GLD,-1.0,-1.0,,60.0,52.5,,52.5,close,True,,,,,,,2.0,1428.0
2026-04-17T16:00:00-04:00,20260417,0.039856367823217914,P,495.0,838403402,GLD   260417P00495000,GLD,-1.0,-1.0,,-1.0,57.39,,57.39,close,True,,,,,,,0.0,3593.0
2026-04-17T16:00:00-04:00,20260417,0.039856367823217914,P,499.0,850509952,GLD   260417P00499000,GLD,-1.0,-1.0,,-1.0,61.31,,61.31,close,True,,,,,,,0.0,8.0
2026-04-17T16:00:00-04:00,20260417,0.039856367823217914,P,503.0,850510089,GLD   260417P00503000,GLD,-1.0,-1.0,,-1.0,65.26,,65.26,close,True,,,,,,,0.0,22.0
2026-04-17T16:00:00-04:00,20260417,0.039856367823217914,P,507.0,850510224,GLD   260417P00507000,GLD,-1.0,-1.0,,-1.0,69.23,,69.23,close,True,,,,,,,0.0,2.0
2026-04-17T16:00:00-04:00,20260417,0.039856367823217914,P,511.0,850510375,GLD   260417P00511000,GLD,-1.0,-1.0,,-1.0,73.21,,73.21,close,True,,,,,,,0.0,0.0
2026-04-17T16:00:00-04:00,20260417,0.039856367823217914,P,520.0,838403660,GLD   260417P00520000,GLD,-1.0,-1.0,,-1.0,82.18,,82.18,close,True,,,,,,,0.0,0.0
2026-04-17T16:00:00-04:00,20260417,0.039856367823217914,P,540.0,838403888,GLD   260417P00540000,GLD,-1.0,-1.0,,-1.0,102.18,,102.18,close,True,,,,,,,0.0,0.0
2026-04-17T16:00:00-04:00,20260417,0.039856367823217914,P,560.0,838404105,GLD   260417P00560000,GLD,-1.0,-1.0,,-1.0,122.18,,122.18,close,True,,,,,,,0.0,0.0
2026-04-17T16:00:00-04:00,20260417,0.039856367823217914,P,580.0,838404279,GLD   260417P00580000,GLD,-1.0,-1.0,,-1.0,142.18,,142.18,close,True,,,,,,,0.0,0.0
2026-04-17T16:00:00-04:00,20260417,0.039856367823217914,P,600.0,838404449,GLD   260417P00600000,GLD,-1.0,-1.0,,-1.0,162.18,,162.18,close,True,,,,,,,0.0,0.0
2026-04-17T16:00:00-04:00,20260417,0.039856367823217914,P,620.0,848872621,GLD   260417P00620000,GLD,-1.0,-1.0,,-1.0,182.18,,182.18,close,True,,,,,,,0.0,0.0
2026-04-17T16:00:00-04:00,20260417,0.039856367823217914,P,645.0,850106162,GLD   260417P00645000,GLD,-1.0,-1.0,,-1.0,207.18,,207.18,close,True,,,,,,,0.0,0.0
2026-04-17T16:00:00-04:00,20260417,0.039856367823217914,P,665.0,850930866,GLD   260417P00665000,GLD,-1.0,-1.0,,-1.0,227.18,,227.18,close,True,,,,,,,0.0,0.0
2026-04-17T16:00:00-04:00,20260417,0.039856367823217914,P,685.0,850930969,GLD   260417P00685000,GLD,-1.0,-1.0,,-1.0,247.18,,247.18,close,True,,,,,,,0.0,0.0
2026-04-17T16:00:00-04:00,20260417,0.039856367823217914,P,705.0,850931071,GLD   260417P00705000,GLD,-1.0,-1.0,,-1.0,267.18,,267.18,close,True,,,,,,,0.0,0.0
2026-04-17T16:00:00-04:00,20260417,0.039856367823217914,P,725.0,850931171,GLD   260417P00725000,GLD,-1.0,-1.0,,-1.0,287.18,,287.18,close,True,,,,,,,0.0,0.0
2026-04-17T16:00:00-04:00,20260417,0.039856367823217914,P,745.0,850931250,GLD   260417P00745000,GLD,-1.0,-1.0,,-1.0,307.18,,307.18,close,True,,,,,,,0.0,0.0
2026-04-17T16:00:00-04:00,20260417,0.039856367823217914,P,780.0,849672991,GLD   260417P00780000,GLD,-1.0,-1.0,,-1.0,342.18,,342.18,close,True,,,,,,,0.0,0.0
2026-04-24T16:00:00-04:00,20260424,0.059034450014998734,C,230.0,869056195,GLD   260424C00230000,GLD,-1.0,-1.0,,-1.0,208.53,,208.53,close,True,,,,,,,0.0,0.0
2026-04-24T16:00:00-04:00,20260424,0.059034450014998734,C,255.0,869056450,GLD   260424C00255000,GLD,-1.0,-1.0,,-1.0,183.63,,183.63,close,True,,,,,,,0.0,0.0
2026-04-24T16:00:00-04:00,20260424,0.059034450014998734,C,315.0,861544031,GLD   260424C00315000,GLD,-1.0,-1.0,,-1.0,123.98,,123.98,close,True,,,,,,,0.0,0.0
2026-04-24T16:00:00-04:00,20260424,0.059034450014998734,C,375.0,861544615,GLD   260424C00375000,GLD,-1.0,-1.0,,56.22,65.19,,65.19,close,True,,,,,,,1.0,0.0
2026-04-24T16:00:00-04:00,20260424,0.059034450014998734,C,383.0,867928012,GLD   260424C00383000,GLD,-1.0,-1.0,,-1.0,57.65,,57.65,close,True,,,,,,,1.0,0.0
2026-04-24T16:00:00-04:00,20260424,0.059034450014998734,C,392.0,867928046,GLD   260424C00392000,GLD,-1.0,-1.0,,-1.0,49.38,,49.38,close,True,,,,,,,0.0,0.0
2026-04-24T16:00:00-04:00,20260424,0.059034450014998734,C,393.0,867928048,GLD   260424C00393000,GLD,-1.0,-1.0,,-1.0,48.48,,48.48,close,True,,,,,,,0.0,0.0
2026-04-24T16:00:00-04:00,20260424,0.059034450014998734,C,394.0,867928053,GLD   260424C00394000,GLD,-1.0,-1.0,,39.25,47.58,,47.58,close,True,,,,,,,1.0,0.0
2026-04-24T16:00:00-04:00,20260424,0.059034450014998734,C,395.0,861544767,GLD   260424C00395000,GLD,-1.0,-1.0,,-1.0,46.69,,46.69,close,True,,,,,,,3.0,0.0
2026-04-24T16:00:00-04:00,20260424,0.059034450014998734,C,396.0,867928058,GLD   260424C00396000,GLD,-1.0,-1.0,,-1.0,45.8,,45.8,close,True,,,,,,,0.0,0.0
2026-04-24T16:00:00-04:00,20260424,0.059034450014998734,C,397.0,867928063,GLD   260424C00397000,GLD,-1.0,-1.0,,-1.0,44.92,,44.92,close,True,,,,,,,0.0,0.0
2026-04-24T16:00:00-04:00,20260424,0.059034450014998734,C,398.0,867928069,GLD   260424C00398000,GLD,-1.0,-1.0,,-1.0,44.04,,44.04,close,True,,,,,,,0.0,0.0
2026-04-24T16:00:00-04:00,20260424,0.059034450014998734,C,399.0,867928074,GLD   260424C00399000,GLD,-1.0,-1.0,,-1.0,43.16,,43.16,close,True,,,,,,,0.0,0.0
2026-04-24T16:00:00-04:00,20260424,0.059034450014998734,C,400.0,861544833,GLD   260424C00400000,GLD,-1.0,-1.0,,35.25,42.29,,42.29,close,True,,,,,,,6.0,0.0
2026-04-24T16:00:00-04:00,20260424,0.059034450014998734,C,401.0,867928079,GLD   260424C00401000,GLD,-1.0,-1.0,,-1.0,41.43,,41.43,close,True,,,,,,,0.0,0.0
2026-04-24T16:00:00-04:00,20260424,0.059034450014998734,C,402.0,867928081,GLD   260424C00402000,GLD,-1.0,-1.0,,-1.0,40.56,,40.56,close,True,,,,,,,0.0,0.0
2026-04-24T16:00:00-04:00,20260424,0.059034450014998734,C,403.0,867928084,GLD   260424C00403000,GLD,-1.0,-1.0,,-1.0,39.71,,39.71,close,True,,,,,,,0.0,0.0
2026-04-24T16:00:00-04:00,20260424,0.059034450014998734,C,404.0,867928091,GLD   260424C00404000,GLD,-1.0,-1.0,,-1.0,38.86,,38.86,close,True,,,,,,,0.0,0.0
2026-04-24T16:00:00-04:00,20260424,0.059034450014998734,C,405.0,861544887,GLD   260424C00405000,GLD,-1.0,-1.0,,30.0,38.01,,38.01,close,True,,,,,,,5.0,0.0
2026-04-24T16:00:00-04:00,20260424,0.059034450014998734,C,406.0,867928098,GLD   260424C00406000,GLD,-1.0,-1.0,,-1.0,37.19,,37.19,close,True,,,,,,,3.0,0.0
2026-04-24T16:00:00-04:00,20260424,0.059034450014998734,C,407.0,867928103,GLD   260424C00407000,GLD,-1.0,-1.0,,-1.0,36.36,,36.36,close,True,,,,,,,0.0,0.0
2026-04-24T16:00:00-04:00,20260424,0.059034450014998734,C,408.0,867928104,GLD   260424C00408000,GLD,-1.0,-1.0,,-1.0,35.54,,35.54,close,True,,,,,,,1.0,0.0
2026-04-24T16:00:00-04:00,20260424,0.059034450014998734,C,409.0,867928109,GLD   260424C00409000,GLD,-1.0,-1.0,,-1.0,34.72,,34.72,close,True,,,,,,,0.0,0.0
2026-04-24T16:00:00-04:00,20260424,0.059034450014998734,C,410.0,861544926,GLD   260424C00410000,GLD,-1.0,-1.0,,27.0,33.89,,33.89,close,True,,,,,,,5.0,0.0
2026-04-24T16:00:00-04:00,20260424,0.059034450014998734,C,411.0,867928115,GLD   260424C00411000,GLD,-1.0,-1.0,,-1.0,33.09,,33.09,close,True,,,,,,,0.0,0.0
2026-04-24T16:00:00-04:00,20260424,0.059034450014998734,C,412.0,867928118,GLD   260424C00412000,GLD,-1.0,-1.0,,-1.0,32.3,,32.3,close,True,,,,,,,0.0,0.0
2026-04-24T16:00:00-04:00,20260424,0.059034450014998734,C,413.0,867928121,GLD   260424C00413000,GLD,-1.0,-1.0,,-1.0,31.5,,31.5,close,True,,,,,,,0.0,0.0
2026-04-24T16:00:00-04:00,20260424,0.059034450014998734,C,414.0,867928129,GLD   260424C00414000,GLD,-1.0,-1.0,,-1.0,30.73,,30.73,close,True,,,,,,,0.0,0.0
2026-04-24T16:00:00-04:00,20260424,0.059034450014998734,C,415.0,861544980,GLD   260424C00415000,GLD,-1.0,-1.0,,23.55,29.96,,29.96,close,True,,,,,,,13.0,0.0
2026-04-24T16:00:00-04:00,20260424,0.059034450014998734,C,416.0,867928132,GLD   260424C00416000,GLD,-1.0,-1.0,,22.5,29.2,,29.2,close,True,,,,,,,21.0,0.0
2026-04-24T16:00:00-04:00,20260424,0.059034450014998734,C,417.0,867928139,GLD   260424C00417000,GLD,-1.0,-1.0,,22.35,28.43,,28.43,close,True,,,,,,,27.0,0.0
2026-04-24T16:00:00-04:00,20260424,0.059034450014998734,C,418.0,867928142,GLD   260424C00418000,GLD,-1.0,-1.0,,-1.0,27.69,,27.69,close,True,,,,,,,0.0,0.0
2026-04-24T16:00:00-04:00,20260424,0.059034450014998734,C,419.0,867928144,GLD   260424C00419000,GLD,-1.0,-1.0,,17.5,26.95,,26.95,close,True,,,,,,,6.0,0.0
2026-04-24T16:00:00-04:00,20260424,0.059034450014998734,C,420.0,861545035,GLD   260424C00420000,GLD,-1.0,-1.0,,20.8,26.21,,26.21,close,True,,,,,,,18.0,0.0
2026-04-24T16:00:00-04:00,20260424,0.059034450014998734,C,421.0,867928149,GLD   260424C00421000,GLD,-1.0,-1.0,,-1.0,25.5,,25.5,close,True,,,,,,,0.0,0.0
2026-04-24T16:00:00-04:00,20260424,0.059034450014998734,C,422.0,867928159,GLD   260424C00422000,GLD,-1.0,-1.0,,-1.0,24.79,,24.79,close,True,,,,,,,0.0,0.0
2026-04-24T16:00:00-04:00,20260424,0.059034450014998734,C,423.0,867928163,GLD   260424C00423000,GLD,-1.0,-1.0,,17.91,24.1,,24.1,close,True,,,,,,,2.0,0.0
2026-04-24T16:00:00-04:00,20260424,0.059034450014998734,C,424.0,867928166,GLD   260424C00424000,GLD,-1.0,-1.0,,-1.0,23.42,,23.42,close,True,,,,,,,0.0,0.0
2026-04-24T16:00:00-04:00,20260424,0.059034450014998734,C,425.0,861545074,GLD   260424C00425000,GLD,-1.0,-1.0,,17.8,22.73,,22.73,close,True,,,,,,,234.0,0.0
2026-04-24T16:00:00-04:00,20260424,0.059034450014998734,C,426.0,867928169,GLD   260424C00426000,GLD,-1.0,-1.0,,15.97,22.04,,22.04,close,True,,,,,,,5.0,0.0
2026-04-24T16:00:00-04:00,20260424,0.059034450014998734,C,427.0,867928172,GLD   260424C00427000,GLD,-1.0,-1.0,,12.8,21.38,,21.38,close,True,,,,,,,1.0,0.0
2026-04-24T16:00:00-04:00,20260424,0.059034450014998734,C,428.0,867928178,GLD   260424C00428000,GLD,-1.0,-1.0,,15.58,20.71,,20.71,close,True,,,,,,,59.0,0.0
2026-04-24T16:00:00-04:00,20260424,0.059034450014998734,C,429.0,867928183,GLD   260424C00429000,GLD,-1.0,-1.0,,15.5,20.07,,20.07,close,True,,,,,,,15.0,0.0
2026-04-24T16:00:00-04:00,20260424,0.059034450014998734,C,430.0,861545116,GLD   260424C00430000,GLD,-1.0,-1.0,,14.25,19.47,,19.47,close,True,,,,,,,64.0,0.0
2026-04-24T16:00:00-04:00,20260424,0.059034450014998734,C,431.0,867928189,GLD   260424C00431000,GLD,-1.0,-1.0,,13.83,18.86,,18.86,close,True,,,,,,,18.0,0.0
2026-04-24T16:00:00-04:00,20260424,0.059034450014998734,C,432.0,867928194,GLD   260424C00432000,GLD,-1.0,-1.0,,13.07,18.25,,18.25,close,True,,,,,,,212.0,0.0
2026-04-24T16:00:00-04:00,20260424,0.059034450014998734,C,433.0,867928199,GLD   260424C00433000,GLD,-1.0,-1.0,,12.5,17.64,,17.64,close,True,,,,,,,5.0,0.0
2026-04-24T16:00:00-04:00,20260424,0.059034450014998734,C,434.0,866175769,GLD   260424C00434000,GLD,-1.0,-1.0,,10.05,17.04,,17.04,close,True,,,,,,,11.0,0.0
2026-04-24T16:00:00-04:00,20260424,0.059034450014998734,C,435.0,861545170,GLD   260424C00435000,GLD,-1.0,-1.0,,11.6,16.45,,16.45,close,True,,,,,,,60.0,0.0
2026-04-24T16:00:00-04:00,20260424,0.059034450014998734,C,436.0,866175906,GLD   260424C00436000,GLD,-1.0,-1.0,,10.01,15.88,,15.88,close,True,,,,,,,13.0,0.0
2026-04-24T16:00:00-04:00,20260424,0.059034450014998734,C,437.0,866175991,GLD   260424C00437000,GLD,-1.0,-1.0,,11.7,15.3,,15.3,close,True,,,,,,,7.0,0.0
2026-04-24T16:00:00-04:00,20260424,0.059034450014998734,C,438.0,866176085,GLD   260424C00438000,GLD,-1.0,-1.0,,11.35,14.78,,14.78,close,True,,,,,,,12.0,0.0
2026-04-24T16:00:00-04:00,20260424,0.059034450014998734,C,439.0,866176165,GLD   260424C00439000,GLD,-1.0,-1.0,,-1.0,14.25,,14.25,close,True,,,,,,,15.0,0.0
2026-04-24T16:00:00-04:00,20260424,0.059034450014998734,C,440.0,861545220,GLD   260424C00440000,GLD,-1.0,-1.0,,10.65,13.74,,13.74,close,True,,,,,,,57.0,0.0
2026-04-24T16:00:00-04:00,20260424,0.059034450014998734,C,441.0,866176257,GLD   260424C00441000,GLD,-1.0,-1.0,,-1.0,13.25,,13.25,close,True,,,,,,,1.0,0.0
2026-04-24T16:00:00-04:00,20260424,0.059034450014998734,C,442.0,866176354,GLD   260424C00442000,GLD,-1.0,-1.0,,9.0,12.77,,12.77,close,True,,,,,,,6.0,0.0
2026-04-24T16:00:00-04:00,20260424,0.059034450014998734,C,443.0,866176442,GLD   260424C00443000,GLD,-1.0,-1.0,,6.88,12.28,,12.28,close,True,,,,,,,1.0,0.0
2026-04-24T16:00:00-04:00,20260424,0.059034450014998734,C,444.0,866176561,GLD   260424C00444000,GLD,-1.0,-1.0,,8.55,11.8,,11.8,close,True,,,,,,,6.0,0.0
2026-04-24T16:00:00-04:00,20260424,0.059034450014998734,C,445.0,861545271,GLD   260424C00445000,GLD,-1.0,-1.0,,6.6,11.35,,11.35,close,True,,,,,,,113.0,0.0
2026-04-24T16:00:00-04:00,20260424,0.059034450014998734,C,446.0,861545310,GLD   260424C00446000,GLD,-1.0,-1.0,,7.45,10.91,,10.91,close,True,,,,,,,4.0,0.0
2026-04-24T16:00:00-04:00,20260424,0.059034450014998734,C,447.0,861545353,GLD   260424C00447000,GLD,-1.0,-1.0,,7.68,10.47,,10.47,close,True,,,,,,,12.0,0.0
2026-04-24T16:00:00-04:00,20260424,0.059034450014998734,C,448.0,861545387,GLD   260424C00448000,GLD,-1.0,-1.0,,-1.0,10.03,,10.03,close,True,,,,,,,3.0,0.0
2026-04-24T16:00:00-04:00,20260424,0.059034450014998734,C,449.0,861545455,GLD   260424C00449000,GLD,-1.0,-1.0,,-1.0,9.59,,9.59,close,True,,,,,,,2.0,0.0
2026-04-24T16:00:00-04:00,20260424,0.059034450014998734,C,450.0,861545495,GLD   260424C00450000,GLD,-1.0,-1.0,,6.4,9.2,,9.2,close,True,,,,,,,323.0,0.0
2026-04-24T16:00:00-04:00,20260424,0.059034450014998734,C,451.0,861545561,GLD   260424C00451000,GLD,-1.0,-1.0,,6.35,8.82,,8.82,close,True,,,,,,,2.0,0.0
2026-04-24T16:00:00-04:00,20260424,0.059034450014998734,C,452.0,861545614,GLD   260424C00452000,GLD,-1.0,-1.0,,-1.0,8.45,,8.45,close,True,,,,,,,0.0,0.0
2026-04-24T16:00:00-04:00,20260424,0.059034450014998734,C,453.0,861545644,GLD   260424C00453000,GLD,-1.0,-1.0,,5.75,8.1,,8.1,close,True,,,,,,,10.0,0.0
2026-04-24T16:00:00-04:00,20260424,0.059034450014998734,C,454.0,861545694,GLD   260424C00454000,GLD,-1.0,-1.0,,-1.0,7.75,,7.75,close,True,,,,,,,1.0,0.0
2026-04-24T16:00:00-04:00,20260424,0.059034450014998734,C,455.0,861545735,GLD   260424C00455000,GLD,-1.0,-1.0,,4.96,7.43,,7.43,close,True,,,,,,,35.0,0.0
2026-04-24T16:00:00-04:00,20260424,0.059034450014998734,C,456.0,861545765,GLD   260424C00456000,GLD,-1.0,-1.0,,3.85,7.1,,7.1,close,True,,,,,,,2.0,0.0
2026-04-24T16:00:00-04:00,20260424,0.059034450014998734,C,457.0,861069781,GLD   260424C00457000,GLD,,,,4.75,6.8,,6.8,close,True,,,,,,,3.0,0.0
2026-04-24T16:00:00-04:00,20260424,0.059034450014998734,C,458.0,861069855,GLD   260424C00458000,GLD,,,,4.3,6.5,,6.5,close,True,,,,,,,16.0,0.0
2026-04-24T16:00:00-04:00,20260424,0.059034450014998734,C,459.0,861069905,GLD   260424C00459000,GLD,-1.0,-1.0,,-1.0,6.2,,6.2,close,True,,,,,,,0.0,0.0
2026-04-24T16:00:00-04:00,20260424,0.059034450014998734,C,460.0,861069964,GLD   260424C00460000,GLD,-1.0,-1.0,,3.9,5.93,,5.93,close,True,,,,,,,78.0,0.0
2026-04-24T16:00:00-04:00,20260424,0.059034450014998734,C,461.0,861070024,GLD   260424C00461000,GLD,-1.0,-1.0,,-1.0,5.67,3.871642966889605,5.67,close,True,0.3276179785655556,0.2067903463983138,0.008329457441175263,0.29884091516486455,-0.23394232908095125,429.31781005859375,0.0,0.0
2026-04-24T16:00:00-04:00,20260424,0.059034450014998734,C,462.0,861070158,GLD   260424C00462000,GLD,-1.0,-1.0,,3.6,5.42,,5.42,close,True,,,,,,,9.0,0.0
2026-04-24T16:00:00-04:00,20260424,0.059034450014998734,C,462.5,861070095,GLD   260424C00462500,GLD,-1.0,-1.0,,-1.0,5.29,,5.29,close,True,,,,,,,10.0,0.0
2026-04-24T16:00:00-04:00,20260424,0.059034450014998734,C,463.0,861070216,GLD   260424C00463000,GLD,-1.0,-1.0,,3.45,5.17,,5.17,close,True,,,,,,,2.0,0.0
2026-04-24T16:00:00-04:00,20260424,0.059034450014998734,C,464.0,861070275,GLD   260424C00464000,GLD,-1.0,-1.0,,-1.0,4.93,,4.93,close,True,,,,,,,1.0,0.0
2026-04-24T16:00:00-04:00,20260424,0.059034450014998734,C,465.0,861070335,GLD   260424C00465000,GLD,-1.0,-1.0,,3.02,4.71,,4.71,close,True,,,,,,,21.0,0.0
2026-04-24T16:00:00-04:00,20260424,0.059034450014998734,C,466.0,861070383,GLD   260424C00466000,GLD,-1.0,-1.0,,2.74,4.48,,4.48,close,True,,,,,,,6.0,0.0
2026-04-24T16:00:00-04:00,20260424,0.059034450014998734,C,467.0,861070481,GLD   260424C00467000,GLD,-1.0,-1.0,,-1.0,4.28,,4.28,close,True,,,,,,,0.0,0.0
2026-04-24T16:00:00-04:00,20260424,0.059034450014998734,C,467.5,861070433,GLD   260424C00467500,GLD,-1.0,-1.0,,-1.0,4.18,,4.18,close,True,,,,,,,0.0,0.0
2026-04-24T16:00:00-04:00,20260424,0.059034450014998734,C,468.0,861070549,GLD   260424C00468000,GLD,-1.0,-1.0,,-1.0,4.07,,4.07,close,True,,,,,,,2.0,0.0
2026-04-24T16:00:00-04:00,20260424,0.059034450014998734,C,469.0,861070595,GLD   260424C00469000,GLD,-1.0,-1.0,,2.76,3.9,,3.9,close,True,,,,,,,3.0,0.0
2026-04-24T16:00:00-04:00,20260424,0.059034450014998734,C,470.0,861070658,GLD   260424C00470000,GLD,-1.0,-1.0,,2.47,3.72,,3.72,close,True,,,,,,,210.0,0.0
2026-04-24T16:00:00-04:00,20260424,0.059034450014998734,C,471.0,861070708,GLD   260424C00471000,GLD,-1.0,-1.0,,-1.0,3.55,,3.55,close,True,,,,,,,5.0,0.0
2026-04-24T16:00:00-04:00,20260424,0.059034450014998734,C,472.0,861070823,GLD   260424C00472000,GLD,-1.0,-1.0,,-1.0,3.39,,3.39,close,True,,,,,,,8.0,0.0
2026-04-24T16:00:00-04:00,20260424,0.059034450014998734,C,472.5,861070764,GLD   260424C00472500,GLD,-1.0,-1.0,,-1.0,3.31,,3.31,close,True,,,,,,,0.0,0.0
2026-04-24T16:00:00-04:00,20260424,0.059034450014998734,C,473.0,861070878,GLD   260424C00473000,GLD,-1.0,-1.0,,-1.0,3.23,,3.23,close,True,,,,,,,0.0,0.0
2026-04-24T16:00:00-04:00,20260424,0.059034450014998734,C,474.0,861070943,GLD   260424C00474000,GLD,-1.0,-1.0,,-1.0,3.09,,3.09,close,True,,,,,,,0.0,0.0
2026-04-24T16:00:00-04:00,20260424,0.059034450014998734,C,475.0,861070989,GLD   260424C00475000,GLD,-1.0,-1.0,,1.88,2.94,,2.94,close,True,,,,,,,92.0,0.0
2026-04-24T16:00:00-04:00,20260424,0.059034450014998734,C,476.0,861071052,GLD   260424C00476000,GLD,-1.0,-1.0,,1.6,2.8,,2.8,close,True,,,,,,,5.0,0.0
2026-04-24T16:00:00-04:00,20260424,0.059034450014998734,C,477.0,861071178,GLD   260424C00477000,GLD,-1.0,-1.0,,-1.0,2.66,,2.66,close,True,,,,,,,0.0,0.0
2026-04-24T16:00:00-04:00,20260424,0.059034450014998734,C,477.5,861071108,GLD   260424C00477500,GLD,-1.0,-1.0,,-1.0,2.59,,2.59,close,True,,,,,,,0.0,0.0
2026-04-24T16:00:00-04:00,20260424,0.059034450014998734,C,478.0,861071256,GLD   260424C00478000,GLD,-1.0,-1.0,,-1.0,2.53,,2.53,close,True,,,,,,,0.0,0.0
2026-04-24T16:00:00-04:00,20260424,0.059034450014998734,C,479.0,861071315,GLD   260424C00479000,GLD,-1.0,-1.0,,1.5,2.42,1.5783204676568188,2.42,close,True,0.32975516560331153,0.09924846443370514,0.00505450958468225,0.19871989765546896,-0.15477489747284046,429.31781005859375,3.0,0.0
2026-04-24T16:00:00-04:00,20260424,0.059034450014998734,C,482.5,861071497,GLD   260424C00482500,GLD,-1.0,-1.0,,1.27,2.05,1.3105211208121372,2.05,close,True,0.33118915278866345,0.08465777947079264,0.004475792658670704,0.15082256120641646,-0.11846287223462992,429.31781005859375,1.0,0.0
2026-04-24T16:00:00-04:00,20260424,0.059034450014998734,C,486.0,861545921,GLD   260424C00486000,GLD,-1.0,-1.0,,1.1,1.74,1.1223009153651338,1.74,close,True,0.33293162891775985,0.07373877640017462,0.0039984219028676065,0.15171905104005567,-0.11926114965419066,429.31781005859375,2.0,0.0
2026-04-24T16:00:00-04:00,20260424,0.059034450014998734,C,490.0,861546121,GLD   260424C00490000,GLD,-1.0,-1.0,,0.96,1.46,0.9134893320665176,1.46,close,True,0.3352848439650047,0.06168055641437573,0.0034712068409974497,0.14934771542859004,-0.08796620416178236,429.31781005859375,14.0,0.0
2026-04-24T16:00:00-04:00,20260424,0.059034450014998734,C,495.0,861546245,GLD   260424C00495000,GLD,-1.0,-1.0,,0.9,1.18,0.7223302883908634,1.18,close,True,0.3387402276481238,0.04974591584584383,0.0028845660066870037,0.11143487256969076,-0.08897564770170963,429.31781005859375,2.0,0.0
2026-04-24T16:00:00-04:00,20260424,0.059034450014998734,C,520.0,861546468,GLD   260424C00520000,GLD,-1.0,-1.0,,-1.0,0.48,0.256231928990986,0.48,close,True,0.36310142182849,0.01875458925362031,0.0011955281834351182,0.05337955085617835,-0.045494083374356675,429.31781005859375,0.0,0.0
2026-04-24T16:00:00-04:00,20260424,0.059034450014998734,C,540.0,861546621,GLD   260424C00540000,GLD,-1.0,-1.0,,0.3,0.32,0.12857077614014195,0.32,close,True,0.38865893098776527,0.00952186407376066,0.0006236701971033829,0.03487122486459707,-0.02003876156058285,429.31781005859375,1.0,0.0
2026-04-24T16:00:00-04:00,20260424,0.059034450014998734,C,560.0,861546813,GLD   260424C00560000,GLD,-1.0,-1.0,,-1.0,0.25,0.07710375302579112,0.25,close,True,0.41716901021103037,0.005606079896114528,0.00036365087234757794,0.02177395027793455,-0.014075724118270657,429.31781005859375,0.0,0.0
2026-04-24T16:00:00-04:00,20260424,0.059034450014998734,C,580.0,861546986,GLD   260424C00580000,GLD,-1.0,-1.0,,-1.0,0.19,0.05240278373387553,0.19,close,True,0.44681351738557523,0.0036871757217104913,0.00023264170478979124,0.01300014683542692,-0.013069293312657508,429.31781005859375,0.0,0.0
2026-04-24T16:00:00-04:00,20260424,0.059034450014998734,C,600.0,861547190,GLD   260424C00600000,GLD,-1.0,-1.0,,-1.0,0.12,,0.12,close,True,,,,,,,0.0,0.0
2026-04-24T16:00:00-04:00,20260424,0.059034450014998734,C,620.0,861547360,GLD   260424C00620000,GLD,-1.0,-1.0,,-1.0,0.06,,0.06,close,True,,,,,,,0.0,0.0
2026-04-24T16:00:00-04:00,20260424,0.059034450014998734,C,645.0,861547618,GLD   260424C00645000,GLD,-1.0,-1.0,,-1.0,0.02,,0.02,close,True,,,,,,,0.0,0.0
2026-04-24T16:00:00-04:00,20260424,0.059034450014998734,C,665.0,861547796,GLD   260424C00665000,GLD,-1.0,-1.0,,-1.0,0.01,,0.01,close,True,,,,,,,0.0,0.0
2026-04-24T16:00:00-04:00,20260424,0.059034450014998734,C,705.0,861548124,GLD   260424C00705000,GLD,-1.0,-1.0,,-1.0,0.0,,,,False,,,,,,,0.0,0.0
2026-04-24T16:00:00-04:00,20260424,0.059034450014998734,P,230.0,869057098,GLD   260424P00230000,GLD,-1.0,-1.0,,-1.0,0.01,,0.01,close,True,,,,,,,0.0,0.0
2026-04-24T16:00:00-04:00,20260424,0.059034450014998734,P,255.0,869057320,GLD   260424P00255000,GLD,-1.0,-1.0,,-1.0,0.05,,0.05,close,True,,,,,,,0.0,0.0
2026-04-24T16:00:00-04:00,20260424,0.059034450014998734,P,315.0,861548381,GLD   260424P00315000,GLD,-1.0,-1.0,,0.4,0.26,,0.26,close,True,,,,,,,7.0,14.0
2026-04-24T16:00:00-04:00,20260424,0.059034450014998734,P,375.0,861548852,GLD   260424P00375000,GLD,-1.0,-1.0,,2.17,1.34,,1.34,close,True,,,,,,,53.0,2218.0
2026-04-24T16:00:00-04:00,20260424,0.059034450014998734,P,383.0,867928224,GLD   260424P00383000,GLD,-1.0,-1.0,,3.03,1.78,,1.78,close,True,,,,,,,3.0,50.0
2026-04-24T16:00:00-04:00,20260424,0.059034450014998734,P,392.0,867928259,GLD   260424P00392000,GLD,-1.0,-1.0,,-1.0,2.5,,2.5,close,True,,,,,,,0.0,3.0
2026-04-24T16:00:00-04:00,20260424,0.059034450014998734,P,393.0,867928265,GLD   260424P00393000,GLD,-1.0,-1.0,,5.6,2.59,,2.59,close,True,,,,,,,2.0,35.0
2026-04-24T16:00:00-04:00,20260424,0.059034450014998734,P,394.0,867928268,GLD   260424P00394000,GLD,-1.0,-1.0,,-1.0,2.69,,2.69,close,True,,,,,,,2.0,32.0
2026-04-24T16:00:00-04:00,20260424,0.059034450014998734,P,395.0,861548996,GLD   260424P00395000,GLD,-1.0,-1.0,,6.15,2.8,,2.8,close,True,,,,,,,91.0,4561.0
2026-04-24T16:00:00-04:00,20260424,0.059034450014998734,P,396.0,867928274,GLD   260424P00396000,GLD,-1.0,-1.0,,-1.0,2.91,,2.91,close,True,,,,,,,1.0,30.0
2026-04-24T16:00:00-04:00,20260424,0.059034450014998734,P,397.0,867928279,GLD   260424P00397000,GLD,-1.0,-1.0,,4.65,3.02,,3.02,close,True,,,,,,,30.0,357.0
2026-04-24T16:00:00-04:00,20260424,0.059034450014998734,P,398.0,867928280,GLD   260424P00398000,GLD,-1.0,-1.0,,-1.0,3.14,,3.14,close,True,,,,,,,2.0,216.0
2026-04-24T16:00:00-04:00,20260424,0.059034450014998734,P,399.0,867928285,GLD   260424P00399000,GLD,-1.0,-1.0,,-1.0,3.26,,3.26,close,True,,,,,,,4.0,30.0
2026-04-24T16:00:00-04:00,20260424,0.059034450014998734,P,400.0,861549042,GLD   260424P00400000,GLD,-1.0,-1.0,,5.15,3.39,,3.39,close,True,,,,,,,127.0,1100.0
2026-04-24T16:00:00-04:00,20260424,0.059034450014998734,P,401.0,867928292,GLD   260424P00401000,GLD,-1.0,-1.0,,5.45,3.52,,3.52,close,True,,,,,,,24.0,14.0
2026-04-24T16:00:00-04:00,20260424,0.059034450014998734,P,402.0,867928299,GLD   260424P00402000,GLD,-1.0,-1.0,,-1.0,3.65,,3.65,close,True,,,,,,,2.0,22.0
2026-04-24T16:00:00-04:00,20260424,0.059034450014998734,P,403.0,867928302,GLD   260424P00403000,GLD,-1.0,-1.0,,-1.0,3.8,,3.8,close,True,,,,,,,1.0,66.0
2026-04-24T16:00:00-04:00,20260424,0.059034450014998734,P,404.0,867928304,GLD   260424P00404000,GLD,-1.0,-1.0,,-1.0,3.95,,3.95,close,True,,,,,,,4.0,16.0
2026-04-24T16:00:00-04:00,20260424,0.059034450014998734,P,405.0,861549072,GLD   260424P00405000,GLD,-1.0,-1.0,,7.3,4.1,,4.1,close,True,,,,,,,32.0,446.0
2026-04-24T16:00:00-04:00,20260424,0.059034450014998734,P,406.0,867928309,GLD   260424P00406000,GLD,-1.0,-1.0,,-1.0,4.28,,4.28,close,True,,,,,,,0.0,9.0
2026-04-24T16:00:00-04:00,20260424,0.059034450014998734,P,407.0,867928314,GLD   260424P00407000,GLD,-1.0,-1.0,,6.75,4.45,,4.45,close,True,,,,,,,44.0,26.0
2026-04-24T16:00:00-04:00,20260424,0.059034450014998734,P,408.0,867928321,GLD   260424P00408000,GLD,-1.0,-1.0,,-1.0,4.62,,4.62,close,True,,,,,,,4.0,7.0
2026-04-24T16:00:00-04:00,20260424,0.059034450014998734,P,409.0,867928324,GLD   260424P00409000,GLD,-1.0,-1.0,,-1.0,4.8,,4.8,close,True,,,,,,,1.0,72.0
2026-04-24T16:00:00-04:00,20260424,0.059034450014998734,P,410.0,861549120,GLD   260424P00410000,GLD,-1.0,-1.0,,7.75,4.98,,4.98,close,True,,,,,,,142.0,549.0
2026-04-24T16:00:00-04:00,20260424,0.059034450014998734,P,411.0,867928331,GLD   260424P00411000,GLD,-1.0,-1.0,,-1.0,5.18,,5.18,close,True,,,,,,,0.0,60.0
2026-04-24T16:00:00-04:00,20260424,0.059034450014998734,P,412.0,867928334,GLD   260424P00412000,GLD,-1.0,-1.0,,-1.0,5.37,,5.37,close,True,,,,,,,0.0,67.0
2026-04-24T16:00:00-04:00,20260424,0.059034450014998734,P,413.0,867928336,GLD   260424P00413000,GLD,-1.0,-1.0,,-1.0,5.58,,5.58,close,True,,,,,,,5.0,11.0
2026-04-24T16:00:00-04:00,20260424,0.059034450014998734,P,414.0,867928341,GLD   260424P00414000,GLD,-1.0,-1.0,,11.35,5.81,,5.81,close,True,,,,,,,35.0,34.0
2026-04-24T16:00:00-04:00,20260424,0.059034450014998734,P,415.0,861549154,GLD   260424P00415000,GLD,-1.0,-1.0,,10.1,6.03,,6.03,close,True,,,,,,,74.0,351.0
2026-04-24T16:00:00-04:00,20260424,0.059034450014998734,P,416.0,867928346,GLD   260424P00416000,GLD,-1.0,-1.0,,9.5,6.27,,6.27,close,True,,,,,,,19.0,40.0
2026-04-24T16:00:00-04:00,20260424,0.059034450014998734,P,417.0,867928355,GLD   260424P00417000,GLD,-1.0,-1.0,,12.6,6.51,,6.51,close,True,,,,,,,5.0,85.0
2026-04-24T16:00:00-04:00,20260424,0.059034450014998734,P,418.0,867928358,GLD   260424P00418000,GLD,-1.0,-1.0,,10.45,6.76,,6.76,close,True,,,,,,,13.0,15.0
2026-04-24T16:00:00-04:00,20260424,0.059034450014998734,P,419.0,867928361,GLD   260424P00419000,GLD,-1.0,-1.0,,-1.0,7.02,,7.02,close,True,,,,,,,1.0,58.0
2026-04-24T16:00:00-04:00,20260424,0.059034450014998734,P,420.0,861549187,GLD   260424P00420000,GLD,-1.0,-1.0,,10.33,7.28,,7.28,close,True,,,,,,,410.0,1532.0
2026-04-24T16:00:00-04:00,20260424,0.059034450014998734,P,421.0,867928364,GLD   260424P00421000,GLD,-1.0,-1.0,,-1.0,7.57,,7.57,close,True,,,,,,,0.0,2.0
2026-04-24T16:00:00-04:00,20260424,0.059034450014998734,P,422.0,867928370,GLD   260424P00422000,GLD,-1.0,-1.0,,12.0,7.86,,7.86,close,True,,,,,,,5.0,31.0
2026-04-24T16:00:00-04:00,20260424,0.059034450014998734,P,423.0,867928375,GLD   260424P00423000,GLD,-1.0,-1.0,,-1.0,8.17,,8.17,close,True,,,,,,,12.0,11.0
2026-04-24T16:00:00-04:00,20260424,0.059034450014998734,P,424.0,867928381,GLD   260424P00424000,GLD,-1.0,-1.0,,11.8,8.49,,8.49,close,True,,,,,,,19.0,9.0
2026-04-24T16:00:00-04:00,20260424,0.059034450014998734,P,425.0,861549213,GLD   260424P00425000,GLD,-1.0,-1.0,,12.5,8.8,,8.8,close,True,,,,,,,46.0,518.0
2026-04-24T16:00:00-04:00,20260424,0.059034450014998734,P,426.0,867928384,GLD   260424P00426000,GLD,-1.0,-1.0,,14.05,9.11,,9.11,close,True,,,,,,,5.0,14.0
2026-04-24T16:00:00-04:00,20260424,0.059034450014998734,P,427.0,867928389,GLD   260424P00427000,GLD,-1.0,-1.0,,13.5,9.44,,9.44,close,True,,,,,,,225.0,7.0
2026-04-24T16:00:00-04:00,20260424,0.059034450014998734,P,428.0,867928394,GLD   260424P00428000,GLD,-1.0,-1.0,,-1.0,9.78,,9.78,close,True,,,,,,,23.0,8.0
2026-04-24T16:00:00-04:00,20260424,0.059034450014998734,P,429.0,867928399,GLD   260424P00429000,GLD,-1.0,-1.0,,14.11,10.14,,10.14,close,True,,,,,,,8.0,51.0
2026-04-24T16:00:00-04:00,20260424,0.059034450014998734,P,430.0,861549247,GLD   260424P00430000,GLD,-1.0,-1.0,,14.9,10.54,,10.54,close,True,,,,,,,49.0,458.0
2026-04-24T16:00:00-04:00,20260424,0.059034450014998734,P,431.0,867928404,GLD   260424P00431000,GLD,-1.0,-1.0,,19.24,10.93,,10.93,close,True,,,,,,,3.0,1.0
2026-04-24T16:00:00-04:00,20260424,0.059034450014998734,P,432.0,867928411,GLD   260424P00432000,GLD,-1.0,-1.0,,-1.0,11.32,,11.32,close,True,,,,,,,2.0,8.0
2026-04-24T16:00:00-04:00,20260424,0.059034450014998734,P,433.0,867928414,GLD   260424P00433000,GLD,-1.0,-1.0,,-1.0,11.71,,11.71,close,True,,,,,,,21.0,5.0
2026-04-24T16:00:00-04:00,20260424,0.059034450014998734,P,434.0,866176640,GLD   260424P00434000,GLD,-1.0,-1.0,,21.0,12.11,,12.11,close,True,,,,,,,2.0,25.0
2026-04-24T16:00:00-04:00,20260424,0.059034450014998734,P,435.0,861549297,GLD   260424P00435000,GLD,-1.0,-1.0,,17.8,12.52,,12.52,close,True,,,,,,,28.0,342.0
2026-04-24T16:00:00-04:00,20260424,0.059034450014998734,P,436.0,866176720,GLD   260424P00436000,GLD,-1.0,-1.0,,19.0,12.95,,12.95,close,True,,,,,,,2.0,28.0
2026-04-24T16:00:00-04:00,20260424,0.059034450014998734,P,437.0,866176804,GLD   260424P00437000,GLD,-1.0,-1.0,,-1.0,13.38,,13.38,close,True,,,,,,,1.0,26.0
2026-04-24T16:00:00-04:00,20260424,0.059034450014998734,P,438.0,866176869,GLD   260424P00438000,GLD,-1.0,-1.0,,21.8,13.85,,13.85,close,True,,,,,,,3.0,153.0
2026-04-24T16:00:00-04:00,20260424,0.059034450014998734,P,439.0,866176960,GLD   260424P00439000,GLD,-1.0,-1.0,,-1.0,14.32,,14.32,close,True,,,,,,,0.0,6.0
2026-04-24T16:00:00-04:00,20260424,0.059034450014998734,P,440.0,861549339,GLD   260424P00440000,GLD,-1.0,-1.0,,19.6,14.82,,14.82,close,True,,,,,,,18.0,291.0
2026-04-24T16:00:00-04:00,20260424,0.059034450014998734,P,441.0,866177052,GLD   260424P00441000,GLD,-1.0,-1.0,,-1.0,15.33,,15.33,close,True,,,,,,,0.0,57.0
2026-04-24T16:00:00-04:00,20260424,0.059034450014998734,P,442.0,866177151,GLD   260424P00442000,GLD,-1.0,-1.0,,-1.0,15.85,,15.85,close,True,,,,,,,3.0,20.0
2026-04-24T16:00:00-04:00,20260424,0.059034450014998734,P,443.0,866177220,GLD   260424P00443000,GLD,-1.0,-1.0,,-1.0,16.37,,16.37,close,True,,,,,,,0.0,12.0
2026-04-24T16:00:00-04:00,20260424,0.059034450014998734,P,444.0,866177328,GLD   260424P00444000,GLD,-1.0,-1.0,,-1.0,16.88,,16.88,close,True,,,,,,,0.0,33.0
2026-04-24T16:00:00-04:00,20260424,0.059034450014998734,P,445.0,861549372,GLD   260424P00445000,GLD,-1.0,-1.0,,23.94,17.44,,17.44,close,True,,,,,,,17.0,152.0
2026-04-24T16:00:00-04:00,20260424,0.059034450014998734,P,446.0,861549420,GLD   260424P00446000,GLD,-1.0,-1.0,,-1.0,18.0,,18.0,close,True,,,,,,,11.0,84.0
2026-04-24T16:00:00-04:00,20260424,0.059034450014998734,P,447.0,861549448,GLD   260424P00447000,GLD,-1.0,-1.0,,-1.0,18.56,,18.56,close,True,,,,,,,0.0,78.0
2026-04-24T16:00:00-04:00,20260424,0.059034450014998734,P,448.0,861549499,GLD   260424P00448000,GLD,-1.0,-1.0,,-1.0,19.13,,19.13,close,True,,,,,,,10.0,14.0
2026-04-24T16:00:00-04:00,20260424,0.059034450014998734,P,449.0,861549550,GLD   260424P00449000,GLD,-1.0,-1.0,,-1.0,19.69,,19.69,close,True,,,,,,,0.0,27.0
2026-04-24T16:00:00-04:00,20260424,0.059034450014998734,P,450.0,861549587,GLD   260424P00450000,GLD,-1.0,-1.0,,-1.0,20.3,,20.3,close,True,,,,,,,13.0,262.0
2026-04-24T16:00:00-04:00,20260424,0.059034450014998734,P,451.0,861549620,GLD   260424P00451000,GLD,-1.0,-1.0,,-1.0,20.93,,20.93,close,True,,,,,,,0.0,180.0
2026-04-24T16:00:00-04:00,20260424,0.059034450014998734,P,452.0,861549656,GLD   260424P00452000,GLD,-1.0,-1.0,,-1.0,21.56,,21.56,close,True,,,,,,,0.0,105.0
2026-04-24T16:00:00-04:00,20260424,0.059034450014998734,P,453.0,861549701,GLD   260424P00453000,GLD,-1.0,-1.0,,-1.0,22.21,,22.21,close,True,,,,,,,0.0,112.0
2026-04-24T16:00:00-04:00,20260424,0.059034450014998734,P,454.0,861549735,GLD   260424P00454000,GLD,-1.0,-1.0,,-1.0,22.87,,22.87,close,True,,,,,,,1.0,29.0
2026-04-24T16:00:00-04:00,20260424,0.059034450014998734,P,455.0,861549764,GLD   260424P00455000,GLD,-1.0,-1.0,,-1.0,23.55,,23.55,close,True,,,,,,,4.0,383.0
2026-04-24T16:00:00-04:00,20260424,0.059034450014998734,P,456.0,861549798,GLD   260424P00456000,GLD,-1.0,-1.0,,-1.0,24.23,,24.23,close,True,,,,,,,0.0,67.0
2026-04-24T16:00:00-04:00,20260424,0.059034450014998734,P,457.0,861071841,GLD   260424P00457000,GLD,-1.0,-1.0,,-1.0,24.93,,24.93,close,True,,,,,,,1.0,62.0
2026-04-24T16:00:00-04:00,20260424,0.059034450014998734,P,458.0,861071896,GLD   260424P00458000,GLD,-1.0,-1.0,,-1.0,25.63,,25.63,close,True,,,,,,,0.0,108.0
2026-04-24T16:00:00-04:00,20260424,0.059034450014998734,P,459.0,861071958,GLD   260424P00459000,GLD,-1.0,-1.0,,-1.0,26.34,,26.34,close,True,,,,,,,11.0,48.0
2026-04-24T16:00:00-04:00,20260424,0.059034450014998734,P,460.0,861072011,GLD   260424P00460000,GLD,-1.0,-1.0,,-1.0,27.07,,27.07,close,True,,,,,,,12.0,303.0
2026-04-24T16:00:00-04:00,20260424,0.059034450014998734,P,461.0,861072064,GLD   260424P00461000,GLD,-1.0,-1.0,,-1.0,27.82,,27.82,close,True,,,,,,,2.0,29.0
2026-04-24T16:00:00-04:00,20260424,0.059034450014998734,P,462.0,861072180,GLD   260424P00462000,GLD,-1.0,-1.0,,-1.0,28.57,,28.57,close,True,,,,,,,1.0,52.0
2026-04-24T16:00:00-04:00,20260424,0.059034450014998734,P,462.5,861072130,GLD   260424P00462500,GLD,-1.0,-1.0,,-1.0,28.95,,28.95,close,True,,,,,,,2.0,19.0
2026-04-24T16:00:00-04:00,20260424,0.059034450014998734,P,463.0,861072245,GLD   260424P00463000,GLD,-1.0,-1.0,,-1.0,29.33,,29.33,close,True,,,,,,,1.0,39.0
2026-04-24T16:00:00-04:00,20260424,0.059034450014998734,P,464.0,861072321,GLD   260424P00464000,GLD,-1.0,-1.0,,-1.0,30.1,,30.1,close,True,,,,,,,2.0,24.0
2026-04-24T16:00:00-04:00,20260424,0.059034450014998734,P,465.0,861072376,GLD   260424P00465000,GLD,-1.0,-1.0,,-1.0,30.88,,30.88,close,True,,,,,,,1.0,74.0
2026-04-24T16:00:00-04:00,20260424,0.059034450014998734,P,466.0,861072452,GLD   260424P00466000,GLD,-1.0,-1.0,,-1.0,31.67,,31.67,close,True,,,,,,,0.0,27.0
2026-04-24T16:00:00-04:00,20260424,0.059034450014998734,P,467.0,861072574,GLD   260424P00467000,GLD,-1.0,-1.0,,-1.0,32.47,,32.47,close,True,,,,,,,0.0,61.0
2026-04-24T16:00:00-04:00,20260424,0.059034450014998734,P,467.5,861072525,GLD   260424P00467500,GLD,-1.0,-1.0,,-1.0,32.87,40.00095448268593,32.87,close,True,0.32734322736597027,-0.8509275685616196,0.007459623294878656,0.23567237187050696,-0.14739279136080086,429.31781005859375,0.0,24.0
2026-04-24T16:00:00-04:00,20260424,0.059034450014998734,P,468.0,861072622,GLD   260424P00468000,GLD,-1.0,-1.0,,-1.0,33.27,,33.27,close,True,,,,,,,1.0,
2026-04-24T16:00:00-04:00,20260424,0.059034450014998734,P,469.0,861072678,GLD   260424P00469000,GLD,-1.0,-1.0,,-1.0,34.1,,34.1,close,True,,,,,,,0.0,
2026-04-24T16:00:00-04:00,20260424,0.059034450014998734,P,470.0,861072734,GLD   260424P00470000,GLD,-1.0,-1.0,,-1.0,34.94,,34.94,close,True,,,,,,,3.0,106.0
2026-04-24T16:00:00-04:00,20260424,0.059034450014998734,P,471.0,861072780,GLD   260424P00471000,GLD,-1.0,-1.0,,-1.0,35.77,,35.77,close,True,,,,,,,0.0,8.0
2026-04-24T16:00:00-04:00,20260424,0.059034450014998734,P,472.0,861072904,GLD   260424P00472000,GLD,-1.0,-1.0,,-1.0,36.62,,36.62,close,True,,,,,,,0.0,24.0
2026-04-24T16:00:00-04:00,20260424,0.059034450014998734,P,472.5,861072845,GLD   260424P00472500,GLD,-1.0,-1.0,,-1.0,37.04,,37.04,close,True,,,,,,,0.0,15.0
2026-04-24T16:00:00-04:00,20260424,0.059034450014998734,P,473.0,861072958,GLD   260424P00473000,GLD,-1.0,-1.0,,-1.0,37.47,,37.47,close,True,,,,,,,1.0,113.0
2026-04-24T16:00:00-04:00,20260424,0.059034450014998734,P,474.0,861073029,GLD   260424P00474000,GLD,-1.0,-1.0,,-1.0,38.33,,38.33,close,True,,,,,,,0.0,141.0
2026-04-24T16:00:00-04:00,20260424,0.059034450014998734,P,475.0,861073081,GLD   260424P00475000,GLD,-1.0,-1.0,,-1.0,39.2,,39.2,close,True,,,,,,,10.0,56.0
2026-04-24T16:00:00-04:00,20260424,0.059034450014998734,P,476.0,861073149,GLD   260424P00476000,GLD,-1.0,-1.0,,-1.0,40.06,,40.06,close,True,,,,,,,0.0,10.0
2026-04-24T16:00:00-04:00,20260424,0.059034450014998734,P,477.0,861073268,GLD   260424P00477000,GLD,-1.0,-1.0,,-1.0,40.93,,40.93,close,True,,,,,,,0.0,14.0
2026-04-24T16:00:00-04:00,20260424,0.059034450014998734,P,477.5,861073210,GLD   260424P00477500,GLD,-1.0,-1.0,,-1.0,41.37,,41.37,close,True,,,,,,,0.0,66.0
2026-04-24T16:00:00-04:00,20260424,0.059034450014998734,P,478.0,861073315,GLD   260424P00478000,GLD,-1.0,-1.0,,-1.0,41.82,,41.82,close,True,,,,,,,0.0,14.0
2026-04-24T16:00:00-04:00,20260424,0.059034450014998734,P,479.0,861073374,GLD   260424P00479000,GLD,-1.0,-1.0,,-1.0,42.71,,42.71,close,True,,,,,,,0.0,8.0
2026-04-24T16:00:00-04:00,20260424,0.059034450014998734,P,482.5,861073541,GLD   260424P00482500,GLD,-1.0,-1.0,,-1.0,45.87,,45.87,close,True,,,,,,,0.0,3.0
2026-04-24T16:00:00-04:00,20260424,0.059034450014998734,P,486.0,861549913,GLD   260424P00486000,GLD,-1.0,-1.0,,-1.0,49.1,,49.1,close,True,,,,,,,0.0,4.0
2026-04-24T16:00:00-04:00,20260424,0.059034450014998734,P,490.0,861550073,GLD   260424P00490000,GLD,-1.0,-1.0,,-1.0,52.86,,52.86,close,True,,,,,,,0.0,8.0
2026-04-24T16:00:00-04:00,20260424,0.059034450014998734,P,495.0,861550240,GLD   260424P00495000,GLD,-1.0,-1.0,,-1.0,57.64,,57.64,close,True,,,,,,,0.0,7.0
2026-04-24T16:00:00-04:00,20260424,0.059034450014998734,P,520.0,861550473,GLD   260424P00520000,GLD,-1.0,-1.0,,-1.0,82.2,,82.2,close,True,,,,,,,0.0,0.0
2026-04-24T16:00:00-04:00,20260424,0.059034450014998734,P,540.0,861550671,GLD   260424P00540000,GLD,-1.0,-1.0,,-1.0,102.18,,102.18,close,True,,,,,,,0.0,0.0
2026-04-24T16:00:00-04:00,20260424,0.059034450014998734,P,560.0,861550853,GLD   260424P00560000,GLD,-1.0,-1.0,,-1.0,122.18,,122.18,close,True,,,,,,,0.0,0.0
2026-04-24T16:00:00-04:00,20260424,0.059034450014998734,P,580.0,861551058,GLD   260424P00580000,GLD,-1.0,-1.0,,-1.0,142.18,,142.18,close,True,,,,,,,0.0,0.0
2026-04-24T16:00:00-04:00,20260424,0.059034450014998734,P,600.0,861551220,GLD   260424P00600000,GLD,-1.0,-1.0,,-1.0,162.18,,162.18,close,True,,,,,,,0.0,0.0
2026-04-24T16:00:00-04:00,20260424,0.059034450014998734,P,620.0,861551412,GLD   260424P00620000,GLD,-1.0,-1.0,,-1.0,182.18,190.760009765625,182.18,close,True,0.5027792013078252,-1.000000000000001,0.0,1.1368683772161605e-13,2.216893335571513e-12,429.31781005859375,0.0,0.0
2026-04-24T16:00:00-04:00,20260424,0.059034450014998734,P,645.0,861551643,GLD   260424P00645000,GLD,-1.0,-1.0,,-1.0,207.18,215.760009765625,207.18,close,True,0.5305780971634164,-1.000000000000002,-4.520173145294897e-16,3.979039320256561e-13,1.2505552149377765e-12,429.31781005859375,0.0,0.0
2026-04-24T16:00:00-04:00,20260424,0.059034450014998734,P,665.0,861551844,GLD   260424P00665000,GLD,-1.0,-1.0,,-1.0,227.18,,227.18,close,True,,,,,,,0.0,0.0
2026-04-24T16:00:00-04:00,20260424,0.059034450014998734,P,705.0,861552160,GLD   260424P00705000,GLD,-1.0,-1.0,,-1.0,267.18,,267.18,close,True,,,,,,,0.0,0.0
2026-05-01T16:00:00-04:00,20260501,0.07821253220677955,C,230.0,869058014,GLD   260501C00230000,GLD,-1.0,-1.0,,-1.0,208.74,,208.74,close,True,,,,,,,0.0,0.0
2026-05-01T16:00:00-04:00,20260501,0.07821253220677955,C,255.0,869058198,GLD   260501C00255000,GLD,-1.0,-1.0,,-1.0,183.86,,183.86,close,True,,,,,,,0.0,0.0
2026-05-01T16:00:00-04:00,20260501,0.07821253220677955,C,315.0,863935766,GLD   260501C00315000,GLD,-1.0,-1.0,,-1.0,124.28,,124.28,close,True,,,,,,,0.0,0.0
2026-05-01T16:00:00-04:00,20260501,0.07821253220677955,C,375.0,863936256,GLD   260501C00375000,GLD,-1.0,-1.0,,-1.0,66.01,,66.01,close,True,,,,,,,0.0,0.0
2026-05-01T16:00:00-04:00,20260501,0.07821253220677955,C,395.0,863936443,GLD   260501C00395000,GLD,-1.0,-1.0,,-1.0,47.96,,47.96,close,True,,,,,,,102.0,0.0
2026-05-01T16:00:00-04:00,20260501,0.07821253220677955,C,400.0,863936491,GLD   260501C00400000,GLD,-1.0,-1.0,,37.0,43.64,,43.64,close,True,,,,,,,147.0,0.0
2026-05-01T16:00:00-04:00,20260501,0.07821253220677955,C,405.0,863936524,GLD   260501C00405000,GLD,-1.0,-1.0,,-1.0,39.51,,39.51,close,True,,,,,,,17.0,0.0
2026-05-01T16:00:00-04:00,20260501,0.07821253220677955,C,406.0,868588025,GLD   260501C00406000,GLD,-1.0,-1.0,,-1.0,38.7,,38.7,close,True,,,,,,,0.0,0.0
2026-05-01T16:00:00-04:00,20260501,0.07821253220677955,C,407.0,868603940,GLD   260501C00407000,GLD,-1.0,-1.0,,-1.0,37.89,,37.89,close,True,,,,,,,0.0,0.0
2026-05-01T16:00:00-04:00,20260501,0.07821253220677955,C,408.0,868604000,GLD   260501C00408000,GLD,-1.0,-1.0,,-1.0,37.11,,37.11,close,True,,,,,,,1.0,0.0
2026-05-01T16:00:00-04:00,20260501,0.07821253220677955,C,409.0,868604067,GLD   260501C00409000,GLD,-1.0,-1.0,,-1.0,36.32,,36.32,close,True,,,,,,,1.0,0.0
2026-05-01T16:00:00-04:00,20260501,0.07821253220677955,C,410.0,863936565,GLD   260501C00410000,GLD,-1.0,-1.0,,-1.0,35.55,,35.55,close,True,,,,,,,5.0,0.0
2026-05-01T16:00:00-04:00,20260501,0.07821253220677955,C,411.0,868604116,GLD   260501C00411000,GLD,-1.0,-1.0,,-1.0,34.77,,34.77,close,True,,,,,,,1.0,0.0
2026-05-01T16:00:00-04:00,20260501,0.07821253220677955,C,412.0,868604179,GLD   260501C00412000,GLD,-1.0,-1.0,,-1.0,34.0,,34.0,close,True,,,,,,,0.0,0.0
2026-05-01T16:00:00-04:00,20260501,0.07821253220677955,C,413.0,868604242,GLD   260501C00413000,GLD,-1.0,-1.0,,-1.0,33.23,,33.23,close,True,,,,,,,1.0,0.0
2026-05-01T16:00:00-04:00,20260501,0.07821253220677955,C,414.0,868604298,GLD   260501C00414000,GLD,-1.0,-1.0,,22.22,32.47,,32.47,close,True,,,,,,,1.0,0.0
2026-05-01T16:00:00-04:00,20260501,0.07821253220677955,C,415.0,863936635,GLD   260501C00415000,GLD,-1.0,-1.0,,26.05,31.72,,31.72,close,True,,,,,,,14.0,0.0
2026-05-01T16:00:00-04:00,20260501,0.07821253220677955,C,416.0,868604345,GLD   260501C00416000,GLD,-1.0,-1.0,,-1.0,30.97,,30.97,close,True,,,,,,,0.0,0.0
2026-05-01T16:00:00-04:00,20260501,0.07821253220677955,C,417.0,868604396,GLD   260501C00417000,GLD,-1.0,-1.0,,-1.0,30.25,,30.25,close,True,,,,,,,0.0,0.0
2026-05-01T16:00:00-04:00,20260501,0.07821253220677955,C,418.0,868604472,GLD   260501C00418000,GLD,-1.0,-1.0,,-1.0,29.52,,29.52,close,True,,,,,,,0.0,0.0
2026-05-01T16:00:00-04:00,20260501,0.07821253220677955,C,419.0,868604531,GLD   260501C00419000,GLD,-1.0,-1.0,,22.7,28.81,,28.81,close,True,,,,,,,1.0,0.0
2026-05-01T16:00:00-04:00,20260501,0.07821253220677955,C,420.0,863936681,GLD   260501C00420000,GLD,-1.0,-1.0,,22.6,28.11,,28.11,close,True,,,,,,,27.0,0.0
2026-05-01T16:00:00-04:00,20260501,0.07821253220677955,C,421.0,868604597,GLD   260501C00421000,GLD,-1.0,-1.0,,-1.0,27.4,,27.4,close,True,,,,,,,1.0,0.0
2026-05-01T16:00:00-04:00,20260501,0.07821253220677955,C,422.0,868604660,GLD   260501C00422000,GLD,-1.0,-1.0,,21.45,26.7,,26.7,close,True,,,,,,,24.0,0.0
2026-05-01T16:00:00-04:00,20260501,0.07821253220677955,C,423.0,868604706,GLD   260501C00423000,GLD,-1.0,-1.0,,17.5,26.0,,26.0,close,True,,,,,,,1.0,0.0
2026-05-01T16:00:00-04:00,20260501,0.07821253220677955,C,424.0,868604757,GLD   260501C00424000,GLD,-1.0,-1.0,,19.56,25.34,,25.34,close,True,,,,,,,3.0,0.0
2026-05-01T16:00:00-04:00,20260501,0.07821253220677955,C,425.0,863936744,GLD   260501C00425000,GLD,-1.0,-1.0,,20.8,24.69,,24.69,close,True,,,,,,,18.0,0.0
2026-05-01T16:00:00-04:00,20260501,0.07821253220677955,C,426.0,868604825,GLD   260501C00426000,GLD,-1.0,-1.0,,18.4,24.03,,24.03,close,True,,,,,,,12.0,0.0
2026-05-01T16:00:00-04:00,20260501,0.07821253220677955,C,427.0,868604873,GLD   260501C00427000,GLD,-1.0,-1.0,,18.0,23.38,,23.38,close,True,,,,,,,18.0,0.0
2026-05-01T16:00:00-04:00,20260501,0.07821253220677955,C,428.0,868604922,GLD   260501C00428000,GLD,-1.0,-1.0,,18.3,22.73,,22.73,close,True,,,,,,,115.0,0.0
2026-05-01T16:00:00-04:00,20260501,0.07821253220677955,C,429.0,868604977,GLD   260501C00429000,GLD,-1.0,-1.0,,17.2,22.11,,22.11,close,True,,,,,,,35.0,0.0
2026-05-01T16:00:00-04:00,20260501,0.07821253220677955,C,430.0,863936787,GLD   260501C00430000,GLD,-1.0,-1.0,,17.1,21.49,,21.49,close,True,,,,,,,79.0,0.0
2026-05-01T16:00:00-04:00,20260501,0.07821253220677955,C,431.0,868605025,GLD   260501C00431000,GLD,-1.0,-1.0,,16.7,20.87,,20.87,close,True,,,,,,,104.0,0.0
2026-05-01T16:00:00-04:00,20260501,0.07821253220677955,C,432.0,868605086,GLD   260501C00432000,GLD,-1.0,-1.0,,16.4,20.28,,20.28,close,True,,,,,,,2.0,0.0
2026-05-01T16:00:00-04:00,20260501,0.07821253220677955,C,433.0,868605131,GLD   260501C00433000,GLD,-1.0,-1.0,,-1.0,19.68,,19.68,close,True,,,,,,,0.0,0.0
2026-05-01T16:00:00-04:00,20260501,0.07821253220677955,C,434.0,866177409,GLD   260501C00434000,GLD,-1.0,-1.0,,-1.0,19.11,,19.11,close,True,,,,,,,0.0,0.0
2026-05-01T16:00:00-04:00,20260501,0.07821253220677955,C,435.0,863936820,GLD   260501C00435000,GLD,-1.0,-1.0,,14.4,18.55,,18.55,close,True,,,,,,,95.0,0.0
2026-05-01T16:00:00-04:00,20260501,0.07821253220677955,C,436.0,866177506,GLD   260501C00436000,GLD,-1.0,-1.0,,13.9,18.0,,18.0,close,True,,,,,,,6.0,0.0
2026-05-01T16:00:00-04:00,20260501,0.07821253220677955,C,437.0,866177604,GLD   260501C00437000,GLD,-1.0,-1.0,,13.5,17.44,,17.44,close,True,,,,,,,10.0,0.0
2026-05-01T16:00:00-04:00,20260501,0.07821253220677955,C,438.0,866177686,GLD   260501C00438000,GLD,-1.0,-1.0,,13.47,16.89,,16.89,close,True,,,,,,,6.0,0.0
2026-05-01T16:00:00-04:00,20260501,0.07821253220677955,C,439.0,866177757,GLD   260501C00439000,GLD,-1.0,-1.0,,12.55,16.37,,16.37,close,True,,,,,,,8.0,0.0
2026-05-01T16:00:00-04:00,20260501,0.07821253220677955,C,440.0,863936880,GLD   260501C00440000,GLD,-1.0,-1.0,,11.9,15.85,,15.85,close,True,,,,,,,75.0,0.0
2026-05-01T16:00:00-04:00,20260501,0.07821253220677955,C,441.0,866177833,GLD   260501C00441000,GLD,-1.0,-1.0,,-1.0,15.37,,15.37,close,True,,,,,,,0.0,0.0
2026-05-01T16:00:00-04:00,20260501,0.07821253220677955,C,442.0,866177913,GLD   260501C00442000,GLD,-1.0,-1.0,,9.9,14.89,,14.89,close,True,,,,,,,13.0,0.0
2026-05-01T16:00:00-04:00,20260501,0.07821253220677955,C,443.0,866178006,GLD   260501C00443000,GLD,-1.0,-1.0,,-1.0,14.41,,14.41,close,True,,,,,,,14.0,0.0
2026-05-01T16:00:00-04:00,20260501,0.07821253220677955,C,444.0,866178101,GLD   260501C00444000,GLD,-1.0,-1.0,,10.75,13.93,,13.93,close,True,,,,,,,1.0,0.0
2026-05-01T16:00:00-04:00,20260501,0.07821253220677955,C,445.0,863936935,GLD   260501C00445000,GLD,,,,10.0,13.48,,13.48,close,True,,,,,,,36.0,0.0
2026-05-01T16:00:00-04:00,20260501,0.07821253220677955,C,446.0,863936986,GLD   260501C00446000,GLD,,,,9.34,13.04,,13.04,close,True,,,,,,,3.0,0.0
2026-05-01T16:00:00-04:00,20260501,0.07821253220677955,C,447.0,863937040,GLD   260501C00447000,GLD,-1.0,-1.0,,9.35,12.61,,12.61,close,True,,,,,,,3.0,0.0
2026-05-01T16:00:00-04:00,20260501,0.07821253220677955,C,448.0,863937085,GLD   260501C00448000,GLD,-1.0,-1.0,,8.6,12.17,,12.17,close,True,,,,,,,17.0,0.0
2026-05-01T16:00:00-04:00,20260501,0.07821253220677955,C,449.0,863937127,GLD   260501C00449000,GLD,-1.0,-1.0,,-1.0,11.74,,11.74,close,True,,,,,,,3.0,0.0
2026-05-01T16:00:00-04:00,20260501,0.07821253220677955,C,450.0,863937175,GLD   260501C00450000,GLD,-1.0,-1.0,,8.3,11.34,,11.34,close,True,,,,,,,201.0,0.0
2026-05-01T16:00:00-04:00,20260501,0.07821253220677955,C,451.0,863937229,GLD   260501C00451000,GLD,-1.0,-1.0,,-1.0,10.95,,10.95,close,True,,,,,,,3.0,0.0
2026-05-01T16:00:00-04:00,20260501,0.07821253220677955,C,452.0,863937297,GLD   260501C00452000,GLD,-1.0,-1.0,,7.65,10.55,,10.55,close,True,,,,,,,3.0,0.0
2026-05-01T16:00:00-04:00,20260501,0.07821253220677955,C,453.0,863937331,GLD   260501C00453000,GLD,-1.0,-1.0,,7.23,10.19,,10.19,close,True,,,,,,,1.0,0.0
2026-05-01T16:00:00-04:00,20260501,0.07821253220677955,C,454.0,863937382,GLD   260501C00454000,GLD,-1.0,-1.0,,7.44,9.85,,9.85,close,True,,,,,,,1.0,0.0
2026-05-01T16:00:00-04:00,20260501,0.07821253220677955,C,455.0,863937436,GLD   260501C00455000,GLD,-1.0,-1.0,,6.75,9.51,,9.51,close,True,,,,,,,40.0,0.0
2026-05-01T16:00:00-04:00,20260501,0.07821253220677955,C,456.0,863937490,GLD   260501C00456000,GLD,-1.0,-1.0,,-1.0,9.17,,9.17,close,True,,,,,,,0.0,0.0
2026-05-01T16:00:00-04:00,20260501,0.07821253220677955,C,457.0,863937535,GLD   260501C00457000,GLD,-1.0,-1.0,,6.8,8.84,,8.84,close,True,,,,,,,3.0,0.0
2026-05-01T16:00:00-04:00,20260501,0.07821253220677955,C,458.0,863937578,GLD   260501C00458000,GLD,-1.0,-1.0,,-1.0,8.5,,8.5,close,True,,,,,,,0.0,0.0
2026-05-01T16:00:00-04:00,20260501,0.07821253220677955,C,459.0,863937636,GLD   260501C00459000,GLD,-1.0,-1.0,,-1.0,8.17,,8.17,close,True,,,,,,,1.0,0.0
2026-05-01T16:00:00-04:00,20260501,0.07821253220677955,C,460.0,863937681,GLD   260501C00460000,GLD,-1.0,-1.0,,5.6,7.86,,7.86,close,True,,,,,,,73.0,0.0
2026-05-01T16:00:00-04:00,20260501,0.07821253220677955,C,461.0,863416400,GLD   260501C00461000,GLD,-1.0,-1.0,,4.5,7.55,,7.55,close,True,,,,,,,3.0,0.0
2026-05-01T16:00:00-04:00,20260501,0.07821253220677955,C,462.0,863416480,GLD   260501C00462000,GLD,-1.0,-1.0,,5.25,7.27,,7.27,close,True,,,,,,,7.0,0.0
2026-05-01T16:00:00-04:00,20260501,0.07821253220677955,C,463.0,863416548,GLD   260501C00463000,GLD,-1.0,-1.0,,5.15,6.99,,6.99,close,True,,,,,,,1.0,0.0
2026-05-01T16:00:00-04:00,20260501,0.07821253220677955,C,464.0,863416617,GLD   260501C00464000,GLD,-1.0,-1.0,,5.02,6.75,,6.75,close,True,,,,,,,2.0,0.0
2026-05-01T16:00:00-04:00,20260501,0.07821253220677955,C,465.0,863416679,GLD   260501C00465000,GLD,-1.0,-1.0,,4.6,6.51,,6.51,close,True,,,,,,,425.0,0.0
2026-05-01T16:00:00-04:00,20260501,0.07821253220677955,C,466.0,863416733,GLD   260501C00466000,GLD,-1.0,-1.0,,4.75,6.27,,6.27,close,True,,,,,,,105.0,0.0
2026-05-01T16:00:00-04:00,20260501,0.07821253220677955,C,467.0,863416790,GLD   260501C00467000,GLD,-1.0,-1.0,,4.2,6.03,,6.03,close,True,,,,,,,1.0,0.0
2026-05-01T16:00:00-04:00,20260501,0.07821253220677955,C,468.0,863416851,GLD   260501C00468000,GLD,-1.0,-1.0,,4.3,5.79,,5.79,close,True,,,,,,,5.0,0.0
2026-05-01T16:00:00-04:00,20260501,0.07821253220677955,C,469.0,863416920,GLD   260501C00469000,GLD,,,,,,,,,False,,,,,,,,0.0
2026-05-01T16:00:00-04:00,20260501,0.07821253220677955,C,470.0,863416987,GLD   260501C00470000,GLD,,,,3.75,5.36,,5.36,close,True,,,,,,,75.0,0.0
2026-05-01T16:00:00-04:00,20260501,0.07821253220677955,C,471.0,863417080,GLD   260501C00471000,GLD,-1.0,-1.0,,-1.0,5.16,,5.16,close,True,,,,,,,0.0,0.0
2026-05-01T16:00:00-04:00,20260501,0.07821253220677955,C,472.0,863417141,GLD   260501C00472000,GLD,-1.0,-1.0,,-1.0,4.97,,4.97,close,True,,,,,,,0.0,0.0
2026-05-01T16:00:00-04:00,20260501,0.07821253220677955,C,473.0,863417199,GLD   260501C00473000,GLD,-1.0,-1.0,,3.45,4.77,,4.77,close,True,,,,,,,3.0,0.0
2026-05-01T16:00:00-04:00,20260501,0.07821253220677955,C,474.0,863417257,GLD   260501C00474000,GLD,-1.0,-1.0,,3.49,4.58,,4.58,close,True,,,,,,,2.0,0.0
2026-05-01T16:00:00-04:00,20260501,0.07821253220677955,C,475.0,863417320,GLD   260501C00475000,GLD,-1.0,-1.0,,2.94,4.41,,4.41,close,True,,,,,,,69.0,0.0
2026-05-01T16:00:00-04:00,20260501,0.07821253220677955,C,476.0,863417382,GLD   260501C00476000,GLD,-1.0,-1.0,,2.54,4.23,,4.23,close,True,,,,,,,2.0,0.0
2026-05-01T16:00:00-04:00,20260501,0.07821253220677955,C,477.0,863417462,GLD   260501C00477000,GLD,-1.0,-1.0,,-1.0,4.05,,4.05,close,True,,,,,,,0.0,0.0
2026-05-01T16:00:00-04:00,20260501,0.07821253220677955,C,478.0,863417520,GLD   260501C00478000,GLD,-1.0,-1.0,,2.77,3.89,,3.89,close,True,,,,,,,1.0,0.0
2026-05-01T16:00:00-04:00,20260501,0.07821253220677955,C,479.0,863417561,GLD   260501C00479000,GLD,-1.0,-1.0,,2.8,3.73,,3.73,close,True,,,,,,,2.0,0.0
2026-05-01T16:00:00-04:00,20260501,0.07821253220677955,C,486.0,863418039,GLD   260501C00486000,GLD,-1.0,-1.0,,-1.0,2.84,,2.84,close,True,,,,,,,0.0,0.0
2026-05-01T16:00:00-04:00,20260501,0.07821253220677955,C,490.0,863937795,GLD   260501C00490000,GLD,-1.0,-1.0,,1.7,2.46,,2.46,close,True,,,,,,,16.0,0.0
2026-05-01T16:00:00-04:00,20260501,0.07821253220677955,C,495.0,863937931,GLD   260501C00495000,GLD,-1.0,-1.0,,1.36,2.05,,2.05,close,True,,,,,,,28.0,0.0
2026-05-01T16:00:00-04:00,20260501,0.07821253220677955,C,520.0,863938162,GLD   260501C00520000,GLD,-1.0,-1.0,,0.75,0.91,,0.91,close,True,,,,,,,19.0,0.0
2026-05-01T16:00:00-04:00,20260501,0.07821253220677955,C,540.0,863938368,GLD   260501C00540000,GLD,-1.0,-1.0,,-1.0,0.58,,0.58,close,True,,,,,,,1.0,0.0
2026-05-01T16:00:00-04:00,20260501,0.07821253220677955,C,560.0,863938558,GLD   260501C00560000,GLD,-1.0,-1.0,,-1.0,0.39,,0.39,close,True,,,,,,,0.0,0.0
2026-05-01T16:00:00-04:00,20260501,0.07821253220677955,C,580.0,863938746,GLD   260501C00580000,GLD,-1.0,-1.0,,-1.0,0.34,,0.34,close,True,,,,,,,0.0,0.0
2026-05-01T16:00:00-04:00,20260501,0.07821253220677955,C,600.0,863938891,GLD   260501C00600000,GLD,-1.0,-1.0,,-1.0,0.3,,0.3,close,True,,,,,,,0.0,0.0
2026-05-01T16:00:00-04:00,20260501,0.07821253220677955,C,620.0,863939081,GLD   260501C00620000,GLD,-1.0,-1.0,,-1.0,0.26,,0.26,close,True,,,,,,,0.0,0.0
2026-05-01T16:00:00-04:00,20260501,0.07821253220677955,C,645.0,863939303,GLD   260501C00645000,GLD,-1.0,-1.0,,-1.0,0.22,,0.22,close,True,,,,,,,0.0,0.0
2026-05-01T16:00:00-04:00,20260501,0.07821253220677955,C,665.0,863939483,GLD   260501C00665000,GLD,-1.0,-1.0,,-1.0,0.19,,0.19,close,True,,,,,,,0.0,0.0
2026-05-01T16:00:00-04:00,20260501,0.07821253220677955,C,705.0,863939799,GLD   260501C00705000,GLD,-1.0,-1.0,,-1.0,0.14,,0.14,close,True,,,,,,,0.0,0.0
2026-05-01T16:00:00-04:00,20260501,0.07821253220677955,P,230.0,869058831,GLD   260501P00230000,GLD,-1.0,-1.0,,-1.0,0.07,,0.07,close,True,,,,,,,0.0,0.0
2026-05-01T16:00:00-04:00,20260501,0.07821253220677955,P,255.0,869059054,GLD   260501P00255000,GLD,-1.0,-1.0,,-1.0,0.11,,0.11,close,True,,,,,,,0.0,0.0
2026-05-01T16:00:00-04:00,20260501,0.07821253220677955,P,315.0,863940163,GLD   260501P00315000,GLD,-1.0,-1.0,,-1.0,0.35,,0.35,close,True,,,,,,,1.0,10.0
2026-05-01T16:00:00-04:00,20260501,0.07821253220677955,P,375.0,863940811,GLD   260501P00375000,GLD,-1.0,-1.0,,3.11,1.9,,1.9,close,True,,,,,,,56.0,267.0
2026-05-01T16:00:00-04:00,20260501,0.07821253220677955,P,395.0,863941042,GLD   260501P00395000,GLD,-1.0,-1.0,,6.25,3.8,,3.8,close,True,,,,,,,294.0,308.0
2026-05-01T16:00:00-04:00,20260501,0.07821253220677955,P,400.0,863941110,GLD   260501P00400000,GLD,-1.0,-1.0,,6.45,4.47,,4.47,close,True,,,,,,,249.0,746.0
2026-05-01T16:00:00-04:00,20260501,0.07821253220677955,P,405.0,863941154,GLD   260501P00405000,GLD,-1.0,-1.0,,8.3,5.33,,5.33,close,True,,,,,,,60.0,596.0
2026-05-01T16:00:00-04:00,20260501,0.07821253220677955,P,406.0,868605170,GLD   260501P00406000,GLD,-1.0,-1.0,,8.45,5.52,,5.52,close,True,,,,,,,1.0,22.0
2026-05-01T16:00:00-04:00,20260501,0.07821253220677955,P,407.0,868605237,GLD   260501P00407000,GLD,-1.0,-1.0,,8.2,5.71,,5.71,close,True,,,,,,,154.0,26.0
2026-05-01T16:00:00-04:00,20260501,0.07821253220677955,P,408.0,868605285,GLD   260501P00408000,GLD,-1.0,-1.0,,-1.0,5.92,,5.92,close,True,,,,,,,1.0,4.0
2026-05-01T16:00:00-04:00,20260501,0.07821253220677955,P,409.0,868605333,GLD   260501P00409000,GLD,-1.0,-1.0,,-1.0,6.14,,6.14,close,True,,,,,,,0.0,13.0
2026-05-01T16:00:00-04:00,20260501,0.07821253220677955,P,410.0,863941210,GLD   260501P00410000,GLD,-1.0,-1.0,,9.0,6.36,,6.36,close,True,,,,,,,23.0,194.0
2026-05-01T16:00:00-04:00,20260501,0.07821253220677955,P,411.0,868605386,GLD   260501P00411000,GLD,-1.0,-1.0,,-1.0,6.59,,6.59,close,True,,,,,,,3.0,10.0
2026-05-01T16:00:00-04:00,20260501,0.07821253220677955,P,412.0,868605455,GLD   260501P00412000,GLD,-1.0,-1.0,,-1.0,6.81,,6.81,close,True,,,,,,,2.0,5.0
2026-05-01T16:00:00-04:00,20260501,0.07821253220677955,P,413.0,868605518,GLD   260501P00413000,GLD,-1.0,-1.0,,10.91,7.03,,7.03,close,True,,,,,,,1.0,6.0
2026-05-01T16:00:00-04:00,20260501,0.07821253220677955,P,414.0,868605587,GLD   260501P00414000,GLD,-1.0,-1.0,,10.37,7.28,,7.28,close,True,,,,,,,33.0,35.0
2026-05-01T16:00:00-04:00,20260501,0.07821253220677955,P,415.0,863941267,GLD   260501P00415000,GLD,-1.0,-1.0,,-1.0,7.53,,7.53,close,True,,,,,,,15.0,196.0
2026-05-01T16:00:00-04:00,20260501,0.07821253220677955,P,416.0,868605644,GLD   260501P00416000,GLD,-1.0,-1.0,,-1.0,7.78,,7.78,close,True,,,,,,,6.0,145.0
2026-05-01T16:00:00-04:00,20260501,0.07821253220677955,P,417.0,868605697,GLD   260501P00417000,GLD,-1.0,-1.0,,14.2,8.05,,8.05,close,True,,,,,,,8.0,30.0
2026-05-01T16:00:00-04:00,20260501,0.07821253220677955,P,418.0,868605752,GLD   260501P00418000,GLD,-1.0,-1.0,,-1.0,8.32,,8.32,close,True,,,,,,,0.0,1.0
2026-05-01T16:00:00-04:00,20260501,0.07821253220677955,P,419.0,868605827,GLD   260501P00419000,GLD,-1.0,-1.0,,12.7,8.61,,8.61,close,True,,,,,,,1.0,93.0
2026-05-01T16:00:00-04:00,20260501,0.07821253220677955,P,420.0,863941318,GLD   260501P00420000,GLD,-1.0,-1.0,,12.99,8.91,,8.91,close,True,,,,,,,297.0,460.0
2026-05-01T16:00:00-04:00,20260501,0.07821253220677955,P,421.0,868605872,GLD   260501P00421000,GLD,-1.0,-1.0,,-1.0,9.2,,9.2,close,True,,,,,,,0.0,1.0
2026-05-01T16:00:00-04:00,20260501,0.07821253220677955,P,422.0,868605920,GLD   260501P00422000,GLD,-1.0,-1.0,,12.52,9.5,,9.5,close,True,,,,,,,121.0,71.0
2026-05-01T16:00:00-04:00,20260501,0.07821253220677955,P,423.0,868605980,GLD   260501P00423000,GLD,-1.0,-1.0,,-1.0,9.79,,9.79,close,True,,,,,,,9.0,137.0
2026-05-01T16:00:00-04:00,20260501,0.07821253220677955,P,424.0,868606034,GLD   260501P00424000,GLD,-1.0,-1.0,,-1.0,10.14,,10.14,close,True,,,,,,,0.0,36.0
2026-05-01T16:00:00-04:00,20260501,0.07821253220677955,P,425.0,863941390,GLD   260501P00425000,GLD,-1.0,-1.0,,14.89,10.48,,10.48,close,True,,,,,,,63.0,374.0
2026-05-01T16:00:00-04:00,20260501,0.07821253220677955,P,426.0,868606080,GLD   260501P00426000,GLD,-1.0,-1.0,,-1.0,10.83,,10.83,close,True,,,,,,,0.0,5.0
2026-05-01T16:00:00-04:00,20260501,0.07821253220677955,P,427.0,868606145,GLD   260501P00427000,GLD,-1.0,-1.0,,15.3,11.17,,11.17,close,True,,,,,,,18.0,5.0
2026-05-01T16:00:00-04:00,20260501,0.07821253220677955,P,428.0,868606205,GLD   260501P00428000,GLD,-1.0,-1.0,,16.74,11.53,,11.53,close,True,,,,,,,18.0,6.0
2026-05-01T16:00:00-04:00,20260501,0.07821253220677955,P,429.0,868606261,GLD   260501P00429000,GLD,-1.0,-1.0,,16.1,11.91,,11.91,close,True,,,,,,,11.0,11.0
2026-05-01T16:00:00-04:00,20260501,0.07821253220677955,P,430.0,863941450,GLD   260501P00430000,GLD,-1.0,-1.0,,17.2,12.28,,12.28,close,True,,,,,,,9.0,108.0
2026-05-01T16:00:00-04:00,20260501,0.07821253220677955,P,431.0,868606340,GLD   260501P00431000,GLD,-1.0,-1.0,,-1.0,12.66,,12.66,close,True,,,,,,,2.0,2.0
2026-05-01T16:00:00-04:00,20260501,0.07821253220677955,P,432.0,868606420,GLD   260501P00432000,GLD,-1.0,-1.0,,-1.0,13.07,,13.07,close,True,,,,,,,0.0,2.0
2026-05-01T16:00:00-04:00,20260501,0.07821253220677955,P,433.0,868606481,GLD   260501P00433000,GLD,-1.0,-1.0,,22.0,13.48,,13.48,close,True,,,,,,,2.0,2.0
2026-05-01T16:00:00-04:00,20260501,0.07821253220677955,P,434.0,866178211,GLD   260501P00434000,GLD,-1.0,-1.0,,-1.0,13.9,,13.9,close,True,,,,,,,1.0,19.0
2026-05-01T16:00:00-04:00,20260501,0.07821253220677955,P,435.0,863941507,GLD   260501P00435000,GLD,-1.0,-1.0,,20.0,14.35,,14.35,close,True,,,,,,,11.0,62.0
2026-05-01T16:00:00-04:00,20260501,0.07821253220677955,P,436.0,866178311,GLD   260501P00436000,GLD,-1.0,-1.0,,19.2,14.79,,14.79,close,True,,,,,,,4.0,24.0
2026-05-01T16:00:00-04:00,20260501,0.07821253220677955,P,437.0,866178404,GLD   260501P00437000,GLD,-1.0,-1.0,,-1.0,15.24,,15.24,close,True,,,,,,,7.0,10.0
2026-05-01T16:00:00-04:00,20260501,0.07821253220677955,P,438.0,866178492,GLD   260501P00438000,GLD,-1.0,-1.0,,-1.0,15.69,,15.69,close,True,,,,,,,5.0,33.0
2026-05-01T16:00:00-04:00,20260501,0.07821253220677955,P,439.0,866178576,GLD   260501P00439000,GLD,-1.0,-1.0,,26.12,16.17,,16.17,close,True,,,,,,,16.0,3.0
2026-05-01T16:00:00-04:00,20260501,0.07821253220677955,P,440.0,863941562,GLD   260501P00440000,GLD,-1.0,-1.0,,21.25,16.65,,16.65,close,True,,,,,,,277.0,150.0
2026-05-01T16:00:00-04:00,20260501,0.07821253220677955,P,441.0,866178669,GLD   260501P00441000,GLD,-1.0,-1.0,,-1.0,17.17,,17.17,close,True,,,,,,,0.0,2.0
2026-05-01T16:00:00-04:00,20260501,0.07821253220677955,P,442.0,866178760,GLD   260501P00442000,GLD,-1.0,-1.0,,-1.0,17.69,,17.69,close,True,,,,,,,0.0,3.0
2026-05-01T16:00:00-04:00,20260501,0.07821253220677955,P,443.0,866178855,GLD   260501P00443000,GLD,-1.0,-1.0,,28.65,18.22,,18.22,close,True,,,,,,,5.0,2.0
2026-05-01T16:00:00-04:00,20260501,0.07821253220677955,P,444.0,866178936,GLD   260501P00444000,GLD,-1.0,-1.0,,-1.0,18.74,,18.74,close,True,,,,,,,0.0,4.0
2026-05-01T16:00:00-04:00,20260501,0.07821253220677955,P,445.0,863941620,GLD   260501P00445000,GLD,-1.0,-1.0,,-1.0,19.29,,19.29,close,True,,,,,,,12.0,147.0
2026-05-01T16:00:00-04:00,20260501,0.07821253220677955,P,446.0,863941678,GLD   260501P00446000,GLD,-1.0,-1.0,,-1.0,19.85,,19.85,close,True,,,,,,,0.0,21.0
2026-05-01T16:00:00-04:00,20260501,0.07821253220677955,P,447.0,863941738,GLD   260501P00447000,GLD,-1.0,-1.0,,-1.0,20.42,,20.42,close,True,,,,,,,6.0,137.0
2026-05-01T16:00:00-04:00,20260501,0.07821253220677955,P,448.0,863941795,GLD   260501P00448000,GLD,,,,,,,,,False,,,,,,,,36.0
2026-05-01T16:00:00-04:00,20260501,0.07821253220677955,P,449.0,863941851,GLD   260501P00449000,GLD,,,,,21.56,,21.56,close,True,,,,,,,2.0,14.0
2026-05-01T16:00:00-04:00,20260501,0.07821253220677955,P,450.0,863941896,GLD   260501P00450000,GLD,-1.0,-1.0,,34.0,22.17,27.87167271693656,22.17,close,True,0.3320098285898355,-0.6714429927865055,0.009388218297196525,0.438876260919784,-0.22375180650620052,429.31781005859375,5.0,114.0
2026-05-01T16:00:00-04:00,20260501,0.07821253220677955,P,451.0,863941947,GLD   260501P00451000,GLD,-1.0,-1.0,,-1.0,22.77,28.434418288140243,22.77,close,True,0.3316896009217868,-0.6789855627066023,0.00932227894973904,0.43881370707863,-0.2233507109538131,429.31781005859375,1.0,12.0
2026-05-01T16:00:00-04:00,20260501,0.07821253220677955,P,452.0,863942026,GLD   260501P00452000,GLD,-1.0,-1.0,,-1.0,23.38,29.11951890624604,23.38,close,True,0.3313928211337715,-0.6882548471580191,0.00924287731739684,0.43873752841621183,-0.22268004490381088,429.31781005859375,1.0,19.0
2026-05-01T16:00:00-04:00,20260501,0.07821253220677955,P,453.0,863942081,GLD   260501P00453000,GLD,-1.0,-1.0,,-1.0,24.02,29.80759412597599,24.02,close,True,0.3311194892257897,-0.6975492361554089,0.009162101731391476,0.437952819058939,-0.22146951682192295,429.31781005859375,0.0,100.0
2026-05-01T16:00:00-04:00,20260501,0.07821253220677955,P,454.0,863942135,GLD   260501P00454000,GLD,-1.0,-1.0,,-1.0,24.68,30.633057724136616,24.68,close,True,0.33086960519784137,-0.7083707979183562,0.009059904130337129,0.4241921963237729,-0.1955215351330359,429.31781005859375,0.0,18.0
2026-05-01T16:00:00-04:00,20260501,0.07821253220677955,P,455.0,863942194,GLD   260501P00455000,GLD,-1.0,-1.0,,-1.0,25.34,31.165283934752217,25.34,close,True,0.3306431394813515,-0.7140086320651173,0.008978862443722854,0.3920858374110239,-0.19535387919763636,429.31781005859375,4.0,25.0
2026-05-01T16:00:00-04:00,20260501,0.07821253220677955,P,456.0,863942253,GLD   260501P00456000,GLD,-1.0,-1.0,,-1.0,26.01,32.00875867315759,26.01,close,True,0.33044006250774494,-0.7232090080553663,0.008853697560707268,0.3919789266505376,-0.19492703395494715,429.31781005859375,0.0,17.0
2026-05-01T16:00:00-04:00,20260501,0.07821253220677955,P,457.0,863942325,GLD   260501P00457000,GLD,-1.0,-1.0,,-1.0,26.68,32.765458936092244,26.68,close,True,0.3302603151398716,-0.7314060603634512,0.008740239075995767,0.39192577473578893,-0.19454538121895837,429.31781005859375,0.0,5.0
2026-05-01T16:00:00-04:00,20260501,0.07821253220677955,P,458.0,863942373,GLD   260501P00458000,GLD,-1.0,-1.0,,-1.0,27.35,33.5239069918683,27.35,close,True,0.33010386780915635,-0.7396147322327425,0.008626275722156924,0.39183215330584886,-0.194088075983764,429.31781005859375,0.0,37.0
2026-05-01T16:00:00-04:00,20260501,0.07821253220677955,P,459.0,863942434,GLD   260501P00459000,GLD,-1.0,-1.0,,-1.0,28.02,34.284607251378404,28.02,close,True,0.32997066137844905,-0.747832205627689,0.008511579555536247,0.3912181996448538,-0.1934128298783833,429.31781005859375,1.0,62.0
2026-05-01T16:00:00-04:00,20260501,0.07821253220677955,P,460.0,863942478,GLD   260501P00460000,GLD,-1.0,-1.0,,-1.0,28.72,35.181201667408644,28.72,close,True,0.32986060714202453,-0.7576281954185912,0.008376811723656149,0.39009388909081366,-0.19254679902950045,429.31781005859375,1.0,89.0
2026-05-01T16:00:00-04:00,20260501,0.07821253220677955,P,461.0,863418297,GLD   260501P00461000,GLD,-1.0,-1.0,,-1.0,29.42,35.94731059519586,29.42,close,True,0.3297736459627326,-0.7658654485862145,0.008259909655008467,0.3887919894108194,-0.19113010729157057,429.31781005859375,0.0,94.0
2026-05-01T16:00:00-04:00,20260501,0.07821253220677955,P,462.0,863418359,GLD   260501P00462000,GLD,-1.0,-1.0,,-1.0,30.15,36.58291537353908,30.15,close,True,0.3297096891348481,-0.7725053688977032,0.00816104154641671,0.3868478972432357,-0.1774989374562281,429.31781005859375,1.0,78.0
2026-05-01T16:00:00-04:00,20260501,0.07821253220677955,P,463.0,863418427,GLD   260501P00463000,GLD,-1.0,-1.0,,-1.0,30.87,37.38806369572143,30.87,close,True,0.3296686479526457,-0.7798578929442402,0.008032247099392481,0.3525127692972987,-0.16167494116120906,429.31781005859375,0.0,26.0
2026-05-01T16:00:00-04:00,20260501,0.07821253220677955,P,464.0,863418475,GLD   260501P00464000,GLD,-1.0,-1.0,,-1.0,31.64,,31.64,close,True,,,,,,,0.0,14.0
2026-05-01T16:00:00-04:00,20260501,0.07821253220677955,P,465.0,863418530,GLD   260501P00465000,GLD,-1.0,-1.0,,-1.0,32.4,,32.4,close,True,,,,,,,0.0,31.0
2026-05-01T16:00:00-04:00,20260501,0.07821253220677955,P,466.0,863418604,GLD   260501P00466000,GLD,-1.0,-1.0,,-1.0,33.17,,33.17,close,True,,,,,,,0.0,27.0
2026-05-01T16:00:00-04:00,20260501,0.07821253220677955,P,467.0,863418660,GLD   260501P00467000,GLD,-1.0,-1.0,,-1.0,33.93,,33.93,close,True,,,,,,,0.0,21.0
2026-05-01T16:00:00-04:00,20260501,0.07821253220677955,P,468.0,863418730,GLD   260501P00468000,GLD,-1.0,-1.0,,-1.0,34.7,,34.7,close,True,,,,,,,0.0,17.0
2026-05-01T16:00:00-04:00,20260501,0.07821253220677955,P,469.0,863418783,GLD   260501P00469000,GLD,-1.0,-1.0,,-1.0,35.48,,35.48,close,True,,,,,,,0.0,12.0
2026-05-01T16:00:00-04:00,20260501,0.07821253220677955,P,470.0,863418873,GLD   260501P00470000,GLD,-1.0,-1.0,,-1.0,36.29,,36.29,close,True,,,,,,,0.0,35.0
2026-05-01T16:00:00-04:00,20260501,0.07821253220677955,P,471.0,863418934,GLD   260501P00471000,GLD,-1.0,-1.0,,-1.0,37.09,,37.09,close,True,,,,,,,0.0,14.0
2026-05-01T16:00:00-04:00,20260501,0.07821253220677955,P,472.0,863418999,GLD   260501P00472000,GLD,,,,,,,,,False,,,,,,,,43.0
2026-05-01T16:00:00-04:00,20260501,0.07821253220677955,P,473.0,863419060,GLD   260501P00473000,GLD,,,,,,,,,False,,,,,,,,10.0
2026-05-01T16:00:00-04:00,20260501,0.07821253220677955,P,474.0,863419135,GLD   260501P00474000,GLD,-1.0,-1.0,,-1.0,39.54,,39.54,close,True,,,,,,,0.0,24.0
2026-05-01T16:00:00-04:00,20260501,0.07821253220677955,P,475.0,863419192,GLD   260501P00475000,GLD,-1.0,-1.0,,-1.0,40.37,,40.37,close,True,,,,,,,0.0,22.0
2026-05-01T16:00:00-04:00,20260501,0.07821253220677955,P,476.0,863419234,GLD   260501P00476000,GLD,-1.0,-1.0,,-1.0,41.2,,41.2,close,True,,,,,,,0.0,4.0
2026-05-01T16:00:00-04:00,20260501,0.07821253220677955,P,477.0,863419287,GLD   260501P00477000,GLD,-1.0,-1.0,,-1.0,42.03,,42.03,close,True,,,,,,,0.0,72.0
2026-05-01T16:00:00-04:00,20260501,0.07821253220677955,P,478.0,863419336,GLD   260501P00478000,GLD,-1.0,-1.0,,-1.0,42.88,,42.88,close,True,,,,,,,0.0,13.0
2026-05-01T16:00:00-04:00,20260501,0.07821253220677955,P,479.0,863419395,GLD   260501P00479000,GLD,-1.0,-1.0,,-1.0,43.73,,43.73,close,True,,,,,,,0.0,12.0
2026-05-01T16:00:00-04:00,20260501,0.07821253220677955,P,486.0,863419871,GLD   260501P00486000,GLD,-1.0,-1.0,,-1.0,49.9,,49.9,close,True,,,,,,,0.0,11.0
2026-05-01T16:00:00-04:00,20260501,0.07821253220677955,P,490.0,863942638,GLD   260501P00490000,GLD,-1.0,-1.0,,-1.0,53.56,,53.56,close,True,,,,,,,0.0,18.0
2026-05-01T16:00:00-04:00,20260501,0.07821253220677955,P,495.0,863942809,GLD   260501P00495000,GLD,-1.0,-1.0,,-1.0,58.2,,58.2,close,True,,,,,,,0.0,0.0
2026-05-01T16:00:00-04:00,20260501,0.07821253220677955,P,520.0,863943058,GLD   260501P00520000,GLD,-1.0,-1.0,,-1.0,82.34,,82.34,close,True,,,,,,,0.0,0.0
2026-05-01T16:00:00-04:00,20260501,0.07821253220677955,P,540.0,863943250,GLD   260501P00540000,GLD,-1.0,-1.0,,-1.0,102.19,,102.19,close,True,,,,,,,0.0,0.0
2026-05-01T16:00:00-04:00,20260501,0.07821253220677955,P,560.0,863943467,GLD   260501P00560000,GLD,-1.0,-1.0,,-1.0,122.18,,122.18,close,True,,,,,,,0.0,0.0
2026-05-01T16:00:00-04:00,20260501,0.07821253220677955,P,580.0,863943650,GLD   260501P00580000,GLD,-1.0,-1.0,,-1.0,142.18,,142.18,close,True,,,,,,,0.0,0.0
2026-05-01T16:00:00-04:00,20260501,0.07821253220677955,P,600.0,863943866,GLD   260501P00600000,GLD,-1.0,-1.0,,-1.0,162.18,,162.18,close,True,,,,,,,0.0,0.0
2026-05-01T16:00:00-04:00,20260501,0.07821253220677955,P,620.0,863944089,GLD   260501P00620000,GLD,-1.0,-1.0,,-1.0,182.18,,182.18,close,True,,,,,,,0.0,0.0
2026-05-01T16:00:00-04:00,20260501,0.07821253220677955,P,645.0,863944399,GLD   260501P00645000,GLD,-1.0,-1.0,,-1.0,207.18,,207.18,close,True,,,,,,,0.0,0.0
2026-05-01T16:00:00-04:00,20260501,0.07821253220677955,P,665.0,863944610,GLD   260501P00665000,GLD,-1.0,-1.0,,-1.0,227.18,,227.18,close,True,,,,,,,0.0,0.0
2026-05-01T16:00:00-04:00,20260501,0.07821253220677955,P,705.0,863945004,GLD   260501P00705000,GLD,-1.0,-1.0,,-1.0,267.18,,267.18,close,True,,,,,,,0.0,0.0
2026-05-08T16:00:00-04:00,20260508,0.09739061439856037,C,230.0,869059785,GLD   260508C00230000,GLD,-1.0,-1.0,,-1.0,209.04,,209.04,close,True,,,,,,,0.0,0.0
2026-05-08T16:00:00-04:00,20260508,0.09739061439856037,C,255.0,869060011,GLD   260508C00255000,GLD,-1.0,-1.0,,-1.0,184.18,,184.18,close,True,,,,,,,0.0,
2026-05-08T16:00:00-04:00,20260508,0.09739061439856037,C,315.0,869060616,GLD   260508C00315000,GLD,-1.0,-1.0,,-1.0,124.69,,124.69,close,True,,,,,,,0.0,0.0
2026-05-08T16:00:00-04:00,20260508,0.09739061439856037,C,375.0,869061147,GLD   260508C00375000,GLD,-1.0,-1.0,,-1.0,66.88,,66.88,close,True,,,,,,,0.0,0.0
2026-05-08T16:00:00-04:00,20260508,0.09739061439856037,C,395.0,869061335,GLD   260508C00395000,GLD,-1.0,-1.0,,-1.0,49.16,,49.16,close,True,,,,,,,101.0,0.0
2026-05-08T16:00:00-04:00,20260508,0.09739061439856037,C,400.0,869061377,GLD   260508C00400000,GLD,-1.0,-1.0,,38.64,45.0,,45.0,close,True,,,,,,,103.0,0.0
2026-05-08T16:00:00-04:00,20260508,0.09739061439856037,C,405.0,868606544,GLD   260508C00405000,GLD,-1.0,-1.0,,-1.0,40.95,,40.95,close,True,,,,,,,0.0,0.0
2026-05-08T16:00:00-04:00,20260508,0.09739061439856037,C,406.0,868606620,GLD   260508C00406000,GLD,-1.0,-1.0,,-1.0,40.18,,40.18,close,True,,,,,,,0.0,0.0
2026-05-08T16:00:00-04:00,20260508,0.09739061439856037,C,407.0,868606674,GLD   260508C00407000,GLD,-1.0,-1.0,,-1.0,39.4,,39.4,close,True,,,,,,,0.0,0.0
2026-05-08T16:00:00-04:00,20260508,0.09739061439856037,C,408.0,868606734,GLD   260508C00408000,GLD,-1.0,-1.0,,-1.0,38.63,,38.63,close,True,,,,,,,0.0,0.0
2026-05-08T16:00:00-04:00,20260508,0.09739061439856037,C,409.0,868606799,GLD   260508C00409000,GLD,-1.0,-1.0,,-1.0,37.85,,37.85,close,True,,,,,,,0.0,0.0
2026-05-08T16:00:00-04:00,20260508,0.09739061439856037,C,410.0,868606851,GLD   260508C00410000,GLD,-1.0,-1.0,,32.28,37.08,,37.08,close,True,,,,,,,5.0,0.0
2026-05-08T16:00:00-04:00,20260508,0.09739061439856037,C,411.0,868606901,GLD   260508C00411000,GLD,-1.0,-1.0,,-1.0,36.33,,36.33,close,True,,,,,,,0.0,0.0
2026-05-08T16:00:00-04:00,20260508,0.09739061439856037,C,412.0,868606959,GLD   260508C00412000,GLD,-1.0,-1.0,,28.35,35.58,,35.58,close,True,,,,,,,2.0,0.0
2026-05-08T16:00:00-04:00,20260508,0.09739061439856037,C,413.0,868607022,GLD   260508C00413000,GLD,-1.0,-1.0,,28.4,34.84,,34.84,close,True,,,,,,,1.0,0.0
2026-05-08T16:00:00-04:00,20260508,0.09739061439856037,C,414.0,868607089,GLD   260508C00414000,GLD,-1.0,-1.0,,-1.0,34.09,,34.09,close,True,,,,,,,0.0,0.0
2026-05-08T16:00:00-04:00,20260508,0.09739061439856037,C,415.0,868607148,GLD   260508C00415000,GLD,-1.0,-1.0,,-1.0,33.35,,33.35,close,True,,,,,,,4.0,0.0
2026-05-08T16:00:00-04:00,20260508,0.09739061439856037,C,416.0,868607225,GLD   260508C00416000,GLD,-1.0,-1.0,,-1.0,32.64,,32.64,close,True,,,,,,,0.0,0.0
2026-05-08T16:00:00-04:00,20260508,0.09739061439856037,C,417.0,868607305,GLD   260508C00417000,GLD,-1.0,-1.0,,-1.0,31.94,,31.94,close,True,,,,,,,0.0,0.0
2026-05-08T16:00:00-04:00,20260508,0.09739061439856037,C,418.0,868607360,GLD   260508C00418000,GLD,-1.0,-1.0,,-1.0,31.24,,31.24,close,True,,,,,,,0.0,0.0
2026-05-08T16:00:00-04:00,20260508,0.09739061439856037,C,419.0,868607417,GLD   260508C00419000,GLD,-1.0,-1.0,,-1.0,30.55,,30.55,close,True,,,,,,,0.0,0.0
2026-05-08T16:00:00-04:00,20260508,0.09739061439856037,C,420.0,868607468,GLD   260508C00420000,GLD,,,,23.5,29.85,,29.85,close,True,,,,,,,49.0,0.0
2026-05-08T16:00:00-04:00,20260508,0.09739061439856037,C,421.0,868607529,GLD   260508C00421000,GLD,,,,,,,,,False,,,,,,,,0.0
2026-05-08T16:00:00-04:00,20260508,0.09739061439856037,C,422.0,868607597,GLD   260508C00422000,GLD,,,,20.1,28.51,,28.51,close,True,,,,,,,2.0,0.0
2026-05-08T16:00:00-04:00,20260508,0.09739061439856037,C,423.0,868607652,GLD   260508C00423000,GLD,-1.0,-1.0,,23.15,27.86,,27.86,close,True,,,,,,,350.0,0.0
2026-05-08T16:00:00-04:00,20260508,0.09739061439856037,C,424.0,868607712,GLD   260508C00424000,GLD,-1.0,-1.0,,18.7,27.2,,27.2,close,True,,,,,,,5.0,0.0
2026-05-08T16:00:00-04:00,20260508,0.09739061439856037,C,425.0,868607783,GLD   260508C00425000,GLD,-1.0,-1.0,,19.95,26.55,,26.55,close,True,,,,,,,6.0,0.0
2026-05-08T16:00:00-04:00,20260508,0.09739061439856037,C,426.0,868607829,GLD   260508C00426000,GLD,-1.0,-1.0,,20.55,25.9,,25.9,close,True,,,,,,,13.0,0.0
2026-05-08T16:00:00-04:00,20260508,0.09739061439856037,C,427.0,868607914,GLD   260508C00427000,GLD,-1.0,-1.0,,20.35,25.25,,25.25,close,True,,,,,,,6.0,0.0
2026-05-08T16:00:00-04:00,20260508,0.09739061439856037,C,428.0,868607965,GLD   260508C00428000,GLD,-1.0,-1.0,,-1.0,24.63,,24.63,close,True,,,,,,,0.0,0.0
2026-05-08T16:00:00-04:00,20260508,0.09739061439856037,C,429.0,868608017,GLD   260508C00429000,GLD,-1.0,-1.0,,-1.0,24.02,,24.02,close,True,,,,,,,35.0,0.0
2026-05-08T16:00:00-04:00,20260508,0.09739061439856037,C,430.0,868608085,GLD   260508C00430000,GLD,-1.0,-1.0,,18.82,23.41,,23.41,close,True,,,,,,,122.0,0.0
2026-05-08T16:00:00-04:00,20260508,0.09739061439856037,C,431.0,868608165,GLD   260508C00431000,GLD,-1.0,-1.0,,19.2,22.8,,22.8,close,True,,,,,,,3.0,0.0
2026-05-08T16:00:00-04:00,20260508,0.09739061439856037,C,432.0,868608215,GLD   260508C00432000,GLD,-1.0,-1.0,,-1.0,22.24,,22.24,close,True,,,,,,,35.0,0.0
2026-05-08T16:00:00-04:00,20260508,0.09739061439856037,C,433.0,868608267,GLD   260508C00433000,GLD,-1.0,-1.0,,17.93,21.68,,21.68,close,True,,,,,,,4.0,0.0
2026-05-08T16:00:00-04:00,20260508,0.09739061439856037,C,434.0,869061552,GLD   260508C00434000,GLD,-1.0,-1.0,,16.5,21.12,,21.12,close,True,,,,,,,7.0,0.0
2026-05-08T16:00:00-04:00,20260508,0.09739061439856037,C,435.0,869061596,GLD   260508C00435000,GLD,-1.0,-1.0,,16.0,20.56,,20.56,close,True,,,,,,,5.0,0.0
2026-05-08T16:00:00-04:00,20260508,0.09739061439856037,C,436.0,869061641,GLD   260508C00436000,GLD,-1.0,-1.0,,-1.0,20.01,,20.01,close,True,,,,,,,0.0,0.0
2026-05-08T16:00:00-04:00,20260508,0.09739061439856037,C,437.0,869061685,GLD   260508C00437000,GLD,-1.0,-1.0,,15.38,19.46,,19.46,close,True,,,,,,,8.0,0.0
2026-05-08T16:00:00-04:00,20260508,0.09739061439856037,C,438.0,869061745,GLD   260508C00438000,GLD,-1.0,-1.0,,-1.0,18.92,,18.92,close,True,,,,,,,0.0,0.0
2026-05-08T16:00:00-04:00,20260508,0.09739061439856037,C,439.0,869061786,GLD   260508C00439000,GLD,-1.0,-1.0,,-1.0,18.37,,18.37,close,True,,,,,,,1.0,0.0
2026-05-08T16:00:00-04:00,20260508,0.09739061439856037,C,440.0,869061834,GLD   260508C00440000,GLD,-1.0,-1.0,,14.2,17.83,,17.83,close,True,,,,,,,8.0,0.0
2026-05-08T16:00:00-04:00,20260508,0.09739061439856037,C,441.0,870647851,GLD   260508C00441000,GLD,-1.0,-1.0,,-1.0,17.1,,17.1,close,True,,,,,,,0.0,0.0
2026-05-08T16:00:00-04:00,20260508,0.09739061439856037,C,442.0,870649151,GLD   260508C00442000,GLD,-1.0,-1.0,,-1.0,16.61,,16.61,close,True,,,,,,,0.0,0.0
2026-05-08T16:00:00-04:00,20260508,0.09739061439856037,C,443.0,870649230,GLD   260508C00443000,GLD,-1.0,-1.0,,-1.0,16.12,,16.12,close,True,,,,,,,0.0,0.0
2026-05-08T16:00:00-04:00,20260508,0.09739061439856037,C,444.0,870649307,GLD   260508C00444000,GLD,-1.0,-1.0,,-1.0,15.64,,15.64,close,True,,,,,,,0.0,0.0
2026-05-08T16:00:00-04:00,20260508,0.09739061439856037,C,445.0,869061878,GLD   260508C00445000,GLD,-1.0,-1.0,,11.7,15.4,,15.4,close,True,,,,,,,9.0,0.0
2026-05-08T16:00:00-04:00,20260508,0.09739061439856037,C,446.0,870649371,GLD   260508C00446000,GLD,-1.0,-1.0,,-1.0,14.67,,14.67,close,True,,,,,,,0.0,0.0
2026-05-08T16:00:00-04:00,20260508,0.09739061439856037,C,447.0,870649439,GLD   260508C00447000,GLD,-1.0,-1.0,,-1.0,14.21,,14.21,close,True,,,,,,,0.0,
2026-05-08T16:00:00-04:00,20260508,0.09739061439856037,C,448.0,870649521,GLD   260508C00448000,GLD,-1.0,-1.0,,-1.0,13.81,,13.81,close,True,,,,,,,0.0,
2026-05-08T16:00:00-04:00,20260508,0.09739061439856037,C,449.0,870649589,GLD   260508C00449000,GLD,-1.0,-1.0,,-1.0,13.4,,13.4,close,True,,,,,,,0.0,
2026-05-08T16:00:00-04:00,20260508,0.09739061439856037,C,450.0,869061920,GLD   260508C00450000,GLD,-1.0,-1.0,,9.95,13.23,,13.23,close,True,,,,,,,60.0,0.0
2026-05-08T16:00:00-04:00,20260508,0.09739061439856037,C,451.0,870649674,GLD   260508C00451000,GLD,-1.0,-1.0,,-1.0,12.61,,12.61,close,True,,,,,,,0.0,0.0
2026-05-08T16:00:00-04:00,20260508,0.09739061439856037,C,452.0,870649734,GLD   260508C00452000,GLD,-1.0,-1.0,,-1.0,12.21,,12.21,close,True,,,,,,,0.0,0.0
2026-05-08T16:00:00-04:00,20260508,0.09739061439856037,C,453.0,870649805,GLD   260508C00453000,GLD,-1.0,-1.0,,-1.0,11.81,,11.81,close,True,,,,,,,0.0,0.0
2026-05-08T16:00:00-04:00,20260508,0.09739061439856037,C,455.0,869061961,GLD   260508C00455000,GLD,-1.0,-1.0,,8.63,11.35,,11.35,close,True,,,,,,,3.0,0.0
2026-05-08T16:00:00-04:00,20260508,0.09739061439856037,C,460.0,869062000,GLD   260508C00460000,GLD,-1.0,-1.0,,7.28,9.62,,9.62,close,True,,,,,,,266.0,0.0
2026-05-08T16:00:00-04:00,20260508,0.09739061439856037,C,465.0,869062050,GLD   260508C00465000,GLD,-1.0,-1.0,,6.3,8.18,,8.18,close,True,,,,,,,35.0,0.0
2026-05-08T16:00:00-04:00,20260508,0.09739061439856037,C,470.0,869062106,GLD   260508C00470000,GLD,-1.0,-1.0,,5.25,6.87,,6.87,close,True,,,,,,,40.0,0.0
2026-05-08T16:00:00-04:00,20260508,0.09739061439856037,C,475.0,869062155,GLD   260508C00475000,GLD,-1.0,-1.0,,4.35,5.8,,5.8,close,True,,,,,,,7.0,0.0
2026-05-08T16:00:00-04:00,20260508,0.09739061439856037,C,490.0,869062296,GLD   260508C00490000,GLD,-1.0,-1.0,,2.6,3.4,,3.4,close,True,,,,,,,1750.0,0.0
2026-05-08T16:00:00-04:00,20260508,0.09739061439856037,C,495.0,869062349,GLD   260508C00495000,GLD,-1.0,-1.0,,-1.0,2.89,,2.89,close,True,,,,,,,0.0,0.0
2026-05-08T16:00:00-04:00,20260508,0.09739061439856037,C,520.0,869062590,GLD   260508C00520000,GLD,-1.0,-1.0,,-1.0,1.38,,1.38,close,True,,,,,,,0.0,0.0
2026-05-08T16:00:00-04:00,20260508,0.09739061439856037,C,540.0,869062770,GLD   260508C00540000,GLD,-1.0,-1.0,,-1.0,0.84,,0.84,close,True,,,,,,,0.0,0.0
2026-05-08T16:00:00-04:00,20260508,0.09739061439856037,C,560.0,869062956,GLD   260508C00560000,GLD,-1.0,-1.0,,-1.0,0.76,,0.76,close,True,,,,,,,0.0,0.0
2026-05-08T16:00:00-04:00,20260508,0.09739061439856037,C,580.0,869063136,GLD   260508C00580000,GLD,-1.0,-1.0,,-1.0,0.69,,0.69,close,True,,,,,,,0.0,0.0
2026-05-08T16:00:00-04:00,20260508,0.09739061439856037,C,600.0,869063316,GLD   260508C00600000,GLD,-1.0,-1.0,,-1.0,0.61,,0.61,close,True,,,,,,,0.0,0.0
2026-05-08T16:00:00-04:00,20260508,0.09739061439856037,C,620.0,869063490,GLD   260508C00620000,GLD,-1.0,-1.0,,0.15,0.53,,0.53,close,True,,,,,,,2.0,0.0
2026-05-08T16:00:00-04:00,20260508,0.09739061439856037,C,645.0,869063724,GLD   260508C00645000,GLD,-1.0,-1.0,,-1.0,0.43,,0.43,close,True,,,,,,,0.0,0.0
2026-05-08T16:00:00-04:00,20260508,0.09739061439856037,C,665.0,869063941,GLD   260508C00665000,GLD,-1.0,-1.0,,-1.0,0.35,,0.35,close,True,,,,,,,0.0,0.0
2026-05-08T16:00:00-04:00,20260508,0.09739061439856037,C,705.0,869064364,GLD   260508C00705000,GLD,-1.0,-1.0,,0.28,0.2,,0.2,close,True,,,,,,,1.0,0.0
2026-05-08T16:00:00-04:00,20260508,0.09739061439856037,P,230.0,869064795,GLD   260508P00230000,GLD,-1.0,-1.0,,-1.0,0.12,,0.12,close,True,,,,,,,0.0,0.0
2026-05-08T16:00:00-04:00,20260508,0.09739061439856037,P,255.0,869065025,GLD   260508P00255000,GLD,-1.0,-1.0,,-1.0,0.17,0.1589320922704188,0.17,close,True,0.6839044647796215,-0.005076419966607677,0.00015936019903438684,0.01919997609319099,-0.015689939318172613,429.31781005859375,0.0,2.0
2026-05-08T16:00:00-04:00,20260508,0.09739061439856037,P,315.0,869065589,GLD   260508P00315000,GLD,-1.0,-1.0,,-1.0,0.46,,0.46,close,True,,,,,,,0.0,2.0
2026-05-08T16:00:00-04:00,20260508,0.09739061439856037,P,375.0,869066189,GLD   260508P00375000,GLD,-1.0,-1.0,,3.56,2.43,,2.43,close,True,,,,,,,4284.0,150.0
2026-05-08T16:00:00-04:00,20260508,0.09739061439856037,P,395.0,869066378,GLD   260508P00395000,GLD,-1.0,-1.0,,6.8,4.65,,4.65,close,True,,,,,,,187.0,45.0
2026-05-08T16:00:00-04:00,20260508,0.09739061439856037,P,400.0,869066425,GLD   260508P00400000,GLD,-1.0,-1.0,,7.9,5.47,,5.47,close,True,,,,,,,252.0,60.0
2026-05-08T16:00:00-04:00,20260508,0.09739061439856037,P,405.0,868608335,GLD   260508P00405000,GLD,-1.0,-1.0,,-1.0,6.41,,6.41,close,True,,,,,,,14.0,117.0
2026-05-08T16:00:00-04:00,20260508,0.09739061439856037,P,406.0,868608396,GLD   260508P00406000,GLD,-1.0,-1.0,,10.0,6.64,,6.64,close,True,,,,,,,11.0,51.0
2026-05-08T16:00:00-04:00,20260508,0.09739061439856037,P,407.0,868608447,GLD   260508P00407000,GLD,-1.0,-1.0,,-1.0,6.86,,6.86,close,True,,,,,,,0.0,101.0
2026-05-08T16:00:00-04:00,20260508,0.09739061439856037,P,408.0,868608519,GLD   260508P00408000,GLD,-1.0,-1.0,,-1.0,7.09,,7.09,close,True,,,,,,,1.0,7.0
2026-05-08T16:00:00-04:00,20260508,0.09739061439856037,P,409.0,868608582,GLD   260508P00409000,GLD,-1.0,-1.0,,-1.0,7.31,,7.31,close,True,,,,,,,0.0,60.0
2026-05-08T16:00:00-04:00,20260508,0.09739061439856037,P,410.0,868608640,GLD   260508P00410000,GLD,-1.0,-1.0,,10.4,7.54,,7.54,close,True,,,,,,,11.0,61.0
2026-05-08T16:00:00-04:00,20260508,0.09739061439856037,P,411.0,868608715,GLD   260508P00411000,GLD,-1.0,-1.0,,-1.0,7.78,,7.78,close,True,,,,,,,0.0,6.0
2026-05-08T16:00:00-04:00,20260508,0.09739061439856037,P,412.0,868608760,GLD   260508P00412000,GLD,-1.0,-1.0,,-1.0,8.03,,8.03,close,True,,,,,,,0.0,1.0
2026-05-08T16:00:00-04:00,20260508,0.09739061439856037,P,413.0,868608831,GLD   260508P00413000,GLD,-1.0,-1.0,,-1.0,8.29,,8.29,close,True,,,,,,,0.0,1.0
2026-05-08T16:00:00-04:00,20260508,0.09739061439856037,P,414.0,868608891,GLD   260508P00414000,GLD,-1.0,-1.0,,-1.0,8.54,,8.54,close,True,,,,,,,2.0,21.0
2026-05-08T16:00:00-04:00,20260508,0.09739061439856037,P,415.0,868608951,GLD   260508P00415000,GLD,-1.0,-1.0,,13.03,8.79,,8.79,close,True,,,,,,,61.0,11.0
2026-05-08T16:00:00-04:00,20260508,0.09739061439856037,P,416.0,868609011,GLD   260508P00416000,GLD,-1.0,-1.0,,15.5,9.09,,9.09,close,True,,,,,,,1.0,4.0
2026-05-08T16:00:00-04:00,20260508,0.09739061439856037,P,417.0,868609088,GLD   260508P00417000,GLD,-1.0,-1.0,,-1.0,9.39,,9.39,close,True,,,,,,,0.0,15.0
2026-05-08T16:00:00-04:00,20260508,0.09739061439856037,P,418.0,868609133,GLD   260508P00418000,GLD,-1.0,-1.0,,-1.0,9.69,,9.69,close,True,,,,,,,0.0,4.0
2026-05-08T16:00:00-04:00,20260508,0.09739061439856037,P,419.0,868609188,GLD   260508P00419000,GLD,-1.0,-1.0,,-1.0,9.99,,9.99,close,True,,,,,,,0.0,33.0
2026-05-08T16:00:00-04:00,20260508,0.09739061439856037,P,420.0,868609253,GLD   260508P00420000,GLD,-1.0,-1.0,,14.3,10.29,,10.29,close,True,,,,,,,10.0,36.0
2026-05-08T16:00:00-04:00,20260508,0.09739061439856037,P,421.0,868609307,GLD   260508P00421000,GLD,-1.0,-1.0,,-1.0,10.6,,10.6,close,True,,,,,,,0.0,1.0
2026-05-08T16:00:00-04:00,20260508,0.09739061439856037,P,422.0,868609379,GLD   260508P00422000,GLD,-1.0,-1.0,,16.8,10.94,,10.94,close,True,,,,,,,7.0,1.0
2026-05-08T16:00:00-04:00,20260508,0.09739061439856037,P,423.0,868609433,GLD   260508P00423000,GLD,-1.0,-1.0,,15.9,11.29,,11.29,close,True,,,,,,,7.0,37.0
2026-05-08T16:00:00-04:00,20260508,0.09739061439856037,P,424.0,868609490,GLD   260508P00424000,GLD,-1.0,-1.0,,-1.0,11.64,,11.64,close,True,,,,,,,1.0,1.0
2026-05-08T16:00:00-04:00,20260508,0.09739061439856037,P,425.0,868609560,GLD   260508P00425000,GLD,-1.0,-1.0,,16.6,11.98,,11.98,close,True,,,,,,,16.0,13.0
2026-05-08T16:00:00-04:00,20260508,0.09739061439856037,P,426.0,868609628,GLD   260508P00426000,GLD,-1.0,-1.0,,-1.0,12.33,,12.33,close,True,,,,,,,1.0,2.0
2026-05-08T16:00:00-04:00,20260508,0.09739061439856037,P,427.0,868609708,GLD   260508P00427000,GLD,-1.0,-1.0,,17.59,12.68,,12.68,close,True,,,,,,,2.0,3.0
2026-05-08T16:00:00-04:00,20260508,0.09739061439856037,P,428.0,868609779,GLD   260508P00428000,GLD,-1.0,-1.0,,18.0,13.06,,13.06,close,True,,,,,,,44.0,8.0
2026-05-08T16:00:00-04:00,20260508,0.09739061439856037,P,429.0,868609824,GLD   260508P00429000,GLD,-1.0,-1.0,,-1.0,13.45,,13.45,close,True,,,,,,,0.0,11.0
2026-05-08T16:00:00-04:00,20260508,0.09739061439856037,P,430.0,868609889,GLD   260508P00430000,GLD,-1.0,-1.0,,18.0,13.84,,13.84,close,True,,,,,,,3.0,12.0
2026-05-08T16:00:00-04:00,20260508,0.09739061439856037,P,431.0,868609954,GLD   260508P00431000,GLD,-1.0,-1.0,,-1.0,14.23,,14.23,close,True,,,,,,,0.0,5.0
2026-05-08T16:00:00-04:00,20260508,0.09739061439856037,P,432.0,868610022,GLD   260508P00432000,GLD,-1.0,-1.0,,-1.0,14.67,,14.67,close,True,,,,,,,0.0,21.0
2026-05-08T16:00:00-04:00,20260508,0.09739061439856037,P,433.0,868610084,GLD   260508P00433000,GLD,-1.0,-1.0,,-1.0,15.11,,15.11,close,True,,,,,,,1.0,46.0
2026-05-08T16:00:00-04:00,20260508,0.09739061439856037,P,434.0,869066579,GLD   260508P00434000,GLD,-1.0,-1.0,,-1.0,15.55,,15.55,close,True,,,,,,,0.0,20.0
2026-05-08T16:00:00-04:00,20260508,0.09739061439856037,P,435.0,869066622,GLD   260508P00435000,GLD,-1.0,-1.0,,22.0,15.99,,15.99,close,True,,,,,,,3.0,58.0
2026-05-08T16:00:00-04:00,20260508,0.09739061439856037,P,436.0,869066679,GLD   260508P00436000,GLD,-1.0,-1.0,,-1.0,16.45,,16.45,close,True,,,,,,,0.0,2.0
2026-05-08T16:00:00-04:00,20260508,0.09739061439856037,P,437.0,869066742,GLD   260508P00437000,GLD,-1.0,-1.0,,-1.0,16.9,,16.9,close,True,,,,,,,0.0,25.0
2026-05-08T16:00:00-04:00,20260508,0.09739061439856037,P,438.0,869066798,GLD   260508P00438000,GLD,-1.0,-1.0,,22.15,17.35,,17.35,close,True,,,,,,,8.0,7.0
2026-05-08T16:00:00-04:00,20260508,0.09739061439856037,P,439.0,869066858,GLD   260508P00439000,GLD,-1.0,-1.0,,26.1,17.8,,17.8,close,True,,,,,,,10.0,76.0
2026-05-08T16:00:00-04:00,20260508,0.09739061439856037,P,440.0,869066924,GLD   260508P00440000,GLD,-1.0,-1.0,,23.6,18.26,,18.26,close,True,,,,,,,33.0,54.0
2026-05-08T16:00:00-04:00,20260508,0.09739061439856037,P,441.0,870649883,GLD   260508P00441000,GLD,-1.0,-1.0,,-1.0,18.5,,18.5,close,True,,,,,,,0.0,0.0
2026-05-08T16:00:00-04:00,20260508,0.09739061439856037,P,442.0,870649955,GLD   260508P00442000,GLD,-1.0,-1.0,,-1.0,19.02,,19.02,close,True,,,,,,,0.0,0.0
2026-05-08T16:00:00-04:00,20260508,0.09739061439856037,P,443.0,870650026,GLD   260508P00443000,GLD,-1.0,-1.0,,-1.0,19.53,,19.53,close,True,,,,,,,0.0,0.0
2026-05-08T16:00:00-04:00,20260508,0.09739061439856037,P,444.0,870650091,GLD   260508P00444000,GLD,-1.0,-1.0,,-1.0,20.05,,20.05,close,True,,,,,,,0.0,0.0
2026-05-08T16:00:00-04:00,20260508,0.09739061439856037,P,445.0,869066983,GLD   260508P00445000,GLD,-1.0,-1.0,,-1.0,20.85,,20.85,close,True,,,,,,,15.0,7.0
2026-05-08T16:00:00-04:00,20260508,0.09739061439856037,P,446.0,870650156,GLD   260508P00446000,GLD,-1.0,-1.0,,-1.0,21.08,,21.08,close,True,,,,,,,0.0,0.0
2026-05-08T16:00:00-04:00,20260508,0.09739061439856037,P,447.0,870650215,GLD   260508P00447000,GLD,-1.0,-1.0,,-1.0,21.64,,21.64,close,True,,,,,,,0.0,0.0
2026-05-08T16:00:00-04:00,20260508,0.09739061439856037,P,448.0,870650269,GLD   260508P00448000,GLD,-1.0,-1.0,,-1.0,22.23,,22.23,close,True,,,,,,,0.0,0.0
2026-05-08T16:00:00-04:00,20260508,0.09739061439856037,P,449.0,870650346,GLD   260508P00449000,GLD,-1.0,-1.0,,-1.0,22.83,,22.83,close,True,,,,,,,0.0,0.0
2026-05-08T16:00:00-04:00,20260508,0.09739061439856037,P,450.0,869067036,GLD   260508P00450000,GLD,-1.0,-1.0,,-1.0,23.69,,23.69,close,True,,,,,,,0.0,17.0
2026-05-08T16:00:00-04:00,20260508,0.09739061439856037,P,451.0,870650410,GLD   260508P00451000,GLD,-1.0,-1.0,,-1.0,24.04,,24.04,close,True,,,,,,,0.0,0.0
2026-05-08T16:00:00-04:00,20260508,0.09739061439856037,P,452.0,870650501,GLD   260508P00452000,GLD,-1.0,-1.0,,-1.0,24.64,,24.64,close,True,,,,,,,0.0,0.0
2026-05-08T16:00:00-04:00,20260508,0.09739061439856037,P,453.0,870650574,GLD   260508P00453000,GLD,-1.0,-1.0,,-1.0,25.25,,25.25,close,True,,,,,,,0.0,0.0
2026-05-08T16:00:00-04:00,20260508,0.09739061439856037,P,455.0,869067115,GLD   260508P00455000,GLD,-1.0,-1.0,,-1.0,26.83,,26.83,close,True,,,,,,,2.0,10.0
2026-05-08T16:00:00-04:00,20260508,0.09739061439856037,P,460.0,869067176,GLD   260508P00460000,GLD,-1.0,-1.0,,43.7,30.13,,30.13,close,True,,,,,,,1.0,33.0
2026-05-08T16:00:00-04:00,20260508,0.09739061439856037,P,465.0,869067241,GLD   260508P00465000,GLD,-1.0,-1.0,,-1.0,33.71,,33.71,close,True,,,,,,,1.0,8.0
2026-05-08T16:00:00-04:00,20260508,0.09739061439856037,P,470.0,869067299,GLD   260508P00470000,GLD,-1.0,-1.0,,-1.0,37.44,,37.44,close,True,,,,,,,1.0,2.0
2026-05-08T16:00:00-04:00,20260508,0.09739061439856037,P,475.0,869067382,GLD   260508P00475000,GLD,-1.0,-1.0,,-1.0,41.41,,41.41,close,True,,,,,,,0.0,0.0
2026-05-08T16:00:00-04:00,20260508,0.09739061439856037,P,490.0,869067565,GLD   260508P00490000,GLD,-1.0,-1.0,,64.25,54.16,,54.16,close,True,,,,,,,3.0,0.0
2026-05-08T16:00:00-04:00,20260508,0.09739061439856037,P,495.0,869067615,GLD   260508P00495000,GLD,-1.0,-1.0,,-1.0,58.71,,58.71,close,True,,,,,,,0.0,0.0
2026-05-08T16:00:00-04:00,20260508,0.09739061439856037,P,520.0,869067835,GLD   260508P00520000,GLD,-1.0,-1.0,,-1.0,82.51,,82.51,close,True,,,,,,,0.0,0.0
2026-05-08T16:00:00-04:00,20260508,0.09739061439856037,P,540.0,869067984,GLD   260508P00540000,GLD,-1.0,-1.0,,-1.0,102.22,,102.22,close,True,,,,,,,0.0,0.0
2026-05-08T16:00:00-04:00,20260508,0.09739061439856037,P,560.0,869068124,GLD   260508P00560000,GLD,-1.0,-1.0,,-1.0,122.2,,122.2,close,True,,,,,,,0.0,0.0
2026-05-08T16:00:00-04:00,20260508,0.09739061439856037,P,580.0,869068342,GLD   260508P00580000,GLD,-1.0,-1.0,,-1.0,142.18,,142.18,close,True,,,,,,,0.0,0.0
2026-05-08T16:00:00-04:00,20260508,0.09739061439856037,P,600.0,869068558,GLD   260508P00600000,GLD,-1.0,-1.0,,-1.0,162.18,,162.18,close,True,,,,,,,0.0,0.0
2026-05-08T16:00:00-04:00,20260508,0.09739061439856037,P,620.0,869068854,GLD   260508P00620000,GLD,-1.0,-1.0,,-1.0,182.18,,182.18,close,True,,,,,,,0.0,0.0
2026-05-08T16:00:00-04:00,20260508,0.09739061439856037,P,645.0,869069180,GLD   260508P00645000,GLD,-1.0,-1.0,,-1.0,207.18,,207.18,close,True,,,,,,,0.0,0.0
2026-05-08T16:00:00-04:00,20260508,0.09739061439856037,P,665.0,869069409,GLD   260508P00665000,GLD,-1.0,-1.0,,-1.0,227.18,,227.18,close,True,,,,,,,0.0,0.0
2026-05-08T16:00:00-04:00,20260508,0.09739061439856037,P,705.0,869069777,GLD   260508P00705000,GLD,-1.0,-1.0,,-1.0,267.18,,267.18,close,True,,,,,,,0.0,0.0
2026-05-15T16:00:00-04:00,20260515,0.11656869659034119,C,230.0,780426238,GLD   260515C00230000,GLD,-1.0,-1.0,,-1.0,209.32,,209.32,close,True,,,,,,,0.0,
2026-05-15T16:00:00-04:00,20260515,0.11656869659034119,C,255.0,780426369,GLD   260515C00255000,GLD,-1.0,-1.0,,-1.0,184.49,,184.49,close,True,,,,,,,0.0,
2026-05-15T16:00:00-04:00,20260515,0.11656869659034119,C,315.0,780426644,GLD   260515C00315000,GLD,-1.0,-1.0,,-1.0,125.14,,125.14,close,True,,,,,,,0.0,0.0
2026-05-15T16:00:00-04:00,20260515,0.11656869659034119,C,324.0,811862689,GLD   260515C00324000,GLD,-1.0,-1.0,,-1.0,116.31,,116.31,close,True,,,,,,,0.0,0.0
2026-05-15T16:00:00-04:00,20260515,0.11656869659034119,C,332.0,811863022,GLD   260515C00332000,GLD,-1.0,-1.0,,-1.0,108.51,,108.51,close,True,,,,,,,0.0,0.0
2026-05-15T16:00:00-04:00,20260515,0.11656869659034119,C,341.0,811863392,GLD   260515C00341000,GLD,-1.0,-1.0,,-1.0,99.77,,99.77,close,True,,,,,,,0.0,0.0
2026-05-15T16:00:00-04:00,20260515,0.11656869659034119,C,349.0,811863819,GLD   260515C00349000,GLD,-1.0,-1.0,,-1.0,92.07,,92.07,close,True,,,,,,,0.0,0.0
2026-05-15T16:00:00-04:00,20260515,0.11656869659034119,C,358.0,811864241,GLD   260515C00358000,GLD,-1.0,-1.0,,76.5,83.52,,83.52,close,True,,,,,,,5.0,0.0
2026-05-15T16:00:00-04:00,20260515,0.11656869659034119,C,375.0,780426870,GLD   260515C00375000,GLD,-1.0,-1.0,,-1.0,67.77,,67.77,close,True,,,,,,,3.0,0.0
2026-05-15T16:00:00-04:00,20260515,0.11656869659034119,C,395.0,780426957,GLD   260515C00395000,GLD,-1.0,-1.0,,-1.0,50.36,,50.36,close,True,,,,,,,0.0,0.0
2026-05-15T16:00:00-04:00,20260515,0.11656869659034119,C,400.0,780426976,GLD   260515C00400000,GLD,-1.0,-1.0,,40.04,46.25,,46.25,close,True,,,,,,,102.0,0.0
2026-05-15T16:00:00-04:00,20260515,0.11656869659034119,C,405.0,780427006,GLD   260515C00405000,GLD,-1.0,-1.0,,36.76,42.32,,42.32,close,True,,,,,,,75.0,0.0
2026-05-15T16:00:00-04:00,20260515,0.11656869659034119,C,410.0,780427028,GLD   260515C00410000,GLD,-1.0,-1.0,,32.8,38.5,,38.5,close,True,,,,,,,1431.0,0.0
2026-05-15T16:00:00-04:00,20260515,0.11656869659034119,C,415.0,780427047,GLD   260515C00415000,GLD,-1.0,-1.0,,28.65,34.86,,34.86,close,True,,,,,,,1391.0,0.0
2026-05-15T16:00:00-04:00,20260515,0.11656869659034119,C,420.0,780427073,GLD   260515C00420000,GLD,-1.0,-1.0,,26.2,31.42,,31.42,close,True,,,,,,,328.0,0.0
2026-05-15T16:00:00-04:00,20260515,0.11656869659034119,C,425.0,780427093,GLD   260515C00425000,GLD,-1.0,-1.0,,23.3,28.13,,28.13,close,True,,,,,,,365.0,0.0
2026-05-15T16:00:00-04:00,20260515,0.11656869659034119,C,430.0,780427113,GLD   260515C00430000,GLD,-1.0,-1.0,,20.44,25.1,,25.1,close,True,,,,,,,371.0,0.0
2026-05-15T16:00:00-04:00,20260515,0.11656869659034119,C,435.0,780427133,GLD   260515C00435000,GLD,-1.0,-1.0,,17.7,22.13,,22.13,close,True,,,,,,,190.0,0.0
2026-05-15T16:00:00-04:00,20260515,0.11656869659034119,C,440.0,780427144,GLD   260515C00440000,GLD,-1.0,-1.0,,15.75,19.5,,19.5,close,True,,,,,,,704.0,0.0
2026-05-15T16:00:00-04:00,20260515,0.11656869659034119,C,445.0,780427161,GLD   260515C00445000,GLD,-1.0,-1.0,,13.25,17.05,,17.05,close,True,,,,,,,1684.0,0.0
2026-05-15T16:00:00-04:00,20260515,0.11656869659034119,C,450.0,780427178,GLD   260515C00450000,GLD,-1.0,-1.0,,11.8,14.9,,14.9,close,True,,,,,,,2468.0,0.0
2026-05-15T16:00:00-04:00,20260515,0.11656869659034119,C,455.0,781022225,GLD   260515C00455000,GLD,-1.0,-1.0,,10.0,12.9,,12.9,close,True,,,,,,,341.0,0.0
2026-05-15T16:00:00-04:00,20260515,0.11656869659034119,C,460.0,791517135,GLD   260515C00460000,GLD,-1.0,-1.0,,8.4,11.15,,11.15,close,True,,,,,,,1021.0,0.0
2026-05-15T16:00:00-04:00,20260515,0.11656869659034119,C,465.0,791517213,GLD   260515C00465000,GLD,-1.0,-1.0,,7.5,9.57,,9.57,close,True,,,,,,,534.0,0.0
2026-05-15T16:00:00-04:00,20260515,0.11656869659034119,C,470.0,801599085,GLD   260515C00470000,GLD,-1.0,-1.0,,6.4,8.15,,8.15,close,True,,,,,,,3587.0,0.0
2026-05-15T16:00:00-04:00,20260515,0.11656869659034119,C,475.0,813157986,GLD   260515C00475000,GLD,-1.0,-1.0,,5.5,7.0,,7.0,close,True,,,,,,,311.0,0.0
2026-05-15T16:00:00-04:00,20260515,0.11656869659034119,C,490.0,817343452,GLD   260515C00490000,GLD,-1.0,-1.0,,3.41,4.35,,4.35,close,True,,,,,,,90.0,0.0
2026-05-15T16:00:00-04:00,20260515,0.11656869659034119,C,495.0,818721722,GLD   260515C00495000,GLD,-1.0,-1.0,,2.93,3.75,,3.75,close,True,,,,,,,330.0,0.0
2026-05-15T16:00:00-04:00,20260515,0.11656869659034119,C,520.0,821999551,GLD   260515C00520000,GLD,-1.0,-1.0,,1.41,1.83,,1.83,close,True,,,,,,,260.0,0.0
2026-05-15T16:00:00-04:00,20260515,0.11656869659034119,C,540.0,825223592,GLD   260515C00540000,GLD,-1.0,-1.0,,0.94,1.12,,1.12,close,True,,,,,,,41.0,0.0
2026-05-15T16:00:00-04:00,20260515,0.11656869659034119,C,560.0,829497368,GLD   260515C00560000,GLD,-1.0,-1.0,,0.53,0.76,,0.76,close,True,,,,,,,22.0,0.0
2026-05-15T16:00:00-04:00,20260515,0.11656869659034119,C,580.0,829497507,GLD   260515C00580000,GLD,-1.0,-1.0,,0.47,0.56,,0.56,close,True,,,,,,,5.0,0.0
2026-05-15T16:00:00-04:00,20260515,0.11656869659034119,C,600.0,829497625,GLD   260515C00600000,GLD,-1.0,-1.0,,0.37,0.43,,0.43,close,True,,,,,,,24.0,0.0
2026-05-15T16:00:00-04:00,20260515,0.11656869659034119,C,620.0,829497745,GLD   260515C00620000,GLD,-1.0,-1.0,,-1.0,0.33,,0.33,close,True,,,,,,,0.0,0.0
2026-05-15T16:00:00-04:00,20260515,0.11656869659034119,C,645.0,848451722,GLD   260515C00645000,GLD,-1.0,-1.0,,-1.0,0.29,,0.29,close,True,,,,,,,1.0,0.0
2026-05-15T16:00:00-04:00,20260515,0.11656869659034119,C,665.0,850106329,GLD   260515C00665000,GLD,-1.0,-1.0,,-1.0,0.26,,0.26,close,True,,,,,,,0.0,0.0
2026-05-15T16:00:00-04:00,20260515,0.11656869659034119,C,685.0,850106418,GLD   260515C00685000,GLD,-1.0,-1.0,,-1.0,0.23,,0.23,close,True,,,,,,,0.0,0.0
2026-05-15T16:00:00-04:00,20260515,0.11656869659034119,C,705.0,850931352,GLD   260515C00705000,GLD,-1.0,-1.0,,-1.0,0.2,,0.2,close,True,,,,,,,0.0,0.0
2026-05-15T16:00:00-04:00,20260515,0.11656869659034119,C,725.0,850931420,GLD   260515C00725000,GLD,-1.0,-1.0,,0.11,0.17,,0.17,close,True,,,,,,,8.0,0.0
2026-05-15T16:00:00-04:00,20260515,0.11656869659034119,C,745.0,850931496,GLD   260515C00745000,GLD,-1.0,-1.0,,-1.0,0.14,,0.14,close,True,,,,,,,0.0,0.0
2026-05-15T16:00:00-04:00,20260515,0.11656869659034119,C,780.0,849673029,GLD   260515C00780000,GLD,-1.0,-1.0,,0.12,0.09,,0.09,close,True,,,,,,,1.0,0.0
2026-05-15T16:00:00-04:00,20260515,0.11656869659034119,P,230.0,780427287,GLD   260515P00230000,GLD,-1.0,-1.0,,0.15,0.14,,0.14,close,True,,,,,,,22.0,123.0
2026-05-15T16:00:00-04:00,20260515,0.11656869659034119,P,255.0,780427377,GLD   260515P00255000,GLD,-1.0,-1.0,,-1.0,0.19,,0.19,close,True,,,,,,,0.0,854.0
2026-05-15T16:00:00-04:00,20260515,0.11656869659034119,P,315.0,780427620,GLD   260515P00315000,GLD,-1.0,-1.0,,-1.0,0.58,,0.58,close,True,,,,,,,0.0,707.0
2026-05-15T16:00:00-04:00,20260515,0.11656869659034119,P,324.0,811864704,GLD   260515P00324000,GLD,-1.0,-1.0,,-1.0,0.7,,0.7,close,True,,,,,,,0.0,326.0
2026-05-15T16:00:00-04:00,20260515,0.11656869659034119,P,332.0,811865051,GLD   260515P00332000,GLD,-1.0,-1.0,,-1.0,0.88,,0.88,close,True,,,,,,,0.0,185.0
2026-05-15T16:00:00-04:00,20260515,0.11656869659034119,P,341.0,811865494,GLD   260515P00341000,GLD,-1.0,-1.0,,-1.0,1.09,,1.09,close,True,,,,,,,0.0,258.0
2026-05-15T16:00:00-04:00,20260515,0.11656869659034119,P,349.0,811865905,GLD   260515P00349000,GLD,-1.0,-1.0,,2.13,1.36,,1.36,close,True,,,,,,,1.0,429.0
2026-05-15T16:00:00-04:00,20260515,0.11656869659034119,P,358.0,811866297,GLD   260515P00358000,GLD,-1.0,-1.0,,2.79,1.77,,1.77,close,True,,,,,,,16.0,1220.0
2026-05-15T16:00:00-04:00,20260515,0.11656869659034119,P,375.0,780427894,GLD   260515P00375000,GLD,-1.0,-1.0,,4.35,2.95,,2.95,close,True,,,,,,,158.0,10888.0
2026-05-15T16:00:00-04:00,20260515,0.11656869659034119,P,395.0,780427981,GLD   260515P00395000,GLD,-1.0,-1.0,,7.9,5.47,,5.47,close,True,,,,,,,141.0,3126.0
2026-05-15T16:00:00-04:00,20260515,0.11656869659034119,P,400.0,780428000,GLD   260515P00400000,GLD,-1.0,-1.0,,8.68,6.35,,6.35,close,True,,,,,,,478.0,16668.0
2026-05-15T16:00:00-04:00,20260515,0.11656869659034119,P,405.0,780428017,GLD   260515P00405000,GLD,-1.0,-1.0,,10.4,7.4,,7.4,close,True,,,,,,,339.0,3317.0
2026-05-15T16:00:00-04:00,20260515,0.11656869659034119,P,410.0,780428037,GLD   260515P00410000,GLD,-1.0,-1.0,,11.71,8.57,,8.57,close,True,,,,,,,687.0,17404.0
2026-05-15T16:00:00-04:00,20260515,0.11656869659034119,P,415.0,780428066,GLD   260515P00415000,GLD,-1.0,-1.0,,14.0,9.93,,9.93,close,True,,,,,,,121.0,1795.0
2026-05-15T16:00:00-04:00,20260515,0.11656869659034119,P,420.0,780428089,GLD   260515P00420000,GLD,-1.0,-1.0,,14.9,11.48,,11.48,close,True,,,,,,,318.0,8481.0
2026-05-15T16:00:00-04:00,20260515,0.11656869659034119,P,425.0,780428127,GLD   260515P00425000,GLD,-1.0,-1.0,,17.05,13.18,,13.18,close,True,,,,,,,407.0,27630.0
2026-05-15T16:00:00-04:00,20260515,0.11656869659034119,P,430.0,780428157,GLD   260515P00430000,GLD,-1.0,-1.0,,19.5,15.15,,15.15,close,True,,,,,,,810.0,3369.0
2026-05-15T16:00:00-04:00,20260515,0.11656869659034119,P,435.0,780428185,GLD   260515P00435000,GLD,-1.0,-1.0,,21.55,17.17,,17.17,close,True,,,,,,,448.0,1059.0
2026-05-15T16:00:00-04:00,20260515,0.11656869659034119,P,440.0,780428212,GLD   260515P00440000,GLD,-1.0,-1.0,,24.2,19.55,,19.55,close,True,,,,,,,59.0,3774.0
2026-05-15T16:00:00-04:00,20260515,0.11656869659034119,P,445.0,780428242,GLD   260515P00445000,GLD,-1.0,-1.0,,28.8,22.11,,22.11,close,True,,,,,,,23.0,2824.0
2026-05-15T16:00:00-04:00,20260515,0.11656869659034119,P,450.0,780428267,GLD   260515P00450000,GLD,-1.0,-1.0,,31.27,24.98,,24.98,close,True,,,,,,,130.0,3682.0
2026-05-15T16:00:00-04:00,20260515,0.11656869659034119,P,455.0,781022433,GLD   260515P00455000,GLD,-1.0,-1.0,,34.01,28.0,,28.0,close,True,,,,,,,11.0,2357.0
2026-05-15T16:00:00-04:00,20260515,0.11656869659034119,P,460.0,791517256,GLD   260515P00460000,GLD,-1.0,-1.0,,-1.0,31.27,,31.27,close,True,,,,,,,5.0,2339.0
2026-05-15T16:00:00-04:00,20260515,0.11656869659034119,P,465.0,791517300,GLD   260515P00465000,GLD,-1.0,-1.0,,-1.0,34.73,,34.73,close,True,,,,,,,1.0,3433.0
2026-05-15T16:00:00-04:00,20260515,0.11656869659034119,P,470.0,801599113,GLD   260515P00470000,GLD,-1.0,-1.0,,50.14,38.34,,38.34,close,True,,,,,,,4.0,11451.0
2026-05-15T16:00:00-04:00,20260515,0.11656869659034119,P,475.0,813158093,GLD   260515P00475000,GLD,-1.0,-1.0,,-1.0,42.24,,42.24,close,True,,,,,,,0.0,1052.0
2026-05-15T16:00:00-04:00,20260515,0.11656869659034119,P,490.0,817343559,GLD   260515P00490000,GLD,-1.0,-1.0,,-1.0,54.75,,54.75,close,True,,,,,,,0.0,487.0
2026-05-15T16:00:00-04:00,20260515,0.11656869659034119,P,495.0,818721840,GLD   260515P00495000,GLD,-1.0,-1.0,,-1.0,59.21,,59.21,close,True,,,,,,,0.0,339.0
2026-05-15T16:00:00-04:00,20260515,0.11656869659034119,P,520.0,821999707,GLD   260515P00520000,GLD,-1.0,-1.0,,-1.0,82.66,,82.66,close,True,,,,,,,0.0,286.0
2026-05-15T16:00:00-04:00,20260515,0.11656869659034119,P,540.0,825223885,GLD   260515P00540000,GLD,-1.0,-1.0,,-1.0,102.25,,102.25,close,True,,,,,,,0.0,14.0
2026-05-15T16:00:00-04:00,20260515,0.11656869659034119,P,560.0,829498420,GLD   260515P00560000,GLD,-1.0,-1.0,,-1.0,122.18,,122.18,close,True,,,,,,,0.0,0.0
2026-05-15T16:00:00-04:00,20260515,0.11656869659034119,P,580.0,829498547,GLD   260515P00580000,GLD,-1.0,-1.0,,-1.0,142.18,150.39999389648438,142.18,close,True,0.40566748501599115,-0.9999999999999986,0.0,-2.842170943040401e-13,-7.389644451905042e-13,429.31781005859375,0.0,0.0
2026-05-15T16:00:00-04:00,20260515,0.11656869659034119,P,600.0,829498682,GLD   260515P00600000,GLD,-1.0,-1.0,,-1.0,162.18,170.39999389648438,162.18,close,True,0.4275486445306212,-1.0000000000000018,-3.5770898462910273e-16,6.821210263296962e-13,1.3642420526593924e-12,429.31781005859375,0.0,0.0
2026-05-15T16:00:00-04:00,20260515,0.11656869659034119,P,620.0,829498790,GLD   260515P00620000,GLD,-1.0,-1.0,,-1.0,182.18,190.70001220703125,182.18,close,True,0.45011736212144127,-1.0000000000000042,3.2284304768180313e-16,-2.273736754432321e-13,-1.5347723092418164e-12,429.31781005859375,0.0,0.0
2026-05-15T16:00:00-04:00,20260515,0.11656869659034119,P,645.0,848452062,GLD   260515P00645000,GLD,-1.0,-1.0,,-1.0,207.18,215.7000122070316,207.18,close,True,0.47873161143469123,-0.9999999999999984,0.0,-1.4210854715202004e-12,-1.1368683772161605e-13,429.31781005859375,0.0,0.0
2026-05-15T16:00:00-04:00,20260515,0.11656869659034119,P,665.0,850106619,GLD   260515P00665000,GLD,-1.0,-1.0,,-1.0,227.18,235.56002807617188,227.18,close,True,0.5014438844574944,-1.0000000000000009,-2.595748870219291e-16,-1.9326762412674725e-12,-1.3073986337985845e-12,429.31781005859375,0.0,0.0
2026-05-15T16:00:00-04:00,20260515,0.11656869659034119,P,685.0,850106729,GLD   260515P00685000,GLD,-1.0,-1.0,,-1.0,247.18,255.510009765625,247.18,close,True,0.5234895043866847,-0.9999999999999994,1.6664270864293334e-15,-1.4210854715202004e-12,-8.526512829121202e-13,429.31781005859375,0.0,0.0
2026-05-15T16:00:00-04:00,20260515,0.11656869659034119,P,705.0,850931592,GLD   260515P00705000,GLD,-1.0,-1.0,,-1.0,267.18,275.70001220703205,267.18,close,True,0.5443808262821457,-0.999999999999998,4.406238779239974e-16,-1.5916157281026244e-12,4.547473508864641e-13,429.31781005859375,0.0,0.0
2026-05-15T16:00:00-04:00,20260515,0.11656869659034119,P,725.0,850931696,GLD   260515P00725000,GLD,-1.0,-1.0,,-1.0,287.18,295.760009765625,287.18,close,True,0.5636428605538927,-1.0000000000000004,0.0,1.0231815394945445e-12,-1.7621459846850485e-12,429.31781005859375,0.0,0.0
2026-05-15T16:00:00-04:00,20260515,0.11656869659034119,P,745.0,850931756,GLD   260515P00745000,GLD,-1.0,-1.0,,-1.0,307.18,,307.18,close,True,,,,,,,0.0,0.0
2026-05-15T16:00:00-04:00,20260515,0.11656869659034119,P,780.0,849673069,GLD   260515P00780000,GLD,-1.0,-1.0,,-1.0,342.18,,342.18,close,True,,,,,,,0.0,0.0
2026-05-22T16:00:00-04:00,20260522,0.13574677878212202,C,425.0,870650636,GLD   260522C00425000,GLD,-1.0,-1.0,,-1.0,29.34,,29.34,close,True,,,,,,,0.0,
2026-05-22T16:00:00-04:00,20260522,0.13574677878212202,C,426.0,870650710,GLD   260522C00426000,GLD,-1.0,-1.0,,-1.0,28.69,,28.69,close,True,,,,,,,0.0,0.0
2026-05-22T16:00:00-04:00,20260522,0.13574677878212202,C,427.0,870650790,GLD   260522C00427000,GLD,-1.0,-1.0,,-1.0,28.05,,28.05,close,True,,,,,,,0.0,0.0
2026-05-22T16:00:00-04:00,20260522,0.13574677878212202,C,428.0,870650870,GLD   260522C00428000,GLD,-1.0,-1.0,,-1.0,27.44,,27.44,close,True,,,,,,,0.0,0.0
2026-05-22T16:00:00-04:00,20260522,0.13574677878212202,C,429.0,870650936,GLD   260522C00429000,GLD,-1.0,-1.0,,-1.0,26.87,,26.87,close,True,,,,,,,0.0,0.0
2026-05-22T16:00:00-04:00,20260522,0.13574677878212202,C,430.0,870651004,GLD   260522C00430000,GLD,-1.0,-1.0,,-1.0,26.31,,26.31,close,True,,,,,,,0.0,0.0
2026-05-22T16:00:00-04:00,20260522,0.13574677878212202,C,431.0,870651085,GLD   260522C00431000,GLD,-1.0,-1.0,,-1.0,25.74,,25.74,close,True,,,,,,,0.0,0.0
2026-05-22T16:00:00-04:00,20260522,0.13574677878212202,C,432.0,870651146,GLD   260522C00432000,GLD,-1.0,-1.0,,-1.0,25.17,,25.17,close,True,,,,,,,0.0,0.0
2026-05-22T16:00:00-04:00,20260522,0.13574677878212202,C,433.0,870651201,GLD   260522C00433000,GLD,-1.0,-1.0,,-1.0,24.61,,24.61,close,True,,,,,,,0.0,0.0
2026-05-22T16:00:00-04:00,20260522,0.13574677878212202,C,434.0,870651266,GLD   260522C00434000,GLD,-1.0,-1.0,,-1.0,24.04,,24.04,close,True,,,,,,,0.0,0.0
2026-05-22T16:00:00-04:00,20260522,0.13574677878212202,C,435.0,870651311,GLD   260522C00435000,GLD,-1.0,-1.0,,-1.0,23.47,,23.47,close,True,,,,,,,0.0,0.0
2026-05-22T16:00:00-04:00,20260522,0.13574677878212202,C,436.0,870651374,GLD   260522C00436000,GLD,-1.0,-1.0,,-1.0,22.91,,22.91,close,True,,,,,,,0.0,0.0
2026-05-22T16:00:00-04:00,20260522,0.13574677878212202,C,437.0,870651450,GLD   260522C00437000,GLD,-1.0,-1.0,,-1.0,22.35,,22.35,close,True,,,,,,,0.0,0.0
2026-05-22T16:00:00-04:00,20260522,0.13574677878212202,C,438.0,870651515,GLD   260522C00438000,GLD,-1.0,-1.0,,-1.0,21.8,,21.8,close,True,,,,,,,0.0,0.0
2026-05-22T16:00:00-04:00,20260522,0.13574677878212202,C,439.0,870651611,GLD   260522C00439000,GLD,-1.0,-1.0,,-1.0,21.32,,21.32,close,True,,,,,,,0.0,0.0
2026-05-22T16:00:00-04:00,20260522,0.13574677878212202,C,440.0,870651673,GLD   260522C00440000,GLD,-1.0,-1.0,,-1.0,20.83,,20.83,close,True,,,,,,,0.0,0.0
2026-05-22T16:00:00-04:00,20260522,0.13574677878212202,C,441.0,870651741,GLD   260522C00441000,GLD,-1.0,-1.0,,-1.0,20.35,,20.35,close,True,,,,,,,0.0,0.0
2026-05-22T16:00:00-04:00,20260522,0.13574677878212202,C,442.0,870651816,GLD   260522C00442000,GLD,-1.0,-1.0,,-1.0,19.87,,19.87,close,True,,,,,,,0.0,0.0
2026-05-22T16:00:00-04:00,20260522,0.13574677878212202,C,443.0,870651881,GLD   260522C00443000,GLD,-1.0,-1.0,,-1.0,19.4,,19.4,close,True,,,,,,,0.0,0.0
2026-05-22T16:00:00-04:00,20260522,0.13574677878212202,C,444.0,870651966,GLD   260522C00444000,GLD,-1.0,-1.0,,-1.0,18.92,,18.92,close,True,,,,,,,0.0,0.0
2026-05-22T16:00:00-04:00,20260522,0.13574677878212202,C,445.0,870652026,GLD   260522C00445000,GLD,-1.0,-1.0,,-1.0,18.44,,18.44,close,True,,,,,,,0.0,0.0
2026-05-22T16:00:00-04:00,20260522,0.13574677878212202,C,446.0,870652089,GLD   260522C00446000,GLD,-1.0,-1.0,,-1.0,17.96,,17.96,close,True,,,,,,,0.0,0.0
2026-05-22T16:00:00-04:00,20260522,0.13574677878212202,C,447.0,870652157,GLD   260522C00447000,GLD,-1.0,-1.0,,-1.0,17.49,,17.49,close,True,,,,,,,0.0,0.0
2026-05-22T16:00:00-04:00,20260522,0.13574677878212202,C,448.0,870652218,GLD   260522C00448000,GLD,-1.0,-1.0,,-1.0,17.01,,17.01,close,True,,,,,,,0.0,0.0
2026-05-22T16:00:00-04:00,20260522,0.13574677878212202,C,449.0,870652273,GLD   260522C00449000,GLD,-1.0,-1.0,,-1.0,16.6,,16.6,close,True,,,,,,,0.0,0.0
2026-05-22T16:00:00-04:00,20260522,0.13574677878212202,C,450.0,870652343,GLD   260522C00450000,GLD,-1.0,-1.0,,-1.0,16.2,,16.2,close,True,,,,,,,0.0,0.0
2026-05-22T16:00:00-04:00,20260522,0.13574677878212202,C,451.0,870652450,GLD   260522C00451000,GLD,-1.0,-1.0,,-1.0,15.81,,15.81,close,True,,,,,,,0.0,0.0
2026-05-22T16:00:00-04:00,20260522,0.13574677878212202,C,452.0,870652515,GLD   260522C00452000,GLD,-1.0,-1.0,,-1.0,15.42,,15.42,close,True,,,,,,,0.0,0.0
2026-05-22T16:00:00-04:00,20260522,0.13574677878212202,C,453.0,870652572,GLD   260522C00453000,GLD,-1.0,-1.0,,-1.0,15.03,,15.03,close,True,,,,,,,0.0,0.0
2026-05-22T16:00:00-04:00,20260522,0.13574677878212202,P,425.0,870652631,GLD   260522P00425000,GLD,-1.0,-1.0,,-1.0,14.08,,14.08,close,True,,,,,,,0.0,0.0
2026-05-22T16:00:00-04:00,20260522,0.13574677878212202,P,426.0,870652693,GLD   260522P00426000,GLD,-1.0,-1.0,,-1.0,14.43,,14.43,close,True,,,,,,,0.0,0.0
2026-05-22T16:00:00-04:00,20260522,0.13574677878212202,P,427.0,870652751,GLD   260522P00427000,GLD,-1.0,-1.0,,-1.0,14.79,,14.79,close,True,,,,,,,0.0,0.0
2026-05-22T16:00:00-04:00,20260522,0.13574677878212202,P,428.0,870652823,GLD   260522P00428000,GLD,-1.0,-1.0,,-1.0,15.19,,15.19,close,True,,,,,,,0.0,0.0
2026-05-22T16:00:00-04:00,20260522,0.13574677878212202,P,429.0,870652889,GLD   260522P00429000,GLD,-1.0,-1.0,,-1.0,15.62,,15.62,close,True,,,,,,,0.0,0.0
2026-05-22T16:00:00-04:00,20260522,0.13574677878212202,P,430.0,870652952,GLD   260522P00430000,GLD,-1.0,-1.0,,-1.0,16.04,,16.04,close,True,,,,,,,0.0,0.0
2026-05-22T16:00:00-04:00,20260522,0.13574677878212202,P,431.0,870653024,GLD   260522P00431000,GLD,-1.0,-1.0,,-1.0,16.47,,16.47,close,True,,,,,,,0.0,0.0
2026-05-22T16:00:00-04:00,20260522,0.13574677878212202,P,432.0,870653100,GLD   260522P00432000,GLD,-1.0,-1.0,,-1.0,16.91,,16.91,close,True,,,,,,,0.0,0.0
2026-05-22T16:00:00-04:00,20260522,0.13574677878212202,P,433.0,870653160,GLD   260522P00433000,GLD,-1.0,-1.0,,-1.0,17.34,,17.34,close,True,,,,,,,0.0,0.0
2026-05-22T16:00:00-04:00,20260522,0.13574677878212202,P,434.0,870653236,GLD   260522P00434000,GLD,-1.0,-1.0,,-1.0,17.77,,17.77,close,True,,,,,,,0.0,0.0
2026-05-22T16:00:00-04:00,20260522,0.13574677878212202,P,435.0,870653294,GLD   260522P00435000,GLD,-1.0,-1.0,,-1.0,18.21,,18.21,close,True,,,,,,,0.0,0.0
2026-05-22T16:00:00-04:00,20260522,0.13574677878212202,P,436.0,870653352,GLD   260522P00436000,GLD,-1.0,-1.0,,-1.0,18.64,,18.64,close,True,,,,,,,0.0,0.0
2026-05-22T16:00:00-04:00,20260522,0.13574677878212202,P,437.0,870653431,GLD   260522P00437000,GLD,-1.0,-1.0,,-1.0,19.08,,19.08,close,True,,,,,,,0.0,0.0
2026-05-22T16:00:00-04:00,20260522,0.13574677878212202,P,438.0,870653501,GLD   260522P00438000,GLD,-1.0,-1.0,,-1.0,19.54,,19.54,close,True,,,,,,,0.0,0.0
2026-05-22T16:00:00-04:00,20260522,0.13574677878212202,P,439.0,870653544,GLD   260522P00439000,GLD,-1.0,-1.0,,-1.0,20.06,,20.06,close,True,,,,,,,0.0,0.0
2026-05-22T16:00:00-04:00,20260522,0.13574677878212202,P,440.0,870653626,GLD   260522P00440000,GLD,-1.0,-1.0,,-1.0,20.58,,20.58,close,True,,,,,,,0.0,0.0
2026-05-22T16:00:00-04:00,20260522,0.13574677878212202,P,441.0,870653716,GLD   260522P00441000,GLD,-1.0,-1.0,,-1.0,21.09,,21.09,close,True,,,,,,,0.0,0.0
2026-05-22T16:00:00-04:00,20260522,0.13574677878212202,P,442.0,870653791,GLD   260522P00442000,GLD,-1.0,-1.0,,-1.0,21.61,,21.61,close,True,,,,,,,0.0,0.0
2026-05-22T16:00:00-04:00,20260522,0.13574677878212202,P,443.0,870653866,GLD   260522P00443000,GLD,-1.0,-1.0,,-1.0,22.13,,22.13,close,True,,,,,,,0.0,0.0
2026-05-22T16:00:00-04:00,20260522,0.13574677878212202,P,444.0,870653931,GLD   260522P00444000,GLD,-1.0,-1.0,,-1.0,22.66,,22.66,close,True,,,,,,,0.0,0.0
2026-05-22T16:00:00-04:00,20260522,0.13574677878212202,P,445.0,870654005,GLD   260522P00445000,GLD,-1.0,-1.0,,-1.0,23.18,,23.18,close,True,,,,,,,0.0,0.0
2026-05-22T16:00:00-04:00,20260522,0.13574677878212202,P,446.0,870654081,GLD   260522P00446000,GLD,-1.0,-1.0,,-1.0,23.71,,23.71,close,True,,,,,,,0.0,0.0
2026-05-22T16:00:00-04:00,20260522,0.13574677878212202,P,447.0,870654164,GLD   260522P00447000,GLD,-1.0,-1.0,,-1.0,24.24,,24.24,close,True,,,,,,,0.0,0.0
2026-05-22T16:00:00-04:00,20260522,0.13574677878212202,P,448.0,870654245,GLD   260522P00448000,GLD,-1.0,-1.0,,-1.0,24.77,,24.77,close,True,,,,,,,0.0,0.0
2026-05-22T16:00:00-04:00,20260522,0.13574677878212202,P,449.0,870654320,GLD   260522P00449000,GLD,-1.0,-1.0,,-1.0,25.36,,25.36,close,True,,,,,,,0.0,0.0
2026-05-22T16:00:00-04:00,20260522,0.13574677878212202,P,450.0,870654414,GLD   260522P00450000,GLD,-1.0,-1.0,,-1.0,25.97,,25.97,close,True,,,,,,,0.0,0.0
2026-05-22T16:00:00-04:00,20260522,0.13574677878212202,P,451.0,870654499,GLD   260522P00451000,GLD,-1.0,-1.0,,-1.0,26.57,,26.57,close,True,,,,,,,0.0,0.0
2026-05-22T16:00:00-04:00,20260522,0.13574677878212202,P,452.0,870654562,GLD   260522P00452000,GLD,-1.0,-1.0,,-1.0,27.18,,27.18,close,True,,,,,,,0.0,0.0
2026-05-22T16:00:00-04:00,20260522,0.13574677878212202,P,453.0,870654640,GLD   260522P00453000,GLD,-1.0,-1.0,,-1.0,27.79,,27.79,close,True,,,,,,,0.0,0.0
2026-06-18T16:00:00-04:00,20260618,0.20971938152184805,C,135.0,695630101,GLD   260618C00135000,GLD,-1.0,-1.0,,-1.0,304.32,,304.32,close,True,,,,,,,0.0,
2026-06-18T16:00:00-04:00,20260618,0.20971938152184805,C,175.0,695630412,GLD   260618C00175000,GLD,-1.0,-1.0,,-1.0,264.72,,264.72,close,True,,,,,,,0.0,0.0
2026-06-18T16:00:00-04:00,20260618,0.20971938152184805,C,230.0,695630770,GLD   260618C00230000,GLD,-1.0,-1.0,,-1.0,210.32,,210.32,close,True,,,,,,,0.0,0.0
2026-06-18T16:00:00-04:00,20260618,0.20971938152184805,C,247.0,762973675,GLD   260618C00247000,GLD,-1.0,-1.0,,-1.0,193.52,,193.52,close,True,,,,,,,0.0,0.0
2026-06-18T16:00:00-04:00,20260618,0.20971938152184805,C,255.0,695630972,GLD   260618C00255000,GLD,-1.0,-1.0,,-1.0,185.62,,185.62,close,True,,,,,,,0.0,0.0
2026-06-18T16:00:00-04:00,20260618,0.20971938152184805,C,264.0,762974838,GLD   260618C00264000,GLD,-1.0,-1.0,,-1.0,176.74,,176.74,close,True,,,,,,,0.0,0.0
2026-06-18T16:00:00-04:00,20260618,0.20971938152184805,C,272.0,762975332,GLD   260618C00272000,GLD,-1.0,-1.0,,-1.0,168.87,,168.87,close,True,,,,,,,0.0,0.0
2026-06-18T16:00:00-04:00,20260618,0.20971938152184805,C,281.0,762975846,GLD   260618C00281000,GLD,-1.0,-1.0,,-1.0,160.02,,160.02,close,True,,,,,,,0.0,0.0
2026-06-18T16:00:00-04:00,20260618,0.20971938152184805,C,289.0,762976359,GLD   260618C00289000,GLD,-1.0,-1.0,,-1.0,152.16,,152.16,close,True,,,,,,,0.0,0.0
2026-06-18T16:00:00-04:00,20260618,0.20971938152184805,C,298.0,762976977,GLD   260618C00298000,GLD,-1.0,-1.0,,-1.0,143.38,,143.38,close,True,,,,,,,0.0,0.0
2026-06-18T16:00:00-04:00,20260618,0.20971938152184805,C,307.0,776882775,GLD   260618C00307000,GLD,-1.0,-1.0,,-1.0,134.62,,134.62,close,True,,,,,,,0.0,0.0
2026-06-18T16:00:00-04:00,20260618,0.20971938152184805,C,315.0,696691425,GLD   260618C00315000,GLD,-1.0,-1.0,,-1.0,126.89,,126.89,close,True,,,,,,,0.0,0.0
2026-06-18T16:00:00-04:00,20260618,0.20971938152184805,C,324.0,776883264,GLD   260618C00324000,GLD,-1.0,-1.0,,-1.0,118.24,,118.24,close,True,,,,,,,0.0,0.0
2026-06-18T16:00:00-04:00,20260618,0.20971938152184805,C,332.0,811866484,GLD   260618C00332000,GLD,-1.0,-1.0,,-1.0,110.64,,110.64,close,True,,,,,,,0.0,0.0
2026-06-18T16:00:00-04:00,20260618,0.20971938152184805,C,341.0,811866874,GLD   260618C00341000,GLD,-1.0,-1.0,,-1.0,102.22,,102.22,close,True,,,,,,,0.0,0.0
2026-06-18T16:00:00-04:00,20260618,0.20971938152184805,C,349.0,811867262,GLD   260618C00349000,GLD,-1.0,-1.0,,-1.0,94.8,,94.8,close,True,,,,,,,0.0,0.0
2026-06-18T16:00:00-04:00,20260618,0.20971938152184805,C,358.0,811867659,GLD   260618C00358000,GLD,-1.0,-1.0,,-1.0,86.55,,86.55,close,True,,,,,,,0.0,0.0
2026-06-18T16:00:00-04:00,20260618,0.20971938152184805,C,375.0,731136759,GLD   260618C00375000,GLD,-1.0,-1.0,,60.3,71.58,,71.58,close,True,,,,,,,2.0,0.0
2026-06-18T16:00:00-04:00,20260618,0.20971938152184805,C,395.0,759656300,GLD   260618C00395000,GLD,-1.0,-1.0,,-1.0,55.13,,55.13,close,True,,,,,,,0.0,0.0
2026-06-18T16:00:00-04:00,20260618,0.20971938152184805,C,400.0,761418243,GLD   260618C00400000,GLD,-1.0,-1.0,,45.3,51.23,,51.23,close,True,,,,,,,48.0,0.0
2026-06-18T16:00:00-04:00,20260618,0.20971938152184805,C,405.0,764260294,GLD   260618C00405000,GLD,-1.0,-1.0,,41.2,47.55,,47.55,close,True,,,,,,,339.0,0.0
2026-06-18T16:00:00-04:00,20260618,0.20971938152184805,C,410.0,769169366,GLD   260618C00410000,GLD,,,,38.35,44.0,,44.0,close,True,,,,,,,44.0,0.0
2026-06-18T16:00:00-04:00,20260618,0.20971938152184805,C,415.0,770772017,GLD   260618C00415000,GLD,,,,31.0,40.54,,40.54,close,True,,,,,,,54.0,0.0
2026-06-18T16:00:00-04:00,20260618,0.20971938152184805,C,420.0,772352792,GLD   260618C00420000,GLD,,,,32.55,37.28,,37.28,close,True,,,,,,,213.0,0.0
2026-06-18T16:00:00-04:00,20260618,0.20971938152184805,C,425.0,772833977,GLD   260618C00425000,GLD,-1.0,-1.0,,29.5,34.12,,34.12,close,True,,,,,,,1166.0,0.0
2026-06-18T16:00:00-04:00,20260618,0.20971938152184805,C,430.0,772834025,GLD   260618C00430000,GLD,-1.0,-1.0,,26.85,31.23,,31.23,close,True,,,,,,,777.0,
2026-06-18T16:00:00-04:00,20260618,0.20971938152184805,C,435.0,776883441,GLD   260618C00435000,GLD,-1.0,-1.0,,24.4,28.4,,28.4,close,True,,,,,,,216.0,
2026-06-18T16:00:00-04:00,20260618,0.20971938152184805,C,440.0,776883486,GLD   260618C00440000,GLD,-1.0,-1.0,,21.7,25.78,,25.78,close,True,,,,,,,661.0,
2026-06-18T16:00:00-04:00,20260618,0.20971938152184805,C,445.0,776883513,GLD   260618C00445000,GLD,-1.0,-1.0,,19.9,23.45,,23.45,close,True,,,,,,,590.0,
2026-06-18T16:00:00-04:00,20260618,0.20971938152184805,C,450.0,779174433,GLD   260618C00450000,GLD,-1.0,-1.0,,17.8,21.17,,21.17,close,True,,,,,,,694.0,
2026-06-18T16:00:00-04:00,20260618,0.20971938152184805,C,455.0,779174453,GLD   260618C00455000,GLD,-1.0,-1.0,,16.3,19.12,,19.12,close,True,,,,,,,51.0,
2026-06-18T16:00:00-04:00,20260618,0.20971938152184805,C,460.0,779174477,GLD   260618C00460000,GLD,-1.0,-1.0,,14.2,17.23,,17.23,close,True,,,,,,,814.0,
2026-06-18T16:00:00-04:00,20260618,0.20971938152184805,C,465.0,779174511,GLD   260618C00465000,GLD,-1.0,-1.0,,12.45,15.45,,15.45,close,True,,,,,,,652.0,
2026-06-18T16:00:00-04:00,20260618,0.20971938152184805,C,470.0,779174529,GLD   260618C00470000,GLD,-1.0,-1.0,,11.37,13.77,,13.77,close,True,,,,,,,190.0,
2026-06-18T16:00:00-04:00,20260618,0.20971938152184805,C,475.0,779174563,GLD   260618C00475000,GLD,-1.0,-1.0,,10.2,12.35,,12.35,close,True,,,,,,,37.0,
2026-06-18T16:00:00-04:00,20260618,0.20971938152184805,C,490.0,817343611,GLD   260618C00490000,GLD,-1.0,-1.0,,7.4,8.95,,8.95,close,True,,,,,,,699.0,
2026-06-18T16:00:00-04:00,20260618,0.20971938152184805,C,495.0,817343685,GLD   260618C00495000,GLD,-1.0,-1.0,,6.4,7.97,,7.97,close,True,,,,,,,83.0,
2026-06-18T16:00:00-04:00,20260618,0.20971938152184805,C,520.0,821006420,GLD   260618C00520000,GLD,-1.0,-1.0,,4.0,4.75,,4.75,close,True,,,,,,,13.0,
2026-06-18T16:00:00-04:00,20260618,0.20971938152184805,C,540.0,821999911,GLD   260618C00540000,GLD,-1.0,-1.0,,2.67,3.2,,3.2,close,True,,,,,,,143.0,
2026-06-18T16:00:00-04:00,20260618,0.20971938152184805,C,560.0,825224194,GLD   260618C00560000,GLD,-1.0,-1.0,,1.87,2.26,,2.26,close,True,,,,,,,8.0,
2026-06-18T16:00:00-04:00,20260618,0.20971938152184805,C,580.0,829499495,GLD   260618C00580000,GLD,-1.0,-1.0,,1.39,1.65,,1.65,close,True,,,,,,,4.0,
2026-06-18T16:00:00-04:00,20260618,0.20971938152184805,C,600.0,829499612,GLD   260618C00600000,GLD,-1.0,-1.0,,1.08,1.26,,1.26,close,True,,,,,,,43.0,0.0
2026-06-18T16:00:00-04:00,20260618,0.20971938152184805,C,620.0,829499726,GLD   260618C00620000,GLD,-1.0,-1.0,,0.8,1.01,,1.01,close,True,,,,,,,2.0,0.0
2026-06-18T16:00:00-04:00,20260618,0.20971938152184805,C,645.0,848452226,GLD   260618C00645000,GLD,-1.0,-1.0,,-1.0,0.8,,0.8,close,True,,,,,,,0.0,0.0
2026-06-18T16:00:00-04:00,20260618,0.20971938152184805,C,665.0,848452351,GLD   260618C00665000,GLD,-1.0,-1.0,,-1.0,0.68,,0.68,close,True,,,,,,,0.0,0.0
2026-06-18T16:00:00-04:00,20260618,0.20971938152184805,C,685.0,850106889,GLD   260618C00685000,GLD,-1.0,-1.0,,-1.0,0.57,,0.57,close,True,,,,,,,0.0,0.0
2026-06-18T16:00:00-04:00,20260618,0.20971938152184805,C,705.0,850931858,GLD   260618C00705000,GLD,-1.0,-1.0,,-1.0,0.47,,0.47,close,True,,,,,,,0.0,0.0
2026-06-18T16:00:00-04:00,20260618,0.20971938152184805,C,725.0,850931956,GLD   260618C00725000,GLD,-1.0,-1.0,,-1.0,0.42,,0.42,close,True,,,,,,,0.0,0.0
2026-06-18T16:00:00-04:00,20260618,0.20971938152184805,C,745.0,850932046,GLD   260618C00745000,GLD,-1.0,-1.0,,-1.0,0.38,,0.38,close,True,,,,,,,0.0,0.0
2026-06-18T16:00:00-04:00,20260618,0.20971938152184805,C,780.0,849673117,GLD   260618C00780000,GLD,-1.0,-1.0,,-1.0,0.31,,0.31,close,True,,,,,,,0.0,0.0
2026-06-18T16:00:00-04:00,20260618,0.20971938152184805,C,820.0,849673146,GLD   260618C00820000,GLD,-1.0,-1.0,,-1.0,0.24,,0.24,close,True,,,,,,,0.0,0.0
2026-06-18T16:00:00-04:00,20260618,0.20971938152184805,C,860.0,849673177,GLD   260618C00860000,GLD,-1.0,-1.0,,-1.0,0.17,,0.17,close,True,,,,,,,0.0,0.0
2026-06-18T16:00:00-04:00,20260618,0.20971938152184805,C,900.0,849673211,GLD   260618C00900000,GLD,-1.0,-1.0,,0.11,0.1,,0.1,close,True,,,,,,,102.0,0.0
2026-06-18T16:00:00-04:00,20260618,0.20971938152184805,P,135.0,695631544,GLD   260618P00135000,GLD,-1.0,-1.0,,-1.0,0.01,,0.01,close,True,,,,,,,0.0,51.0
2026-06-18T16:00:00-04:00,20260618,0.20971938152184805,P,175.0,695631942,GLD   260618P00175000,GLD,-1.0,-1.0,,-1.0,0.09,,0.09,close,True,,,,,,,0.0,55.0
2026-06-18T16:00:00-04:00,20260618,0.20971938152184805,P,230.0,695632531,GLD   260618P00230000,GLD,-1.0,-1.0,,0.25,0.26,,0.26,close,True,,,,,,,3.0,380.0
2026-06-18T16:00:00-04:00,20260618,0.20971938152184805,P,247.0,762977537,GLD   260618P00247000,GLD,-1.0,-1.0,,-1.0,0.32,,0.32,close,True,,,,,,,0.0,87.0
2026-06-18T16:00:00-04:00,20260618,0.20971938152184805,P,255.0,695632834,GLD   260618P00255000,GLD,-1.0,-1.0,,-1.0,0.36,,0.36,close,True,,,,,,,0.0,146.0
2026-06-18T16:00:00-04:00,20260618,0.20971938152184805,P,264.0,762978751,GLD   260618P00264000,GLD,-1.0,-1.0,,-1.0,0.41,,0.41,close,True,,,,,,,0.0,92.0
2026-06-18T16:00:00-04:00,20260618,0.20971938152184805,P,272.0,762979261,GLD   260618P00272000,GLD,-1.0,-1.0,,-1.0,0.48,,0.48,close,True,,,,,,,0.0,15.0
2026-06-18T16:00:00-04:00,20260618,0.20971938152184805,P,281.0,762979863,GLD   260618P00281000,GLD,-1.0,-1.0,,-1.0,0.56,,0.56,close,True,,,,,,,0.0,8.0
2026-06-18T16:00:00-04:00,20260618,0.20971938152184805,P,289.0,762980425,GLD   260618P00289000,GLD,-1.0,-1.0,,-1.0,0.63,,0.63,close,True,,,,,,,0.0,3486.0
2026-06-18T16:00:00-04:00,20260618,0.20971938152184805,P,298.0,762981011,GLD   260618P00298000,GLD,-1.0,-1.0,,-1.0,0.79,,0.79,close,True,,,,,,,0.0,96.0
2026-06-18T16:00:00-04:00,20260618,0.20971938152184805,P,307.0,776883755,GLD   260618P00307000,GLD,-1.0,-1.0,,-1.0,0.96,,0.96,close,True,,,,,,,0.0,68.0
2026-06-18T16:00:00-04:00,20260618,0.20971938152184805,P,315.0,696691724,GLD   260618P00315000,GLD,-1.0,-1.0,,1.65,1.17,,1.17,close,True,,,,,,,100.0,6051.0
2026-06-18T16:00:00-04:00,20260618,0.20971938152184805,P,324.0,776884260,GLD   260618P00324000,GLD,-1.0,-1.0,,2.02,1.45,,1.45,close,True,,,,,,,67.0,503.0
2026-06-18T16:00:00-04:00,20260618,0.20971938152184805,P,332.0,811867848,GLD   260618P00332000,GLD,-1.0,-1.0,,2.59,1.78,,1.78,close,True,,,,,,,30.0,23.0
2026-06-18T16:00:00-04:00,20260618,0.20971938152184805,P,341.0,811868243,GLD   260618P00341000,GLD,-1.0,-1.0,,3.3,2.3,,2.3,close,True,,,,,,,20.0,349.0
2026-06-18T16:00:00-04:00,20260618,0.20971938152184805,P,349.0,811868646,GLD   260618P00349000,GLD,-1.0,-1.0,,4.0,2.82,,2.82,close,True,,,,,,,11.0,266.0
2026-06-18T16:00:00-04:00,20260618,0.20971938152184805,P,358.0,811869027,GLD   260618P00358000,GLD,-1.0,-1.0,,-1.0,3.51,,3.51,close,True,,,,,,,0.0,1243.0
2026-06-18T16:00:00-04:00,20260618,0.20971938152184805,P,375.0,731137145,GLD   260618P00375000,GLD,-1.0,-1.0,,7.5,5.43,,5.43,close,True,,,,,,,14.0,16814.0
2026-06-18T16:00:00-04:00,20260618,0.20971938152184805,P,395.0,759656432,GLD   260618P00395000,GLD,-1.0,-1.0,,11.25,8.85,,8.85,close,True,,,,,,,91.0,6634.0
2026-06-18T16:00:00-04:00,20260618,0.20971938152184805,P,400.0,761418298,GLD   260618P00400000,GLD,-1.0,-1.0,,12.75,9.93,,9.93,close,True,,,,,,,85.0,16804.0
2026-06-18T16:00:00-04:00,20260618,0.20971938152184805,P,405.0,764260334,GLD   260618P00405000,GLD,-1.0,-1.0,,16.9,11.23,,11.23,close,True,,,,,,,24.0,2577.0
2026-06-18T16:00:00-04:00,20260618,0.20971938152184805,P,410.0,769169422,GLD   260618P00410000,GLD,-1.0,-1.0,,15.9,12.65,,12.65,close,True,,,,,,,127.0,10901.0
2026-06-18T16:00:00-04:00,20260618,0.20971938152184805,P,415.0,770772101,GLD   260618P00415000,GLD,-1.0,-1.0,,18.0,14.18,,14.18,close,True,,,,,,,73.0,24934.0
2026-06-18T16:00:00-04:00,20260618,0.20971938152184805,P,420.0,772352826,GLD   260618P00420000,GLD,-1.0,-1.0,,20.0,15.9,,15.9,close,True,,,,,,,112.0,10173.0
2026-06-18T16:00:00-04:00,20260618,0.20971938152184805,P,425.0,772834060,GLD   260618P00425000,GLD,-1.0,-1.0,,21.76,17.73,,17.73,close,True,,,,,,,1084.0,8060.0
2026-06-18T16:00:00-04:00,20260618,0.20971938152184805,P,430.0,772834144,GLD   260618P00430000,GLD,-1.0,-1.0,,24.3,19.83,,19.83,close,True,,,,,,,61.0,6794.0
2026-06-18T16:00:00-04:00,20260618,0.20971938152184805,P,435.0,776884450,GLD   260618P00435000,GLD,-1.0,-1.0,,26.3,22.0,,22.0,close,True,,,,,,,17.0,2620.0
2026-06-18T16:00:00-04:00,20260618,0.20971938152184805,P,440.0,776884493,GLD   260618P00440000,GLD,-1.0,-1.0,,28.6,24.37,,24.37,close,True,,,,,,,10.0,1378.0
2026-06-18T16:00:00-04:00,20260618,0.20971938152184805,P,445.0,776884522,GLD   260618P00445000,GLD,-1.0,-1.0,,33.0,27.05,,27.05,close,True,,,,,,,3.0,1563.0
2026-06-18T16:00:00-04:00,20260618,0.20971938152184805,P,450.0,779174589,GLD   260618P00450000,GLD,-1.0,-1.0,,36.95,29.79,,29.79,close,True,,,,,,,23.0,15765.0
2026-06-18T16:00:00-04:00,20260618,0.20971938152184805,P,455.0,779174632,GLD   260618P00455000,GLD,-1.0,-1.0,,-1.0,32.76,,32.76,close,True,,,,,,,0.0,1988.0
2026-06-18T16:00:00-04:00,20260618,0.20971938152184805,P,460.0,779174675,GLD   260618P00460000,GLD,-1.0,-1.0,,-1.0,35.88,,35.88,close,True,,,,,,,15.0,2407.0
2026-06-18T16:00:00-04:00,20260618,0.20971938152184805,P,465.0,779174703,GLD   260618P00465000,GLD,-1.0,-1.0,,-1.0,39.13,,39.13,close,True,,,,,,,11.0,1363.0
2026-06-18T16:00:00-04:00,20260618,0.20971938152184805,P,470.0,779174732,GLD   260618P00470000,GLD,-1.0,-1.0,,49.3,42.5,,42.5,close,True,,,,,,,24.0,1812.0
2026-06-18T16:00:00-04:00,20260618,0.20971938152184805,P,475.0,779174749,GLD   260618P00475000,GLD,-1.0,-1.0,,53.45,46.11,,46.11,close,True,,,,,,,8.0,8606.0
2026-06-18T16:00:00-04:00,20260618,0.20971938152184805,P,490.0,817343786,GLD   260618P00490000,GLD,-1.0,-1.0,,66.4,57.87,,57.87,close,True,,,,,,,44.0,1058.0
2026-06-18T16:00:00-04:00,20260618,0.20971938152184805,P,495.0,817343851,GLD   260618P00495000,GLD,-1.0,-1.0,,-1.0,61.96,,61.96,close,True,,,,,,,0.0,124.0
2026-06-18T16:00:00-04:00,20260618,0.20971938152184805,P,520.0,821006575,GLD   260618P00520000,GLD,-1.0,-1.0,,92.8,84.11,,84.11,close,True,,,,,,,2.0,226.0
2026-06-18T16:00:00-04:00,20260618,0.20971938152184805,P,540.0,822000076,GLD   260618P00540000,GLD,-1.0,-1.0,,111.95,102.95,,102.95,close,True,,,,,,,2.0,300.0
2026-06-18T16:00:00-04:00,20260618,0.20971938152184805,P,560.0,825224519,GLD   260618P00560000,GLD,-1.0,-1.0,,-1.0,122.39,,122.39,close,True,,,,,,,0.0,0.0
2026-06-18T16:00:00-04:00,20260618,0.20971938152184805,P,580.0,829500416,GLD   260618P00580000,GLD,-1.0,-1.0,,-1.0,142.18,,142.18,close,True,,,,,,,0.0,0.0
2026-06-18T16:00:00-04:00,20260618,0.20971938152184805,P,600.0,829500521,GLD   260618P00600000,GLD,-1.0,-1.0,,-1.0,162.18,,162.18,close,True,,,,,,,0.0,0.0
2026-06-18T16:00:00-04:00,20260618,0.20971938152184805,P,620.0,829500626,GLD   260618P00620000,GLD,-1.0,-1.0,,-1.0,182.18,,182.18,close,True,,,,,,,0.0,0.0
2026-06-18T16:00:00-04:00,20260618,0.20971938152184805,P,645.0,848452533,GLD   260618P00645000,GLD,-1.0,-1.0,,-1.0,207.18,215.3999938964845,207.18,close,True,0.40883507775791733,-0.9999999999999976,-2.179949616691845e-16,-8.526512829121202e-13,1.3073986337985845e-12,429.31781005859375,0.0,0.0
2026-06-18T16:00:00-04:00,20260618,0.20971938152184805,P,665.0,848452631,GLD   260618P00665000,GLD,-1.0,-1.0,,-1.0,227.18,235.70001220703125,227.18,close,True,0.42368323341695435,-1.0000000000000029,1.2207108714176338e-15,-1.3642420526593924e-12,9.663381206337365e-13,429.31781005859375,0.0,0.0
2026-06-18T16:00:00-04:00,20260618,0.20971938152184805,P,685.0,850107029,GLD   260618P00685000,GLD,-1.0,-1.0,,-1.0,247.18,255.7000122070324,247.18,close,True,0.4386122591288181,-0.999999999999998,-1.3298075498636936e-15,-2.216893335571513e-12,-1.1368683772161605e-12,429.31781005859375,0.0,0.0
2026-06-18T16:00:00-04:00,20260618,0.20971938152184805,P,705.0,850932158,GLD   260618P00705000,GLD,-1.0,-1.0,,-1.0,267.18,275.7600097656255,267.18,close,True,0.4534501840608796,-0.999999999999997,0.0,-1.8189894035458565e-12,1.3642420526593924e-12,429.31781005859375,0.0,0.0
2026-06-18T16:00:00-04:00,20260618,0.20971938152184805,P,725.0,850932270,GLD   260618P00725000,GLD,-1.0,-1.0,,-1.0,287.18,295.39999389648534,287.18,close,True,0.4680211343286002,-0.9999999999999972,0.0,1.1368683772161605e-13,-6.821210263296962e-13,429.31781005859375,0.0,0.0
2026-06-18T16:00:00-04:00,20260618,0.20971938152184805,P,745.0,850932363,GLD   260618P00745000,GLD,-1.0,-1.0,,-1.0,307.18,315.760009765625,307.18,close,True,0.48215204506207315,-1.0000000000000009,0.0,-5.115907697472721e-13,5.115907697472721e-13,429.31781005859375,0.0,0.0
2026-06-18T16:00:00-04:00,20260618,0.20971938152184805,P,780.0,849673234,GLD   260618P00780000,GLD,-1.0,-1.0,,-1.0,342.18,350.76000976562676,342.18,close,True,0.5053348723886001,-0.9999999999999936,-2.866044583885861e-16,-1.1368683772161605e-12,-3.353761712787673e-12,429.31781005859375,0.0,0.0
2026-06-18T16:00:00-04:00,20260618,0.20971938152184805,P,820.0,849673264,GLD   260618P00820000,GLD,-1.0,-1.0,,-1.0,382.18,,382.18,close,True,,,,,,,0.0,0.0
2026-06-18T16:00:00-04:00,20260618,0.20971938152184805,P,860.0,849673302,GLD   260618P00860000,GLD,-1.0,-1.0,,-1.0,422.18,,422.18,close,True,,,,,,,0.0,0.0
2026-06-18T16:00:00-04:00,20260618,0.20971938152184805,P,900.0,849673329,GLD   260618P00900000,GLD,-1.0,-1.0,,-1.0,462.18,,462.18,close,True,,,,,,,0.0,0.0
2026-06-30T16:00:00-04:00,20260630,0.24259609385061517,C,230.0,796126957,GLD   260630C00230000,GLD,-1.0,-1.0,,-1.0,210.68,,210.68,close,True,,,,,,,0.0,0.0
2026-06-30T16:00:00-04:00,20260630,0.24259609385061517,C,255.0,796127209,GLD   260630C00255000,GLD,-1.0,-1.0,,-1.0,186.01,,186.01,close,True,,,,,,,0.0,0.0
2026-06-30T16:00:00-04:00,20260630,0.24259609385061517,C,272.0,796127376,GLD   260630C00272000,GLD,-1.0,-1.0,,-1.0,169.32,,169.32,close,True,,,,,,,0.0,0.0
2026-06-30T16:00:00-04:00,20260630,0.24259609385061517,C,281.0,796127715,GLD   260630C00281000,GLD,-1.0,-1.0,,-1.0,160.54,,160.54,close,True,,,,,,,0.0,0.0
2026-06-30T16:00:00-04:00,20260630,0.24259609385061517,C,289.0,796128130,GLD   260630C00289000,GLD,-1.0,-1.0,,-1.0,152.73,,152.73,close,True,,,,,,,0.0,0.0
2026-06-30T16:00:00-04:00,20260630,0.24259609385061517,C,298.0,796128584,GLD   260630C00298000,GLD,-1.0,-1.0,,-1.0,143.94,,143.94,close,True,,,,,,,0.0,0.0
2026-06-30T16:00:00-04:00,20260630,0.24259609385061517,C,307.0,796129050,GLD   260630C00307000,GLD,-1.0,-1.0,,-1.0,135.23,,135.23,close,True,,,,,,,0.0,0.0
2026-06-30T16:00:00-04:00,20260630,0.24259609385061517,C,315.0,796129497,GLD   260630C00315000,GLD,-1.0,-1.0,,-1.0,127.53,,127.53,close,True,,,,,,,0.0,0.0
2026-06-30T16:00:00-04:00,20260630,0.24259609385061517,C,324.0,796129798,GLD   260630C00324000,GLD,-1.0,-1.0,,-1.0,118.91,,118.91,close,True,,,,,,,0.0,0.0
2026-06-30T16:00:00-04:00,20260630,0.24259609385061517,C,332.0,796130076,GLD   260630C00332000,GLD,-1.0,-1.0,,-1.0,111.39,,111.39,close,True,,,,,,,0.0,0.0
2026-06-30T16:00:00-04:00,20260630,0.24259609385061517,C,341.0,811869498,GLD   260630C00341000,GLD,-1.0,-1.0,,-1.0,103.02,,103.02,close,True,,,,,,,0.0,0.0
2026-06-30T16:00:00-04:00,20260630,0.24259609385061517,C,349.0,811869911,GLD   260630C00349000,GLD,-1.0,-1.0,,-1.0,95.63,,95.63,close,True,,,,,,,0.0,0.0
2026-06-30T16:00:00-04:00,20260630,0.24259609385061517,C,358.0,811870339,GLD   260630C00358000,GLD,-1.0,-1.0,,-1.0,87.52,,87.52,close,True,,,,,,,0.0,0.0
2026-06-30T16:00:00-04:00,20260630,0.24259609385061517,C,375.0,796130418,GLD   260630C00375000,GLD,-1.0,-1.0,,59.96,72.74,,72.74,close,True,,,,,,,9.0,0.0
2026-06-30T16:00:00-04:00,20260630,0.24259609385061517,C,395.0,801599152,GLD   260630C00395000,GLD,-1.0,-1.0,,-1.0,56.57,,56.57,close,True,,,,,,,0.0,0.0
2026-06-30T16:00:00-04:00,20260630,0.24259609385061517,C,400.0,801599193,GLD   260630C00400000,GLD,-1.0,-1.0,,45.9,52.72,,52.72,close,True,,,,,,,8.0,0.0
2026-06-30T16:00:00-04:00,20260630,0.24259609385061517,C,405.0,801599232,GLD   260630C00405000,GLD,-1.0,-1.0,,-1.0,49.05,,49.05,close,True,,,,,,,0.0,0.0
2026-06-30T16:00:00-04:00,20260630,0.24259609385061517,C,410.0,817343977,GLD   260630C00410000,GLD,-1.0,-1.0,,39.63,45.55,,45.55,close,True,,,,,,,144.0,0.0
2026-06-30T16:00:00-04:00,20260630,0.24259609385061517,C,415.0,817344050,GLD   260630C00415000,GLD,-1.0,-1.0,,36.05,42.17,,42.17,close,True,,,,,,,18.0,0.0
2026-06-30T16:00:00-04:00,20260630,0.24259609385061517,C,420.0,817344109,GLD   260630C00420000,GLD,-1.0,-1.0,,34.0,38.91,,38.91,close,True,,,,,,,11.0,0.0
2026-06-30T16:00:00-04:00,20260630,0.24259609385061517,C,425.0,817344174,GLD   260630C00425000,GLD,-1.0,-1.0,,31.3,35.85,,35.85,close,True,,,,,,,27.0,0.0
2026-06-30T16:00:00-04:00,20260630,0.24259609385061517,C,430.0,817344220,GLD   260630C00430000,GLD,-1.0,-1.0,,28.1,32.99,,32.99,close,True,,,,,,,81.0,0.0
2026-06-30T16:00:00-04:00,20260630,0.24259609385061517,C,435.0,817344273,GLD   260630C00435000,GLD,-1.0,-1.0,,25.71,30.19,,30.19,close,True,,,,,,,10.0,0.0
2026-06-30T16:00:00-04:00,20260630,0.24259609385061517,C,440.0,817344331,GLD   260630C00440000,GLD,-1.0,-1.0,,23.5,27.54,,27.54,close,True,,,,,,,46.0,0.0
2026-06-30T16:00:00-04:00,20260630,0.24259609385061517,C,445.0,817344392,GLD   260630C00445000,GLD,-1.0,-1.0,,21.35,25.12,,25.12,close,True,,,,,,,16.0,0.0
2026-06-30T16:00:00-04:00,20260630,0.24259609385061517,C,450.0,818722360,GLD   260630C00450000,GLD,-1.0,-1.0,,19.25,22.83,,22.83,close,True,,,,,,,47.0,0.0
2026-06-30T16:00:00-04:00,20260630,0.24259609385061517,C,455.0,821006748,GLD   260630C00455000,GLD,-1.0,-1.0,,17.05,20.77,,20.77,close,True,,,,,,,11.0,0.0
2026-06-30T16:00:00-04:00,20260630,0.24259609385061517,C,460.0,821006817,GLD   260630C00460000,GLD,-1.0,-1.0,,15.68,18.8,,18.8,close,True,,,,,,,16.0,0.0
2026-06-30T16:00:00-04:00,20260630,0.24259609385061517,C,465.0,821006872,GLD   260630C00465000,GLD,-1.0,-1.0,,-1.0,17.05,,17.05,close,True,,,,,,,0.0,0.0
2026-06-30T16:00:00-04:00,20260630,0.24259609385061517,C,470.0,821006920,GLD   260630C00470000,GLD,-1.0,-1.0,,13.15,15.43,,15.43,close,True,,,,,,,3.0,0.0
2026-06-30T16:00:00-04:00,20260630,0.24259609385061517,C,475.0,822000205,GLD   260630C00475000,GLD,-1.0,-1.0,,11.18,13.98,,13.98,close,True,,,,,,,44.0,0.0
2026-06-30T16:00:00-04:00,20260630,0.24259609385061517,C,490.0,823329907,GLD   260630C00490000,GLD,-1.0,-1.0,,8.45,10.31,,10.31,close,True,,,,,,,9.0,0.0
2026-06-30T16:00:00-04:00,20260630,0.24259609385061517,C,495.0,823329992,GLD   260630C00495000,GLD,-1.0,-1.0,,7.7,9.28,,9.28,close,True,,,,,,,2.0,0.0
2026-06-30T16:00:00-04:00,20260630,0.24259609385061517,C,520.0,843608022,GLD   260630C00520000,GLD,-1.0,-1.0,,4.65,5.68,,5.68,close,True,,,,,,,6.0,0.0
2026-06-30T16:00:00-04:00,20260630,0.24259609385061517,C,540.0,848452771,GLD   260630C00540000,GLD,-1.0,-1.0,,3.37,3.88,,3.88,close,True,,,,,,,6.0,0.0
2026-06-30T16:00:00-04:00,20260630,0.24259609385061517,C,560.0,848452986,GLD   260630C00560000,GLD,-1.0,-1.0,,2.4,2.84,,2.84,close,True,,,,,,,1.0,0.0
2026-06-30T16:00:00-04:00,20260630,0.24259609385061517,C,580.0,849293877,GLD   260630C00580000,GLD,-1.0,-1.0,,-1.0,2.1,,2.1,close,True,,,,,,,0.0,0.0
2026-06-30T16:00:00-04:00,20260630,0.24259609385061517,C,600.0,849294046,GLD   260630C00600000,GLD,-1.0,-1.0,,-1.0,1.6,,1.6,close,True,,,,,,,1.0,0.0
2026-06-30T16:00:00-04:00,20260630,0.24259609385061517,C,620.0,849294228,GLD   260630C00620000,GLD,-1.0,-1.0,,-1.0,1.31,,1.31,close,True,,,,,,,0.0,0.0
2026-06-30T16:00:00-04:00,20260630,0.24259609385061517,C,645.0,849294438,GLD   260630C00645000,GLD,-1.0,-1.0,,-1.0,1.03,,1.03,close,True,,,,,,,0.0,0.0
2026-06-30T16:00:00-04:00,20260630,0.24259609385061517,P,230.0,796130451,GLD   260630P00230000,GLD,-1.0,-1.0,,-1.0,0.28,,0.28,close,True,,,,,,,0.0,200.0
2026-06-30T16:00:00-04:00,20260630,0.24259609385061517,P,255.0,796130601,GLD   260630P00255000,GLD,-1.0,-1.0,,-1.0,0.39,,0.39,close,True,,,,,,,0.0,214.0
2026-06-30T16:00:00-04:00,20260630,0.24259609385061517,P,272.0,796130741,GLD   260630P00272000,GLD,-1.0,-1.0,,-1.0,0.54,,0.54,close,True,,,,,,,0.0,283.0
2026-06-30T16:00:00-04:00,20260630,0.24259609385061517,P,281.0,796131118,GLD   260630P00281000,GLD,-1.0,-1.0,,-1.0,0.68,,0.68,close,True,,,,,,,0.0,3.0
2026-06-30T16:00:00-04:00,20260630,0.24259609385061517,P,289.0,796131462,GLD   260630P00289000,GLD,-1.0,-1.0,,-1.0,0.79,,0.79,close,True,,,,,,,0.0,74.0
2026-06-30T16:00:00-04:00,20260630,0.24259609385061517,P,298.0,796131863,GLD   260630P00298000,GLD,-1.0,-1.0,,-1.0,0.93,,0.93,close,True,,,,,,,0.0,376.0
2026-06-30T16:00:00-04:00,20260630,0.24259609385061517,P,307.0,796132241,GLD   260630P00307000,GLD,-1.0,-1.0,,-1.0,1.14,,1.14,close,True,,,,,,,0.0,144.0
2026-06-30T16:00:00-04:00,20260630,0.24259609385061517,P,315.0,796132590,GLD   260630P00315000,GLD,-1.0,-1.0,,-1.0,1.36,,1.36,close,True,,,,,,,0.0,27.0
2026-06-30T16:00:00-04:00,20260630,0.24259609385061517,P,324.0,796132991,GLD   260630P00324000,GLD,-1.0,-1.0,,-1.0,1.67,,1.67,close,True,,,,,,,0.0,13.0
2026-06-30T16:00:00-04:00,20260630,0.24259609385061517,P,332.0,796133312,GLD   260630P00332000,GLD,-1.0,-1.0,,-1.0,2.08,,2.08,close,True,,,,,,,0.0,81.0
2026-06-30T16:00:00-04:00,20260630,0.24259609385061517,P,341.0,811870831,GLD   260630P00341000,GLD,-1.0,-1.0,,3.55,2.63,,2.63,close,True,,,,,,,10.0,16.0
2026-06-30T16:00:00-04:00,20260630,0.24259609385061517,P,349.0,811871322,GLD   260630P00349000,GLD,-1.0,-1.0,,4.55,3.18,,3.18,close,True,,,,,,,10.0,627.0
2026-06-30T16:00:00-04:00,20260630,0.24259609385061517,P,358.0,811871766,GLD   260630P00358000,GLD,-1.0,-1.0,,-1.0,3.99,,3.99,close,True,,,,,,,2.0,720.0
2026-06-30T16:00:00-04:00,20260630,0.24259609385061517,P,375.0,796133654,GLD   260630P00375000,GLD,-1.0,-1.0,,-1.0,6.07,,6.07,close,True,,,,,,,1.0,793.0
2026-06-30T16:00:00-04:00,20260630,0.24259609385061517,P,395.0,801599272,GLD   260630P00395000,GLD,-1.0,-1.0,,12.65,9.77,,9.77,close,True,,,,,,,21.0,756.0
2026-06-30T16:00:00-04:00,20260630,0.24259609385061517,P,400.0,801599310,GLD   260630P00400000,GLD,-1.0,-1.0,,14.37,10.9,,10.9,close,True,,,,,,,49.0,871.0
2026-06-30T16:00:00-04:00,20260630,0.24259609385061517,P,405.0,801599351,GLD   260630P00405000,GLD,-1.0,-1.0,,15.65,12.2,,12.2,close,True,,,,,,,10.0,272.0
2026-06-30T16:00:00-04:00,20260630,0.24259609385061517,P,410.0,817344433,GLD   260630P00410000,GLD,-1.0,-1.0,,17.0,13.68,,13.68,close,True,,,,,,,7.0,991.0
2026-06-30T16:00:00-04:00,20260630,0.24259609385061517,P,415.0,817344506,GLD   260630P00415000,GLD,-1.0,-1.0,,22.4,15.27,,15.27,close,True,,,,,,,2.0,950.0
2026-06-30T16:00:00-04:00,20260630,0.24259609385061517,P,420.0,817344556,GLD   260630P00420000,GLD,-1.0,-1.0,,-1.0,17.0,,17.0,close,True,,,,,,,4.0,402.0
2026-06-30T16:00:00-04:00,20260630,0.24259609385061517,P,425.0,817344627,GLD   260630P00425000,GLD,-1.0,-1.0,,23.5,18.92,,18.92,close,True,,,,,,,11.0,574.0
2026-06-30T16:00:00-04:00,20260630,0.24259609385061517,P,430.0,817344686,GLD   260630P00430000,GLD,-1.0,-1.0,,25.75,21.05,,21.05,close,True,,,,,,,9.0,663.0
2026-06-30T16:00:00-04:00,20260630,0.24259609385061517,P,435.0,817344753,GLD   260630P00435000,GLD,-1.0,-1.0,,29.4,23.25,,23.25,close,True,,,,,,,13.0,1010.0
2026-06-30T16:00:00-04:00,20260630,0.24259609385061517,P,440.0,817344813,GLD   260630P00440000,GLD,-1.0,-1.0,,-1.0,25.6,,25.6,close,True,,,,,,,0.0,440.0
2026-06-30T16:00:00-04:00,20260630,0.24259609385061517,P,445.0,817344876,GLD   260630P00445000,GLD,-1.0,-1.0,,35.8,28.19,,28.19,close,True,,,,,,,2.0,1426.0
2026-06-30T16:00:00-04:00,20260630,0.24259609385061517,P,450.0,818722455,GLD   260630P00450000,GLD,-1.0,-1.0,,-1.0,30.9,,30.9,close,True,,,,,,,0.0,1186.0
2026-06-30T16:00:00-04:00,20260630,0.24259609385061517,P,455.0,821006980,GLD   260630P00455000,GLD,-1.0,-1.0,,-1.0,33.87,,33.87,close,True,,,,,,,0.0,807.0
2026-06-30T16:00:00-04:00,20260630,0.24259609385061517,P,460.0,821007045,GLD   260630P00460000,GLD,-1.0,-1.0,,-1.0,36.92,,36.92,close,True,,,,,,,0.0,608.0
2026-06-30T16:00:00-04:00,20260630,0.24259609385061517,P,465.0,821007094,GLD   260630P00465000,GLD,-1.0,-1.0,,-1.0,40.19,,40.19,close,True,,,,,,,0.0,405.0
2026-06-30T16:00:00-04:00,20260630,0.24259609385061517,P,470.0,821007163,GLD   260630P00470000,GLD,-1.0,-1.0,,51.79,43.61,,43.61,close,True,,,,,,,5.0,590.0
2026-06-30T16:00:00-04:00,20260630,0.24259609385061517,P,475.0,822000260,GLD   260630P00475000,GLD,-1.0,-1.0,,-1.0,47.2,,47.2,close,True,,,,,,,0.0,287.0
2026-06-30T16:00:00-04:00,20260630,0.24259609385061517,P,490.0,823330333,GLD   260630P00490000,GLD,-1.0,-1.0,,-1.0,58.69,,58.69,close,True,,,,,,,0.0,34.0
2026-06-30T16:00:00-04:00,20260630,0.24259609385061517,P,495.0,823330410,GLD   260630P00495000,GLD,-1.0,-1.0,,70.9,62.73,,62.73,close,True,,,,,,,2.0,57.0
2026-06-30T16:00:00-04:00,20260630,0.24259609385061517,P,520.0,843608199,GLD   260630P00520000,GLD,-1.0,-1.0,,-1.0,84.54,,84.54,close,True,,,,,,,0.0,122.0
2026-06-30T16:00:00-04:00,20260630,0.24259609385061517,P,540.0,848453301,GLD   260630P00540000,GLD,-1.0,-1.0,,-1.0,103.16,,103.16,close,True,,,,,,,0.0,2.0
2026-06-30T16:00:00-04:00,20260630,0.24259609385061517,P,560.0,848453541,GLD   260630P00560000,GLD,-1.0,-1.0,,-1.0,122.52,,122.52,close,True,,,,,,,0.0,8.0
2026-06-30T16:00:00-04:00,20260630,0.24259609385061517,P,580.0,849294513,GLD   260630P00580000,GLD,-1.0,-1.0,,-1.0,142.23,,142.23,close,True,,,,,,,0.0,0.0
2026-06-30T16:00:00-04:00,20260630,0.24259609385061517,P,600.0,849294666,GLD   260630P00600000,GLD,-1.0,-1.0,,-1.0,162.18,,162.18,close,True,,,,,,,0.0,0.0
2026-06-30T16:00:00-04:00,20260630,0.24259609385061517,P,620.0,849294833,GLD   260630P00620000,GLD,-1.0,-1.0,,-1.0,182.18,,182.18,close,True,,,,,,,0.0,0.0
2026-06-30T16:00:00-04:00,20260630,0.24259609385061517,P,645.0,849295041,GLD   260630P00645000,GLD,-1.0,-1.0,,-1.0,207.18,,207.18,close,True,,,,,,,0.0,0.0
2026-07-17T16:00:00-04:00,20260717,0.2891714363163686,C,230.0,869070275,GLD   260717C00230000,GLD,-1.0,-1.0,,-1.0,210.9,,210.9,close,True,,,,,,,0.0,0.0
2026-07-17T16:00:00-04:00,20260717,0.2891714363163686,C,255.0,838404664,GLD   260717C00255000,GLD,-1.0,-1.0,,-1.0,186.41,,186.41,close,True,,,,,,,0.0,0.0
2026-07-17T16:00:00-04:00,20260717,0.2891714363163686,C,315.0,838405316,GLD   260717C00315000,GLD,-1.0,-1.0,,-1.0,128.36,,128.36,close,True,,,,,,,0.0,0.0
2026-07-17T16:00:00-04:00,20260717,0.2891714363163686,C,375.0,838405943,GLD   260717C00375000,GLD,-1.0,-1.0,,66.25,74.36,,74.36,close,True,,,,,,,1.0,0.0
2026-07-17T16:00:00-04:00,20260717,0.2891714363163686,C,395.0,838406149,GLD   260717C00395000,GLD,-1.0,-1.0,,-1.0,58.6,,58.6,close,True,,,,,,,6.0,0.0
2026-07-17T16:00:00-04:00,20260717,0.2891714363163686,C,400.0,838406204,GLD   260717C00400000,GLD,-1.0,-1.0,,49.19,54.86,,54.86,close,True,,,,,,,48.0,0.0
2026-07-17T16:00:00-04:00,20260717,0.2891714363163686,C,405.0,838406264,GLD   260717C00405000,GLD,-1.0,-1.0,,-1.0,51.31,,51.31,close,True,,,,,,,0.0,0.0
2026-07-17T16:00:00-04:00,20260717,0.2891714363163686,C,410.0,838406319,GLD   260717C00410000,GLD,-1.0,-1.0,,42.9,47.82,,47.82,close,True,,,,,,,43.0,0.0
2026-07-17T16:00:00-04:00,20260717,0.2891714363163686,C,415.0,838406382,GLD   260717C00415000,GLD,-1.0,-1.0,,39.21,44.52,,44.52,close,True,,,,,,,22.0,0.0
2026-07-17T16:00:00-04:00,20260717,0.2891714363163686,C,420.0,838406426,GLD   260717C00420000,GLD,-1.0,-1.0,,36.8,41.44,,41.44,close,True,,,,,,,63.0,0.0
2026-07-17T16:00:00-04:00,20260717,0.2891714363163686,C,425.0,838406479,GLD   260717C00425000,GLD,-1.0,-1.0,,33.85,38.43,,38.43,close,True,,,,,,,116.0,0.0
2026-07-17T16:00:00-04:00,20260717,0.2891714363163686,C,430.0,838406518,GLD   260717C00430000,GLD,-1.0,-1.0,,30.3,35.57,,35.57,close,True,,,,,,,156.0,0.0
2026-07-17T16:00:00-04:00,20260717,0.2891714363163686,C,435.0,838406574,GLD   260717C00435000,GLD,-1.0,-1.0,,28.75,32.86,,32.86,close,True,,,,,,,35.0,0.0
2026-07-17T16:00:00-04:00,20260717,0.2891714363163686,C,440.0,838406658,GLD   260717C00440000,GLD,-1.0,-1.0,,25.6,30.29,,30.29,close,True,,,,,,,14.0,0.0
2026-07-17T16:00:00-04:00,20260717,0.2891714363163686,C,445.0,838406743,GLD   260717C00445000,GLD,-1.0,-1.0,,24.45,27.77,,27.77,close,True,,,,,,,72.0,0.0
2026-07-17T16:00:00-04:00,20260717,0.2891714363163686,C,450.0,838406818,GLD   260717C00450000,GLD,-1.0,-1.0,,22.18,25.55,,25.55,close,True,,,,,,,210.0,0.0
2026-07-17T16:00:00-04:00,20260717,0.2891714363163686,C,455.0,838406883,GLD   260717C00455000,GLD,-1.0,-1.0,,20.05,23.42,,23.42,close,True,,,,,,,56.0,0.0
2026-07-17T16:00:00-04:00,20260717,0.2891714363163686,C,460.0,838406955,GLD   260717C00460000,GLD,-1.0,-1.0,,18.55,21.4,,21.4,close,True,,,,,,,61.0,0.0
2026-07-17T16:00:00-04:00,20260717,0.2891714363163686,C,465.0,838407025,GLD   260717C00465000,GLD,-1.0,-1.0,,16.45,19.64,,19.64,close,True,,,,,,,37.0,0.0
2026-07-17T16:00:00-04:00,20260717,0.2891714363163686,C,470.0,838407114,GLD   260717C00470000,GLD,-1.0,-1.0,,15.85,17.88,,17.88,close,True,,,,,,,28.0,0.0
2026-07-17T16:00:00-04:00,20260717,0.2891714363163686,C,475.0,838407172,GLD   260717C00475000,GLD,-1.0,-1.0,,13.11,16.41,,16.41,close,True,,,,,,,12.0,0.0
2026-07-17T16:00:00-04:00,20260717,0.2891714363163686,C,490.0,838407359,GLD   260717C00490000,GLD,-1.0,-1.0,,10.68,12.5,,12.5,close,True,,,,,,,9.0,0.0
2026-07-17T16:00:00-04:00,20260717,0.2891714363163686,C,495.0,838407409,GLD   260717C00495000,GLD,-1.0,-1.0,,9.65,11.4,,11.4,close,True,,,,,,,65.0,0.0
2026-07-17T16:00:00-04:00,20260717,0.2891714363163686,C,520.0,838407669,GLD   260717C00520000,GLD,-1.0,-1.0,,6.4,7.28,,7.28,close,True,,,,,,,9.0,0.0
2026-07-17T16:00:00-04:00,20260717,0.2891714363163686,C,540.0,838407949,GLD   260717C00540000,GLD,-1.0,-1.0,,-1.0,5.19,4.624784699301594,5.19,close,True,0.3289418228087578,0.12950865643330806,0.002760014401378919,0.5018019239864921,-0.08439558167638772,429.31781005859375,0.0,0.0
2026-07-17T16:00:00-04:00,20260717,0.2891714363163686,C,560.0,838408214,GLD   260717C00560000,GLD,-1.0,-1.0,,3.2,3.78,3.3921494020360266,3.78,close,True,0.33742442605734163,0.09796031517733884,0.0022005607015766807,0.3950375977741669,-0.06796687028298853,429.31781005859375,12.0,0.0
2026-07-17T16:00:00-04:00,20260717,0.2891714363163686,C,580.0,838408434,GLD   260717C00580000,GLD,-1.0,-1.0,,2.48,2.89,2.5296642713384734,2.89,close,True,0.34707395312121125,0.07477512125574054,0.001749241636577761,0.30885573909615793,-0.052803592750720885,429.31781005859375,81.0,0.0
2026-07-17T16:00:00-04:00,20260717,0.2891714363163686,C,600.0,838408607,GLD   260717C00600000,GLD,-1.0,-1.0,,1.95,2.22,1.9440620770931825,2.22,close,True,0.35765926644901513,0.05821278234459269,0.0013978930289511146,0.3050103939423481,-0.05468101625765476,429.31781005859375,28.0,0.0
2026-07-17T16:00:00-04:00,20260717,0.2891714363163686,C,620.0,845085120,GLD   260717C00620000,GLD,-1.0,-1.0,,-1.0,1.77,,1.77,close,True,,,,,,,0.0,0.0
2026-07-17T16:00:00-04:00,20260717,0.2891714363163686,C,645.0,848454076,GLD   260717C00645000,GLD,-1.0,-1.0,,1.28,1.45,,1.45,close,True,,,,,,,21.0,0.0
2026-07-17T16:00:00-04:00,20260717,0.2891714363163686,C,665.0,848454320,GLD   260717C00665000,GLD,-1.0,-1.0,,-1.0,1.19,,1.19,close,True,,,,,,,0.0,0.0
2026-07-17T16:00:00-04:00,20260717,0.2891714363163686,C,685.0,850107218,GLD   260717C00685000,GLD,-1.0,-1.0,,-1.0,1.02,,1.02,close,True,,,,,,,0.0,0.0
2026-07-17T16:00:00-04:00,20260717,0.2891714363163686,C,705.0,850932587,GLD   260717C00705000,GLD,-1.0,-1.0,,-1.0,0.9,,0.9,close,True,,,,,,,0.0,0.0
2026-07-17T16:00:00-04:00,20260717,0.2891714363163686,C,725.0,850932662,GLD   260717C00725000,GLD,-1.0,-1.0,,-1.0,0.79,,0.79,close,True,,,,,,,0.0,0.0
2026-07-17T16:00:00-04:00,20260717,0.2891714363163686,C,745.0,850932763,GLD   260717C00745000,GLD,-1.0,-1.0,,-1.0,0.7,,0.7,close,True,,,,,,,0.0,0.0
2026-07-17T16:00:00-04:00,20260717,0.2891714363163686,C,780.0,849673358,GLD   260717C00780000,GLD,-1.0,-1.0,,-1.0,0.6,,0.6,close,True,,,,,,,0.0,0.0
2026-07-17T16:00:00-04:00,20260717,0.2891714363163686,C,820.0,849673388,GLD   260717C00820000,GLD,-1.0,-1.0,,-1.0,0.51,,0.51,close,True,,,,,,,0.0,0.0
2026-07-17T16:00:00-04:00,20260717,0.2891714363163686,C,860.0,849673423,GLD   260717C00860000,GLD,-1.0,-1.0,,-1.0,0.43,,0.43,close,True,,,,,,,0.0,0.0
2026-07-17T16:00:00-04:00,20260717,0.2891714363163686,C,900.0,849673453,GLD   260717C00900000,GLD,-1.0,-1.0,,0.3,0.38,,0.38,close,True,,,,,,,23.0,0.0
2026-07-17T16:00:00-04:00,20260717,0.2891714363163686,P,230.0,869070800,GLD   260717P00230000,GLD,-1.0,-1.0,,-1.0,0.23,,0.23,close,True,,,,,,,0.0,37.0
2026-07-17T16:00:00-04:00,20260717,0.2891714363163686,P,255.0,838408694,GLD   260717P00255000,GLD,-1.0,-1.0,,-1.0,0.47,,0.47,close,True,,,,,,,0.0,83.0
2026-07-17T16:00:00-04:00,20260717,0.2891714363163686,P,315.0,838409264,GLD   260717P00315000,GLD,-1.0,-1.0,,-1.0,1.78,,1.78,close,True,,,,,,,1.0,204.0
2026-07-17T16:00:00-04:00,20260717,0.2891714363163686,P,375.0,838409868,GLD   260717P00375000,GLD,-1.0,-1.0,,-1.0,7.2,,7.2,close,True,,,,,,,0.0,2224.0
2026-07-17T16:00:00-04:00,20260717,0.2891714363163686,P,395.0,838410079,GLD   260717P00395000,GLD,-1.0,-1.0,,14.4,11.27,,11.27,close,True,,,,,,,16.0,461.0
2026-07-17T16:00:00-04:00,20260717,0.2891714363163686,P,400.0,838410131,GLD   260717P00400000,GLD,-1.0,-1.0,,15.61,12.5,,12.5,close,True,,,,,,,76.0,3831.0
2026-07-17T16:00:00-04:00,20260717,0.2891714363163686,P,405.0,838410194,GLD   260717P00405000,GLD,-1.0,-1.0,,-1.0,13.93,,13.93,close,True,,,,,,,50.0,420.0
2026-07-17T16:00:00-04:00,20260717,0.2891714363163686,P,410.0,838410263,GLD   260717P00410000,GLD,-1.0,-1.0,,19.25,15.4,,15.4,close,True,,,,,,,152.0,651.0
2026-07-17T16:00:00-04:00,20260717,0.2891714363163686,P,415.0,838410329,GLD   260717P00415000,GLD,-1.0,-1.0,,-1.0,17.08,,17.08,close,True,,,,,,,50.0,438.0
2026-07-17T16:00:00-04:00,20260717,0.2891714363163686,P,420.0,838410384,GLD   260717P00420000,GLD,-1.0,-1.0,,24.0,18.98,22.600894521448986,18.98,close,True,0.3206028341293071,-0.39456327042573425,0.005357559097112254,0.8930403070142496,-0.1169917234354756,429.31781005859375,100.0,3781.0
2026-07-17T16:00:00-04:00,20260717,0.2891714363163686,P,425.0,838410447,GLD   260717P00425000,GLD,-1.0,-1.0,,25.18,20.95,,20.95,close,True,,,,,,,24.0,3813.0
2026-07-17T16:00:00-04:00,20260717,0.2891714363163686,P,430.0,838410515,GLD   260717P00430000,GLD,-1.0,-1.0,,27.88,23.08,,23.08,close,True,,,,,,,142.0,850.0
2026-07-17T16:00:00-04:00,20260717,0.2891714363163686,P,435.0,838410569,GLD   260717P00435000,GLD,-1.0,-1.0,,33.48,25.35,,25.35,close,True,,,,,,,3.0,765.0
2026-07-17T16:00:00-04:00,20260717,0.2891714363163686,P,440.0,838410624,GLD   260717P00440000,GLD,-1.0,-1.0,,36.8,27.77,,27.77,close,True,,,,,,,8.0,797.0
2026-07-17T16:00:00-04:00,20260717,0.2891714363163686,P,445.0,838410651,GLD   260717P00445000,GLD,-1.0,-1.0,,-1.0,30.26,,30.26,close,True,,,,,,,12.0,1807.0
2026-07-17T16:00:00-04:00,20260717,0.2891714363163686,P,450.0,838410684,GLD   260717P00450000,GLD,-1.0,-1.0,,37.6,33.04,,33.04,close,True,,,,,,,16.0,879.0
2026-07-17T16:00:00-04:00,20260717,0.2891714363163686,P,455.0,838410732,GLD   260717P00455000,GLD,-1.0,-1.0,,-1.0,35.93,,35.93,close,True,,,,,,,16.0,767.0
2026-07-17T16:00:00-04:00,20260717,0.2891714363163686,P,460.0,838410787,GLD   260717P00460000,GLD,-1.0,-1.0,,-1.0,38.93,,38.93,close,True,,,,,,,1.0,573.0
2026-07-17T16:00:00-04:00,20260717,0.2891714363163686,P,465.0,838410850,GLD   260717P00465000,GLD,-1.0,-1.0,,-1.0,42.19,,42.19,close,True,,,,,,,0.0,263.0
2026-07-17T16:00:00-04:00,20260717,0.2891714363163686,P,470.0,838410883,GLD   260717P00470000,GLD,-1.0,-1.0,,-1.0,45.46,,45.46,close,True,,,,,,,0.0,423.0
2026-07-17T16:00:00-04:00,20260717,0.2891714363163686,P,475.0,838410923,GLD   260717P00475000,GLD,-1.0,-1.0,,54.65,49.02,,49.02,close,True,,,,,,,2.0,332.0
2026-07-17T16:00:00-04:00,20260717,0.2891714363163686,P,490.0,838411025,GLD   260717P00490000,GLD,-1.0,-1.0,,-1.0,60.26,,60.26,close,True,,,,,,,1.0,2174.0
2026-07-17T16:00:00-04:00,20260717,0.2891714363163686,P,495.0,838411083,GLD   260717P00495000,GLD,-1.0,-1.0,,72.15,64.22,,64.22,close,True,,,,,,,7.0,410.0
2026-07-17T16:00:00-04:00,20260717,0.2891714363163686,P,520.0,838411283,GLD   260717P00520000,GLD,-1.0,-1.0,,-1.0,85.48,,85.48,close,True,,,,,,,0.0,501.0
2026-07-17T16:00:00-04:00,20260717,0.2891714363163686,P,540.0,838411470,GLD   260717P00540000,GLD,-1.0,-1.0,,112.15,103.79,,103.79,close,True,,,,,,,4.0,39.0
2026-07-17T16:00:00-04:00,20260717,0.2891714363163686,P,560.0,838411712,GLD   260717P00560000,GLD,-1.0,-1.0,,-1.0,122.82,,122.82,close,True,,,,,,,0.0,1.0
2026-07-17T16:00:00-04:00,20260717,0.2891714363163686,P,580.0,838411956,GLD   260717P00580000,GLD,-1.0,-1.0,,-1.0,142.37,,142.37,close,True,,,,,,,0.0,3.0
2026-07-17T16:00:00-04:00,20260717,0.2891714363163686,P,600.0,838412178,GLD   260717P00600000,GLD,-1.0,-1.0,,-1.0,162.18,,162.18,close,True,,,,,,,0.0,0.0
2026-07-17T16:00:00-04:00,20260717,0.2891714363163686,P,620.0,845085224,GLD   260717P00620000,GLD,-1.0,-1.0,,-1.0,182.18,,182.18,close,True,,,,,,,0.0,0.0
2026-07-17T16:00:00-04:00,20260717,0.2891714363163686,P,645.0,848454729,GLD   260717P00645000,GLD,-1.0,-1.0,,-1.0,207.18,,207.18,close,True,,,,,,,0.0,0.0
2026-07-17T16:00:00-04:00,20260717,0.2891714363163686,P,665.0,848454935,GLD   260717P00665000,GLD,-1.0,-1.0,,-1.0,227.18,,227.18,close,True,,,,,,,0.0,0.0
2026-07-17T16:00:00-04:00,20260717,0.2891714363163686,P,685.0,850107402,GLD   260717P00685000,GLD,,,,,,,,,False,,,,,,,,0.0
2026-07-17T16:00:00-04:00,20260717,0.2891714363163686,P,705.0,850932855,GLD   260717P00705000,GLD,,,,,,,,,False,,,,,,,,0.0
2026-07-17T16:00:00-04:00,20260717,0.2891714363163686,P,725.0,850932957,GLD   260717P00725000,GLD,-1.0,-1.0,,-1.0,287.18,,287.18,close,True,,,,,,,0.0,
2026-07-17T16:00:00-04:00,20260717,0.2891714363163686,P,745.0,850933056,GLD   260717P00745000,GLD,-1.0,-1.0,,-1.0,307.18,,307.18,close,True,,,,,,,0.0,
2026-07-17T16:00:00-04:00,20260717,0.2891714363163686,P,780.0,849673479,GLD   260717P00780000,GLD,-1.0,-1.0,,-1.0,342.18,,342.18,close,True,,,,,,,0.0,
2026-07-17T16:00:00-04:00,20260717,0.2891714363163686,P,820.0,849673509,GLD   260717P00820000,GLD,-1.0,-1.0,,-1.0,382.18,,382.18,close,True,,,,,,,0.0,
2026-07-17T16:00:00-04:00,20260717,0.2891714363163686,P,860.0,849673539,GLD   260717P00860000,GLD,-1.0,-1.0,,-1.0,422.18,,422.18,close,True,,,,,,,0.0,0.0
2026-07-17T16:00:00-04:00,20260717,0.2891714363163686,P,900.0,849673572,GLD   260717P00900000,GLD,-1.0,-1.0,,-1.0,462.18,,462.18,close,True,,,,,,,1.0,1.0
2026-08-21T16:00:00-04:00,20260821,0.3850618472752727,C,230.0,869071288,GLD   260821C00230000,GLD,-1.0,-1.0,,-1.0,212.21,,212.21,close,True,,,,,,,0.0,
2026-08-21T16:00:00-04:00,20260821,0.3850618472752727,C,255.0,838412266,GLD   260821C00255000,GLD,-1.0,-1.0,,-1.0,187.66,,187.66,close,True,,,,,,,0.0,
2026-08-21T16:00:00-04:00,20260821,0.3850618472752727,C,315.0,838412942,GLD   260821C00315000,GLD,-1.0,-1.0,,-1.0,130.18,,130.18,close,True,,,,,,,0.0,
2026-08-21T16:00:00-04:00,20260821,0.3850618472752727,C,375.0,838413533,GLD   260821C00375000,GLD,-1.0,-1.0,,-1.0,77.96,,77.96,close,True,,,,,,,4.0,
2026-08-21T16:00:00-04:00,20260821,0.3850618472752727,C,395.0,838413725,GLD   260821C00395000,GLD,-1.0,-1.0,,-1.0,62.66,,62.66,close,True,,,,,,,3.0,
2026-08-21T16:00:00-04:00,20260821,0.3850618472752727,C,400.0,838413792,GLD   260821C00400000,GLD,-1.0,-1.0,,48.5,59.25,,59.25,close,True,,,,,,,2.0,
2026-08-21T16:00:00-04:00,20260821,0.3850618472752727,C,405.0,838413846,GLD   260821C00405000,GLD,-1.0,-1.0,,-1.0,55.83,,55.83,close,True,,,,,,,2.0,0.0
2026-08-21T16:00:00-04:00,20260821,0.3850618472752727,C,410.0,838413891,GLD   260821C00410000,GLD,-1.0,-1.0,,46.8,52.46,,52.46,close,True,,,,,,,5.0,0.0
2026-08-21T16:00:00-04:00,20260821,0.3850618472752727,C,415.0,838413946,GLD   260821C00415000,GLD,-1.0,-1.0,,-1.0,49.15,,49.15,close,True,,,,,,,0.0,0.0
2026-08-21T16:00:00-04:00,20260821,0.3850618472752727,C,420.0,838414003,GLD   260821C00420000,GLD,-1.0,-1.0,,40.8,46.06,,46.06,close,True,,,,,,,58.0,0.0
2026-08-21T16:00:00-04:00,20260821,0.3850618472752727,C,425.0,838414057,GLD   260821C00425000,GLD,-1.0,-1.0,,38.25,43.14,,43.14,close,True,,,,,,,3.0,0.0
2026-08-21T16:00:00-04:00,20260821,0.3850618472752727,C,430.0,838414109,GLD   260821C00430000,GLD,-1.0,-1.0,,35.5,40.23,,40.23,close,True,,,,,,,10.0,0.0
2026-08-21T16:00:00-04:00,20260821,0.3850618472752727,C,435.0,838414157,GLD   260821C00435000,GLD,-1.0,-1.0,,33.23,37.69,,37.69,close,True,,,,,,,97.0,0.0
2026-08-21T16:00:00-04:00,20260821,0.3850618472752727,C,440.0,838414203,GLD   260821C00440000,GLD,-1.0,-1.0,,30.87,35.17,,35.17,close,True,,,,,,,198.0,0.0
2026-08-21T16:00:00-04:00,20260821,0.3850618472752727,C,445.0,838414252,GLD   260821C00445000,GLD,-1.0,-1.0,,28.9,32.8,,32.8,close,True,,,,,,,364.0,0.0
2026-08-21T16:00:00-04:00,20260821,0.3850618472752727,C,450.0,838414306,GLD   260821C00450000,GLD,-1.0,-1.0,,26.24,30.43,,30.43,close,True,,,,,,,83.0,0.0
2026-08-21T16:00:00-04:00,20260821,0.3850618472752727,C,455.0,838414364,GLD   260821C00455000,GLD,-1.0,-1.0,,24.45,28.4,,28.4,close,True,,,,,,,7.0,0.0
2026-08-21T16:00:00-04:00,20260821,0.3850618472752727,C,460.0,838414433,GLD   260821C00460000,GLD,-1.0,-1.0,,23.3,26.4,,26.4,close,True,,,,,,,39.0,0.0
2026-08-21T16:00:00-04:00,20260821,0.3850618472752727,C,465.0,838414481,GLD   260821C00465000,GLD,-1.0,-1.0,,21.45,24.44,,24.44,close,True,,,,,,,13.0,0.0
2026-08-21T16:00:00-04:00,20260821,0.3850618472752727,C,470.0,838414544,GLD   260821C00470000,GLD,-1.0,-1.0,,-1.0,22.68,,22.68,close,True,,,,,,,0.0,0.0
2026-08-21T16:00:00-04:00,20260821,0.3850618472752727,C,475.0,838414598,GLD   260821C00475000,GLD,-1.0,-1.0,,17.85,20.91,,20.91,close,True,,,,,,,13.0,0.0
2026-08-21T16:00:00-04:00,20260821,0.3850618472752727,C,490.0,838414764,GLD   260821C00490000,GLD,-1.0,-1.0,,14.75,16.66,,16.66,close,True,,,,,,,48.0,0.0
2026-08-21T16:00:00-04:00,20260821,0.3850618472752727,C,495.0,838414824,GLD   260821C00495000,GLD,-1.0,-1.0,,14.2,15.38,,15.38,close,True,,,,,,,4.0,0.0
2026-08-21T16:00:00-04:00,20260821,0.3850618472752727,C,520.0,838415165,GLD   260821C00520000,GLD,-1.0,-1.0,,9.15,10.58,,10.58,close,True,,,,,,,2.0,0.0
2026-08-21T16:00:00-04:00,20260821,0.3850618472752727,C,540.0,838415418,GLD   260821C00540000,GLD,-1.0,-1.0,,6.45,7.9,,7.9,close,True,,,,,,,15.0,0.0
2026-08-21T16:00:00-04:00,20260821,0.3850618472752727,C,560.0,838415624,GLD   260821C00560000,GLD,-1.0,-1.0,,-1.0,6.03,,6.03,close,True,,,,,,,0.0,0.0
2026-08-21T16:00:00-04:00,20260821,0.3850618472752727,C,580.0,838415789,GLD   260821C00580000,GLD,-1.0,-1.0,,4.1,4.62,,4.62,close,True,,,,,,,4.0,0.0
2026-08-21T16:00:00-04:00,20260821,0.3850618472752727,C,600.0,838415981,GLD   260821C00600000,GLD,-1.0,-1.0,,3.36,3.65,,3.65,close,True,,,,,,,43.0,0.0
2026-08-21T16:00:00-04:00,20260821,0.3850618472752727,C,620.0,845085334,GLD   260821C00620000,GLD,-1.0,-1.0,,-1.0,2.91,,2.91,close,True,,,,,,,0.0,0.0
2026-08-21T16:00:00-04:00,20260821,0.3850618472752727,C,645.0,848455355,GLD   260821C00645000,GLD,-1.0,-1.0,,-1.0,2.31,,2.31,close,True,,,,,,,0.0,0.0
2026-08-21T16:00:00-04:00,20260821,0.3850618472752727,C,665.0,848455638,GLD   260821C00665000,GLD,-1.0,-1.0,,-1.0,1.98,,1.98,close,True,,,,,,,0.0,0.0
2026-08-21T16:00:00-04:00,20260821,0.3850618472752727,C,685.0,850107579,GLD   260821C00685000,GLD,-1.0,-1.0,,-1.0,1.69,,1.69,close,True,,,,,,,0.0,0.0
2026-08-21T16:00:00-04:00,20260821,0.3850618472752727,C,705.0,850933143,GLD   260821C00705000,GLD,-1.0,-1.0,,-1.0,1.49,,1.49,close,True,,,,,,,0.0,0.0
2026-08-21T16:00:00-04:00,20260821,0.3850618472752727,C,725.0,850933243,GLD   260821C00725000,GLD,-1.0,-1.0,,-1.0,1.29,,1.29,close,True,,,,,,,0.0,0.0
2026-08-21T16:00:00-04:00,20260821,0.3850618472752727,C,745.0,850933330,GLD   260821C00745000,GLD,-1.0,-1.0,,-1.0,1.18,,1.18,close,True,,,,,,,0.0,0.0
2026-08-21T16:00:00-04:00,20260821,0.3850618472752727,C,780.0,849673599,GLD   260821C00780000,GLD,-1.0,-1.0,,-1.0,1.06,,1.06,close,True,,,,,,,0.0,0.0
2026-08-21T16:00:00-04:00,20260821,0.3850618472752727,C,820.0,849673630,GLD   260821C00820000,GLD,-1.0,-1.0,,-1.0,0.91,,0.91,close,True,,,,,,,0.0,0.0
2026-08-21T16:00:00-04:00,20260821,0.3850618472752727,C,860.0,849673657,GLD   260821C00860000,GLD,-1.0,-1.0,,-1.0,0.77,,0.77,close,True,,,,,,,0.0,0.0
2026-08-21T16:00:00-04:00,20260821,0.3850618472752727,C,900.0,849673690,GLD   260821C00900000,GLD,-1.0,-1.0,,0.58,0.64,,0.64,close,True,,,,,,,9.0,0.0
2026-08-21T16:00:00-04:00,20260821,0.3850618472752727,P,230.0,869071810,GLD   260821P00230000,GLD,-1.0,-1.0,,-1.0,0.58,,0.58,close,True,,,,,,,0.0,0.0
2026-08-21T16:00:00-04:00,20260821,0.3850618472752727,P,255.0,838416111,GLD   260821P00255000,GLD,-1.0,-1.0,,-1.0,0.67,,0.67,close,True,,,,,,,0.0,277.0
2026-08-21T16:00:00-04:00,20260821,0.3850618472752727,P,315.0,838416834,GLD   260821P00315000,GLD,-1.0,-1.0,,-1.0,2.35,,2.35,close,True,,,,,,,0.0,957.0
2026-08-21T16:00:00-04:00,20260821,0.3850618472752727,P,375.0,838417622,GLD   260821P00375000,GLD,-1.0,-1.0,,11.55,9.37,,9.37,close,True,,,,,,,108.0,1316.0
2026-08-21T16:00:00-04:00,20260821,0.3850618472752727,P,395.0,838417829,GLD   260821P00395000,GLD,-1.0,-1.0,,-1.0,13.87,,13.87,close,True,,,,,,,0.0,170.0
2026-08-21T16:00:00-04:00,20260821,0.3850618472752727,P,400.0,838417880,GLD   260821P00400000,GLD,-1.0,-1.0,,19.0,15.41,,15.41,close,True,,,,,,,95.0,4775.0
2026-08-21T16:00:00-04:00,20260821,0.3850618472752727,P,405.0,838417949,GLD   260821P00405000,GLD,-1.0,-1.0,,-1.0,16.96,,16.96,close,True,,,,,,,0.0,246.0
2026-08-21T16:00:00-04:00,20260821,0.3850618472752727,P,410.0,838418003,GLD   260821P00410000,GLD,-1.0,-1.0,,21.75,18.55,,18.55,close,True,,,,,,,5.0,547.0
2026-08-21T16:00:00-04:00,20260821,0.3850618472752727,P,415.0,838418062,GLD   260821P00415000,GLD,-1.0,-1.0,,-1.0,20.2,,20.2,close,True,,,,,,,0.0,289.0
2026-08-21T16:00:00-04:00,20260821,0.3850618472752727,P,420.0,838418109,GLD   260821P00420000,GLD,-1.0,-1.0,,-1.0,22.08,25.913745605590613,22.08,close,True,0.31512794633722563,-0.394270336234408,0.004739328076033008,1.017681390368395,-0.09663648105909316,429.31781005859375,10.0,1427.0
2026-08-21T16:00:00-04:00,20260821,0.3850618472752727,P,425.0,838418172,GLD   260821P00425000,GLD,-1.0,-1.0,,29.03,24.14,28.18444487011441,24.14,close,True,0.3140341751766723,-0.4184969276562526,0.004844240314318296,1.0405355407609242,-0.09796646172857848,429.31781005859375,12.0,2032.0
2026-08-21T16:00:00-04:00,20260821,0.3850618472752727,P,430.0,838418238,GLD   260821P00430000,GLD,-1.0,-1.0,,31.3,26.2,30.62514138489843,26.2,close,True,0.31308188964784694,-0.44297904444570424,0.004925735082387205,1.050090059473327,-0.09774369725007404,429.31781005859375,4.0,647.0
2026-08-21T16:00:00-04:00,20260821,0.3850618472752727,P,435.0,838418293,GLD   260821P00435000,GLD,-1.0,-1.0,,36.75,28.65,33.101748652096695,28.65,close,True,0.3122695521848457,-0.46785109728799645,0.005006925833868489,1.0580361872928847,-0.09758695288101649,429.31781005859375,1.0,282.0
2026-08-21T16:00:00-04:00,20260821,0.3850618472752727,P,440.0,838418358,GLD   260821P00440000,GLD,-1.0,-1.0,,36.9,31.13,35.895899295259305,31.13,close,True,0.31159521126171363,-0.49325831376727813,0.005054276693486254,1.0529493139798731,-0.0959913572253086,429.31781005859375,18.0,743.0
2026-08-21T16:00:00-04:00,20260821,0.3850618472752727,P,445.0,838418412,GLD   260821P00445000,GLD,-1.0,-1.0,,-1.0,33.75,38.835045504448686,33.75,close,True,0.3110563535495695,-0.5189533419489021,0.0050866266530910885,1.0596046166645294,-0.0957343530167023,429.31781005859375,0.0,699.0
2026-08-21T16:00:00-04:00,20260821,0.3850618472752727,P,450.0,838418462,GLD   260821P00450000,GLD,-1.0,-1.0,,-1.0,36.37,41.71445537947495,36.37,close,True,0.3106499630537558,-0.54391465945873,0.0051134973785205914,1.0623397762407407,-0.09509912767500596,429.31781005859375,0.0,4162.0
2026-08-21T16:00:00-04:00,20260821,0.3850618472752727,P,455.0,838418531,GLD   260821P00455000,GLD,-1.0,-1.0,,-1.0,39.36,,39.36,close,True,,,,,,,0.0,223.0
2026-08-21T16:00:00-04:00,20260821,0.3850618472752727,P,460.0,838418588,GLD   260821P00460000,GLD,-1.0,-1.0,,-1.0,42.37,,42.37,close,True,,,,,,,0.0,643.0
2026-08-21T16:00:00-04:00,20260821,0.3850618472752727,P,465.0,838418647,GLD   260821P00465000,GLD,-1.0,-1.0,,52.53,45.43,,45.43,close,True,,,,,,,20.0,475.0
2026-08-21T16:00:00-04:00,20260821,0.3850618472752727,P,470.0,838418704,GLD   260821P00470000,GLD,-1.0,-1.0,,-1.0,48.69,,48.69,close,True,,,,,,,0.0,469.0
2026-08-21T16:00:00-04:00,20260821,0.3850618472752727,P,475.0,838418772,GLD   260821P00475000,GLD,-1.0,-1.0,,58.9,51.96,,51.96,close,True,,,,,,,2.0,1393.0
2026-08-21T16:00:00-04:00,20260821,0.3850618472752727,P,490.0,838418993,GLD   260821P00490000,GLD,-1.0,-1.0,,-1.0,62.85,,62.85,close,True,,,,,,,7.0,152.0
2026-08-21T16:00:00-04:00,20260821,0.3850618472752727,P,495.0,838419061,GLD   260821P00495000,GLD,-1.0,-1.0,,-1.0,66.64,,66.64,close,True,,,,,,,0.0,188.0
2026-08-21T16:00:00-04:00,20260821,0.3850618472752727,P,520.0,838419409,GLD   260821P00520000,GLD,-1.0,-1.0,,-1.0,87.22,,87.22,close,True,,,,,,,5.0,10.0
2026-08-21T16:00:00-04:00,20260821,0.3850618472752727,P,540.0,838419700,GLD   260821P00540000,GLD,-1.0,-1.0,,-1.0,104.97,,104.97,close,True,,,,,,,0.0,12.0
2026-08-21T16:00:00-04:00,20260821,0.3850618472752727,P,560.0,838420011,GLD   260821P00560000,GLD,-1.0,-1.0,,-1.0,123.57,,123.57,close,True,,,,,,,0.0,13.0
2026-08-21T16:00:00-04:00,20260821,0.3850618472752727,P,580.0,838420297,GLD   260821P00580000,GLD,-1.0,-1.0,,-1.0,142.72,,142.72,close,True,,,,,,,0.0,10.0
2026-08-21T16:00:00-04:00,20260821,0.3850618472752727,P,600.0,838420502,GLD   260821P00600000,GLD,-1.0,-1.0,,-1.0,162.31,,162.31,close,True,,,,,,,0.0,8.0
2026-08-21T16:00:00-04:00,20260821,0.3850618472752727,P,620.0,845085441,GLD   260821P00620000,GLD,-1.0,-1.0,,-1.0,182.18,,182.18,close,True,,,,,,,0.0,0.0
2026-08-21T16:00:00-04:00,20260821,0.3850618472752727,P,645.0,848456021,GLD   260821P00645000,GLD,-1.0,-1.0,,-1.0,207.18,,207.18,close,True,,,,,,,0.0,0.0
2026-08-21T16:00:00-04:00,20260821,0.3850618472752727,P,665.0,848456298,GLD   260821P00665000,GLD,-1.0,-1.0,,-1.0,227.18,,227.18,close,True,,,,,,,0.0,0.0
2026-08-21T16:00:00-04:00,20260821,0.3850618472752727,P,685.0,850107746,GLD   260821P00685000,GLD,-1.0,-1.0,,-1.0,247.18,,247.18,close,True,,,,,,,0.0,0.0
2026-08-21T16:00:00-04:00,20260821,0.3850618472752727,P,705.0,850933410,GLD   260821P00705000,GLD,-1.0,-1.0,,-1.0,267.18,,267.18,close,True,,,,,,,0.0,0.0
2026-08-21T16:00:00-04:00,20260821,0.3850618472752727,P,725.0,850933516,GLD   260821P00725000,GLD,-1.0,-1.0,,-1.0,287.18,,287.18,close,True,,,,,,,0.0,0.0
2026-08-21T16:00:00-04:00,20260821,0.3850618472752727,P,745.0,850933610,GLD   260821P00745000,GLD,-1.0,-1.0,,-1.0,307.18,,307.18,close,True,,,,,,,0.0,0.0
2026-08-21T16:00:00-04:00,20260821,0.3850618472752727,P,780.0,849673714,GLD   260821P00780000,GLD,-1.0,-1.0,,-1.0,342.18,,342.18,close,True,,,,,,,0.0,0.0
2026-08-21T16:00:00-04:00,20260821,0.3850618472752727,P,820.0,849673744,GLD   260821P00820000,GLD,-1.0,-1.0,,-1.0,382.18,,382.18,close,True,,,,,,,0.0,0.0
2026-08-21T16:00:00-04:00,20260821,0.3850618472752727,P,860.0,849673778,GLD   260821P00860000,GLD,-1.0,-1.0,,-1.0,422.18,,422.18,close,True,,,,,,,0.0,0.0
2026-08-21T16:00:00-04:00,20260821,0.3850618472752727,P,900.0,849673807,GLD   260821P00900000,GLD,-1.0,-1.0,,-1.0,462.18,,462.18,close,True,,,,,,,0.0,0.0
2026-09-18T16:00:00-04:00,20260918,0.461774176042396,C,230.0,803854295,GLD   260918C00230000,GLD,-1.0,-1.0,,-1.0,212.97,,212.97,close,True,,,,,,,0.0,
2026-09-18T16:00:00-04:00,20260918,0.461774176042396,C,255.0,803854513,GLD   260918C00255000,GLD,-1.0,-1.0,,-1.0,188.71,,188.71,close,True,,,,,,,0.0,0.0
2026-09-18T16:00:00-04:00,20260918,0.461774176042396,C,281.0,803854843,GLD   260918C00281000,GLD,-1.0,-1.0,,-1.0,163.63,,163.63,close,True,,,,,,,0.0,0.0
2026-09-18T16:00:00-04:00,20260918,0.461774176042396,C,289.0,803855288,GLD   260918C00289000,GLD,-1.0,-1.0,,-1.0,156.03,,156.03,close,True,,,,,,,0.0,0.0
2026-09-18T16:00:00-04:00,20260918,0.461774176042396,C,298.0,803855875,GLD   260918C00298000,GLD,-1.0,-1.0,,-1.0,147.51,,147.51,close,True,,,,,,,0.0,0.0
2026-09-18T16:00:00-04:00,20260918,0.461774176042396,C,307.0,803856398,GLD   260918C00307000,GLD,-1.0,-1.0,,-1.0,139.07,,139.07,close,True,,,,,,,0.0,0.0
2026-09-18T16:00:00-04:00,20260918,0.461774176042396,C,315.0,803856880,GLD   260918C00315000,GLD,-1.0,-1.0,,-1.0,131.72,,131.72,close,True,,,,,,,0.0,0.0
2026-09-18T16:00:00-04:00,20260918,0.461774176042396,C,324.0,803857476,GLD   260918C00324000,GLD,-1.0,-1.0,,-1.0,123.54,,123.54,close,True,,,,,,,0.0,0.0
2026-09-18T16:00:00-04:00,20260918,0.461774176042396,C,332.0,811871974,GLD   260918C00332000,GLD,-1.0,-1.0,,-1.0,116.39,,116.39,close,True,,,,,,,0.0,0.0
2026-09-18T16:00:00-04:00,20260918,0.461774176042396,C,341.0,811872383,GLD   260918C00341000,GLD,-1.0,-1.0,,-1.0,108.48,,108.48,close,True,,,,,,,0.0,0.0
2026-09-18T16:00:00-04:00,20260918,0.461774176042396,C,349.0,811872778,GLD   260918C00349000,GLD,-1.0,-1.0,,-1.0,101.59,,101.59,close,True,,,,,,,0.0,0.0
2026-09-18T16:00:00-04:00,20260918,0.461774176042396,C,358.0,811873181,GLD   260918C00358000,GLD,-1.0,-1.0,,-1.0,94.05,,94.05,close,True,,,,,,,0.0,0.0
2026-09-18T16:00:00-04:00,20260918,0.461774176042396,C,375.0,803858325,GLD   260918C00375000,GLD,-1.0,-1.0,,74.28,80.41,,80.41,close,True,,,,,,,9.0,0.0
2026-09-18T16:00:00-04:00,20260918,0.461774176042396,C,395.0,803858480,GLD   260918C00395000,GLD,-1.0,-1.0,,59.8,65.58,,65.58,close,True,,,,,,,6.0,0.0
2026-09-18T16:00:00-04:00,20260918,0.461774176042396,C,400.0,803858533,GLD   260918C00400000,GLD,-1.0,-1.0,,55.15,62.04,,62.04,close,True,,,,,,,39.0,0.0
2026-09-18T16:00:00-04:00,20260918,0.461774176042396,C,405.0,803858564,GLD   260918C00405000,GLD,-1.0,-1.0,,-1.0,58.67,,58.67,close,True,,,,,,,0.0,0.0
2026-09-18T16:00:00-04:00,20260918,0.461774176042396,C,410.0,803858598,GLD   260918C00410000,GLD,-1.0,-1.0,,50.1,55.51,,55.51,close,True,,,,,,,46.0,0.0
2026-09-18T16:00:00-04:00,20260918,0.461774176042396,C,415.0,803858639,GLD   260918C00415000,GLD,-1.0,-1.0,,46.85,52.34,,52.34,close,True,,,,,,,53.0,0.0
2026-09-18T16:00:00-04:00,20260918,0.461774176042396,C,420.0,803858695,GLD   260918C00420000,GLD,-1.0,-1.0,,44.9,49.33,,49.33,close,True,,,,,,,91.0,0.0
2026-09-18T16:00:00-04:00,20260918,0.461774176042396,C,425.0,803858737,GLD   260918C00425000,GLD,-1.0,-1.0,,42.0,46.46,,46.46,close,True,,,,,,,76.0,0.0
2026-09-18T16:00:00-04:00,20260918,0.461774176042396,C,430.0,803858781,GLD   260918C00430000,GLD,-1.0,-1.0,,39.4,43.81,,43.81,close,True,,,,,,,73.0,0.0
2026-09-18T16:00:00-04:00,20260918,0.461774176042396,C,435.0,803858798,GLD   260918C00435000,GLD,-1.0,-1.0,,36.98,41.16,,41.16,close,True,,,,,,,125.0,0.0
2026-09-18T16:00:00-04:00,20260918,0.461774176042396,C,440.0,803858836,GLD   260918C00440000,GLD,-1.0,-1.0,,33.64,38.65,,38.65,close,True,,,,,,,11.0,0.0
2026-09-18T16:00:00-04:00,20260918,0.461774176042396,C,445.0,803858884,GLD   260918C00445000,GLD,-1.0,-1.0,,32.5,36.21,,36.21,close,True,,,,,,,32.0,0.0
2026-09-18T16:00:00-04:00,20260918,0.461774176042396,C,450.0,803858930,GLD   260918C00450000,GLD,-1.0,-1.0,,30.42,33.88,,33.88,close,True,,,,,,,28.0,
2026-09-18T16:00:00-04:00,20260918,0.461774176042396,C,455.0,804784015,GLD   260918C00455000,GLD,-1.0,-1.0,,-1.0,31.82,,31.82,close,True,,,,,,,1.0,
2026-09-18T16:00:00-04:00,20260918,0.461774176042396,C,460.0,804784057,GLD   260918C00460000,GLD,-1.0,-1.0,,26.3,29.75,,29.75,close,True,,,,,,,384.0,
2026-09-18T16:00:00-04:00,20260918,0.461774176042396,C,465.0,804784085,GLD   260918C00465000,GLD,-1.0,-1.0,,24.4,27.85,,27.85,close,True,,,,,,,8.0,
2026-09-18T16:00:00-04:00,20260918,0.461774176042396,C,470.0,813158521,GLD   260918C00470000,GLD,-1.0,-1.0,,23.15,26.05,,26.05,close,True,,,,,,,164.0,0.0
2026-09-18T16:00:00-04:00,20260918,0.461774176042396,C,475.0,813158594,GLD   260918C00475000,GLD,-1.0,-1.0,,20.81,24.27,,24.27,close,True,,,,,,,10.0,0.0
2026-09-18T16:00:00-04:00,20260918,0.461774176042396,C,490.0,813158764,GLD   260918C00490000,GLD,-1.0,-1.0,,-1.0,19.75,,19.75,close,True,,,,,,,0.0,0.0
2026-09-18T16:00:00-04:00,20260918,0.461774176042396,C,495.0,817344933,GLD   260918C00495000,GLD,-1.0,-1.0,,-1.0,18.36,,18.36,close,True,,,,,,,4.0,0.0
2026-09-18T16:00:00-04:00,20260918,0.461774176042396,C,520.0,818722504,GLD   260918C00520000,GLD,-1.0,-1.0,,-1.0,13.11,,13.11,close,True,,,,,,,1.0,0.0
2026-09-18T16:00:00-04:00,20260918,0.461774176042396,C,540.0,821007357,GLD   260918C00540000,GLD,-1.0,-1.0,,-1.0,10.11,,10.11,close,True,,,,,,,0.0,0.0
2026-09-18T16:00:00-04:00,20260918,0.461774176042396,C,560.0,825224685,GLD   260918C00560000,GLD,-1.0,-1.0,,-1.0,7.79,,7.79,close,True,,,,,,,0.0,0.0
2026-09-18T16:00:00-04:00,20260918,0.461774176042396,C,580.0,825224914,GLD   260918C00580000,GLD,-1.0,-1.0,,-1.0,6.1,,6.1,close,True,,,,,,,0.0,0.0
2026-09-18T16:00:00-04:00,20260918,0.461774176042396,C,600.0,829501427,GLD   260918C00600000,GLD,-1.0,-1.0,,-1.0,4.89,,4.89,close,True,,,,,,,2.0,0.0
2026-09-18T16:00:00-04:00,20260918,0.461774176042396,C,620.0,829501540,GLD   260918C00620000,GLD,-1.0,-1.0,,-1.0,3.98,,3.98,close,True,,,,,,,0.0,0.0
2026-09-18T16:00:00-04:00,20260918,0.461774176042396,C,645.0,848456576,GLD   260918C00645000,GLD,-1.0,-1.0,,-1.0,3.21,,3.21,close,True,,,,,,,0.0,0.0
2026-09-18T16:00:00-04:00,20260918,0.461774176042396,C,665.0,848456714,GLD   260918C00665000,GLD,-1.0,-1.0,,-1.0,2.69,,2.69,close,True,,,,,,,0.0,0.0
2026-09-18T16:00:00-04:00,20260918,0.461774176042396,C,685.0,850107926,GLD   260918C00685000,GLD,-1.0,-1.0,,-1.0,2.2,,2.2,close,True,,,,,,,0.0,0.0
2026-09-18T16:00:00-04:00,20260918,0.461774176042396,C,705.0,850933723,GLD   260918C00705000,GLD,-1.0,-1.0,,-1.0,1.87,,1.87,close,True,,,,,,,0.0,0.0
2026-09-18T16:00:00-04:00,20260918,0.461774176042396,C,725.0,850933823,GLD   260918C00725000,GLD,-1.0,-1.0,,-1.0,1.75,,1.75,close,True,,,,,,,0.0,0.0
2026-09-18T16:00:00-04:00,20260918,0.461774176042396,C,745.0,850933914,GLD   260918C00745000,GLD,-1.0,-1.0,,-1.0,1.64,,1.64,close,True,,,,,,,0.0,0.0
2026-09-18T16:00:00-04:00,20260918,0.461774176042396,C,780.0,849673832,GLD   260918C00780000,GLD,-1.0,-1.0,,-1.0,1.43,,1.43,close,True,,,,,,,0.0,0.0
2026-09-18T16:00:00-04:00,20260918,0.461774176042396,C,820.0,849673862,GLD   260918C00820000,GLD,-1.0,-1.0,,-1.0,1.23,,1.23,close,True,,,,,,,0.0,0.0
2026-09-18T16:00:00-04:00,20260918,0.461774176042396,C,860.0,849673892,GLD   260918C00860000,GLD,-1.0,-1.0,,-1.0,1.06,,1.06,close,True,,,,,,,0.0,0.0
2026-09-18T16:00:00-04:00,20260918,0.461774176042396,C,900.0,849673927,GLD   260918C00900000,GLD,-1.0,-1.0,,0.98,0.88,,0.88,close,True,,,,,,,9.0,0.0
2026-09-18T16:00:00-04:00,20260918,0.461774176042396,P,230.0,803859185,GLD   260918P00230000,GLD,-1.0,-1.0,,-1.0,0.61,,0.61,close,True,,,,,,,0.0,11.0
2026-09-18T16:00:00-04:00,20260918,0.461774176042396,P,255.0,803859390,GLD   260918P00255000,GLD,-1.0,-1.0,,-1.0,0.92,,0.92,close,True,,,,,,,0.0,118.0
2026-09-18T16:00:00-04:00,20260918,0.461774176042396,P,281.0,803859683,GLD   260918P00281000,GLD,-1.0,-1.0,,-1.0,1.41,,1.41,close,True,,,,,,,0.0,60.0
2026-09-18T16:00:00-04:00,20260918,0.461774176042396,P,289.0,803860063,GLD   260918P00289000,GLD,-1.0,-1.0,,-1.0,1.67,,1.67,close,True,,,,,,,0.0,267.0
2026-09-18T16:00:00-04:00,20260918,0.461774176042396,P,298.0,803860534,GLD   260918P00298000,GLD,-1.0,-1.0,,-1.0,2.01,,2.01,close,True,,,,,,,0.0,317.0
2026-09-18T16:00:00-04:00,20260918,0.461774176042396,P,307.0,803860970,GLD   260918P00307000,GLD,-1.0,-1.0,,3.27,2.42,,2.42,close,True,,,,,,,10.0,4.0
2026-09-18T16:00:00-04:00,20260918,0.461774176042396,P,315.0,803861371,GLD   260918P00315000,GLD,-1.0,-1.0,,-1.0,2.94,,2.94,close,True,,,,,,,0.0,369.0
2026-09-18T16:00:00-04:00,20260918,0.461774176042396,P,324.0,803861896,GLD   260918P00324000,GLD,-1.0,-1.0,,-1.0,3.62,,3.62,close,True,,,,,,,0.0,189.0
2026-09-18T16:00:00-04:00,20260918,0.461774176042396,P,332.0,811873352,GLD   260918P00332000,GLD,-1.0,-1.0,,-1.0,4.34,,4.34,close,True,,,,,,,0.0,241.0
2026-09-18T16:00:00-04:00,20260918,0.461774176042396,P,341.0,811873793,GLD   260918P00341000,GLD,-1.0,-1.0,,-1.0,5.29,,5.29,close,True,,,,,,,3.0,130.0
2026-09-18T16:00:00-04:00,20260918,0.461774176042396,P,349.0,811874223,GLD   260918P00349000,GLD,-1.0,-1.0,,-1.0,6.29,,6.29,close,True,,,,,,,0.0,259.0
2026-09-18T16:00:00-04:00,20260918,0.461774176042396,P,358.0,811874624,GLD   260918P00358000,GLD,-1.0,-1.0,,-1.0,7.62,,7.62,close,True,,,,,,,0.0,480.0
2026-09-18T16:00:00-04:00,20260918,0.461774176042396,P,375.0,803862731,GLD   260918P00375000,GLD,-1.0,-1.0,,13.35,10.74,,10.74,close,True,,,,,,,501.0,3971.0
2026-09-18T16:00:00-04:00,20260918,0.461774176042396,P,395.0,803862962,GLD   260918P00395000,GLD,-1.0,-1.0,,18.6,15.67,,15.67,close,True,,,,,,,11.0,998.0
2026-09-18T16:00:00-04:00,20260918,0.461774176042396,P,400.0,803863010,GLD   260918P00400000,GLD,-1.0,-1.0,,20.1,17.07,,17.07,close,True,,,,,,,80.0,7484.0
2026-09-18T16:00:00-04:00,20260918,0.461774176042396,P,405.0,803863079,GLD   260918P00405000,GLD,-1.0,-1.0,,-1.0,18.66,,18.66,close,True,,,,,,,0.0,779.0
2026-09-18T16:00:00-04:00,20260918,0.461774176042396,P,410.0,803863130,GLD   260918P00410000,GLD,-1.0,-1.0,,26.3,20.45,,20.45,close,True,,,,,,,3.0,987.0
2026-09-18T16:00:00-04:00,20260918,0.461774176042396,P,415.0,803863187,GLD   260918P00415000,GLD,-1.0,-1.0,,27.4,22.25,,22.25,close,True,,,,,,,1.0,1475.0
2026-09-18T16:00:00-04:00,20260918,0.461774176042396,P,420.0,803863241,GLD   260918P00420000,GLD,-1.0,-1.0,,28.1,24.2,,24.2,close,True,,,,,,,13.0,6358.0
2026-09-18T16:00:00-04:00,20260918,0.461774176042396,P,425.0,803863295,GLD   260918P00425000,GLD,-1.0,-1.0,,31.3,26.3,,26.3,close,True,,,,,,,77.0,332.0
2026-09-18T16:00:00-04:00,20260918,0.461774176042396,P,430.0,803863346,GLD   260918P00430000,GLD,-1.0,-1.0,,34.7,28.62,,28.62,close,True,,,,,,,3.0,2563.0
2026-09-18T16:00:00-04:00,20260918,0.461774176042396,P,435.0,803863405,GLD   260918P00435000,GLD,-1.0,-1.0,,-1.0,30.95,,30.95,close,True,,,,,,,0.0,6520.0
2026-09-18T16:00:00-04:00,20260918,0.461774176042396,P,440.0,803863477,GLD   260918P00440000,GLD,-1.0,-1.0,,-1.0,33.42,,33.42,close,True,,,,,,,1.0,1549.0
2026-09-18T16:00:00-04:00,20260918,0.461774176042396,P,445.0,803863537,GLD   260918P00445000,GLD,-1.0,-1.0,,-1.0,35.97,,35.97,close,True,,,,,,,0.0,926.0
2026-09-18T16:00:00-04:00,20260918,0.461774176042396,P,450.0,803863585,GLD   260918P00450000,GLD,-1.0,-1.0,,43.5,38.64,,38.64,close,True,,,,,,,6.0,984.0
2026-09-18T16:00:00-04:00,20260918,0.461774176042396,P,455.0,804784119,GLD   260918P00455000,GLD,-1.0,-1.0,,-1.0,41.58,,41.58,close,True,,,,,,,0.0,543.0
2026-09-18T16:00:00-04:00,20260918,0.461774176042396,P,460.0,804784150,GLD   260918P00460000,GLD,-1.0,-1.0,,-1.0,44.53,,44.53,close,True,,,,,,,0.0,2517.0
2026-09-18T16:00:00-04:00,20260918,0.461774176042396,P,465.0,804784165,GLD   260918P00465000,GLD,-1.0,-1.0,,-1.0,47.64,,47.64,close,True,,,,,,,0.0,690.0
2026-09-18T16:00:00-04:00,20260918,0.461774176042396,P,470.0,813158816,GLD   260918P00470000,GLD,-1.0,-1.0,,56.45,50.86,,50.86,close,True,,,,,,,1.0,2441.0
2026-09-18T16:00:00-04:00,20260918,0.461774176042396,P,475.0,813158915,GLD   260918P00475000,GLD,-1.0,-1.0,,-1.0,54.12,,54.12,close,True,,,,,,,0.0,1469.0
2026-09-18T16:00:00-04:00,20260918,0.461774176042396,P,490.0,813159090,GLD   260918P00490000,GLD,-1.0,-1.0,,-1.0,64.73,,64.73,close,True,,,,,,,0.0,169.0
2026-09-18T16:00:00-04:00,20260918,0.461774176042396,P,495.0,817345216,GLD   260918P00495000,GLD,-1.0,-1.0,,-1.0,68.4,,68.4,close,True,,,,,,,0.0,13.0
2026-09-18T16:00:00-04:00,20260918,0.461774176042396,P,520.0,818722625,GLD   260918P00520000,GLD,-1.0,-1.0,,-1.0,88.54,,88.54,close,True,,,,,,,1.0,15.0
2026-09-18T16:00:00-04:00,20260918,0.461774176042396,P,540.0,821007564,GLD   260918P00540000,GLD,-1.0,-1.0,,-1.0,105.95,,105.95,close,True,,,,,,,0.0,100.0
2026-09-18T16:00:00-04:00,20260918,0.461774176042396,P,560.0,825224964,GLD   260918P00560000,GLD,-1.0,-1.0,,-1.0,124.16,,124.16,close,True,,,,,,,0.0,1.0
2026-09-18T16:00:00-04:00,20260918,0.461774176042396,P,580.0,825225177,GLD   260918P00580000,GLD,-1.0,-1.0,,-1.0,143.06,,143.06,close,True,,,,,,,0.0,5.0
2026-09-18T16:00:00-04:00,20260918,0.461774176042396,P,600.0,829502339,GLD   260918P00600000,GLD,-1.0,-1.0,,-1.0,162.46,,162.46,close,True,,,,,,,0.0,17.0
2026-09-18T16:00:00-04:00,20260918,0.461774176042396,P,620.0,829502437,GLD   260918P00620000,GLD,-1.0,-1.0,,-1.0,182.18,,182.18,close,True,,,,,,,0.0,16.0
2026-09-18T16:00:00-04:00,20260918,0.461774176042396,P,645.0,848456932,GLD   260918P00645000,GLD,-1.0,-1.0,,-1.0,207.18,,207.18,close,True,,,,,,,0.0,0.0
2026-09-18T16:00:00-04:00,20260918,0.461774176042396,P,665.0,848457063,GLD   260918P00665000,GLD,-1.0,-1.0,,-1.0,227.18,,227.18,close,True,,,,,,,0.0,0.0
2026-09-18T16:00:00-04:00,20260918,0.461774176042396,P,685.0,850108122,GLD   260918P00685000,GLD,-1.0,-1.0,,-1.0,247.18,,247.18,close,True,,,,,,,0.0,0.0
2026-09-18T16:00:00-04:00,20260918,0.461774176042396,P,705.0,850933986,GLD   260918P00705000,GLD,-1.0,-1.0,,-1.0,267.18,,267.18,close,True,,,,,,,0.0,0.0
2026-09-18T16:00:00-04:00,20260918,0.461774176042396,P,725.0,850934092,GLD   260918P00725000,GLD,-1.0,-1.0,,-1.0,287.18,,287.18,close,True,,,,,,,0.0,0.0
2026-09-18T16:00:00-04:00,20260918,0.461774176042396,P,745.0,850934183,GLD   260918P00745000,GLD,-1.0,-1.0,,-1.0,307.18,,307.18,close,True,,,,,,,0.0,0.0
2026-09-18T16:00:00-04:00,20260918,0.461774176042396,P,780.0,849673948,GLD   260918P00780000,GLD,-1.0,-1.0,,-1.0,342.18,,342.18,close,True,,,,,,,0.0,0.0
2026-09-18T16:00:00-04:00,20260918,0.461774176042396,P,820.0,849673982,GLD   260918P00820000,GLD,-1.0,-1.0,,-1.0,382.18,,382.18,close,True,,,,,,,0.0,0.0
2026-09-18T16:00:00-04:00,20260918,0.461774176042396,P,860.0,849674014,GLD   260918P00860000,GLD,-1.0,-1.0,,-1.0,422.18,,422.18,close,True,,,,,,,0.0,0.0
2026-09-18T16:00:00-04:00,20260918,0.461774176042396,P,900.0,849674044,GLD   260918P00900000,GLD,,,,,,,,,False,,,,,,,,0.0
2026-09-30T16:00:00-04:00,20260930,0.4946508883711631,C,255.0,819192990,GLD   260930C00255000,GLD,-1.0,-1.0,,-1.0,189.26,,189.26,close,True,,,,,,,0.0,
2026-09-30T16:00:00-04:00,20260930,0.4946508883711631,C,315.0,819193257,GLD   260930C00315000,GLD,-1.0,-1.0,,-1.0,132.46,,132.46,close,True,,,,,,,0.0,0.0
2026-09-30T16:00:00-04:00,20260930,0.4946508883711631,C,324.0,819193446,GLD   260930C00324000,GLD,-1.0,-1.0,,-1.0,124.24,,124.24,close,True,,,,,,,0.0,0.0
2026-09-30T16:00:00-04:00,20260930,0.4946508883711631,C,332.0,819193664,GLD   260930C00332000,GLD,-1.0,-1.0,,-1.0,117.15,,117.15,close,True,,,,,,,0.0,0.0
2026-09-30T16:00:00-04:00,20260930,0.4946508883711631,C,341.0,819193920,GLD   260930C00341000,GLD,-1.0,-1.0,,-1.0,109.29,,109.29,close,True,,,,,,,0.0,0.0
2026-09-30T16:00:00-04:00,20260930,0.4946508883711631,C,349.0,819194117,GLD   260930C00349000,GLD,-1.0,-1.0,,-1.0,102.49,,102.49,close,True,,,,,,,0.0,0.0
2026-09-30T16:00:00-04:00,20260930,0.4946508883711631,C,358.0,819194367,GLD   260930C00358000,GLD,-1.0,-1.0,,-1.0,95.02,,95.02,close,True,,,,,,,0.0,0.0
2026-09-30T16:00:00-04:00,20260930,0.4946508883711631,C,366.0,819194570,GLD   260930C00366000,GLD,-1.0,-1.0,,-1.0,88.52,,88.52,close,True,,,,,,,0.0,0.0
2026-09-30T16:00:00-04:00,20260930,0.4946508883711631,C,375.0,819194762,GLD   260930C00375000,GLD,-1.0,-1.0,,-1.0,81.44,,81.44,close,True,,,,,,,0.0,0.0
2026-09-30T16:00:00-04:00,20260930,0.4946508883711631,C,383.0,819194914,GLD   260930C00383000,GLD,-1.0,-1.0,,-1.0,75.38,,75.38,close,True,,,,,,,0.0,0.0
2026-09-30T16:00:00-04:00,20260930,0.4946508883711631,C,395.0,819195045,GLD   260930C00395000,GLD,-1.0,-1.0,,-1.0,66.73,,66.73,close,True,,,,,,,0.0,0.0
2026-09-30T16:00:00-04:00,20260930,0.4946508883711631,C,400.0,819195067,GLD   260930C00400000,GLD,-1.0,-1.0,,53.03,63.31,,63.31,close,True,,,,,,,5.0,0.0
2026-09-30T16:00:00-04:00,20260930,0.4946508883711631,C,405.0,819195090,GLD   260930C00405000,GLD,-1.0,-1.0,,-1.0,59.89,,59.89,close,True,,,,,,,0.0,0.0
2026-09-30T16:00:00-04:00,20260930,0.4946508883711631,C,410.0,819195101,GLD   260930C00410000,GLD,-1.0,-1.0,,-1.0,56.66,,56.66,close,True,,,,,,,0.0,0.0
2026-09-30T16:00:00-04:00,20260930,0.4946508883711631,C,415.0,819195125,GLD   260930C00415000,GLD,-1.0,-1.0,,49.65,53.53,,53.53,close,True,,,,,,,98.0,0.0
2026-09-30T16:00:00-04:00,20260930,0.4946508883711631,C,420.0,819195147,GLD   260930C00420000,GLD,-1.0,-1.0,,45.53,50.56,,50.56,close,True,,,,,,,62.0,0.0
2026-09-30T16:00:00-04:00,20260930,0.4946508883711631,C,425.0,819195171,GLD   260930C00425000,GLD,-1.0,-1.0,,42.25,47.72,,47.72,close,True,,,,,,,15.0,0.0
2026-09-30T16:00:00-04:00,20260930,0.4946508883711631,C,430.0,819195191,GLD   260930C00430000,GLD,-1.0,-1.0,,39.3,44.87,,44.87,close,True,,,,,,,16.0,0.0
2026-09-30T16:00:00-04:00,20260930,0.4946508883711631,C,435.0,819195215,GLD   260930C00435000,GLD,-1.0,-1.0,,-1.0,42.27,,42.27,close,True,,,,,,,0.0,0.0
2026-09-30T16:00:00-04:00,20260930,0.4946508883711631,C,440.0,819195239,GLD   260930C00440000,GLD,-1.0,-1.0,,35.55,39.7,,39.7,close,True,,,,,,,12.0,0.0
2026-09-30T16:00:00-04:00,20260930,0.4946508883711631,C,445.0,819195260,GLD   260930C00445000,GLD,-1.0,-1.0,,-1.0,37.36,,37.36,close,True,,,,,,,1.0,0.0
2026-09-30T16:00:00-04:00,20260930,0.4946508883711631,C,450.0,819195282,GLD   260930C00450000,GLD,-1.0,-1.0,,32.55,35.03,,35.03,close,True,,,,,,,22.0,0.0
2026-09-30T16:00:00-04:00,20260930,0.4946508883711631,C,455.0,821007666,GLD   260930C00455000,GLD,-1.0,-1.0,,29.32,32.85,,32.85,close,True,,,,,,,5.0,0.0
2026-09-30T16:00:00-04:00,20260930,0.4946508883711631,C,460.0,821007725,GLD   260930C00460000,GLD,-1.0,-1.0,,27.3,30.91,,30.91,close,True,,,,,,,12.0,0.0
2026-09-30T16:00:00-04:00,20260930,0.4946508883711631,C,465.0,821007756,GLD   260930C00465000,GLD,-1.0,-1.0,,25.44,28.96,,28.96,close,True,,,,,,,3.0,0.0
2026-09-30T16:00:00-04:00,20260930,0.4946508883711631,C,470.0,821007815,GLD   260930C00470000,GLD,-1.0,-1.0,,23.49,27.02,,27.02,close,True,,,,,,,2.0,0.0
2026-09-30T16:00:00-04:00,20260930,0.4946508883711631,C,475.0,822000539,GLD   260930C00475000,GLD,-1.0,-1.0,,23.0,25.25,,25.25,close,True,,,,,,,5.0,0.0
2026-09-30T16:00:00-04:00,20260930,0.4946508883711631,C,490.0,823330783,GLD   260930C00490000,GLD,-1.0,-1.0,,-1.0,20.6,,20.6,close,True,,,,,,,0.0,0.0
2026-09-30T16:00:00-04:00,20260930,0.4946508883711631,C,495.0,823330868,GLD   260930C00495000,GLD,-1.0,-1.0,,17.0,19.25,,19.25,close,True,,,,,,,3.0,0.0
2026-09-30T16:00:00-04:00,20260930,0.4946508883711631,C,520.0,843608921,GLD   260930C00520000,GLD,-1.0,-1.0,,-1.0,13.87,,13.87,close,True,,,,,,,0.0,0.0
2026-09-30T16:00:00-04:00,20260930,0.4946508883711631,C,540.0,848457229,GLD   260930C00540000,GLD,-1.0,-1.0,,-1.0,10.77,,10.77,close,True,,,,,,,0.0,0.0
2026-09-30T16:00:00-04:00,20260930,0.4946508883711631,C,560.0,848457538,GLD   260930C00560000,GLD,-1.0,-1.0,,-1.0,8.48,,8.48,close,True,,,,,,,0.0,0.0
2026-09-30T16:00:00-04:00,20260930,0.4946508883711631,C,580.0,849295175,GLD   260930C00580000,GLD,-1.0,-1.0,,-1.0,6.73,,6.73,close,True,,,,,,,0.0,0.0
2026-09-30T16:00:00-04:00,20260930,0.4946508883711631,C,600.0,849295330,GLD   260930C00600000,GLD,-1.0,-1.0,,5.1,5.46,,5.46,close,True,,,,,,,22.0,0.0
2026-09-30T16:00:00-04:00,20260930,0.4946508883711631,C,620.0,849295473,GLD   260930C00620000,GLD,-1.0,-1.0,,-1.0,4.4,,4.4,close,True,,,,,,,0.0,0.0
2026-09-30T16:00:00-04:00,20260930,0.4946508883711631,C,645.0,849295692,GLD   260930C00645000,GLD,-1.0,-1.0,,-1.0,3.52,,3.52,close,True,,,,,,,0.0,0.0
2026-09-30T16:00:00-04:00,20260930,0.4946508883711631,P,255.0,819195312,GLD   260930P00255000,GLD,-1.0,-1.0,,-1.0,1.05,,1.05,close,True,,,,,,,0.0,4.0
2026-09-30T16:00:00-04:00,20260930,0.4946508883711631,P,315.0,819195577,GLD   260930P00315000,GLD,-1.0,-1.0,,-1.0,3.18,,3.18,close,True,,,,,,,0.0,47.0
2026-09-30T16:00:00-04:00,20260930,0.4946508883711631,P,324.0,819195792,GLD   260930P00324000,GLD,-1.0,-1.0,,-1.0,3.81,,3.81,close,True,,,,,,,0.0,244.0
2026-09-30T16:00:00-04:00,20260930,0.4946508883711631,P,332.0,819196086,GLD   260930P00332000,GLD,-1.0,-1.0,,-1.0,4.58,,4.58,close,True,,,,,,,0.0,111.0
2026-09-30T16:00:00-04:00,20260930,0.4946508883711631,P,341.0,819196379,GLD   260930P00341000,GLD,-1.0,-1.0,,-1.0,5.57,,5.57,close,True,,,,,,,0.0,125.0
2026-09-30T16:00:00-04:00,20260930,0.4946508883711631,P,349.0,819196617,GLD   260930P00349000,GLD,-1.0,-1.0,,-1.0,6.65,,6.65,close,True,,,,,,,0.0,8.0
2026-09-30T16:00:00-04:00,20260930,0.4946508883711631,P,358.0,819196913,GLD   260930P00358000,GLD,-1.0,-1.0,,10.2,8.04,,8.04,close,True,,,,,,,55.0,180.0
2026-09-30T16:00:00-04:00,20260930,0.4946508883711631,P,366.0,819197177,GLD   260930P00366000,GLD,-1.0,-1.0,,-1.0,9.42,,9.42,close,True,,,,,,,1.0,22.0
2026-09-30T16:00:00-04:00,20260930,0.4946508883711631,P,375.0,819197444,GLD   260930P00375000,GLD,-1.0,-1.0,,-1.0,11.21,,11.21,close,True,,,,,,,0.0,126.0
2026-09-30T16:00:00-04:00,20260930,0.4946508883711631,P,383.0,819197711,GLD   260930P00383000,GLD,-1.0,-1.0,,-1.0,13.05,,13.05,close,True,,,,,,,2.0,292.0
2026-09-30T16:00:00-04:00,20260930,0.4946508883711631,P,395.0,819197992,GLD   260930P00395000,GLD,,,,,,,,,False,,,,,,,,44.0
2026-09-30T16:00:00-04:00,20260930,0.4946508883711631,P,400.0,819198030,GLD   260930P00400000,GLD,,,,22.4,17.77,,17.77,close,True,,,,,,,6.0,790.0
2026-09-30T16:00:00-04:00,20260930,0.4946508883711631,P,405.0,819198072,GLD   260930P00405000,GLD,-1.0,-1.0,,-1.0,19.3,,19.3,close,True,,,,,,,0.0,223.0
2026-09-30T16:00:00-04:00,20260930,0.4946508883711631,P,410.0,819198117,GLD   260930P00410000,GLD,-1.0,-1.0,,-1.0,21.02,,21.02,close,True,,,,,,,1.0,444.0
2026-09-30T16:00:00-04:00,20260930,0.4946508883711631,P,415.0,819198153,GLD   260930P00415000,GLD,-1.0,-1.0,,-1.0,22.85,,22.85,close,True,,,,,,,0.0,116.0
2026-09-30T16:00:00-04:00,20260930,0.4946508883711631,P,420.0,819198190,GLD   260930P00420000,GLD,-1.0,-1.0,,28.8,24.84,,24.84,close,True,,,,,,,25.0,430.0
2026-09-30T16:00:00-04:00,20260930,0.4946508883711631,P,425.0,819198239,GLD   260930P00425000,GLD,-1.0,-1.0,,-1.0,26.97,,26.97,close,True,,,,,,,1.0,845.0
2026-09-30T16:00:00-04:00,20260930,0.4946508883711631,P,430.0,819198264,GLD   260930P00430000,GLD,-1.0,-1.0,,-1.0,29.1,,29.1,close,True,,,,,,,0.0,404.0
2026-09-30T16:00:00-04:00,20260930,0.4946508883711631,P,435.0,819198311,GLD   260930P00435000,GLD,-1.0,-1.0,,-1.0,31.48,,31.48,close,True,,,,,,,0.0,1452.0
2026-09-30T16:00:00-04:00,20260930,0.4946508883711631,P,440.0,819198359,GLD   260930P00440000,GLD,-1.0,-1.0,,-1.0,33.88,,33.88,close,True,,,,,,,2.0,363.0
2026-09-30T16:00:00-04:00,20260930,0.4946508883711631,P,445.0,819198399,GLD   260930P00445000,GLD,-1.0,-1.0,,-1.0,36.54,,36.54,close,True,,,,,,,0.0,165.0
2026-09-30T16:00:00-04:00,20260930,0.4946508883711631,P,450.0,819198442,GLD   260930P00450000,GLD,-1.0,-1.0,,-1.0,39.21,,39.21,close,True,,,,,,,0.0,433.0
2026-09-30T16:00:00-04:00,20260930,0.4946508883711631,P,455.0,821007857,GLD   260930P00455000,GLD,-1.0,-1.0,,-1.0,42.03,,42.03,close,True,,,,,,,0.0,179.0
2026-09-30T16:00:00-04:00,20260930,0.4946508883711631,P,460.0,821007900,GLD   260930P00460000,GLD,-1.0,-1.0,,50.65,45.09,,45.09,close,True,,,,,,,1.0,427.0
2026-09-30T16:00:00-04:00,20260930,0.4946508883711631,P,465.0,821007960,GLD   260930P00465000,GLD,-1.0,-1.0,,-1.0,48.16,,48.16,close,True,,,,,,,0.0,103.0
2026-09-30T16:00:00-04:00,20260930,0.4946508883711631,P,470.0,821008000,GLD   260930P00470000,GLD,-1.0,-1.0,,-1.0,51.25,,51.25,close,True,,,,,,,0.0,95.0
2026-09-30T16:00:00-04:00,20260930,0.4946508883711631,P,475.0,822000592,GLD   260930P00475000,GLD,-1.0,-1.0,,-1.0,54.51,,54.51,close,True,,,,,,,0.0,122.0
2026-09-30T16:00:00-04:00,20260930,0.4946508883711631,P,490.0,823331188,GLD   260930P00490000,GLD,-1.0,-1.0,,-1.0,65.01,,65.01,close,True,,,,,,,1.0,101.0
2026-09-30T16:00:00-04:00,20260930,0.4946508883711631,P,495.0,823331264,GLD   260930P00495000,GLD,-1.0,-1.0,,-1.0,68.72,,68.72,close,True,,,,,,,0.0,58.0
2026-09-30T16:00:00-04:00,20260930,0.4946508883711631,P,520.0,843609064,GLD   260930P00520000,GLD,-1.0,-1.0,,-1.0,88.74,,88.74,close,True,,,,,,,0.0,38.0
2026-09-30T16:00:00-04:00,20260930,0.4946508883711631,P,540.0,848457916,GLD   260930P00540000,GLD,-1.0,-1.0,,-1.0,106.1,,106.1,close,True,,,,,,,1.0,75.0
2026-09-30T16:00:00-04:00,20260930,0.4946508883711631,P,560.0,848458173,GLD   260930P00560000,GLD,-1.0,-1.0,,-1.0,124.32,,124.32,close,True,,,,,,,0.0,12.0
2026-09-30T16:00:00-04:00,20260930,0.4946508883711631,P,580.0,849295771,GLD   260930P00580000,GLD,-1.0,-1.0,,-1.0,143.18,,143.18,close,True,,,,,,,0.0,6.0
2026-09-30T16:00:00-04:00,20260930,0.4946508883711631,P,600.0,849295956,GLD   260930P00600000,GLD,-1.0,-1.0,,-1.0,162.53,,162.53,close,True,,,,,,,0.0,1.0
2026-09-30T16:00:00-04:00,20260930,0.4946508883711631,P,620.0,849296133,GLD   260930P00620000,GLD,,,,,,,,,False,,,,,,,,0.0
2026-09-30T16:00:00-04:00,20260930,0.4946508883711631,P,645.0,849296356,GLD   260930P00645000,GLD,,,,,,,,,False,,,,,,,,0.0
2026-10-16T16:00:00-04:00,20261016,0.5384865048095192,C,230.0,827394649,GLD   261016C00230000,GLD,-1.0,-1.0,,-1.0,214.04,,214.04,close,True,,,,,,,0.0,0.0
2026-10-16T16:00:00-04:00,20261016,0.5384865048095192,C,255.0,827394904,GLD   261016C00255000,GLD,-1.0,-1.0,,-1.0,189.98,,189.98,close,True,,,,,,,0.0,0.0
2026-10-16T16:00:00-04:00,20261016,0.5384865048095192,C,315.0,827013701,GLD   261016C00315000,GLD,-1.0,-1.0,,-1.0,133.43,,133.43,close,True,,,,,,,0.0,0.0
2026-10-16T16:00:00-04:00,20261016,0.5384865048095192,C,375.0,827014423,GLD   261016C00375000,GLD,-1.0,-1.0,,-1.0,83.03,,83.03,close,True,,,,,,,0.0,0.0
2026-10-16T16:00:00-04:00,20261016,0.5384865048095192,C,395.0,827014632,GLD   261016C00395000,GLD,-1.0,-1.0,,-1.0,68.53,,68.53,close,True,,,,,,,0.0,0.0
2026-10-16T16:00:00-04:00,20261016,0.5384865048095192,C,400.0,827014701,GLD   261016C00400000,GLD,-1.0,-1.0,,-1.0,65.13,,65.13,close,True,,,,,,,0.0,0.0
2026-10-16T16:00:00-04:00,20261016,0.5384865048095192,C,405.0,827014751,GLD   261016C00405000,GLD,-1.0,-1.0,,52.17,61.76,,61.76,close,True,,,,,,,68.0,0.0
2026-10-16T16:00:00-04:00,20261016,0.5384865048095192,C,410.0,827014809,GLD   261016C00410000,GLD,-1.0,-1.0,,53.92,58.54,,58.54,close,True,,,,,,,17.0,0.0
2026-10-16T16:00:00-04:00,20261016,0.5384865048095192,C,415.0,827014881,GLD   261016C00415000,GLD,-1.0,-1.0,,49.99,55.46,,55.46,close,True,,,,,,,12.0,0.0
2026-10-16T16:00:00-04:00,20261016,0.5384865048095192,C,420.0,827014933,GLD   261016C00420000,GLD,-1.0,-1.0,,48.2,52.57,,52.57,close,True,,,,,,,39.0,0.0
2026-10-16T16:00:00-04:00,20261016,0.5384865048095192,C,425.0,827395259,GLD   261016C00425000,GLD,-1.0,-1.0,,43.55,49.71,,49.71,close,True,,,,,,,28.0,0.0
2026-10-16T16:00:00-04:00,20261016,0.5384865048095192,C,430.0,827395322,GLD   261016C00430000,GLD,-1.0,-1.0,,42.5,46.86,,46.86,close,True,,,,,,,30.0,0.0
2026-10-16T16:00:00-04:00,20261016,0.5384865048095192,C,435.0,827395402,GLD   261016C00435000,GLD,-1.0,-1.0,,40.0,44.2,,44.2,close,True,,,,,,,22.0,0.0
2026-10-16T16:00:00-04:00,20261016,0.5384865048095192,C,440.0,827395449,GLD   261016C00440000,GLD,-1.0,-1.0,,38.0,41.75,,41.75,close,True,,,,,,,16.0,0.0
2026-10-16T16:00:00-04:00,20261016,0.5384865048095192,C,445.0,827395514,GLD   261016C00445000,GLD,-1.0,-1.0,,34.91,39.31,,39.31,close,True,,,,,,,10.0,0.0
2026-10-16T16:00:00-04:00,20261016,0.5384865048095192,C,450.0,827395582,GLD   261016C00450000,GLD,-1.0,-1.0,,32.5,37.04,,37.04,close,True,,,,,,,48.0,0.0
2026-10-16T16:00:00-04:00,20261016,0.5384865048095192,C,455.0,827395643,GLD   261016C00455000,GLD,-1.0,-1.0,,30.65,34.77,,34.77,close,True,,,,,,,16.0,0.0
2026-10-16T16:00:00-04:00,20261016,0.5384865048095192,C,460.0,827395672,GLD   261016C00460000,GLD,-1.0,-1.0,,28.85,32.65,,32.65,close,True,,,,,,,25.0,0.0
2026-10-16T16:00:00-04:00,20261016,0.5384865048095192,C,465.0,827395727,GLD   261016C00465000,GLD,-1.0,-1.0,,27.1,30.75,,30.75,close,True,,,,,,,5.0,0.0
2026-10-16T16:00:00-04:00,20261016,0.5384865048095192,C,470.0,827395802,GLD   261016C00470000,GLD,-1.0,-1.0,,-1.0,28.93,,28.93,close,True,,,,,,,3.0,0.0
2026-10-16T16:00:00-04:00,20261016,0.5384865048095192,C,475.0,827395864,GLD   261016C00475000,GLD,-1.0,-1.0,,24.55,27.22,,27.22,close,True,,,,,,,6.0,0.0
2026-10-16T16:00:00-04:00,20261016,0.5384865048095192,C,490.0,827396023,GLD   261016C00490000,GLD,-1.0,-1.0,,19.8,22.52,,22.52,close,True,,,,,,,2.0,0.0
2026-10-16T16:00:00-04:00,20261016,0.5384865048095192,C,495.0,827396083,GLD   261016C00495000,GLD,-1.0,-1.0,,18.5,21.06,,21.06,close,True,,,,,,,11.0,0.0
2026-10-16T16:00:00-04:00,20261016,0.5384865048095192,C,520.0,827396376,GLD   261016C00520000,GLD,-1.0,-1.0,,13.65,15.4,,15.4,close,True,,,,,,,76.0,0.0
2026-10-16T16:00:00-04:00,20261016,0.5384865048095192,C,540.0,827396608,GLD   261016C00540000,GLD,-1.0,-1.0,,10.85,12.11,,12.11,close,True,,,,,,,11.0,0.0
2026-10-16T16:00:00-04:00,20261016,0.5384865048095192,C,560.0,829503079,GLD   261016C00560000,GLD,-1.0,-1.0,,8.6,9.57,,9.57,close,True,,,,,,,42.0,0.0
2026-10-16T16:00:00-04:00,20261016,0.5384865048095192,C,580.0,829503181,GLD   261016C00580000,GLD,-1.0,-1.0,,-1.0,7.74,,7.74,close,True,,,,,,,0.0,0.0
2026-10-16T16:00:00-04:00,20261016,0.5384865048095192,C,600.0,829503297,GLD   261016C00600000,GLD,-1.0,-1.0,,5.6,6.19,,6.19,close,True,,,,,,,92.0,0.0
2026-10-16T16:00:00-04:00,20261016,0.5384865048095192,C,620.0,829503397,GLD   261016C00620000,GLD,-1.0,-1.0,,-1.0,5.15,,5.15,close,True,,,,,,,0.0,0.0
2026-10-16T16:00:00-04:00,20261016,0.5384865048095192,C,645.0,848458575,GLD   261016C00645000,GLD,-1.0,-1.0,,-1.0,4.14,,4.14,close,True,,,,,,,0.0,0.0
2026-10-16T16:00:00-04:00,20261016,0.5384865048095192,C,665.0,848458695,GLD   261016C00665000,GLD,-1.0,-1.0,,-1.0,3.48,,3.48,close,True,,,,,,,0.0,0.0
2026-10-16T16:00:00-04:00,20261016,0.5384865048095192,C,685.0,850108292,GLD   261016C00685000,GLD,-1.0,-1.0,,-1.0,2.98,,2.98,close,True,,,,,,,0.0,0.0
2026-10-16T16:00:00-04:00,20261016,0.5384865048095192,C,705.0,850934376,GLD   261016C00705000,GLD,-1.0,-1.0,,-1.0,2.58,,2.58,close,True,,,,,,,0.0,0.0
2026-10-16T16:00:00-04:00,20261016,0.5384865048095192,C,725.0,850934963,GLD   261016C00725000,GLD,-1.0,-1.0,,-1.0,2.2,,2.2,close,True,,,,,,,0.0,0.0
2026-10-16T16:00:00-04:00,20261016,0.5384865048095192,C,745.0,850935063,GLD   261016C00745000,GLD,-1.0,-1.0,,-1.0,1.81,,1.81,close,True,,,,,,,0.0,0.0
2026-10-16T16:00:00-04:00,20261016,0.5384865048095192,C,780.0,849674079,GLD   261016C00780000,GLD,-1.0,-1.0,,-1.0,1.57,,1.57,close,True,,,,,,,0.0,0.0
2026-10-16T16:00:00-04:00,20261016,0.5384865048095192,C,820.0,849674109,GLD   261016C00820000,GLD,-1.0,-1.0,,-1.0,1.41,,1.41,close,True,,,,,,,0.0,0.0
2026-10-16T16:00:00-04:00,20261016,0.5384865048095192,C,860.0,849674137,GLD   261016C00860000,GLD,-1.0,-1.0,,1.05,1.25,,1.25,close,True,,,,,,,1.0,0.0
2026-10-16T16:00:00-04:00,20261016,0.5384865048095192,C,900.0,849674171,GLD   261016C00900000,GLD,-1.0,-1.0,,0.95,1.09,,1.09,close,True,,,,,,,3.0,0.0
2026-10-16T16:00:00-04:00,20261016,0.5384865048095192,P,230.0,827396908,GLD   261016P00230000,GLD,-1.0,-1.0,,-1.0,0.73,,0.73,close,True,,,,,,,0.0,9.0
2026-10-16T16:00:00-04:00,20261016,0.5384865048095192,P,255.0,827397192,GLD   261016P00255000,GLD,-1.0,-1.0,,-1.0,1.17,,1.17,close,True,,,,,,,1.0,57.0
2026-10-16T16:00:00-04:00,20261016,0.5384865048095192,P,315.0,827015456,GLD   261016P00315000,GLD,-1.0,-1.0,,-1.0,3.47,,3.47,close,True,,,,,,,0.0,267.0
2026-10-16T16:00:00-04:00,20261016,0.5384865048095192,P,375.0,827016191,GLD   261016P00375000,GLD,-1.0,-1.0,,-1.0,12.05,,12.05,close,True,,,,,,,0.0,508.0
2026-10-16T16:00:00-04:00,20261016,0.5384865048095192,P,395.0,827016419,GLD   261016P00395000,GLD,-1.0,-1.0,,-1.0,17.27,,17.27,close,True,,,,,,,0.0,271.0
2026-10-16T16:00:00-04:00,20261016,0.5384865048095192,P,400.0,827016494,GLD   261016P00400000,GLD,-1.0,-1.0,,-1.0,18.83,,18.83,close,True,,,,,,,0.0,962.0
2026-10-16T16:00:00-04:00,20261016,0.5384865048095192,P,405.0,827016554,GLD   261016P00405000,GLD,-1.0,-1.0,,24.6,20.4,,20.4,close,True,,,,,,,25.0,109.0
2026-10-16T16:00:00-04:00,20261016,0.5384865048095192,P,410.0,827016617,GLD   261016P00410000,GLD,-1.0,-1.0,,-1.0,22.12,,22.12,close,True,,,,,,,0.0,2726.0
2026-10-16T16:00:00-04:00,20261016,0.5384865048095192,P,415.0,827016685,GLD   261016P00415000,GLD,-1.0,-1.0,,-1.0,24.0,,24.0,close,True,,,,,,,0.0,647.0
2026-10-16T16:00:00-04:00,20261016,0.5384865048095192,P,420.0,827016734,GLD   261016P00420000,GLD,-1.0,-1.0,,-1.0,26.07,,26.07,close,True,,,,,,,0.0,790.0
2026-10-16T16:00:00-04:00,20261016,0.5384865048095192,P,425.0,827397558,GLD   261016P00425000,GLD,-1.0,-1.0,,33.45,28.17,,28.17,close,True,,,,,,,1.0,138.0
2026-10-16T16:00:00-04:00,20261016,0.5384865048095192,P,430.0,827397623,GLD   261016P00430000,GLD,-1.0,-1.0,,35.75,30.29,,30.29,close,True,,,,,,,5.0,155.0
2026-10-16T16:00:00-04:00,20261016,0.5384865048095192,P,435.0,827397687,GLD   261016P00435000,GLD,-1.0,-1.0,,-1.0,32.61,,32.61,close,True,,,,,,,0.0,252.0
2026-10-16T16:00:00-04:00,20261016,0.5384865048095192,P,440.0,827397747,GLD   261016P00440000,GLD,-1.0,-1.0,,-1.0,35.14,,35.14,close,True,,,,,,,20.0,721.0
2026-10-16T16:00:00-04:00,20261016,0.5384865048095192,P,445.0,827397813,GLD   261016P00445000,GLD,-1.0,-1.0,,-1.0,37.69,,37.69,close,True,,,,,,,0.0,828.0
2026-10-16T16:00:00-04:00,20261016,0.5384865048095192,P,450.0,827397886,GLD   261016P00450000,GLD,-1.0,-1.0,,-1.0,40.41,,40.41,close,True,,,,,,,0.0,528.0
2026-10-16T16:00:00-04:00,20261016,0.5384865048095192,P,455.0,827397945,GLD   261016P00455000,GLD,-1.0,-1.0,,-1.0,43.15,,43.15,close,True,,,,,,,0.0,573.0
2026-10-16T16:00:00-04:00,20261016,0.5384865048095192,P,460.0,827398002,GLD   261016P00460000,GLD,-1.0,-1.0,,-1.0,46.04,,46.04,close,True,,,,,,,0.0,204.0
2026-10-16T16:00:00-04:00,20261016,0.5384865048095192,P,465.0,827398065,GLD   261016P00465000,GLD,-1.0,-1.0,,-1.0,49.15,,49.15,close,True,,,,,,,0.0,297.0
2026-10-16T16:00:00-04:00,20261016,0.5384865048095192,P,470.0,827398143,GLD   261016P00470000,GLD,-1.0,-1.0,,-1.0,52.35,,52.35,close,True,,,,,,,0.0,187.0
2026-10-16T16:00:00-04:00,20261016,0.5384865048095192,P,475.0,827398189,GLD   261016P00475000,GLD,-1.0,-1.0,,62.45,55.67,,55.67,close,True,,,,,,,1.0,259.0
2026-10-16T16:00:00-04:00,20261016,0.5384865048095192,P,490.0,827398354,GLD   261016P00490000,GLD,-1.0,-1.0,,-1.0,66.12,,66.12,close,True,,,,,,,0.0,84.0
2026-10-16T16:00:00-04:00,20261016,0.5384865048095192,P,495.0,827398426,GLD   261016P00495000,GLD,-1.0,-1.0,,-1.0,69.73,,69.73,close,True,,,,,,,0.0,16.0
2026-10-16T16:00:00-04:00,20261016,0.5384865048095192,P,520.0,827398743,GLD   261016P00520000,GLD,-1.0,-1.0,,-1.0,89.49,,89.49,close,True,,,,,,,0.0,14.0
2026-10-16T16:00:00-04:00,20261016,0.5384865048095192,P,540.0,827399013,GLD   261016P00540000,GLD,-1.0,-1.0,,-1.0,106.65,,106.65,close,True,,,,,,,0.0,0.0
2026-10-16T16:00:00-04:00,20261016,0.5384865048095192,P,560.0,829503895,GLD   261016P00560000,GLD,-1.0,-1.0,,-1.0,124.67,,124.67,close,True,,,,,,,0.0,33.0
2026-10-16T16:00:00-04:00,20261016,0.5384865048095192,P,580.0,829503988,GLD   261016P00580000,GLD,-1.0,-1.0,,-1.0,143.43,,143.43,close,True,,,,,,,0.0,15.0
2026-10-16T16:00:00-04:00,20261016,0.5384865048095192,P,600.0,829504082,GLD   261016P00600000,GLD,-1.0,-1.0,,-1.0,162.61,,162.61,close,True,,,,,,,0.0,20.0
2026-10-16T16:00:00-04:00,20261016,0.5384865048095192,P,620.0,829504203,GLD   261016P00620000,GLD,-1.0,-1.0,,-1.0,182.27,,182.27,close,True,,,,,,,0.0,30.0
2026-10-16T16:00:00-04:00,20261016,0.5384865048095192,P,645.0,848458881,GLD   261016P00645000,GLD,-1.0,-1.0,,-1.0,207.18,,207.18,close,True,,,,,,,0.0,0.0
2026-10-16T16:00:00-04:00,20261016,0.5384865048095192,P,665.0,848459040,GLD   261016P00665000,GLD,-1.0,-1.0,,-1.0,227.18,,227.18,close,True,,,,,,,0.0,0.0
2026-10-16T16:00:00-04:00,20261016,0.5384865048095192,P,685.0,850108412,GLD   261016P00685000,GLD,-1.0,-1.0,,-1.0,247.18,,247.18,close,True,,,,,,,0.0,0.0
2026-10-16T16:00:00-04:00,20261016,0.5384865048095192,P,705.0,850935169,GLD   261016P00705000,GLD,-1.0,-1.0,,-1.0,267.18,,267.18,close,True,,,,,,,0.0,0.0
2026-10-16T16:00:00-04:00,20261016,0.5384865048095192,P,725.0,850935301,GLD   261016P00725000,GLD,-1.0,-1.0,,-1.0,287.18,,287.18,close,True,,,,,,,0.0,0.0
2026-10-16T16:00:00-04:00,20261016,0.5384865048095192,P,745.0,850935404,GLD   261016P00745000,GLD,-1.0,-1.0,,-1.0,307.18,,307.18,close,True,,,,,,,0.0,0.0
2026-10-16T16:00:00-04:00,20261016,0.5384865048095192,P,780.0,849674194,GLD   261016P00780000,GLD,-1.0,-1.0,,-1.0,342.18,,342.18,close,True,,,,,,,0.0,0.0
2026-10-16T16:00:00-04:00,20261016,0.5384865048095192,P,820.0,849674222,GLD   261016P00820000,GLD,-1.0,-1.0,,-1.0,382.18,,382.18,close,True,,,,,,,0.0,0.0
2026-10-16T16:00:00-04:00,20261016,0.5384865048095192,P,860.0,849674251,GLD   261016P00860000,GLD,-1.0,-1.0,,-1.0,422.18,,422.18,close,True,,,,,,,0.0,0.0
2026-10-16T16:00:00-04:00,20261016,0.5384865048095192,P,900.0,849674281,GLD   261016P00900000,GLD,-1.0,-1.0,,-1.0,462.18,,462.18,close,True,,,,,,,0.0,0.0
2026-11-20T16:00:00-05:00,20261120,0.6344910710195649,C,230.0,869072680,GLD   261120C00230000,GLD,-1.0,-1.0,,-1.0,215.64,,215.64,close,True,,,,,,,0.0,
2026-11-20T16:00:00-05:00,20261120,0.6344910710195649,C,255.0,838420808,GLD   261120C00255000,GLD,-1.0,-1.0,,-1.0,191.35,,191.35,close,True,,,,,,,0.0,0.0
2026-11-20T16:00:00-05:00,20261120,0.6344910710195649,C,315.0,838421385,GLD   261120C00315000,GLD,-1.0,-1.0,,-1.0,135.42,,135.42,close,True,,,,,,,0.0,0.0
2026-11-20T16:00:00-05:00,20261120,0.6344910710195649,C,375.0,838422047,GLD   261120C00375000,GLD,-1.0,-1.0,,-1.0,86.27,,86.27,close,True,,,,,,,0.0,0.0
2026-11-20T16:00:00-05:00,20261120,0.6344910710195649,C,395.0,838422190,GLD   261120C00395000,GLD,-1.0,-1.0,,-1.0,72.09,,72.09,close,True,,,,,,,0.0,0.0
2026-11-20T16:00:00-05:00,20261120,0.6344910710195649,C,400.0,838422240,GLD   261120C00400000,GLD,-1.0,-1.0,,62.25,68.9,,68.9,close,True,,,,,,,70.0,0.0
2026-11-20T16:00:00-05:00,20261120,0.6344910710195649,C,405.0,838422292,GLD   261120C00405000,GLD,-1.0,-1.0,,-1.0,65.7,,65.7,close,True,,,,,,,0.0,
2026-11-20T16:00:00-05:00,20261120,0.6344910710195649,C,410.0,838422347,GLD   261120C00410000,GLD,-1.0,-1.0,,57.3,62.63,,62.63,close,True,,,,,,,3.0,0.0
2026-11-20T16:00:00-05:00,20261120,0.6344910710195649,C,415.0,838422419,GLD   261120C00415000,GLD,-1.0,-1.0,,-1.0,59.56,,59.56,close,True,,,,,,,0.0,0.0
2026-11-20T16:00:00-05:00,20261120,0.6344910710195649,C,420.0,838422473,GLD   261120C00420000,GLD,-1.0,-1.0,,-1.0,56.48,,56.48,close,True,,,,,,,0.0,0.0
2026-11-20T16:00:00-05:00,20261120,0.6344910710195649,C,425.0,838422532,GLD   261120C00425000,GLD,-1.0,-1.0,,-1.0,53.85,,53.85,close,True,,,,,,,0.0,0.0
2026-11-20T16:00:00-05:00,20261120,0.6344910710195649,C,430.0,838422584,GLD   261120C00430000,GLD,-1.0,-1.0,,46.8,51.22,,51.22,close,True,,,,,,,23.0,
2026-11-20T16:00:00-05:00,20261120,0.6344910710195649,C,435.0,838422631,GLD   261120C00435000,GLD,-1.0,-1.0,,44.01,48.58,,48.58,close,True,,,,,,,1.0,0.0
2026-11-20T16:00:00-05:00,20261120,0.6344910710195649,C,440.0,838422685,GLD   261120C00440000,GLD,-1.0,-1.0,,40.9,45.95,,45.95,close,True,,,,,,,23.0,0.0
2026-11-20T16:00:00-05:00,20261120,0.6344910710195649,C,445.0,838422733,GLD   261120C00445000,GLD,-1.0,-1.0,,-1.0,43.51,,43.51,close,True,,,,,,,0.0,0.0
2026-11-20T16:00:00-05:00,20261120,0.6344910710195649,C,450.0,838422769,GLD   261120C00450000,GLD,-1.0,-1.0,,37.05,41.32,,41.32,close,True,,,,,,,969.0,0.0
2026-11-20T16:00:00-05:00,20261120,0.6344910710195649,C,455.0,838422824,GLD   261120C00455000,GLD,-1.0,-1.0,,33.95,39.13,,39.13,close,True,,,,,,,3.0,0.0
2026-11-20T16:00:00-05:00,20261120,0.6344910710195649,C,460.0,838422879,GLD   261120C00460000,GLD,-1.0,-1.0,,-1.0,37.03,,37.03,close,True,,,,,,,0.0,0.0
2026-11-20T16:00:00-05:00,20261120,0.6344910710195649,C,465.0,838422937,GLD   261120C00465000,GLD,-1.0,-1.0,,-1.0,34.97,,34.97,close,True,,,,,,,0.0,0.0
2026-11-20T16:00:00-05:00,20261120,0.6344910710195649,C,470.0,838422999,GLD   261120C00470000,GLD,-1.0,-1.0,,-1.0,33.1,,33.1,close,True,,,,,,,41.0,0.0
2026-11-20T16:00:00-05:00,20261120,0.6344910710195649,C,475.0,838423049,GLD   261120C00475000,GLD,-1.0,-1.0,,-1.0,31.31,,31.31,close,True,,,,,,,0.0,0.0
2026-11-20T16:00:00-05:00,20261120,0.6344910710195649,C,490.0,838423223,GLD   261120C00490000,GLD,-1.0,-1.0,,-1.0,26.25,,26.25,close,True,,,,,,,0.0,0.0
2026-11-20T16:00:00-05:00,20261120,0.6344910710195649,C,495.0,838423289,GLD   261120C00495000,GLD,-1.0,-1.0,,21.8,24.76,,24.76,close,True,,,,,,,2.0,0.0
2026-11-20T16:00:00-05:00,20261120,0.6344910710195649,C,520.0,838423591,GLD   261120C00520000,GLD,-1.0,-1.0,,-1.0,18.68,,18.68,close,True,,,,,,,0.0,0.0
2026-11-20T16:00:00-05:00,20261120,0.6344910710195649,C,540.0,838423780,GLD   261120C00540000,GLD,-1.0,-1.0,,-1.0,14.97,,14.97,close,True,,,,,,,0.0,0.0
2026-11-20T16:00:00-05:00,20261120,0.6344910710195649,C,560.0,838423972,GLD   261120C00560000,GLD,-1.0,-1.0,,-1.0,12.06,,12.06,close,True,,,,,,,0.0,0.0
2026-11-20T16:00:00-05:00,20261120,0.6344910710195649,C,580.0,838424197,GLD   261120C00580000,GLD,-1.0,-1.0,,-1.0,9.81,,9.81,close,True,,,,,,,0.0,0.0
2026-11-20T16:00:00-05:00,20261120,0.6344910710195649,C,600.0,838424406,GLD   261120C00600000,GLD,-1.0,-1.0,,7.15,8.06,,8.06,close,True,,,,,,,5.0,0.0
2026-11-20T16:00:00-05:00,20261120,0.6344910710195649,C,620.0,845085915,GLD   261120C00620000,GLD,-1.0,-1.0,,-1.0,6.74,,6.74,close,True,,,,,,,1.0,0.0
2026-11-20T16:00:00-05:00,20261120,0.6344910710195649,C,645.0,848459382,GLD   261120C00645000,GLD,-1.0,-1.0,,-1.0,5.53,,5.53,close,True,,,,,,,0.0,0.0
2026-11-20T16:00:00-05:00,20261120,0.6344910710195649,C,665.0,848459650,GLD   261120C00665000,GLD,-1.0,-1.0,,-1.0,4.72,,4.72,close,True,,,,,,,0.0,0.0
2026-11-20T16:00:00-05:00,20261120,0.6344910710195649,C,685.0,850108536,GLD   261120C00685000,GLD,-1.0,-1.0,,-1.0,4.06,,4.06,close,True,,,,,,,0.0,0.0
2026-11-20T16:00:00-05:00,20261120,0.6344910710195649,C,705.0,850935521,GLD   261120C00705000,GLD,-1.0,-1.0,,2.11,3.56,,3.56,close,True,,,,,,,1.0,0.0
2026-11-20T16:00:00-05:00,20261120,0.6344910710195649,C,725.0,850935655,GLD   261120C00725000,GLD,-1.0,-1.0,,-1.0,3.1,,3.1,close,True,,,,,,,0.0,0.0
2026-11-20T16:00:00-05:00,20261120,0.6344910710195649,C,745.0,850935743,GLD   261120C00745000,GLD,-1.0,-1.0,,-1.0,2.64,,2.64,close,True,,,,,,,0.0,0.0
2026-11-20T16:00:00-05:00,20261120,0.6344910710195649,C,780.0,849674304,GLD   261120C00780000,GLD,-1.0,-1.0,,-1.0,2.24,,2.24,close,True,,,,,,,2.0,0.0
2026-11-20T16:00:00-05:00,20261120,0.6344910710195649,C,820.0,849674334,GLD   261120C00820000,GLD,-1.0,-1.0,,1.98,1.97,,1.97,close,True,,,,,,,1.0,0.0
2026-11-20T16:00:00-05:00,20261120,0.6344910710195649,C,860.0,849674364,GLD   261120C00860000,GLD,-1.0,-1.0,,-1.0,1.72,,1.72,close,True,,,,,,,0.0,0.0
2026-11-20T16:00:00-05:00,20261120,0.6344910710195649,C,900.0,849674397,GLD   261120C00900000,GLD,-1.0,-1.0,,1.43,1.49,,1.49,close,True,,,,,,,1.0,0.0
2026-11-20T16:00:00-05:00,20261120,0.6344910710195649,P,230.0,869073227,GLD   261120P00230000,GLD,-1.0,-1.0,,-1.0,1.32,,1.32,close,True,,,,,,,0.0,1.0
2026-11-20T16:00:00-05:00,20261120,0.6344910710195649,P,255.0,838424486,GLD   261120P00255000,GLD,-1.0,-1.0,,-1.0,1.46,,1.46,close,True,,,,,,,0.0,6.0
2026-11-20T16:00:00-05:00,20261120,0.6344910710195649,P,315.0,838425152,GLD   261120P00315000,GLD,-1.0,-1.0,,-1.0,4.18,,4.18,close,True,,,,,,,0.0,369.0
2026-11-20T16:00:00-05:00,20261120,0.6344910710195649,P,375.0,838425743,GLD   261120P00375000,GLD,-1.0,-1.0,,-1.0,13.85,,13.85,close,True,,,,,,,1.0,207.0
2026-11-20T16:00:00-05:00,20261120,0.6344910710195649,P,395.0,838425862,GLD   261120P00395000,GLD,-1.0,-1.0,,-1.0,19.36,,19.36,close,True,,,,,,,0.0,443.0
2026-11-20T16:00:00-05:00,20261120,0.6344910710195649,P,400.0,838425889,GLD   261120P00400000,GLD,-1.0,-1.0,,25.7,21.09,,21.09,close,True,,,,,,,1.0,329.0
2026-11-20T16:00:00-05:00,20261120,0.6344910710195649,P,405.0,838425928,GLD   261120P00405000,GLD,-1.0,-1.0,,-1.0,22.83,,22.83,close,True,,,,,,,0.0,509.0
2026-11-20T16:00:00-05:00,20261120,0.6344910710195649,P,410.0,838425982,GLD   261120P00410000,GLD,,,,,,,,,False,,,,,,,,261.0
2026-11-20T16:00:00-05:00,20261120,0.6344910710195649,P,415.0,838426039,GLD   261120P00415000,GLD,,,,,,,,,False,,,,,,,,146.0
2026-11-20T16:00:00-05:00,20261120,0.6344910710195649,P,420.0,838426099,GLD   261120P00420000,GLD,-1.0,-1.0,,32.45,28.45,,28.45,close,True,,,,,,,25.0,419.0
2026-11-20T16:00:00-05:00,20261120,0.6344910710195649,P,425.0,838426146,GLD   261120P00425000,GLD,-1.0,-1.0,,-1.0,30.78,,30.78,close,True,,,,,,,1.0,209.0
2026-11-20T16:00:00-05:00,20261120,0.6344910710195649,P,430.0,838426190,GLD   261120P00430000,GLD,-1.0,-1.0,,38.01,33.11,,33.11,close,True,,,,,,,23.0,591.0
2026-11-20T16:00:00-05:00,20261120,0.6344910710195649,P,435.0,838426232,GLD   261120P00435000,GLD,-1.0,-1.0,,-1.0,35.45,,35.45,close,True,,,,,,,0.0,163.0
2026-11-20T16:00:00-05:00,20261120,0.6344910710195649,P,440.0,838426287,GLD   261120P00440000,GLD,-1.0,-1.0,,-1.0,37.79,,37.79,close,True,,,,,,,1.0,274.0
2026-11-20T16:00:00-05:00,20261120,0.6344910710195649,P,445.0,838426322,GLD   261120P00445000,GLD,-1.0,-1.0,,-1.0,40.33,,40.33,close,True,,,,,,,0.0,9.0
2026-11-20T16:00:00-05:00,20261120,0.6344910710195649,P,450.0,838426352,GLD   261120P00450000,GLD,-1.0,-1.0,,-1.0,43.13,,43.13,close,True,,,,,,,0.0,161.0
2026-11-20T16:00:00-05:00,20261120,0.6344910710195649,P,455.0,838426403,GLD   261120P00455000,GLD,-1.0,-1.0,,-1.0,45.93,,45.93,close,True,,,,,,,0.0,26.0
2026-11-20T16:00:00-05:00,20261120,0.6344910710195649,P,460.0,838426447,GLD   261120P00460000,GLD,-1.0,-1.0,,-1.0,48.83,,48.83,close,True,,,,,,,0.0,207.0
2026-11-20T16:00:00-05:00,20261120,0.6344910710195649,P,465.0,838426483,GLD   261120P00465000,GLD,-1.0,-1.0,,-1.0,51.79,,51.79,close,True,,,,,,,0.0,92.0
2026-11-20T16:00:00-05:00,20261120,0.6344910710195649,P,470.0,838426514,GLD   261120P00470000,GLD,-1.0,-1.0,,-1.0,54.94,,54.94,close,True,,,,,,,0.0,271.0
2026-11-20T16:00:00-05:00,20261120,0.6344910710195649,P,475.0,838426568,GLD   261120P00475000,GLD,-1.0,-1.0,,-1.0,58.17,,58.17,close,True,,,,,,,0.0,116.0
2026-11-20T16:00:00-05:00,20261120,0.6344910710195649,P,490.0,838426717,GLD   261120P00490000,GLD,-1.0,-1.0,,77.35,68.25,,68.25,close,True,,,,,,,4.0,19.0
2026-11-20T16:00:00-05:00,20261120,0.6344910710195649,P,495.0,838426762,GLD   261120P00495000,GLD,-1.0,-1.0,,80.6,71.82,,71.82,close,True,,,,,,,2.0,1.0
2026-11-20T16:00:00-05:00,20261120,0.6344910710195649,P,520.0,838426952,GLD   261120P00520000,GLD,-1.0,-1.0,,-1.0,91.15,,91.15,close,True,,,,,,,0.0,1.0
2026-11-20T16:00:00-05:00,20261120,0.6344910710195649,P,540.0,838427146,GLD   261120P00540000,GLD,-1.0,-1.0,,-1.0,107.91,,107.91,close,True,,,,,,,0.0,0.0
2026-11-20T16:00:00-05:00,20261120,0.6344910710195649,P,560.0,838427316,GLD   261120P00560000,GLD,-1.0,-1.0,,-1.0,125.57,,125.57,close,True,,,,,,,0.0,5.0
2026-11-20T16:00:00-05:00,20261120,0.6344910710195649,P,580.0,838427486,GLD   261120P00580000,GLD,-1.0,-1.0,,-1.0,143.99,,143.99,close,True,,,,,,,0.0,70.0
2026-11-20T16:00:00-05:00,20261120,0.6344910710195649,P,600.0,838427691,GLD   261120P00600000,GLD,-1.0,-1.0,,-1.0,162.99,,162.99,close,True,,,,,,,0.0,43.0
2026-11-20T16:00:00-05:00,20261120,0.6344910710195649,P,620.0,845086025,GLD   261120P00620000,GLD,-1.0,-1.0,,-1.0,182.43,,182.43,close,True,,,,,,,0.0,26.0
2026-11-20T16:00:00-05:00,20261120,0.6344910710195649,P,645.0,848460058,GLD   261120P00645000,GLD,-1.0,-1.0,,-1.0,207.18,,207.18,close,True,,,,,,,0.0,0.0
2026-11-20T16:00:00-05:00,20261120,0.6344910710195649,P,665.0,848460320,GLD   261120P00665000,GLD,-1.0,-1.0,,-1.0,227.18,,227.18,close,True,,,,,,,0.0,0.0
2026-11-20T16:00:00-05:00,20261120,0.6344910710195649,P,685.0,850108666,GLD   261120P00685000,GLD,-1.0,-1.0,,-1.0,247.18,,247.18,close,True,,,,,,,0.0,0.0
2026-11-20T16:00:00-05:00,20261120,0.6344910710195649,P,705.0,850935871,GLD   261120P00705000,GLD,-1.0,-1.0,,-1.0,267.18,,267.18,close,True,,,,,,,0.0,0.0
2026-11-20T16:00:00-05:00,20261120,0.6344910710195649,P,725.0,850935992,GLD   261120P00725000,GLD,-1.0,-1.0,,-1.0,287.18,,287.18,close,True,,,,,,,0.0,0.0
2026-11-20T16:00:00-05:00,20261120,0.6344910710195649,P,745.0,850936096,GLD   261120P00745000,GLD,-1.0,-1.0,,-1.0,307.18,,307.18,close,True,,,,,,,0.0,0.0
2026-11-20T16:00:00-05:00,20261120,0.6344910710195649,P,780.0,849674416,GLD   261120P00780000,GLD,-1.0,-1.0,,-1.0,342.18,,342.18,close,True,,,,,,,0.0,0.0
2026-11-20T16:00:00-05:00,20261120,0.6344910710195649,P,820.0,849674454,GLD   261120P00820000,GLD,-1.0,-1.0,,-1.0,382.18,,382.18,close,True,,,,,,,0.0,0.0
2026-11-20T16:00:00-05:00,20261120,0.6344910710195649,P,860.0,849674484,GLD   261120P00860000,GLD,-1.0,-1.0,,-1.0,422.18,,422.18,close,True,,,,,,,0.0,0.0
2026-11-20T16:00:00-05:00,20261120,0.6344910710195649,P,900.0,849674513,GLD   261120P00900000,GLD,-1.0,-1.0,,-1.0,462.18,,462.18,close,True,,,,,,,0.0,0.0
2026-12-18T16:00:00-05:00,20261218,0.7112033997866882,C,230.0,869073792,GLD   261218C00230000,GLD,-1.0,-1.0,,-1.0,215.65,,215.65,close,True,,,,,,,0.0,
2026-12-18T16:00:00-05:00,20261218,0.7112033997866882,C,255.0,843266206,GLD   261218C00255000,GLD,-1.0,-1.0,,-1.0,192.05,,192.05,close,True,,,,,,,0.0,0.0
2026-12-18T16:00:00-05:00,20261218,0.7112033997866882,C,315.0,843266737,GLD   261218C00315000,GLD,-1.0,-1.0,,-1.0,136.72,,136.72,close,True,,,,,,,0.0,0.0
2026-12-18T16:00:00-05:00,20261218,0.7112033997866882,C,375.0,843267336,GLD   261218C00375000,GLD,-1.0,-1.0,,-1.0,88.24,,88.24,close,True,,,,,,,0.0,0.0
2026-12-18T16:00:00-05:00,20261218,0.7112033997866882,C,395.0,843267516,GLD   261218C00395000,GLD,-1.0,-1.0,,-1.0,74.43,,74.43,close,True,,,,,,,0.0,0.0
2026-12-18T16:00:00-05:00,20261218,0.7112033997866882,C,400.0,843267561,GLD   261218C00400000,GLD,-1.0,-1.0,,63.7,71.07,,71.07,close,True,,,,,,,5.0,0.0
2026-12-18T16:00:00-05:00,20261218,0.7112033997866882,C,405.0,843267622,GLD   261218C00405000,GLD,-1.0,-1.0,,-1.0,67.94,,67.94,close,True,,,,,,,0.0,0.0
2026-12-18T16:00:00-05:00,20261218,0.7112033997866882,C,410.0,843267653,GLD   261218C00410000,GLD,-1.0,-1.0,,58.0,64.91,,64.91,close,True,,,,,,,2.0,0.0
2026-12-18T16:00:00-05:00,20261218,0.7112033997866882,C,415.0,843267705,GLD   261218C00415000,GLD,-1.0,-1.0,,-1.0,61.88,,61.88,close,True,,,,,,,0.0,0.0
2026-12-18T16:00:00-05:00,20261218,0.7112033997866882,C,420.0,843267745,GLD   261218C00420000,GLD,-1.0,-1.0,,52.5,59.07,,59.07,close,True,,,,,,,3.0,0.0
2026-12-18T16:00:00-05:00,20261218,0.7112033997866882,C,425.0,843267789,GLD   261218C00425000,GLD,-1.0,-1.0,,51.4,56.27,,56.27,close,True,,,,,,,7.0,0.0
2026-12-18T16:00:00-05:00,20261218,0.7112033997866882,C,430.0,843267838,GLD   261218C00430000,GLD,-1.0,-1.0,,50.0,53.59,,53.59,close,True,,,,,,,44.0,0.0
2026-12-18T16:00:00-05:00,20261218,0.7112033997866882,C,435.0,843267905,GLD   261218C00435000,GLD,-1.0,-1.0,,-1.0,51.0,,51.0,close,True,,,,,,,0.0,0.0
2026-12-18T16:00:00-05:00,20261218,0.7112033997866882,C,440.0,843267970,GLD   261218C00440000,GLD,-1.0,-1.0,,44.9,48.48,,48.48,close,True,,,,,,,14.0,0.0
2026-12-18T16:00:00-05:00,20261218,0.7112033997866882,C,445.0,843268027,GLD   261218C00445000,GLD,-1.0,-1.0,,-1.0,46.13,,46.13,close,True,,,,,,,0.0,0.0
2026-12-18T16:00:00-05:00,20261218,0.7112033997866882,C,450.0,843268078,GLD   261218C00450000,GLD,-1.0,-1.0,,39.2,43.85,,43.85,close,True,,,,,,,127.0,0.0
2026-12-18T16:00:00-05:00,20261218,0.7112033997866882,C,455.0,843268128,GLD   261218C00455000,GLD,-1.0,-1.0,,37.4,41.58,,41.58,close,True,,,,,,,126.0,0.0
2026-12-18T16:00:00-05:00,20261218,0.7112033997866882,C,460.0,843268193,GLD   261218C00460000,GLD,-1.0,-1.0,,32.95,39.42,,39.42,close,True,,,,,,,90.0,0.0
2026-12-18T16:00:00-05:00,20261218,0.7112033997866882,C,465.0,843268254,GLD   261218C00465000,GLD,-1.0,-1.0,,-1.0,37.37,,37.37,close,True,,,,,,,2.0,0.0
2026-12-18T16:00:00-05:00,20261218,0.7112033997866882,C,470.0,843268302,GLD   261218C00470000,GLD,-1.0,-1.0,,31.75,35.45,,35.45,close,True,,,,,,,237.0,0.0
2026-12-18T16:00:00-05:00,20261218,0.7112033997866882,C,475.0,843268355,GLD   261218C00475000,GLD,-1.0,-1.0,,29.0,33.68,,33.68,close,True,,,,,,,39.0,0.0
2026-12-18T16:00:00-05:00,20261218,0.7112033997866882,C,490.0,843268501,GLD   261218C00490000,GLD,-1.0,-1.0,,-1.0,28.69,,28.69,close,True,,,,,,,5.0,0.0
2026-12-18T16:00:00-05:00,20261218,0.7112033997866882,C,495.0,843268554,GLD   261218C00495000,GLD,-1.0,-1.0,,-1.0,27.22,,27.22,close,True,,,,,,,2.0,0.0
2026-12-18T16:00:00-05:00,20261218,0.7112033997866882,C,520.0,843268833,GLD   261218C00520000,GLD,-1.0,-1.0,,-1.0,20.92,,20.92,close,True,,,,,,,6.0,0.0
2026-12-18T16:00:00-05:00,20261218,0.7112033997866882,C,540.0,843269038,GLD   261218C00540000,GLD,-1.0,-1.0,,-1.0,16.94,,16.94,close,True,,,,,,,2.0,0.0
2026-12-18T16:00:00-05:00,20261218,0.7112033997866882,C,560.0,843269262,GLD   261218C00560000,GLD,-1.0,-1.0,,12.95,13.87,,13.87,close,True,,,,,,,20.0,0.0
2026-12-18T16:00:00-05:00,20261218,0.7112033997866882,C,580.0,843269483,GLD   261218C00580000,GLD,-1.0,-1.0,,-1.0,11.41,,11.41,close,True,,,,,,,0.0,0.0
2026-12-18T16:00:00-05:00,20261218,0.7112033997866882,C,600.0,843269696,GLD   261218C00600000,GLD,-1.0,-1.0,,8.75,9.52,,9.52,close,True,,,,,,,30.0,0.0
2026-12-18T16:00:00-05:00,20261218,0.7112033997866882,C,620.0,845086100,GLD   261218C00620000,GLD,-1.0,-1.0,,-1.0,8.01,,8.01,close,True,,,,,,,0.0,0.0
2026-12-18T16:00:00-05:00,20261218,0.7112033997866882,C,645.0,848460728,GLD   261218C00645000,GLD,-1.0,-1.0,,-1.0,6.64,,6.64,close,True,,,,,,,0.0,0.0
2026-12-18T16:00:00-05:00,20261218,0.7112033997866882,C,665.0,848461029,GLD   261218C00665000,GLD,-1.0,-1.0,,-1.0,5.77,,5.77,close,True,,,,,,,0.0,0.0
2026-12-18T16:00:00-05:00,20261218,0.7112033997866882,C,685.0,850108787,GLD   261218C00685000,GLD,-1.0,-1.0,,-1.0,5.0,,5.0,close,True,,,,,,,0.0,0.0
2026-12-18T16:00:00-05:00,20261218,0.7112033997866882,C,705.0,850936226,GLD   261218C00705000,GLD,-1.0,-1.0,,-1.0,4.33,,4.33,close,True,,,,,,,2.0,0.0
2026-12-18T16:00:00-05:00,20261218,0.7112033997866882,C,725.0,850936346,GLD   261218C00725000,GLD,-1.0,-1.0,,-1.0,3.95,,3.95,close,True,,,,,,,0.0,0.0
2026-12-18T16:00:00-05:00,20261218,0.7112033997866882,C,745.0,850936444,GLD   261218C00745000,GLD,-1.0,-1.0,,-1.0,3.57,,3.57,close,True,,,,,,,0.0,0.0
2026-12-18T16:00:00-05:00,20261218,0.7112033997866882,C,780.0,849674541,GLD   261218C00780000,GLD,-1.0,-1.0,,-1.0,2.91,,2.91,close,True,,,,,,,49.0,0.0
2026-12-18T16:00:00-05:00,20261218,0.7112033997866882,C,820.0,849674581,GLD   261218C00820000,GLD,-1.0,-1.0,,-1.0,2.53,,2.53,close,True,,,,,,,0.0,0.0
2026-12-18T16:00:00-05:00,20261218,0.7112033997866882,C,860.0,849674610,GLD   261218C00860000,GLD,-1.0,-1.0,,-1.0,2.15,,2.15,close,True,,,,,,,0.0,0.0
2026-12-18T16:00:00-05:00,20261218,0.7112033997866882,C,900.0,849674643,GLD   261218C00900000,GLD,-1.0,-1.0,,2.0,1.92,,1.92,close,True,,,,,,,57.0,0.0
2026-12-18T16:00:00-05:00,20261218,0.7112033997866882,P,230.0,869074327,GLD   261218P00230000,GLD,-1.0,-1.0,,-1.0,0.73,,0.73,close,True,,,,,,,0.0,2.0
2026-12-18T16:00:00-05:00,20261218,0.7112033997866882,P,255.0,843269813,GLD   261218P00255000,GLD,-1.0,-1.0,,1.85,1.49,,1.49,close,True,,,,,,,3.0,412.0
2026-12-18T16:00:00-05:00,20261218,0.7112033997866882,P,315.0,843270444,GLD   261218P00315000,GLD,-1.0,-1.0,,-1.0,4.66,,4.66,close,True,,,,,,,1.0,89.0
2026-12-18T16:00:00-05:00,20261218,0.7112033997866882,P,375.0,843271051,GLD   261218P00375000,GLD,-1.0,-1.0,,-1.0,14.87,,14.87,close,True,,,,,,,0.0,136.0
2026-12-18T16:00:00-05:00,20261218,0.7112033997866882,P,395.0,843271237,GLD   261218P00395000,GLD,-1.0,-1.0,,-1.0,20.72,,20.72,close,True,,,,,,,0.0,558.0
2026-12-18T16:00:00-05:00,20261218,0.7112033997866882,P,400.0,843271283,GLD   261218P00400000,GLD,-1.0,-1.0,,25.75,22.28,,22.28,close,True,,,,,,,1.0,2571.0
2026-12-18T16:00:00-05:00,20261218,0.7112033997866882,P,405.0,843271339,GLD   261218P00405000,GLD,-1.0,-1.0,,-1.0,24.08,,24.08,close,True,,,,,,,0.0,187.0
2026-12-18T16:00:00-05:00,20261218,0.7112033997866882,P,410.0,843271382,GLD   261218P00410000,GLD,-1.0,-1.0,,29.7,25.98,,25.98,close,True,,,,,,,19.0,213.0
2026-12-18T16:00:00-05:00,20261218,0.7112033997866882,P,415.0,843271434,GLD   261218P00415000,GLD,-1.0,-1.0,,-1.0,27.89,,27.89,close,True,,,,,,,0.0,169.0
2026-12-18T16:00:00-05:00,20261218,0.7112033997866882,P,420.0,843271484,GLD   261218P00420000,GLD,-1.0,-1.0,,-1.0,30.02,,30.02,close,True,,,,,,,0.0,497.0
2026-12-18T16:00:00-05:00,20261218,0.7112033997866882,P,425.0,843271559,GLD   261218P00425000,GLD,-1.0,-1.0,,-1.0,32.17,,32.17,close,True,,,,,,,0.0,1720.0
2026-12-18T16:00:00-05:00,20261218,0.7112033997866882,P,430.0,843271619,GLD   261218P00430000,GLD,-1.0,-1.0,,41.87,34.45,,34.45,close,True,,,,,,,1.0,502.0
2026-12-18T16:00:00-05:00,20261218,0.7112033997866882,P,435.0,843271698,GLD   261218P00435000,GLD,-1.0,-1.0,,-1.0,36.83,,36.83,close,True,,,,,,,0.0,570.0
2026-12-18T16:00:00-05:00,20261218,0.7112033997866882,P,440.0,843271757,GLD   261218P00440000,GLD,-1.0,-1.0,,-1.0,39.28,,39.28,close,True,,,,,,,0.0,168.0
2026-12-18T16:00:00-05:00,20261218,0.7112033997866882,P,445.0,843271803,GLD   261218P00445000,GLD,-1.0,-1.0,,-1.0,41.9,,41.9,close,True,,,,,,,0.0,1115.0
2026-12-18T16:00:00-05:00,20261218,0.7112033997866882,P,450.0,843271858,GLD   261218P00450000,GLD,-1.0,-1.0,,-1.0,44.6,,44.6,close,True,,,,,,,0.0,490.0
2026-12-18T16:00:00-05:00,20261218,0.7112033997866882,P,455.0,843271912,GLD   261218P00455000,GLD,-1.0,-1.0,,-1.0,47.32,,47.32,close,True,,,,,,,0.0,149.0
2026-12-18T16:00:00-05:00,20261218,0.7112033997866882,P,460.0,843271968,GLD   261218P00460000,GLD,-1.0,-1.0,,-1.0,50.17,,50.17,close,True,,,,,,,0.0,373.0
2026-12-18T16:00:00-05:00,20261218,0.7112033997866882,P,465.0,843272024,GLD   261218P00465000,GLD,-1.0,-1.0,,58.58,53.13,,53.13,close,True,,,,,,,1.0,1812.0
2026-12-18T16:00:00-05:00,20261218,0.7112033997866882,P,470.0,843272109,GLD   261218P00470000,GLD,-1.0,-1.0,,-1.0,56.22,,56.22,close,True,,,,,,,0.0,346.0
2026-12-18T16:00:00-05:00,20261218,0.7112033997866882,P,475.0,843272172,GLD   261218P00475000,GLD,-1.0,-1.0,,-1.0,59.47,,59.47,close,True,,,,,,,0.0,345.0
2026-12-18T16:00:00-05:00,20261218,0.7112033997866882,P,490.0,843272358,GLD   261218P00490000,GLD,-1.0,-1.0,,-1.0,69.6,,69.6,close,True,,,,,,,0.0,65.0
2026-12-18T16:00:00-05:00,20261218,0.7112033997866882,P,495.0,843272418,GLD   261218P00495000,GLD,-1.0,-1.0,,-1.0,73.19,,73.19,close,True,,,,,,,0.0,27.0
2026-12-18T16:00:00-05:00,20261218,0.7112033997866882,P,520.0,843272783,GLD   261218P00520000,GLD,-1.0,-1.0,,-1.0,92.28,,92.28,close,True,,,,,,,0.0,1.0
2026-12-18T16:00:00-05:00,20261218,0.7112033997866882,P,540.0,843273000,GLD   261218P00540000,GLD,-1.0,-1.0,,-1.0,108.77,,108.77,close,True,,,,,,,0.0,3.0
2026-12-18T16:00:00-05:00,20261218,0.7112033997866882,P,560.0,843273218,GLD   261218P00560000,GLD,-1.0,-1.0,,-1.0,126.26,,126.26,close,True,,,,,,,0.0,2.0
2026-12-18T16:00:00-05:00,20261218,0.7112033997866882,P,580.0,843273464,GLD   261218P00580000,GLD,-1.0,-1.0,,-1.0,144.47,,144.47,close,True,,,,,,,0.0,39.0
2026-12-18T16:00:00-05:00,20261218,0.7112033997866882,P,600.0,843273694,GLD   261218P00600000,GLD,-1.0,-1.0,,-1.0,163.32,,163.32,close,True,,,,,,,0.0,77.0
2026-12-18T16:00:00-05:00,20261218,0.7112033997866882,P,620.0,845086182,GLD   261218P00620000,GLD,-1.0,-1.0,,-1.0,182.59,,182.59,close,True,,,,,,,0.0,25.0
2026-12-18T16:00:00-05:00,20261218,0.7112033997866882,P,645.0,848461395,GLD   261218P00645000,GLD,-1.0,-1.0,,-1.0,207.2,,207.2,close,True,,,,,,,0.0,0.0
2026-12-18T16:00:00-05:00,20261218,0.7112033997866882,P,665.0,848461656,GLD   261218P00665000,GLD,-1.0,-1.0,,-1.0,227.18,,227.18,close,True,,,,,,,0.0,0.0
2026-12-18T16:00:00-05:00,20261218,0.7112033997866882,P,685.0,850108947,GLD   261218P00685000,GLD,-1.0,-1.0,,-1.0,247.18,,247.18,close,True,,,,,,,0.0,0.0
2026-12-18T16:00:00-05:00,20261218,0.7112033997866882,P,705.0,850936554,GLD   261218P00705000,GLD,-1.0,-1.0,,-1.0,267.18,,267.18,close,True,,,,,,,0.0,0.0
2026-12-18T16:00:00-05:00,20261218,0.7112033997866882,P,725.0,850936696,GLD   261218P00725000,GLD,-1.0,-1.0,,-1.0,287.18,,287.18,close,True,,,,,,,0.0,0.0
2026-12-18T16:00:00-05:00,20261218,0.7112033997866882,P,745.0,850936816,GLD   261218P00745000,GLD,-1.0,-1.0,,-1.0,307.18,,307.18,close,True,,,,,,,0.0,0.0
2026-12-18T16:00:00-05:00,20261218,0.7112033997866882,P,780.0,849674666,GLD   261218P00780000,GLD,-1.0,-1.0,,-1.0,342.18,,342.18,close,True,,,,,,,0.0,0.0
2026-12-18T16:00:00-05:00,20261218,0.7112033997866882,P,820.0,849674697,GLD   261218P00820000,GLD,-1.0,-1.0,,-1.0,382.18,,382.18,close,True,,,,,,,0.0,0.0
2026-12-18T16:00:00-05:00,20261218,0.7112033997866882,P,860.0,849674724,GLD   261218P00860000,GLD,-1.0,-1.0,,-1.0,422.18,,422.18,close,True,,,,,,,0.0,0.0
2026-12-18T16:00:00-05:00,20261218,0.7112033997866882,P,900.0,849674758,GLD   261218P00900000,GLD,-1.0,-1.0,,-1.0,462.18,,462.18,close,True,,,,,,,0.0,0.0
2026-12-31T16:00:00-05:00,20261231,0.7468198381428526,C,315.0,843069564,GLD   261231C00315000,GLD,-1.0,-1.0,,-1.0,137.51,,137.51,close,True,,,,,,,0.0,0.0
2026-12-31T16:00:00-05:00,20261231,0.7468198381428526,C,366.0,843070260,GLD   261231C00366000,GLD,-1.0,-1.0,,-1.0,96.01,,96.01,close,True,,,,,,,0.0,0.0
2026-12-31T16:00:00-05:00,20261231,0.7468198381428526,C,375.0,843070629,GLD   261231C00375000,GLD,-1.0,-1.0,,-1.0,89.43,,89.43,close,True,,,,,,,0.0,0.0
2026-12-31T16:00:00-05:00,20261231,0.7468198381428526,C,383.0,843071018,GLD   261231C00383000,GLD,-1.0,-1.0,,-1.0,83.78,,83.78,close,True,,,,,,,0.0,0.0
2026-12-31T16:00:00-05:00,20261231,0.7468198381428526,C,392.0,843071386,GLD   261231C00392000,GLD,-1.0,-1.0,,-1.0,77.65,,77.65,close,True,,,,,,,0.0,0.0
2026-12-31T16:00:00-05:00,20261231,0.7468198381428526,C,393.0,843071441,GLD   261231C00393000,GLD,-1.0,-1.0,,-1.0,76.98,,76.98,close,True,,,,,,,0.0,0.0
2026-12-31T16:00:00-05:00,20261231,0.7468198381428526,C,394.0,843071489,GLD   261231C00394000,GLD,-1.0,-1.0,,-1.0,76.32,,76.32,close,True,,,,,,,0.0,0.0
2026-12-31T16:00:00-05:00,20261231,0.7468198381428526,C,395.0,843071544,GLD   261231C00395000,GLD,-1.0,-1.0,,-1.0,75.65,,75.65,close,True,,,,,,,0.0,0.0
2026-12-31T16:00:00-05:00,20261231,0.7468198381428526,C,396.0,843071597,GLD   261231C00396000,GLD,-1.0,-1.0,,-1.0,74.98,,74.98,close,True,,,,,,,2.0,0.0
2026-12-31T16:00:00-05:00,20261231,0.7468198381428526,C,397.0,843071640,GLD   261231C00397000,GLD,-1.0,-1.0,,-1.0,74.32,,74.32,close,True,,,,,,,0.0,0.0
2026-12-31T16:00:00-05:00,20261231,0.7468198381428526,C,398.0,843071687,GLD   261231C00398000,GLD,-1.0,-1.0,,-1.0,73.65,,73.65,close,True,,,,,,,0.0,0.0
2026-12-31T16:00:00-05:00,20261231,0.7468198381428526,C,399.0,843071732,GLD   261231C00399000,GLD,-1.0,-1.0,,-1.0,73.02,,73.02,close,True,,,,,,,0.0,0.0
2026-12-31T16:00:00-05:00,20261231,0.7468198381428526,C,400.0,843071784,GLD   261231C00400000,GLD,-1.0,-1.0,,65.45,72.39,,72.39,close,True,,,,,,,59.0,0.0
2026-12-31T16:00:00-05:00,20261231,0.7468198381428526,C,401.0,843071839,GLD   261231C00401000,GLD,-1.0,-1.0,,-1.0,71.75,,71.75,close,True,,,,,,,0.0,0.0
2026-12-31T16:00:00-05:00,20261231,0.7468198381428526,C,402.0,843071894,GLD   261231C00402000,GLD,-1.0,-1.0,,-1.0,71.15,,71.15,close,True,,,,,,,0.0,0.0
2026-12-31T16:00:00-05:00,20261231,0.7468198381428526,C,403.0,843071934,GLD   261231C00403000,GLD,-1.0,-1.0,,-1.0,70.54,,70.54,close,True,,,,,,,0.0,0.0
2026-12-31T16:00:00-05:00,20261231,0.7468198381428526,C,404.0,843071994,GLD   261231C00404000,GLD,-1.0,-1.0,,-1.0,69.94,,69.94,close,True,,,,,,,0.0,0.0
2026-12-31T16:00:00-05:00,20261231,0.7468198381428526,C,405.0,843072046,GLD   261231C00405000,GLD,-1.0,-1.0,,-1.0,69.33,,69.33,close,True,,,,,,,0.0,0.0
2026-12-31T16:00:00-05:00,20261231,0.7468198381428526,C,406.0,843072092,GLD   261231C00406000,GLD,-1.0,-1.0,,-1.0,68.72,,68.72,close,True,,,,,,,0.0,0.0
2026-12-31T16:00:00-05:00,20261231,0.7468198381428526,C,407.0,843072139,GLD   261231C00407000,GLD,-1.0,-1.0,,-1.0,68.12,,68.12,close,True,,,,,,,0.0,0.0
2026-12-31T16:00:00-05:00,20261231,0.7468198381428526,C,408.0,843072184,GLD   261231C00408000,GLD,-1.0,-1.0,,-1.0,67.51,,67.51,close,True,,,,,,,0.0,0.0
2026-12-31T16:00:00-05:00,20261231,0.7468198381428526,C,409.0,843072231,GLD   261231C00409000,GLD,-1.0,-1.0,,-1.0,66.91,,66.91,close,True,,,,,,,0.0,0.0
2026-12-31T16:00:00-05:00,20261231,0.7468198381428526,C,410.0,843072278,GLD   261231C00410000,GLD,-1.0,-1.0,,-1.0,66.3,,66.3,close,True,,,,,,,1.0,0.0
2026-12-31T16:00:00-05:00,20261231,0.7468198381428526,C,411.0,843072326,GLD   261231C00411000,GLD,-1.0,-1.0,,-1.0,65.7,,65.7,close,True,,,,,,,0.0,0.0
2026-12-31T16:00:00-05:00,20261231,0.7468198381428526,C,412.0,843072366,GLD   261231C00412000,GLD,-1.0,-1.0,,-1.0,65.09,59.64251796740977,65.09,close,True,0.30314025463082367,0.6562669443598536,0.003269322809725609,1.3599644706396248,-0.10023145671557644,429.31781005859375,2.0,0.0
2026-12-31T16:00:00-05:00,20261231,0.7468198381428526,C,413.0,843072414,GLD   261231C00413000,GLD,-1.0,-1.0,,-1.0,64.48,,64.48,close,True,,,,,,,0.0,0.0
2026-12-31T16:00:00-05:00,20261231,0.7468198381428526,C,414.0,843072459,GLD   261231C00414000,GLD,-1.0,-1.0,,-1.0,63.88,,63.88,close,True,,,,,,,2.0,0.0
2026-12-31T16:00:00-05:00,20261231,0.7468198381428526,C,415.0,843072512,GLD   261231C00415000,GLD,-1.0,-1.0,,57.28,63.27,,63.27,close,True,,,,,,,11.0,0.0
2026-12-31T16:00:00-05:00,20261231,0.7468198381428526,C,416.0,843072566,GLD   261231C00416000,GLD,-1.0,-1.0,,-1.0,62.69,,62.69,close,True,,,,,,,0.0,0.0
2026-12-31T16:00:00-05:00,20261231,0.7468198381428526,C,417.0,843072617,GLD   261231C00417000,GLD,-1.0,-1.0,,-1.0,62.1,,62.1,close,True,,,,,,,2.0,0.0
2026-12-31T16:00:00-05:00,20261231,0.7468198381428526,C,418.0,843072659,GLD   261231C00418000,GLD,-1.0,-1.0,,-1.0,61.56,,61.56,close,True,,,,,,,2.0,0.0
2026-12-31T16:00:00-05:00,20261231,0.7468198381428526,C,419.0,843072716,GLD   261231C00419000,GLD,-1.0,-1.0,,-1.0,61.02,,61.02,close,True,,,,,,,0.0,0.0
2026-12-31T16:00:00-05:00,20261231,0.7468198381428526,C,420.0,843072784,GLD   261231C00420000,GLD,-1.0,-1.0,,-1.0,60.48,,60.48,close,True,,,,,,,0.0,0.0
2026-12-31T16:00:00-05:00,20261231,0.7468198381428526,C,421.0,843072842,GLD   261231C00421000,GLD,-1.0,-1.0,,-1.0,59.94,,59.94,close,True,,,,,,,0.0,0.0
2026-12-31T16:00:00-05:00,20261231,0.7468198381428526,C,422.0,843072889,GLD   261231C00422000,GLD,-1.0,-1.0,,50.0,59.4,,59.4,close,True,,,,,,,2.0,0.0
2026-12-31T16:00:00-05:00,20261231,0.7468198381428526,C,423.0,843072949,GLD   261231C00423000,GLD,-1.0,-1.0,,-1.0,58.87,,58.87,close,True,,,,,,,0.0,0.0
2026-12-31T16:00:00-05:00,20261231,0.7468198381428526,C,424.0,843073002,GLD   261231C00424000,GLD,-1.0,-1.0,,-1.0,58.33,,58.33,close,True,,,,,,,0.0,0.0
2026-12-31T16:00:00-05:00,20261231,0.7468198381428526,C,425.0,843073052,GLD   261231C00425000,GLD,-1.0,-1.0,,-1.0,57.79,,57.79,close,True,,,,,,,0.0,0.0
2026-12-31T16:00:00-05:00,20261231,0.7468198381428526,C,426.0,843073111,GLD   261231C00426000,GLD,-1.0,-1.0,,-1.0,57.25,,57.25,close,True,,,,,,,0.0,0.0
2026-12-31T16:00:00-05:00,20261231,0.7468198381428526,C,427.0,843073169,GLD   261231C00427000,GLD,-1.0,-1.0,,-1.0,56.71,,56.71,close,True,,,,,,,0.0,0.0
2026-12-31T16:00:00-05:00,20261231,0.7468198381428526,C,428.0,843073212,GLD   261231C00428000,GLD,-1.0,-1.0,,-1.0,56.17,,56.17,close,True,,,,,,,398.0,0.0
2026-12-31T16:00:00-05:00,20261231,0.7468198381428526,C,429.0,843073266,GLD   261231C00429000,GLD,-1.0,-1.0,,-1.0,55.63,,55.63,close,True,,,,,,,2.0,0.0
2026-12-31T16:00:00-05:00,20261231,0.7468198381428526,C,430.0,843073313,GLD   261231C00430000,GLD,-1.0,-1.0,,51.0,55.09,,55.09,close,True,,,,,,,18.0,0.0
2026-12-31T16:00:00-05:00,20261231,0.7468198381428526,C,431.0,843073357,GLD   261231C00431000,GLD,-1.0,-1.0,,49.15,54.55,,54.55,close,True,,,,,,,61.0,0.0
2026-12-31T16:00:00-05:00,20261231,0.7468198381428526,C,432.0,843073393,GLD   261231C00432000,GLD,-1.0,-1.0,,-1.0,54.02,,54.02,close,True,,,,,,,4.0,0.0
2026-12-31T16:00:00-05:00,20261231,0.7468198381428526,C,433.0,843073463,GLD   261231C00433000,GLD,-1.0,-1.0,,-1.0,53.48,,53.48,close,True,,,,,,,198.0,0.0
2026-12-31T16:00:00-05:00,20261231,0.7468198381428526,C,434.0,843073489,GLD   261231C00434000,GLD,,,,,52.94,,52.94,close,True,,,,,,,2.0,0.0
2026-12-31T16:00:00-05:00,20261231,0.7468198381428526,C,435.0,843073545,GLD   261231C00435000,GLD,,,,48.25,52.4,,52.4,close,True,,,,,,,4.0,0.0
2026-12-31T16:00:00-05:00,20261231,0.7468198381428526,C,436.0,843073608,GLD   261231C00436000,GLD,-1.0,-1.0,,47.95,51.86,,51.86,close,True,,,,,,,2.0,0.0
2026-12-31T16:00:00-05:00,20261231,0.7468198381428526,C,437.0,843073649,GLD   261231C00437000,GLD,-1.0,-1.0,,-1.0,51.34,,51.34,close,True,,,,,,,0.0,0.0
2026-12-31T16:00:00-05:00,20261231,0.7468198381428526,C,438.0,843073690,GLD   261231C00438000,GLD,-1.0,-1.0,,-1.0,50.82,,50.82,close,True,,,,,,,11.0,0.0
2026-12-31T16:00:00-05:00,20261231,0.7468198381428526,C,440.0,843073728,GLD   261231C00440000,GLD,-1.0,-1.0,,-1.0,49.93,,49.93,close,True,,,,,,,0.0,0.0
2026-12-31T16:00:00-05:00,20261231,0.7468198381428526,C,445.0,843073788,GLD   261231C00445000,GLD,-1.0,-1.0,,-1.0,47.68,,47.68,close,True,,,,,,,0.0,0.0
2026-12-31T16:00:00-05:00,20261231,0.7468198381428526,C,450.0,843073841,GLD   261231C00450000,GLD,-1.0,-1.0,,40.9,45.44,,45.44,close,True,,,,,,,48.0,0.0
2026-12-31T16:00:00-05:00,20261231,0.7468198381428526,C,455.0,843073889,GLD   261231C00455000,GLD,-1.0,-1.0,,-1.0,43.25,,43.25,close,True,,,,,,,0.0,0.0
2026-12-31T16:00:00-05:00,20261231,0.7468198381428526,C,460.0,843073930,GLD   261231C00460000,GLD,-1.0,-1.0,,-1.0,41.08,,41.08,close,True,,,,,,,4.0,0.0
2026-12-31T16:00:00-05:00,20261231,0.7468198381428526,C,465.0,843073971,GLD   261231C00465000,GLD,-1.0,-1.0,,-1.0,38.92,,38.92,close,True,,,,,,,0.0,0.0
2026-12-31T16:00:00-05:00,20261231,0.7468198381428526,C,470.0,843074015,GLD   261231C00470000,GLD,-1.0,-1.0,,33.75,36.9,,36.9,close,True,,,,,,,14.0,0.0
2026-12-31T16:00:00-05:00,20261231,0.7468198381428526,C,475.0,843074064,GLD   261231C00475000,GLD,-1.0,-1.0,,30.99,35.15,,35.15,close,True,,,,,,,18.0,0.0
2026-12-31T16:00:00-05:00,20261231,0.7468198381428526,C,490.0,843074219,GLD   261231C00490000,GLD,-1.0,-1.0,,26.65,29.91,,29.91,close,True,,,,,,,9.0,0.0
2026-12-31T16:00:00-05:00,20261231,0.7468198381428526,C,495.0,843074272,GLD   261231C00495000,GLD,-1.0,-1.0,,25.38,28.52,,28.52,close,True,,,,,,,16.0,0.0
2026-12-31T16:00:00-05:00,20261231,0.7468198381428526,C,520.0,843610182,GLD   261231C00520000,GLD,-1.0,-1.0,,19.75,21.89,,21.89,close,True,,,,,,,4.0,0.0
2026-12-31T16:00:00-05:00,20261231,0.7468198381428526,C,540.0,848461883,GLD   261231C00540000,GLD,-1.0,-1.0,,-1.0,17.89,,17.89,close,True,,,,,,,0.0,0.0
2026-12-31T16:00:00-05:00,20261231,0.7468198381428526,C,560.0,848462172,GLD   261231C00560000,GLD,-1.0,-1.0,,-1.0,14.84,,14.84,close,True,,,,,,,11.0,0.0
2026-12-31T16:00:00-05:00,20261231,0.7468198381428526,C,580.0,849296484,GLD   261231C00580000,GLD,-1.0,-1.0,,-1.0,12.38,,12.38,close,True,,,,,,,2.0,0.0
2026-12-31T16:00:00-05:00,20261231,0.7468198381428526,C,600.0,849296632,GLD   261231C00600000,GLD,-1.0,-1.0,,9.68,10.22,,10.22,close,True,,,,,,,11.0,0.0
2026-12-31T16:00:00-05:00,20261231,0.7468198381428526,C,620.0,849296794,GLD   261231C00620000,GLD,-1.0,-1.0,,-1.0,8.29,,8.29,close,True,,,,,,,2.0,0.0
2026-12-31T16:00:00-05:00,20261231,0.7468198381428526,C,645.0,849296976,GLD   261231C00645000,GLD,-1.0,-1.0,,-1.0,6.84,,6.84,close,True,,,,,,,0.0,0.0
2026-12-31T16:00:00-05:00,20261231,0.7468198381428526,P,315.0,843074756,GLD   261231P00315000,GLD,-1.0,-1.0,,-1.0,5.05,,5.05,close,True,,,,,,,0.0,45.0
2026-12-31T16:00:00-05:00,20261231,0.7468198381428526,P,366.0,843075480,GLD   261231P00366000,GLD,-1.0,-1.0,,-1.0,13.36,,13.36,close,True,,,,,,,0.0,10.0
2026-12-31T16:00:00-05:00,20261231,0.7468198381428526,P,375.0,843075914,GLD   261231P00375000,GLD,-1.0,-1.0,,-1.0,15.6,,15.6,close,True,,,,,,,0.0,62.0
2026-12-31T16:00:00-05:00,20261231,0.7468198381428526,P,383.0,843076319,GLD   261231P00383000,GLD,-1.0,-1.0,,-1.0,17.8,,17.8,close,True,,,,,,,0.0,18.0
2026-12-31T16:00:00-05:00,20261231,0.7468198381428526,P,392.0,843076799,GLD   261231P00392000,GLD,-1.0,-1.0,,-1.0,20.51,,20.51,close,True,,,,,,,0.0,41.0
2026-12-31T16:00:00-05:00,20261231,0.7468198381428526,P,393.0,843076852,GLD   261231P00393000,GLD,-1.0,-1.0,,-1.0,20.83,,20.83,close,True,,,,,,,0.0,297.0
2026-12-31T16:00:00-05:00,20261231,0.7468198381428526,P,394.0,843076891,GLD   261231P00394000,GLD,-1.0,-1.0,,-1.0,21.14,,21.14,close,True,,,,,,,0.0,454.0
2026-12-31T16:00:00-05:00,20261231,0.7468198381428526,P,395.0,843076939,GLD   261231P00395000,GLD,-1.0,-1.0,,-1.0,21.46,,21.46,close,True,,,,,,,0.0,372.0
2026-12-31T16:00:00-05:00,20261231,0.7468198381428526,P,396.0,843076989,GLD   261231P00396000,GLD,-1.0,-1.0,,-1.0,21.78,,21.78,close,True,,,,,,,0.0,23.0
2026-12-31T16:00:00-05:00,20261231,0.7468198381428526,P,397.0,843077039,GLD   261231P00397000,GLD,-1.0,-1.0,,-1.0,22.1,,22.1,close,True,,,,,,,0.0,122.0
2026-12-31T16:00:00-05:00,20261231,0.7468198381428526,P,398.0,843077085,GLD   261231P00398000,GLD,-1.0,-1.0,,-1.0,22.42,,22.42,close,True,,,,,,,0.0,130.0
2026-12-31T16:00:00-05:00,20261231,0.7468198381428526,P,399.0,843077144,GLD   261231P00399000,GLD,-1.0,-1.0,,-1.0,22.77,,22.77,close,True,,,,,,,0.0,239.0
2026-12-31T16:00:00-05:00,20261231,0.7468198381428526,P,400.0,843077197,GLD   261231P00400000,GLD,-1.0,-1.0,,27.12,23.12,,23.12,close,True,,,,,,,19.0,259.0
2026-12-31T16:00:00-05:00,20261231,0.7468198381428526,P,401.0,843077243,GLD   261231P00401000,GLD,-1.0,-1.0,,27.0,23.47,,23.47,close,True,,,,,,,1.0,45.0
2026-12-31T16:00:00-05:00,20261231,0.7468198381428526,P,402.0,843077289,GLD   261231P00402000,GLD,-1.0,-1.0,,-1.0,23.85,,23.85,close,True,,,,,,,0.0,22.0
2026-12-31T16:00:00-05:00,20261231,0.7468198381428526,P,403.0,843077342,GLD   261231P00403000,GLD,-1.0,-1.0,,-1.0,24.23,,24.23,close,True,,,,,,,0.0,15.0
2026-12-31T16:00:00-05:00,20261231,0.7468198381428526,P,404.0,843077408,GLD   261231P00404000,GLD,-1.0,-1.0,,-1.0,24.61,,24.61,close,True,,,,,,,0.0,61.0
2026-12-31T16:00:00-05:00,20261231,0.7468198381428526,P,405.0,843077476,GLD   261231P00405000,GLD,-1.0,-1.0,,29.28,24.99,,24.99,close,True,,,,,,,16.0,19.0
2026-12-31T16:00:00-05:00,20261231,0.7468198381428526,P,406.0,843077544,GLD   261231P00406000,GLD,-1.0,-1.0,,-1.0,25.37,,25.37,close,True,,,,,,,0.0,3.0
2026-12-31T16:00:00-05:00,20261231,0.7468198381428526,P,407.0,843077589,GLD   261231P00407000,GLD,-1.0,-1.0,,-1.0,25.75,,25.75,close,True,,,,,,,0.0,6.0
2026-12-31T16:00:00-05:00,20261231,0.7468198381428526,P,408.0,843077629,GLD   261231P00408000,GLD,-1.0,-1.0,,-1.0,26.13,,26.13,close,True,,,,,,,0.0,7.0
2026-12-31T16:00:00-05:00,20261231,0.7468198381428526,P,409.0,843077681,GLD   261231P00409000,GLD,-1.0,-1.0,,-1.0,26.51,,26.51,close,True,,,,,,,0.0,53.0
2026-12-31T16:00:00-05:00,20261231,0.7468198381428526,P,410.0,843077720,GLD   261231P00410000,GLD,-1.0,-1.0,,-1.0,26.89,,26.89,close,True,,,,,,,4.0,164.0
2026-12-31T16:00:00-05:00,20261231,0.7468198381428526,P,411.0,843077770,GLD   261231P00411000,GLD,-1.0,-1.0,,-1.0,27.27,,27.27,close,True,,,,,,,0.0,5.0
2026-12-31T16:00:00-05:00,20261231,0.7468198381428526,P,412.0,843077825,GLD   261231P00412000,GLD,-1.0,-1.0,,-1.0,27.65,,27.65,close,True,,,,,,,0.0,118.0
2026-12-31T16:00:00-05:00,20261231,0.7468198381428526,P,413.0,843077891,GLD   261231P00413000,GLD,-1.0,-1.0,,-1.0,28.03,,28.03,close,True,,,,,,,0.0,1.0
2026-12-31T16:00:00-05:00,20261231,0.7468198381428526,P,414.0,843077936,GLD   261231P00414000,GLD,-1.0,-1.0,,-1.0,28.41,,28.41,close,True,,,,,,,0.0,6.0
2026-12-31T16:00:00-05:00,20261231,0.7468198381428526,P,415.0,843078004,GLD   261231P00415000,GLD,-1.0,-1.0,,-1.0,28.8,,28.8,close,True,,,,,,,0.0,201.0
2026-12-31T16:00:00-05:00,20261231,0.7468198381428526,P,416.0,843078060,GLD   261231P00416000,GLD,-1.0,-1.0,,-1.0,29.2,,29.2,close,True,,,,,,,0.0,23.0
2026-12-31T16:00:00-05:00,20261231,0.7468198381428526,P,417.0,843078131,GLD   261231P00417000,GLD,-1.0,-1.0,,-1.0,29.6,,29.6,close,True,,,,,,,0.0,14.0
2026-12-31T16:00:00-05:00,20261231,0.7468198381428526,P,418.0,843078184,GLD   261231P00418000,GLD,-1.0,-1.0,,-1.0,30.05,,30.05,close,True,,,,,,,0.0,44.0
2026-12-31T16:00:00-05:00,20261231,0.7468198381428526,P,419.0,843078239,GLD   261231P00419000,GLD,-1.0,-1.0,,-1.0,30.5,,30.5,close,True,,,,,,,0.0,5.0
2026-12-31T16:00:00-05:00,20261231,0.7468198381428526,P,420.0,843078291,GLD   261231P00420000,GLD,-1.0,-1.0,,35.3,30.95,,30.95,close,True,,,,,,,2.0,112.0
2026-12-31T16:00:00-05:00,20261231,0.7468198381428526,P,421.0,843078342,GLD   261231P00421000,GLD,-1.0,-1.0,,-1.0,31.4,,31.4,close,True,,,,,,,0.0,23.0
2026-12-31T16:00:00-05:00,20261231,0.7468198381428526,P,422.0,843078411,GLD   261231P00422000,GLD,-1.0,-1.0,,-1.0,31.85,,31.85,close,True,,,,,,,0.0,12.0
2026-12-31T16:00:00-05:00,20261231,0.7468198381428526,P,423.0,843078469,GLD   261231P00423000,GLD,-1.0,-1.0,,-1.0,32.3,,32.3,close,True,,,,,,,0.0,31.0
2026-12-31T16:00:00-05:00,20261231,0.7468198381428526,P,424.0,843078521,GLD   261231P00424000,GLD,-1.0,-1.0,,-1.0,32.75,,32.75,close,True,,,,,,,0.0,11.0
2026-12-31T16:00:00-05:00,20261231,0.7468198381428526,P,425.0,843078574,GLD   261231P00425000,GLD,-1.0,-1.0,,40.7,33.2,,33.2,close,True,,,,,,,2.0,298.0
2026-12-31T16:00:00-05:00,20261231,0.7468198381428526,P,426.0,843078620,GLD   261231P00426000,GLD,-1.0,-1.0,,-1.0,33.65,,33.65,close,True,,,,,,,0.0,15.0
2026-12-31T16:00:00-05:00,20261231,0.7468198381428526,P,427.0,843078665,GLD   261231P00427000,GLD,-1.0,-1.0,,38.4,34.1,,34.1,close,True,,,,,,,1.0,3.0
2026-12-31T16:00:00-05:00,20261231,0.7468198381428526,P,428.0,843078739,GLD   261231P00428000,GLD,-1.0,-1.0,,-1.0,34.55,,34.55,close,True,,,,,,,0.0,91.0
2026-12-31T16:00:00-05:00,20261231,0.7468198381428526,P,429.0,843078798,GLD   261231P00429000,GLD,-1.0,-1.0,,-1.0,35.01,,35.01,close,True,,,,,,,0.0,21.0
2026-12-31T16:00:00-05:00,20261231,0.7468198381428526,P,430.0,843078858,GLD   261231P00430000,GLD,-1.0,-1.0,,-1.0,35.46,,35.46,close,True,,,,,,,0.0,123.0
2026-12-31T16:00:00-05:00,20261231,0.7468198381428526,P,431.0,843078925,GLD   261231P00431000,GLD,-1.0,-1.0,,-1.0,35.91,,35.91,close,True,,,,,,,0.0,41.0
2026-12-31T16:00:00-05:00,20261231,0.7468198381428526,P,432.0,843078982,GLD   261231P00432000,GLD,-1.0,-1.0,,-1.0,36.36,,36.36,close,True,,,,,,,0.0,1.0
2026-12-31T16:00:00-05:00,20261231,0.7468198381428526,P,433.0,843079034,GLD   261231P00433000,GLD,-1.0,-1.0,,-1.0,36.82,,36.82,close,True,,,,,,,0.0,175.0
2026-12-31T16:00:00-05:00,20261231,0.7468198381428526,P,434.0,843079079,GLD   261231P00434000,GLD,-1.0,-1.0,,-1.0,37.27,,37.27,close,True,,,,,,,0.0,10.0
2026-12-31T16:00:00-05:00,20261231,0.7468198381428526,P,435.0,843079125,GLD   261231P00435000,GLD,-1.0,-1.0,,-1.0,37.72,,37.72,close,True,,,,,,,0.0,151.0
2026-12-31T16:00:00-05:00,20261231,0.7468198381428526,P,436.0,843079179,GLD   261231P00436000,GLD,-1.0,-1.0,,-1.0,38.18,,38.18,close,True,,,,,,,0.0,44.0
2026-12-31T16:00:00-05:00,20261231,0.7468198381428526,P,437.0,843079232,GLD   261231P00437000,GLD,-1.0,-1.0,,-1.0,38.65,,38.65,close,True,,,,,,,0.0,5.0
2026-12-31T16:00:00-05:00,20261231,0.7468198381428526,P,438.0,843079302,GLD   261231P00438000,GLD,-1.0,-1.0,,-1.0,39.13,,39.13,close,True,,,,,,,0.0,276.0
2026-12-31T16:00:00-05:00,20261231,0.7468198381428526,P,440.0,843079344,GLD   261231P00440000,GLD,-1.0,-1.0,,-1.0,40.22,,40.22,close,True,,,,,,,0.0,91.0
2026-12-31T16:00:00-05:00,20261231,0.7468198381428526,P,445.0,843079407,GLD   261231P00445000,GLD,-1.0,-1.0,,-1.0,42.95,,42.95,close,True,,,,,,,0.0,286.0
2026-12-31T16:00:00-05:00,20261231,0.7468198381428526,P,450.0,843079464,GLD   261231P00450000,GLD,-1.0,-1.0,,-1.0,45.69,,45.69,close,True,,,,,,,0.0,657.0
2026-12-31T16:00:00-05:00,20261231,0.7468198381428526,P,455.0,843079529,GLD   261231P00455000,GLD,-1.0,-1.0,,-1.0,48.48,,48.48,close,True,,,,,,,0.0,248.0
2026-12-31T16:00:00-05:00,20261231,0.7468198381428526,P,460.0,843079599,GLD   261231P00460000,GLD,-1.0,-1.0,,-1.0,51.3,,51.3,close,True,,,,,,,0.0,90.0
2026-12-31T16:00:00-05:00,20261231,0.7468198381428526,P,465.0,843079674,GLD   261231P00465000,GLD,-1.0,-1.0,,-1.0,54.16,,54.16,close,True,,,,,,,0.0,74.0
2026-12-31T16:00:00-05:00,20261231,0.7468198381428526,P,470.0,843079733,GLD   261231P00470000,GLD,-1.0,-1.0,,-1.0,57.14,,57.14,close,True,,,,,,,0.0,82.0
2026-12-31T16:00:00-05:00,20261231,0.7468198381428526,P,475.0,843079803,GLD   261231P00475000,GLD,-1.0,-1.0,,-1.0,60.41,,60.41,close,True,,,,,,,0.0,246.0
2026-12-31T16:00:00-05:00,20261231,0.7468198381428526,P,490.0,843079958,GLD   261231P00490000,GLD,-1.0,-1.0,,-1.0,70.29,,70.29,close,True,,,,,,,0.0,40.0
2026-12-31T16:00:00-05:00,20261231,0.7468198381428526,P,495.0,843080023,GLD   261231P00495000,GLD,-1.0,-1.0,,-1.0,73.95,,73.95,close,True,,,,,,,0.0,6.0
2026-12-31T16:00:00-05:00,20261231,0.7468198381428526,P,520.0,843610416,GLD   261231P00520000,GLD,-1.0,-1.0,,-1.0,92.72,,92.72,close,True,,,,,,,0.0,2.0
2026-12-31T16:00:00-05:00,20261231,0.7468198381428526,P,540.0,848462516,GLD   261231P00540000,GLD,-1.0,-1.0,,-1.0,109.18,,109.18,close,True,,,,,,,0.0,0.0
2026-12-31T16:00:00-05:00,20261231,0.7468198381428526,P,560.0,848462843,GLD   261231P00560000,GLD,-1.0,-1.0,,-1.0,126.67,,126.67,close,True,,,,,,,0.0,2.0
2026-12-31T16:00:00-05:00,20261231,0.7468198381428526,P,580.0,849297052,GLD   261231P00580000,GLD,-1.0,-1.0,,-1.0,144.84,,144.84,close,True,,,,,,,0.0,1.0
2026-12-31T16:00:00-05:00,20261231,0.7468198381428526,P,600.0,849297226,GLD   261231P00600000,GLD,-1.0,-1.0,,-1.0,163.47,,163.47,close,True,,,,,,,0.0,13.0
2026-12-31T16:00:00-05:00,20261231,0.7468198381428526,P,620.0,849297381,GLD   261231P00620000,GLD,-1.0,-1.0,,-1.0,182.57,,182.57,close,True,,,,,,,0.0,17.0
2026-12-31T16:00:00-05:00,20261231,0.7468198381428526,P,645.0,849297557,GLD   261231P00645000,GLD,-1.0,-1.0,,-1.0,207.18,,207.18,close,True,,,,,,,0.0,0.0
2027-01-15T16:00:00-05:00,20270115,0.7879157285538115,C,175.0,759656509,GLD   270115C00175000,GLD,-1.0,-1.0,,-1.0,269.36,,269.36,close,True,,,,,,,0.0,
2027-01-15T16:00:00-05:00,20270115,0.7879157285538115,C,198.0,728893883,GLD   270115C00198000,GLD,-1.0,-1.0,,-1.0,247.23,,247.23,close,True,,,,,,,0.0,0.0
2027-01-15T16:00:00-05:00,20270115,0.7879157285538115,C,230.0,728894115,GLD   270115C00230000,GLD,-1.0,-1.0,,-1.0,216.72,,216.72,close,True,,,,,,,0.0,0.0
2027-01-15T16:00:00-05:00,20270115,0.7879157285538115,C,247.0,762981583,GLD   270115C00247000,GLD,-1.0,-1.0,,-1.0,200.52,,200.52,close,True,,,,,,,0.0,0.0
2027-01-15T16:00:00-05:00,20270115,0.7879157285538115,C,255.0,728894301,GLD   270115C00255000,GLD,-1.0,-1.0,,-1.0,192.99,,192.99,close,True,,,,,,,0.0,0.0
2027-01-15T16:00:00-05:00,20270115,0.7879157285538115,C,264.0,762982673,GLD   270115C00264000,GLD,-1.0,-1.0,,-1.0,184.6,,184.6,close,True,,,,,,,0.0,0.0
2027-01-15T16:00:00-05:00,20270115,0.7879157285538115,C,272.0,762983187,GLD   270115C00272000,GLD,-1.0,-1.0,,-1.0,177.17,,177.17,close,True,,,,,,,0.0,0.0
2027-01-15T16:00:00-05:00,20270115,0.7879157285538115,C,281.0,762983715,GLD   270115C00281000,GLD,-1.0,-1.0,,-1.0,168.89,,168.89,close,True,,,,,,,0.0,0.0
2027-01-15T16:00:00-05:00,20270115,0.7879157285538115,C,289.0,762984228,GLD   270115C00289000,GLD,-1.0,-1.0,,-1.0,161.55,,161.55,close,True,,,,,,,0.0,0.0
2027-01-15T16:00:00-05:00,20270115,0.7879157285538115,C,298.0,762984852,GLD   270115C00298000,GLD,-1.0,-1.0,,-1.0,153.37,,153.37,close,True,,,,,,,0.0,0.0
2027-01-15T16:00:00-05:00,20270115,0.7879157285538115,C,307.0,776884728,GLD   270115C00307000,GLD,-1.0,-1.0,,-1.0,145.45,,145.45,close,True,,,,,,,0.0,0.0
2027-01-15T16:00:00-05:00,20270115,0.7879157285538115,C,315.0,731137290,GLD   270115C00315000,GLD,-1.0,-1.0,,-1.0,138.51,,138.51,close,True,,,,,,,1.0,0.0
2027-01-15T16:00:00-05:00,20270115,0.7879157285538115,C,324.0,776885208,GLD   270115C00324000,GLD,-1.0,-1.0,,-1.0,130.76,,130.76,close,True,,,,,,,0.0,0.0
2027-01-15T16:00:00-05:00,20270115,0.7879157285538115,C,332.0,811874818,GLD   270115C00332000,GLD,-1.0,-1.0,,-1.0,124.04,,124.04,close,True,,,,,,,0.0,0.0
2027-01-15T16:00:00-05:00,20270115,0.7879157285538115,C,341.0,811875201,GLD   270115C00341000,GLD,-1.0,-1.0,,-1.0,116.61,,116.61,close,True,,,,,,,0.0,0.0
2027-01-15T16:00:00-05:00,20270115,0.7879157285538115,C,349.0,811875601,GLD   270115C00349000,GLD,-1.0,-1.0,,-1.0,110.25,,110.25,close,True,,,,,,,0.0,0.0
2027-01-15T16:00:00-05:00,20270115,0.7879157285538115,C,358.0,811876009,GLD   270115C00358000,GLD,-1.0,-1.0,,-1.0,103.28,,103.28,close,True,,,,,,,1.0,0.0
2027-01-15T16:00:00-05:00,20270115,0.7879157285538115,C,375.0,731137844,GLD   270115C00375000,GLD,-1.0,-1.0,,84.29,90.68,,90.68,close,True,,,,,,,1.0,0.0
2027-01-15T16:00:00-05:00,20270115,0.7879157285538115,C,395.0,759656782,GLD   270115C00395000,GLD,-1.0,-1.0,,-1.0,77.06,,77.06,close,True,,,,,,,2.0,0.0
2027-01-15T16:00:00-05:00,20270115,0.7879157285538115,C,400.0,761418429,GLD   270115C00400000,GLD,-1.0,-1.0,,67.9,73.84,,73.84,close,True,,,,,,,103.0,0.0
2027-01-15T16:00:00-05:00,20270115,0.7879157285538115,C,405.0,764260513,GLD   270115C00405000,GLD,-1.0,-1.0,,65.6,70.72,,70.72,close,True,,,,,,,11.0,0.0
2027-01-15T16:00:00-05:00,20270115,0.7879157285538115,C,410.0,769169487,GLD   270115C00410000,GLD,-1.0,-1.0,,61.0,67.69,,67.69,close,True,,,,,,,28.0,0.0
2027-01-15T16:00:00-05:00,20270115,0.7879157285538115,C,415.0,770772181,GLD   270115C00415000,GLD,-1.0,-1.0,,59.45,64.79,,64.79,close,True,,,,,,,28.0,0.0
2027-01-15T16:00:00-05:00,20270115,0.7879157285538115,C,420.0,772352864,GLD   270115C00420000,GLD,-1.0,-1.0,,57.0,61.9,,61.9,close,True,,,,,,,34.0,0.0
2027-01-15T16:00:00-05:00,20270115,0.7879157285538115,C,425.0,772834192,GLD   270115C00425000,GLD,-1.0,-1.0,,53.5,59.16,,59.16,close,True,,,,,,,17.0,0.0
2027-01-15T16:00:00-05:00,20270115,0.7879157285538115,C,430.0,772834250,GLD   270115C00430000,GLD,-1.0,-1.0,,51.95,56.41,,56.41,close,True,,,,,,,30.0,0.0
2027-01-15T16:00:00-05:00,20270115,0.7879157285538115,C,435.0,776885391,GLD   270115C00435000,GLD,-1.0,-1.0,,49.5,53.66,,53.66,close,True,,,,,,,471.0,0.0
2027-01-15T16:00:00-05:00,20270115,0.7879157285538115,C,440.0,776885430,GLD   270115C00440000,GLD,-1.0,-1.0,,46.05,51.32,,51.32,close,True,,,,,,,44.0,0.0
2027-01-15T16:00:00-05:00,20270115,0.7879157285538115,C,445.0,776885456,GLD   270115C00445000,GLD,-1.0,-1.0,,45.0,48.98,,48.98,close,True,,,,,,,6.0,0.0
2027-01-15T16:00:00-05:00,20270115,0.7879157285538115,C,450.0,778908528,GLD   270115C00450000,GLD,-1.0,-1.0,,43.04,46.64,,46.64,close,True,,,,,,,178.0,0.0
2027-01-15T16:00:00-05:00,20270115,0.7879157285538115,C,455.0,778908583,GLD   270115C00455000,GLD,-1.0,-1.0,,40.5,44.61,,44.61,close,True,,,,,,,11.0,0.0
2027-01-15T16:00:00-05:00,20270115,0.7879157285538115,C,460.0,778908639,GLD   270115C00460000,GLD,-1.0,-1.0,,35.38,42.58,,42.58,close,True,,,,,,,11.0,0.0
2027-01-15T16:00:00-05:00,20270115,0.7879157285538115,C,465.0,779174794,GLD   270115C00465000,GLD,-1.0,-1.0,,35.75,40.56,,40.56,close,True,,,,,,,227.0,0.0
2027-01-15T16:00:00-05:00,20270115,0.7879157285538115,C,470.0,779174835,GLD   270115C00470000,GLD,-1.0,-1.0,,34.53,38.53,,38.53,close,True,,,,,,,27.0,0.0
2027-01-15T16:00:00-05:00,20270115,0.7879157285538115,C,475.0,813159158,GLD   270115C00475000,GLD,-1.0,-1.0,,30.7,36.62,,36.62,close,True,,,,,,,26.0,0.0
2027-01-15T16:00:00-05:00,20270115,0.7879157285538115,C,490.0,806089226,GLD   270115C00490000,GLD,-1.0,-1.0,,28.6,31.24,,31.24,close,True,,,,,,,54.0,0.0
2027-01-15T16:00:00-05:00,20270115,0.7879157285538115,C,495.0,813159265,GLD   270115C00495000,GLD,-1.0,-1.0,,-1.0,29.55,,29.55,close,True,,,,,,,15.0,0.0
2027-01-15T16:00:00-05:00,20270115,0.7879157285538115,C,520.0,806089357,GLD   270115C00520000,GLD,-1.0,-1.0,,21.08,23.38,,23.38,close,True,,,,,,,9.0,0.0
2027-01-15T16:00:00-05:00,20270115,0.7879157285538115,C,540.0,806089437,GLD   270115C00540000,GLD,-1.0,-1.0,,-1.0,19.14,,19.14,close,True,,,,,,,7.0,0.0
2027-01-15T16:00:00-05:00,20270115,0.7879157285538115,C,560.0,806089527,GLD   270115C00560000,GLD,-1.0,-1.0,,14.1,15.8,,15.8,close,True,,,,,,,113.0,0.0
2027-01-15T16:00:00-05:00,20270115,0.7879157285538115,C,580.0,806089633,GLD   270115C00580000,GLD,-1.0,-1.0,,11.95,13.25,,13.25,close,True,,,,,,,2.0,0.0
2027-01-15T16:00:00-05:00,20270115,0.7879157285538115,C,600.0,806089734,GLD   270115C00600000,GLD,-1.0,-1.0,,10.1,10.85,,10.85,close,True,,,,,,,283.0,0.0
2027-01-15T16:00:00-05:00,20270115,0.7879157285538115,C,620.0,836910431,GLD   270115C00620000,GLD,-1.0,-1.0,,-1.0,9.35,,9.35,close,True,,,,,,,6.0,0.0
2027-01-15T16:00:00-05:00,20270115,0.7879157285538115,C,645.0,848463231,GLD   270115C00645000,GLD,-1.0,-1.0,,-1.0,7.89,,7.89,close,True,,,,,,,0.0,0.0
2027-01-15T16:00:00-05:00,20270115,0.7879157285538115,C,665.0,848463361,GLD   270115C00665000,GLD,-1.0,-1.0,,5.85,7.0,,7.0,close,True,,,,,,,3.0,0.0
2027-01-15T16:00:00-05:00,20270115,0.7879157285538115,C,685.0,850109131,GLD   270115C00685000,GLD,-1.0,-1.0,,-1.0,6.12,,6.12,close,True,,,,,,,0.0,0.0
2027-01-15T16:00:00-05:00,20270115,0.7879157285538115,C,705.0,850937062,GLD   270115C00705000,GLD,,,,5.5,5.44,,5.44,close,True,,,,,,,21.0,0.0
2027-01-15T16:00:00-05:00,20270115,0.7879157285538115,C,725.0,850937154,GLD   270115C00725000,GLD,,,,,,,,,False,,,,,,,,0.0
2027-01-15T16:00:00-05:00,20270115,0.7879157285538115,C,745.0,850937272,GLD   270115C00745000,GLD,-1.0,-1.0,,-1.0,4.56,,4.56,close,True,,,,,,,0.0,0.0
2027-01-15T16:00:00-05:00,20270115,0.7879157285538115,C,780.0,849674788,GLD   270115C00780000,GLD,-1.0,-1.0,,-1.0,3.97,,3.97,close,True,,,,,,,0.0,0.0
2027-01-15T16:00:00-05:00,20270115,0.7879157285538115,C,820.0,849674824,GLD   270115C00820000,GLD,-1.0,-1.0,,-1.0,3.31,,3.31,close,True,,,,,,,6.0,0.0
2027-01-15T16:00:00-05:00,20270115,0.7879157285538115,C,860.0,849674863,GLD   270115C00860000,GLD,-1.0,-1.0,,-1.0,2.74,,2.74,close,True,,,,,,,402.0,0.0
2027-01-15T16:00:00-05:00,20270115,0.7879157285538115,C,900.0,849674896,GLD   270115C00900000,GLD,-1.0,-1.0,,2.25,2.43,,2.43,close,True,,,,,,,75.0,0.0
2027-01-15T16:00:00-05:00,20270115,0.7879157285538115,P,175.0,759656854,GLD   270115P00175000,GLD,-1.0,-1.0,,-1.0,0.4,,0.4,close,True,,,,,,,0.0,66.0
2027-01-15T16:00:00-05:00,20270115,0.7879157285538115,P,198.0,728895004,GLD   270115P00198000,GLD,-1.0,-1.0,,-1.0,0.61,,0.61,close,True,,,,,,,0.0,3.0
2027-01-15T16:00:00-05:00,20270115,0.7879157285538115,P,230.0,728895338,GLD   270115P00230000,GLD,-1.0,-1.0,,-1.0,1.19,,1.19,close,True,,,,,,,0.0,136.0
2027-01-15T16:00:00-05:00,20270115,0.7879157285538115,P,247.0,762985600,GLD   270115P00247000,GLD,-1.0,-1.0,,-1.0,1.5,,1.5,close,True,,,,,,,0.0,41.0
2027-01-15T16:00:00-05:00,20270115,0.7879157285538115,P,255.0,728895540,GLD   270115P00255000,GLD,-1.0,-1.0,,-1.0,1.75,,1.75,close,True,,,,,,,0.0,797.0
2027-01-15T16:00:00-05:00,20270115,0.7879157285538115,P,264.0,762986665,GLD   270115P00264000,GLD,-1.0,-1.0,,-1.0,2.11,,2.11,close,True,,,,,,,0.0,125.0
2027-01-15T16:00:00-05:00,20270115,0.7879157285538115,P,272.0,762987194,GLD   270115P00272000,GLD,-1.0,-1.0,,-1.0,2.45,,2.45,close,True,,,,,,,0.0,653.0
2027-01-15T16:00:00-05:00,20270115,0.7879157285538115,P,281.0,762987799,GLD   270115P00281000,GLD,-1.0,-1.0,,-1.0,2.92,,2.92,close,True,,,,,,,0.0,685.0
2027-01-15T16:00:00-05:00,20270115,0.7879157285538115,P,289.0,762988386,GLD   270115P00289000,GLD,-1.0,-1.0,,-1.0,3.36,,3.36,close,True,,,,,,,0.0,47.0
2027-01-15T16:00:00-05:00,20270115,0.7879157285538115,P,298.0,762988878,GLD   270115P00298000,GLD,-1.0,-1.0,,-1.0,3.94,,3.94,close,True,,,,,,,0.0,1014.0
2027-01-15T16:00:00-05:00,20270115,0.7879157285538115,P,307.0,776885693,GLD   270115P00307000,GLD,-1.0,-1.0,,5.6,4.77,,4.77,close,True,,,,,,,2.0,1222.0
2027-01-15T16:00:00-05:00,20270115,0.7879157285538115,P,315.0,731138015,GLD   270115P00315000,GLD,-1.0,-1.0,,-1.0,5.62,,5.62,close,True,,,,,,,0.0,1382.0
2027-01-15T16:00:00-05:00,20270115,0.7879157285538115,P,324.0,776886216,GLD   270115P00324000,GLD,-1.0,-1.0,,-1.0,6.63,,6.63,close,True,,,,,,,0.0,88.0
2027-01-15T16:00:00-05:00,20270115,0.7879157285538115,P,332.0,811876224,GLD   270115P00332000,GLD,-1.0,-1.0,,-1.0,7.71,,7.71,close,True,,,,,,,0.0,138.0
2027-01-15T16:00:00-05:00,20270115,0.7879157285538115,P,341.0,811876622,GLD   270115P00341000,GLD,-1.0,-1.0,,-1.0,9.06,,9.06,close,True,,,,,,,0.0,22.0
2027-01-15T16:00:00-05:00,20270115,0.7879157285538115,P,349.0,811877060,GLD   270115P00349000,GLD,-1.0,-1.0,,-1.0,10.51,,10.51,close,True,,,,,,,0.0,291.0
2027-01-15T16:00:00-05:00,20270115,0.7879157285538115,P,358.0,811877457,GLD   270115P00358000,GLD,-1.0,-1.0,,-1.0,12.32,,12.32,close,True,,,,,,,226.0,88.0
2027-01-15T16:00:00-05:00,20270115,0.7879157285538115,P,375.0,731138650,GLD   270115P00375000,GLD,-1.0,-1.0,,-1.0,16.35,,16.35,close,True,,,,,,,0.0,2918.0
2027-01-15T16:00:00-05:00,20270115,0.7879157285538115,P,395.0,759657089,GLD   270115P00395000,GLD,-1.0,-1.0,,-1.0,22.35,,22.35,close,True,,,,,,,95.0,5233.0
2027-01-15T16:00:00-05:00,20270115,0.7879157285538115,P,400.0,761418558,GLD   270115P00400000,GLD,-1.0,-1.0,,27.25,24.05,,24.05,close,True,,,,,,,53.0,4246.0
2027-01-15T16:00:00-05:00,20270115,0.7879157285538115,P,405.0,764260722,GLD   270115P00405000,GLD,-1.0,-1.0,,-1.0,25.85,,25.85,close,True,,,,,,,7.0,626.0
2027-01-15T16:00:00-05:00,20270115,0.7879157285538115,P,410.0,769169542,GLD   270115P00410000,GLD,-1.0,-1.0,,-1.0,27.75,,27.75,close,True,,,,,,,2.0,980.0
2027-01-15T16:00:00-05:00,20270115,0.7879157285538115,P,415.0,770772260,GLD   270115P00415000,GLD,-1.0,-1.0,,-1.0,29.78,,29.78,close,True,,,,,,,4.0,3209.0
2027-01-15T16:00:00-05:00,20270115,0.7879157285538115,P,420.0,772352910,GLD   270115P00420000,GLD,-1.0,-1.0,,35.7,31.83,,31.83,close,True,,,,,,,135.0,2515.0
2027-01-15T16:00:00-05:00,20270115,0.7879157285538115,P,425.0,772834305,GLD   270115P00425000,GLD,-1.0,-1.0,,36.7,34.02,,34.02,close,True,,,,,,,19.0,3087.0
2027-01-15T16:00:00-05:00,20270115,0.7879157285538115,P,430.0,772834348,GLD   270115P00430000,GLD,-1.0,-1.0,,40.75,36.23,,36.23,close,True,,,,,,,2.0,3019.0
2027-01-15T16:00:00-05:00,20270115,0.7879157285538115,P,435.0,776886429,GLD   270115P00435000,GLD,-1.0,-1.0,,-1.0,38.44,,38.44,close,True,,,,,,,0.0,2307.0
2027-01-15T16:00:00-05:00,20270115,0.7879157285538115,P,440.0,776886471,GLD   270115P00440000,GLD,-1.0,-1.0,,-1.0,41.06,,41.06,close,True,,,,,,,0.0,1424.0
2027-01-15T16:00:00-05:00,20270115,0.7879157285538115,P,445.0,776886511,GLD   270115P00445000,GLD,-1.0,-1.0,,-1.0,43.68,,43.68,close,True,,,,,,,2.0,613.0
2027-01-15T16:00:00-05:00,20270115,0.7879157285538115,P,450.0,778908699,GLD   270115P00450000,GLD,-1.0,-1.0,,50.88,46.32,,46.32,close,True,,,,,,,4.0,13790.0
2027-01-15T16:00:00-05:00,20270115,0.7879157285538115,P,455.0,778908774,GLD   270115P00455000,GLD,-1.0,-1.0,,54.4,49.28,,49.28,close,True,,,,,,,30.0,459.0
2027-01-15T16:00:00-05:00,20270115,0.7879157285538115,P,460.0,778908825,GLD   270115P00460000,GLD,-1.0,-1.0,,58.0,52.24,,52.24,close,True,,,,,,,1.0,2233.0
2027-01-15T16:00:00-05:00,20270115,0.7879157285538115,P,465.0,779174874,GLD   270115P00465000,GLD,-1.0,-1.0,,-1.0,55.21,,55.21,close,True,,,,,,,0.0,502.0
2027-01-15T16:00:00-05:00,20270115,0.7879157285538115,P,470.0,779174909,GLD   270115P00470000,GLD,-1.0,-1.0,,-1.0,58.19,,58.19,close,True,,,,,,,0.0,678.0
2027-01-15T16:00:00-05:00,20270115,0.7879157285538115,P,475.0,813159313,GLD   270115P00475000,GLD,-1.0,-1.0,,65.7,61.31,,61.31,close,True,,,,,,,3.0,646.0
2027-01-15T16:00:00-05:00,20270115,0.7879157285538115,P,490.0,806089820,GLD   270115P00490000,GLD,-1.0,-1.0,,-1.0,71.04,,71.04,close,True,,,,,,,1.0,3770.0
2027-01-15T16:00:00-05:00,20270115,0.7879157285538115,P,495.0,813159416,GLD   270115P00495000,GLD,-1.0,-1.0,,-1.0,74.41,,74.41,close,True,,,,,,,0.0,99.0
2027-01-15T16:00:00-05:00,20270115,0.7879157285538115,P,520.0,806089959,GLD   270115P00520000,GLD,-1.0,-1.0,,-1.0,93.59,,93.59,close,True,,,,,,,0.0,116.0
2027-01-15T16:00:00-05:00,20270115,0.7879157285538115,P,540.0,806090043,GLD   270115P00540000,GLD,-1.0,-1.0,,-1.0,109.8,,109.8,close,True,,,,,,,0.0,195.0
2027-01-15T16:00:00-05:00,20270115,0.7879157285538115,P,560.0,806090139,GLD   270115P00560000,GLD,-1.0,-1.0,,-1.0,127.03,,127.03,close,True,,,,,,,0.0,1.0
2027-01-15T16:00:00-05:00,20270115,0.7879157285538115,P,580.0,806090251,GLD   270115P00580000,GLD,-1.0,-1.0,,-1.0,145.12,,145.12,close,True,,,,,,,0.0,48.0
2027-01-15T16:00:00-05:00,20270115,0.7879157285538115,P,600.0,806090355,GLD   270115P00600000,GLD,-1.0,-1.0,,-1.0,163.58,,163.58,close,True,,,,,,,0.0,236.0
2027-01-15T16:00:00-05:00,20270115,0.7879157285538115,P,620.0,836911203,GLD   270115P00620000,GLD,-1.0,-1.0,,-1.0,182.83,,182.83,close,True,,,,,,,0.0,1.0
2027-01-15T16:00:00-05:00,20270115,0.7879157285538115,P,645.0,848463599,GLD   270115P00645000,GLD,-1.0,-1.0,,-1.0,207.32,,207.32,close,True,,,,,,,0.0,1.0
2027-01-15T16:00:00-05:00,20270115,0.7879157285538115,P,665.0,848463736,GLD   270115P00665000,GLD,-1.0,-1.0,,-1.0,227.18,,227.18,close,True,,,,,,,0.0,0.0
2027-01-15T16:00:00-05:00,20270115,0.7879157285538115,P,685.0,850109290,GLD   270115P00685000,GLD,-1.0,-1.0,,-1.0,247.18,,247.18,close,True,,,,,,,0.0,0.0
2027-01-15T16:00:00-05:00,20270115,0.7879157285538115,P,705.0,850937409,GLD   270115P00705000,GLD,-1.0,-1.0,,-1.0,267.18,,267.18,close,True,,,,,,,0.0,0.0
2027-01-15T16:00:00-05:00,20270115,0.7879157285538115,P,725.0,850937548,GLD   270115P00725000,GLD,-1.0,-1.0,,-1.0,287.18,,287.18,close,True,,,,,,,0.0,0.0
2027-01-15T16:00:00-05:00,20270115,0.7879157285538115,P,745.0,850937664,GLD   270115P00745000,GLD,-1.0,-1.0,,-1.0,307.18,,307.18,close,True,,,,,,,0.0,0.0
2027-01-15T16:00:00-05:00,20270115,0.7879157285538115,P,780.0,849674924,GLD   270115P00780000,GLD,-1.0,-1.0,,-1.0,342.18,,342.18,close,True,,,,,,,0.0,0.0
2027-01-15T16:00:00-05:00,20270115,0.7879157285538115,P,820.0,849674954,GLD   270115P00820000,GLD,-1.0,-1.0,,-1.0,382.18,,382.18,close,True,,,,,,,0.0,0.0
2027-01-15T16:00:00-05:00,20270115,0.7879157285538115,P,860.0,849674984,GLD   270115P00860000,GLD,-1.0,-1.0,,-1.0,422.18,,422.18,close,True,,,,,,,0.0,0.0
2027-01-15T16:00:00-05:00,20270115,0.7879157285538115,P,900.0,849675016,GLD   270115P00900000,GLD,-1.0,-1.0,,-1.0,462.18,,462.18,close,True,,,,,,,0.0,0.0
2027-03-19T16:00:00-04:00,20270319,0.9604043130286973,C,230.0,869074847,GLD   270319C00230000,GLD,-1.0,-1.0,,-1.0,219.23,,219.23,close,True,,,,,,,0.0,0.0
2027-03-19T16:00:00-04:00,20270319,0.9604043130286973,C,255.0,868230644,GLD   270319C00255000,GLD,-1.0,-1.0,,-1.0,195.76,,195.76,close,True,,,,,,,0.0,0.0
2027-03-19T16:00:00-04:00,20270319,0.9604043130286973,C,315.0,848877295,GLD   270319C00315000,GLD,-1.0,-1.0,,-1.0,141.86,,141.86,close,True,,,,,,,0.0,0.0
2027-03-19T16:00:00-04:00,20270319,0.9604043130286973,C,375.0,848877898,GLD   270319C00375000,GLD,-1.0,-1.0,,-1.0,95.07,,95.07,close,True,,,,,,,0.0,0.0
2027-03-19T16:00:00-04:00,20270319,0.9604043130286973,C,395.0,848878088,GLD   270319C00395000,GLD,-1.0,-1.0,,71.9,81.69,,81.69,close,True,,,,,,,1.0,0.0
2027-03-19T16:00:00-04:00,20270319,0.9604043130286973,C,400.0,848878142,GLD   270319C00400000,GLD,-1.0,-1.0,,73.66,78.59,,78.59,close,True,,,,,,,6.0,0.0
2027-03-19T16:00:00-04:00,20270319,0.9604043130286973,C,405.0,848878207,GLD   270319C00405000,GLD,-1.0,-1.0,,70.35,75.63,,75.63,close,True,,,,,,,2.0,0.0
2027-03-19T16:00:00-04:00,20270319,0.9604043130286973,C,410.0,848878259,GLD   270319C00410000,GLD,-1.0,-1.0,,-1.0,72.68,,72.68,close,True,,,,,,,0.0,0.0
2027-03-19T16:00:00-04:00,20270319,0.9604043130286973,C,415.0,848878307,GLD   270319C00415000,GLD,-1.0,-1.0,,-1.0,69.74,,69.74,close,True,,,,,,,0.0,0.0
2027-03-19T16:00:00-04:00,20270319,0.9604043130286973,C,420.0,848878345,GLD   270319C00420000,GLD,-1.0,-1.0,,61.07,66.87,,66.87,close,True,,,,,,,5.0,0.0
2027-03-19T16:00:00-04:00,20270319,0.9604043130286973,C,425.0,848878379,GLD   270319C00425000,GLD,-1.0,-1.0,,58.6,64.21,,64.21,close,True,,,,,,,6.0,0.0
2027-03-19T16:00:00-04:00,20270319,0.9604043130286973,C,430.0,848878413,GLD   270319C00430000,GLD,-1.0,-1.0,,57.0,61.56,,61.56,close,True,,,,,,,24.0,0.0
2027-03-19T16:00:00-04:00,20270319,0.9604043130286973,C,435.0,848878462,GLD   270319C00435000,GLD,-1.0,-1.0,,53.0,58.9,,58.9,close,True,,,,,,,23.0,0.0
2027-03-19T16:00:00-04:00,20270319,0.9604043130286973,C,440.0,848878514,GLD   270319C00440000,GLD,-1.0,-1.0,,-1.0,56.29,,56.29,close,True,,,,,,,6.0,0.0
2027-03-19T16:00:00-04:00,20270319,0.9604043130286973,C,445.0,848878548,GLD   270319C00445000,GLD,-1.0,-1.0,,49.6,54.04,,54.04,close,True,,,,,,,4.0,0.0
2027-03-19T16:00:00-04:00,20270319,0.9604043130286973,C,450.0,848878603,GLD   270319C00450000,GLD,-1.0,-1.0,,47.0,51.83,,51.83,close,True,,,,,,,12.0,0.0
2027-03-19T16:00:00-04:00,20270319,0.9604043130286973,C,455.0,848878642,GLD   270319C00455000,GLD,-1.0,-1.0,,-1.0,49.61,,49.61,close,True,,,,,,,8.0,0.0
2027-03-19T16:00:00-04:00,20270319,0.9604043130286973,C,460.0,848878676,GLD   270319C00460000,GLD,-1.0,-1.0,,-1.0,47.61,,47.61,close,True,,,,,,,3.0,0.0
2027-03-19T16:00:00-04:00,20270319,0.9604043130286973,C,465.0,848878710,GLD   270319C00465000,GLD,-1.0,-1.0,,38.75,45.6,,45.6,close,True,,,,,,,7.0,0.0
2027-03-19T16:00:00-04:00,20270319,0.9604043130286973,C,470.0,848878756,GLD   270319C00470000,GLD,-1.0,-1.0,,-1.0,43.59,,43.59,close,True,,,,,,,6.0,0.0
2027-03-19T16:00:00-04:00,20270319,0.9604043130286973,C,475.0,848878797,GLD   270319C00475000,GLD,-1.0,-1.0,,38.0,41.58,,41.58,close,True,,,,,,,343.0,0.0
2027-03-19T16:00:00-04:00,20270319,0.9604043130286973,C,490.0,848878913,GLD   270319C00490000,GLD,-1.0,-1.0,,33.56,36.51,,36.51,close,True,,,,,,,106.0,0.0
2027-03-19T16:00:00-04:00,20270319,0.9604043130286973,C,495.0,848878938,GLD   270319C00495000,GLD,-1.0,-1.0,,-1.0,35.03,,35.03,close,True,,,,,,,12.0,0.0
2027-03-19T16:00:00-04:00,20270319,0.9604043130286973,C,520.0,848879088,GLD   270319C00520000,GLD,-1.0,-1.0,,-1.0,27.93,,27.93,close,True,,,,,,,24.0,0.0
2027-03-19T16:00:00-04:00,20270319,0.9604043130286973,C,540.0,848879215,GLD   270319C00540000,GLD,-1.0,-1.0,,21.54,23.6,,23.6,close,True,,,,,,,210.0,0.0
2027-03-19T16:00:00-04:00,20270319,0.9604043130286973,C,560.0,848879356,GLD   270319C00560000,GLD,-1.0,-1.0,,-1.0,20.03,,20.03,close,True,,,,,,,8.0,0.0
2027-03-19T16:00:00-04:00,20270319,0.9604043130286973,C,580.0,848879518,GLD   270319C00580000,GLD,-1.0,-1.0,,-1.0,16.98,,16.98,close,True,,,,,,,20.0,0.0
2027-03-19T16:00:00-04:00,20270319,0.9604043130286973,C,600.0,848879657,GLD   270319C00600000,GLD,-1.0,-1.0,,12.53,14.74,,14.74,close,True,,,,,,,258.0,0.0
2027-03-19T16:00:00-04:00,20270319,0.9604043130286973,C,620.0,848879787,GLD   270319C00620000,GLD,-1.0,-1.0,,-1.0,12.62,,12.62,close,True,,,,,,,0.0,0.0
2027-03-19T16:00:00-04:00,20270319,0.9604043130286973,C,645.0,848879980,GLD   270319C00645000,GLD,-1.0,-1.0,,-1.0,10.33,,10.33,close,True,,,,,,,2.0,0.0
2027-03-19T16:00:00-04:00,20270319,0.9604043130286973,C,665.0,848880137,GLD   270319C00665000,GLD,-1.0,-1.0,,-1.0,9.36,,9.36,close,True,,,,,,,0.0,0.0
2027-03-19T16:00:00-04:00,20270319,0.9604043130286973,C,685.0,848880294,GLD   270319C00685000,GLD,-1.0,-1.0,,-1.0,8.4,,8.4,close,True,,,,,,,0.0,0.0
2027-03-19T16:00:00-04:00,20270319,0.9604043130286973,C,705.0,848880451,GLD   270319C00705000,GLD,-1.0,-1.0,,-1.0,7.46,,7.46,close,True,,,,,,,2.0,0.0
2027-03-19T16:00:00-04:00,20270319,0.9604043130286973,C,725.0,848880597,GLD   270319C00725000,GLD,-1.0,-1.0,,-1.0,6.6,,6.6,close,True,,,,,,,0.0,0.0
2027-03-19T16:00:00-04:00,20270319,0.9604043130286973,C,745.0,848880735,GLD   270319C00745000,GLD,-1.0,-1.0,,-1.0,5.74,,5.74,close,True,,,,,,,6.0,0.0
2027-03-19T16:00:00-04:00,20270319,0.9604043130286973,C,780.0,849675045,GLD   270319C00780000,GLD,-1.0,-1.0,,-1.0,4.84,,4.84,close,True,,,,,,,2.0,0.0
2027-03-19T16:00:00-04:00,20270319,0.9604043130286973,C,820.0,849675075,GLD   270319C00820000,GLD,-1.0,-1.0,,-1.0,4.33,,4.33,close,True,,,,,,,0.0,0.0
2027-03-19T16:00:00-04:00,20270319,0.9604043130286973,C,860.0,849675105,GLD   270319C00860000,GLD,-1.0,-1.0,,-1.0,3.81,,3.81,close,True,,,,,,,0.0,0.0
2027-03-19T16:00:00-04:00,20270319,0.9604043130286973,C,900.0,849675136,GLD   270319C00900000,GLD,-1.0,-1.0,,3.1,3.3,,3.3,close,True,,,,,,,18.0,0.0
2027-03-19T16:00:00-04:00,20270319,0.9604043130286973,P,230.0,869075312,GLD   270319P00230000,GLD,-1.0,-1.0,,-1.0,1.52,,1.52,close,True,,,,,,,0.0,0.0
2027-03-19T16:00:00-04:00,20270319,0.9604043130286973,P,255.0,868230732,GLD   270319P00255000,GLD,-1.0,-1.0,,-1.0,2.19,,2.19,close,True,,,,,,,0.0,0.0
2027-03-19T16:00:00-04:00,20270319,0.9604043130286973,P,315.0,848880880,GLD   270319P00315000,GLD,-1.0,-1.0,,-1.0,6.31,,6.31,close,True,,,,,,,0.0,4.0
2027-03-19T16:00:00-04:00,20270319,0.9604043130286973,P,375.0,848881274,GLD   270319P00375000,GLD,,,,,,,,,False,,,,,,,,21.0
2027-03-19T16:00:00-04:00,20270319,0.9604043130286973,P,395.0,848881400,GLD   270319P00395000,GLD,,,,,,,,,False,,,,,,,,1548.0
2027-03-19T16:00:00-04:00,20270319,0.9604043130286973,P,400.0,848881437,GLD   270319P00400000,GLD,,,,28.8,25.8,,25.8,close,True,,,,,,,1.0,2141.0
2027-03-19T16:00:00-04:00,20270319,0.9604043130286973,P,405.0,848881471,GLD   270319P00405000,GLD,,,,32.0,27.74,,27.74,close,True,,,,,,,30.0,127.0
2027-03-19T16:00:00-04:00,20270319,0.9604043130286973,P,410.0,848881500,GLD   270319P00410000,GLD,,,,,,,,,False,,,,,,,,472.0
2027-03-19T16:00:00-04:00,20270319,0.9604043130286973,P,415.0,848881540,GLD   270319P00415000,GLD,,,,,,,,,False,,,,,,,,202.0
2027-03-19T16:00:00-04:00,20270319,0.9604043130286973,P,420.0,848881577,GLD   270319P00420000,GLD,-1.0,-1.0,,40.5,33.75,,33.75,close,True,,,,,,,1.0,223.0
2027-03-19T16:00:00-04:00,20270319,0.9604043130286973,P,425.0,848881617,GLD   270319P00425000,GLD,-1.0,-1.0,,40.3,36.03,,36.03,close,True,,,,,,,2.0,
2027-03-19T16:00:00-04:00,20270319,0.9604043130286973,P,430.0,848881657,GLD   270319P00430000,GLD,-1.0,-1.0,,45.85,38.31,,38.31,close,True,,,,,,,10.0,1889.0
2027-03-19T16:00:00-04:00,20270319,0.9604043130286973,P,435.0,848881700,GLD   270319P00435000,GLD,-1.0,-1.0,,-1.0,40.6,,40.6,close,True,,,,,,,0.0,
2027-03-19T16:00:00-04:00,20270319,0.9604043130286973,P,440.0,848881736,GLD   270319P00440000,GLD,-1.0,-1.0,,-1.0,42.95,,42.95,close,True,,,,,,,0.0,528.0
2027-03-19T16:00:00-04:00,20270319,0.9604043130286973,P,445.0,848881770,GLD   270319P00445000,GLD,-1.0,-1.0,,-1.0,45.66,,45.66,close,True,,,,,,,0.0,84.0
2027-03-19T16:00:00-04:00,20270319,0.9604043130286973,P,450.0,848881813,GLD   270319P00450000,GLD,-1.0,-1.0,,-1.0,48.42,,48.42,close,True,,,,,,,0.0,249.0
2027-03-19T16:00:00-04:00,20270319,0.9604043130286973,P,455.0,848881861,GLD   270319P00455000,GLD,-1.0,-1.0,,-1.0,51.19,,51.19,close,True,,,,,,,0.0,75.0
2027-03-19T16:00:00-04:00,20270319,0.9604043130286973,P,460.0,848881907,GLD   270319P00460000,GLD,-1.0,-1.0,,-1.0,54.17,,54.17,close,True,,,,,,,0.0,184.0
2027-03-19T16:00:00-04:00,20270319,0.9604043130286973,P,465.0,848881933,GLD   270319P00465000,GLD,-1.0,-1.0,,-1.0,57.16,,57.16,close,True,,,,,,,2.0,119.0
2027-03-19T16:00:00-04:00,20270319,0.9604043130286973,P,470.0,848881972,GLD   270319P00470000,GLD,-1.0,-1.0,,-1.0,60.16,,60.16,close,True,,,,,,,0.0,149.0
2027-03-19T16:00:00-04:00,20270319,0.9604043130286973,P,475.0,848882007,GLD   270319P00475000,GLD,-1.0,-1.0,,-1.0,63.18,,63.18,close,True,,,,,,,0.0,88.0
2027-03-19T16:00:00-04:00,20270319,0.9604043130286973,P,490.0,848882123,GLD   270319P00490000,GLD,-1.0,-1.0,,-1.0,73.21,,73.21,close,True,,,,,,,0.0,1501.0
2027-03-19T16:00:00-04:00,20270319,0.9604043130286973,P,495.0,848882162,GLD   270319P00495000,GLD,-1.0,-1.0,,-1.0,76.77,,76.77,close,True,,,,,,,0.0,17.0
2027-03-19T16:00:00-04:00,20270319,0.9604043130286973,P,520.0,848882381,GLD   270319P00520000,GLD,-1.0,-1.0,,-1.0,95.08,,95.08,close,True,,,,,,,0.0,515.0
2027-03-19T16:00:00-04:00,20270319,0.9604043130286973,P,540.0,848882517,GLD   270319P00540000,GLD,-1.0,-1.0,,-1.0,111.23,,111.23,close,True,,,,,,,0.0,155.0
2027-03-19T16:00:00-04:00,20270319,0.9604043130286973,P,560.0,848882677,GLD   270319P00560000,GLD,-1.0,-1.0,,-1.0,128.25,,128.25,close,True,,,,,,,0.0,107.0
2027-03-19T16:00:00-04:00,20270319,0.9604043130286973,P,580.0,848882846,GLD   270319P00580000,GLD,-1.0,-1.0,,-1.0,145.94,,145.94,close,True,,,,,,,0.0,0.0
2027-03-19T16:00:00-04:00,20270319,0.9604043130286973,P,600.0,848883033,GLD   270319P00600000,GLD,-1.0,-1.0,,175.0,164.44,,164.44,close,True,,,,,,,1.0,7.0
2027-03-19T16:00:00-04:00,20270319,0.9604043130286973,P,620.0,848883239,GLD   270319P00620000,GLD,-1.0,-1.0,,-1.0,183.26,,183.26,close,True,,,,,,,0.0,1.0
2027-03-19T16:00:00-04:00,20270319,0.9604043130286973,P,645.0,848883470,GLD   270319P00645000,GLD,-1.0,-1.0,,-1.0,207.4,,207.4,close,True,,,,,,,0.0,0.0
2027-03-19T16:00:00-04:00,20270319,0.9604043130286973,P,665.0,848883670,GLD   270319P00665000,GLD,-1.0,-1.0,,-1.0,227.18,,227.18,close,True,,,,,,,0.0,0.0
2027-03-19T16:00:00-04:00,20270319,0.9604043130286973,P,685.0,848883862,GLD   270319P00685000,GLD,-1.0,-1.0,,-1.0,247.18,,247.18,close,True,,,,,,,0.0,0.0
2027-03-19T16:00:00-04:00,20270319,0.9604043130286973,P,705.0,848884037,GLD   270319P00705000,GLD,-1.0,-1.0,,-1.0,267.18,,267.18,close,True,,,,,,,0.0,0.0
2027-03-19T16:00:00-04:00,20270319,0.9604043130286973,P,725.0,848884237,GLD   270319P00725000,GLD,-1.0,-1.0,,-1.0,287.18,,287.18,close,True,,,,,,,0.0,0.0
2027-03-19T16:00:00-04:00,20270319,0.9604043130286973,P,745.0,848884417,GLD   270319P00745000,GLD,-1.0,-1.0,,-1.0,307.18,,307.18,close,True,,,,,,,0.0,0.0
2027-03-19T16:00:00-04:00,20270319,0.9604043130286973,P,780.0,849675163,GLD   270319P00780000,GLD,-1.0,-1.0,,-1.0,342.18,,342.18,close,True,,,,,,,0.0,0.0
2027-03-19T16:00:00-04:00,20270319,0.9604043130286973,P,820.0,849675187,GLD   270319P00820000,GLD,-1.0,-1.0,,-1.0,382.18,,382.18,close,True,,,,,,,0.0,0.0
2027-03-19T16:00:00-04:00,20270319,0.9604043130286973,P,860.0,849675216,GLD   270319P00860000,GLD,-1.0,-1.0,,-1.0,422.18,,422.18,close,True,,,,,,,0.0,0.0
2027-03-19T16:00:00-04:00,20270319,0.9604043130286973,P,900.0,849675250,GLD   270319P00900000,GLD,-1.0,-1.0,,-1.0,462.18,,462.18,close,True,,,,,,,0.0,0.0
2027-03-31T16:00:00-04:00,20270331,0.9932810253574644,C,315.0,870310629,GLD   270331C00315000,GLD,-1.0,-1.0,,-1.0,142.5,,142.5,close,True,,,,,,,0.0,
2027-03-31T16:00:00-04:00,20270331,0.9932810253574644,C,375.0,870310872,GLD   270331C00375000,GLD,-1.0,-1.0,,-1.0,95.79,,95.79,close,True,,,,,,,0.0,0.0
2027-03-31T16:00:00-04:00,20270331,0.9932810253574644,C,383.0,870310971,GLD   270331C00383000,GLD,-1.0,-1.0,,-1.0,90.28,,90.28,close,True,,,,,,,0.0,0.0
2027-03-31T16:00:00-04:00,20270331,0.9932810253574644,C,392.0,870311204,GLD   270331C00392000,GLD,-1.0,-1.0,,-1.0,84.39,,84.39,close,True,,,,,,,0.0,0.0
2027-03-31T16:00:00-04:00,20270331,0.9932810253574644,C,393.0,870311231,GLD   270331C00393000,GLD,-1.0,-1.0,,-1.0,83.75,,83.75,close,True,,,,,,,0.0,0.0
2027-03-31T16:00:00-04:00,20270331,0.9932810253574644,C,394.0,870311251,GLD   270331C00394000,GLD,-1.0,-1.0,,-1.0,83.1,,83.1,close,True,,,,,,,0.0,0.0
2027-03-31T16:00:00-04:00,20270331,0.9932810253574644,C,395.0,870311279,GLD   270331C00395000,GLD,-1.0,-1.0,,-1.0,82.48,,82.48,close,True,,,,,,,0.0,0.0
2027-03-31T16:00:00-04:00,20270331,0.9932810253574644,C,396.0,870311307,GLD   270331C00396000,GLD,-1.0,-1.0,,-1.0,81.86,,81.86,close,True,,,,,,,0.0,0.0
2027-03-31T16:00:00-04:00,20270331,0.9932810253574644,C,397.0,870311331,GLD   270331C00397000,GLD,-1.0,-1.0,,75.5,81.24,,81.24,close,True,,,,,,,1.0,0.0
2027-03-31T16:00:00-04:00,20270331,0.9932810253574644,C,398.0,870311352,GLD   270331C00398000,GLD,-1.0,-1.0,,-1.0,80.63,,80.63,close,True,,,,,,,0.0,0.0
2027-03-31T16:00:00-04:00,20270331,0.9932810253574644,C,399.0,870311380,GLD   270331C00399000,GLD,-1.0,-1.0,,-1.0,80.02,,80.02,close,True,,,,,,,0.0,0.0
2027-03-31T16:00:00-04:00,20270331,0.9932810253574644,C,400.0,870311405,GLD   270331C00400000,GLD,-1.0,-1.0,,-1.0,79.42,,79.42,close,True,,,,,,,0.0,0.0
2027-03-31T16:00:00-04:00,20270331,0.9932810253574644,C,401.0,870311424,GLD   270331C00401000,GLD,-1.0,-1.0,,-1.0,78.81,,78.81,close,True,,,,,,,0.0,0.0
2027-03-31T16:00:00-04:00,20270331,0.9932810253574644,C,402.0,870311451,GLD   270331C00402000,GLD,-1.0,-1.0,,-1.0,78.2,,78.2,close,True,,,,,,,0.0,0.0
2027-03-31T16:00:00-04:00,20270331,0.9932810253574644,C,403.0,870311469,GLD   270331C00403000,GLD,-1.0,-1.0,,-1.0,77.59,,77.59,close,True,,,,,,,0.0,0.0
2027-03-31T16:00:00-04:00,20270331,0.9932810253574644,C,404.0,870311492,GLD   270331C00404000,GLD,-1.0,-1.0,,-1.0,76.98,,76.98,close,True,,,,,,,0.0,0.0
2027-03-31T16:00:00-04:00,20270331,0.9932810253574644,C,405.0,870311514,GLD   270331C00405000,GLD,-1.0,-1.0,,-1.0,76.38,,76.38,close,True,,,,,,,0.0,0.0
2027-03-31T16:00:00-04:00,20270331,0.9932810253574644,C,406.0,870311532,GLD   270331C00406000,GLD,-1.0,-1.0,,-1.0,75.77,,75.77,close,True,,,,,,,0.0,0.0
2027-03-31T16:00:00-04:00,20270331,0.9932810253574644,C,407.0,870311560,GLD   270331C00407000,GLD,-1.0,-1.0,,-1.0,75.17,,75.17,close,True,,,,,,,0.0,0.0
2027-03-31T16:00:00-04:00,20270331,0.9932810253574644,C,408.0,870311580,GLD   270331C00408000,GLD,-1.0,-1.0,,-1.0,74.58,,74.58,close,True,,,,,,,0.0,0.0
2027-03-31T16:00:00-04:00,20270331,0.9932810253574644,C,409.0,870311601,GLD   270331C00409000,GLD,-1.0,-1.0,,-1.0,73.98,,73.98,close,True,,,,,,,0.0,0.0
2027-03-31T16:00:00-04:00,20270331,0.9932810253574644,C,410.0,870311628,GLD   270331C00410000,GLD,-1.0,-1.0,,-1.0,73.39,,73.39,close,True,,,,,,,0.0,0.0
2027-03-31T16:00:00-04:00,20270331,0.9932810253574644,C,411.0,870311659,GLD   270331C00411000,GLD,-1.0,-1.0,,-1.0,72.8,,72.8,close,True,,,,,,,0.0,0.0
2027-03-31T16:00:00-04:00,20270331,0.9932810253574644,C,412.0,870311679,GLD   270331C00412000,GLD,-1.0,-1.0,,-1.0,72.2,,72.2,close,True,,,,,,,0.0,0.0
2027-03-31T16:00:00-04:00,20270331,0.9932810253574644,C,413.0,870311701,GLD   270331C00413000,GLD,-1.0,-1.0,,-1.0,71.61,,71.61,close,True,,,,,,,0.0,0.0
2027-03-31T16:00:00-04:00,20270331,0.9932810253574644,C,414.0,870311724,GLD   270331C00414000,GLD,-1.0,-1.0,,-1.0,71.01,,71.01,close,True,,,,,,,0.0,0.0
2027-03-31T16:00:00-04:00,20270331,0.9932810253574644,C,415.0,870311754,GLD   270331C00415000,GLD,-1.0,-1.0,,-1.0,70.42,,70.42,close,True,,,,,,,0.0,0.0
2027-03-31T16:00:00-04:00,20270331,0.9932810253574644,C,416.0,870311771,GLD   270331C00416000,GLD,-1.0,-1.0,,-1.0,69.82,,69.82,close,True,,,,,,,0.0,0.0
2027-03-31T16:00:00-04:00,20270331,0.9932810253574644,C,417.0,870311798,GLD   270331C00417000,GLD,-1.0,-1.0,,-1.0,69.24,,69.24,close,True,,,,,,,0.0,0.0
2027-03-31T16:00:00-04:00,20270331,0.9932810253574644,C,418.0,870311820,GLD   270331C00418000,GLD,-1.0,-1.0,,-1.0,68.66,,68.66,close,True,,,,,,,0.0,0.0
2027-03-31T16:00:00-04:00,20270331,0.9932810253574644,C,419.0,870311854,GLD   270331C00419000,GLD,-1.0,-1.0,,-1.0,68.08,,68.08,close,True,,,,,,,0.0,0.0
2027-03-31T16:00:00-04:00,20270331,0.9932810253574644,C,420.0,870311879,GLD   270331C00420000,GLD,-1.0,-1.0,,62.4,67.54,,67.54,close,True,,,,,,,12.0,0.0
2027-03-31T16:00:00-04:00,20270331,0.9932810253574644,C,421.0,870311904,GLD   270331C00421000,GLD,-1.0,-1.0,,-1.0,67.0,,67.0,close,True,,,,,,,0.0,0.0
2027-03-31T16:00:00-04:00,20270331,0.9932810253574644,C,422.0,870311931,GLD   270331C00422000,GLD,-1.0,-1.0,,61.02,66.45,,66.45,close,True,,,,,,,5.0,0.0
2027-03-31T16:00:00-04:00,20270331,0.9932810253574644,C,423.0,870311957,GLD   270331C00423000,GLD,-1.0,-1.0,,-1.0,65.91,,65.91,close,True,,,,,,,0.0,0.0
2027-03-31T16:00:00-04:00,20270331,0.9932810253574644,C,424.0,870311977,GLD   270331C00424000,GLD,-1.0,-1.0,,-1.0,65.37,,65.37,close,True,,,,,,,0.0,0.0
2027-03-31T16:00:00-04:00,20270331,0.9932810253574644,C,425.0,870312000,GLD   270331C00425000,GLD,-1.0,-1.0,,60.26,64.84,,64.84,close,True,,,,,,,20.0,0.0
2027-03-31T16:00:00-04:00,20270331,0.9932810253574644,C,426.0,870312027,GLD   270331C00426000,GLD,-1.0,-1.0,,-1.0,64.32,,64.32,close,True,,,,,,,0.0,0.0
2027-03-31T16:00:00-04:00,20270331,0.9932810253574644,C,427.0,870312045,GLD   270331C00427000,GLD,-1.0,-1.0,,59.0,63.79,,63.79,close,True,,,,,,,1.0,0.0
2027-03-31T16:00:00-04:00,20270331,0.9932810253574644,C,428.0,870312076,GLD   270331C00428000,GLD,-1.0,-1.0,,-1.0,63.27,,63.27,close,True,,,,,,,0.0,0.0
2027-03-31T16:00:00-04:00,20270331,0.9932810253574644,C,429.0,870312100,GLD   270331C00429000,GLD,-1.0,-1.0,,-1.0,62.74,,62.74,close,True,,,,,,,1.0,0.0
2027-03-31T16:00:00-04:00,20270331,0.9932810253574644,C,430.0,870312136,GLD   270331C00430000,GLD,-1.0,-1.0,,-1.0,62.22,,62.22,close,True,,,,,,,0.0,0.0
2027-03-31T16:00:00-04:00,20270331,0.9932810253574644,C,431.0,870312153,GLD   270331C00431000,GLD,-1.0,-1.0,,-1.0,61.69,,61.69,close,True,,,,,,,2.0,0.0
2027-03-31T16:00:00-04:00,20270331,0.9932810253574644,C,432.0,870312177,GLD   270331C00432000,GLD,-1.0,-1.0,,-1.0,61.17,,61.17,close,True,,,,,,,2.0,0.0
2027-03-31T16:00:00-04:00,20270331,0.9932810253574644,C,433.0,870312192,GLD   270331C00433000,GLD,-1.0,-1.0,,-1.0,60.64,,60.64,close,True,,,,,,,2.0,0.0
2027-03-31T16:00:00-04:00,20270331,0.9932810253574644,C,434.0,870312222,GLD   270331C00434000,GLD,-1.0,-1.0,,-1.0,60.12,,60.12,close,True,,,,,,,5.0,0.0
2027-03-31T16:00:00-04:00,20270331,0.9932810253574644,C,435.0,870312243,GLD   270331C00435000,GLD,-1.0,-1.0,,-1.0,59.59,,59.59,close,True,,,,,,,0.0,0.0
2027-03-31T16:00:00-04:00,20270331,0.9932810253574644,C,436.0,870312257,GLD   270331C00436000,GLD,-1.0,-1.0,,-1.0,59.08,,59.08,close,True,,,,,,,0.0,0.0
2027-03-31T16:00:00-04:00,20270331,0.9932810253574644,C,437.0,870312287,GLD   270331C00437000,GLD,-1.0,-1.0,,-1.0,58.6,,58.6,close,True,,,,,,,2.0,0.0
2027-03-31T16:00:00-04:00,20270331,0.9932810253574644,C,438.0,870312306,GLD   270331C00438000,GLD,-1.0,-1.0,,-1.0,58.12,,58.12,close,True,,,,,,,0.0,0.0
2027-03-31T16:00:00-04:00,20270331,0.9932810253574644,C,439.0,870312328,GLD   270331C00439000,GLD,-1.0,-1.0,,-1.0,57.63,,57.63,close,True,,,,,,,2.0,0.0
2027-03-31T16:00:00-04:00,20270331,0.9932810253574644,C,440.0,870312348,GLD   270331C00440000,GLD,-1.0,-1.0,,-1.0,57.15,,57.15,close,True,,,,,,,2.0,0.0
2027-03-31T16:00:00-04:00,20270331,0.9932810253574644,C,441.0,870312372,GLD   270331C00441000,GLD,-1.0,-1.0,,-1.0,56.67,,56.67,close,True,,,,,,,6.0,0.0
2027-03-31T16:00:00-04:00,20270331,0.9932810253574644,C,442.0,870312402,GLD   270331C00442000,GLD,-1.0,-1.0,,-1.0,56.19,,56.19,close,True,,,,,,,0.0,0.0
2027-03-31T16:00:00-04:00,20270331,0.9932810253574644,C,443.0,870312427,GLD   270331C00443000,GLD,-1.0,-1.0,,-1.0,55.71,,55.71,close,True,,,,,,,2.0,0.0
2027-03-31T16:00:00-04:00,20270331,0.9932810253574644,C,444.0,870312442,GLD   270331C00444000,GLD,-1.0,-1.0,,-1.0,55.23,,55.23,close,True,,,,,,,0.0,0.0
2027-03-31T16:00:00-04:00,20270331,0.9932810253574644,C,445.0,870312471,GLD   270331C00445000,GLD,-1.0,-1.0,,-1.0,54.77,,54.77,close,True,,,,,,,2.0,0.0
2027-03-31T16:00:00-04:00,20270331,0.9932810253574644,C,446.0,870312491,GLD   270331C00446000,GLD,-1.0,-1.0,,-1.0,54.32,,54.32,close,True,,,,,,,2.0,0.0
2027-03-31T16:00:00-04:00,20270331,0.9932810253574644,C,447.0,870312514,GLD   270331C00447000,GLD,-1.0,-1.0,,-1.0,53.86,,53.86,close,True,,,,,,,0.0,0.0
2027-03-31T16:00:00-04:00,20270331,0.9932810253574644,C,448.0,870312540,GLD   270331C00448000,GLD,-1.0,-1.0,,-1.0,53.41,,53.41,close,True,,,,,,,0.0,0.0
2027-03-31T16:00:00-04:00,20270331,0.9932810253574644,C,449.0,870312564,GLD   270331C00449000,GLD,-1.0,-1.0,,-1.0,52.95,,52.95,close,True,,,,,,,0.0,0.0
2027-03-31T16:00:00-04:00,20270331,0.9932810253574644,C,450.0,870312587,GLD   270331C00450000,GLD,-1.0,-1.0,,49.0,52.5,,52.5,close,True,,,,,,,3.0,0.0
2027-03-31T16:00:00-04:00,20270331,0.9932810253574644,C,451.0,870312597,GLD   270331C00451000,GLD,-1.0,-1.0,,-1.0,52.04,,52.04,close,True,,,,,,,0.0,0.0
2027-03-31T16:00:00-04:00,20270331,0.9932810253574644,C,452.0,870312626,GLD   270331C00452000,GLD,-1.0,-1.0,,-1.0,51.59,,51.59,close,True,,,,,,,0.0,0.0
2027-03-31T16:00:00-04:00,20270331,0.9932810253574644,C,453.0,870312645,GLD   270331C00453000,GLD,-1.0,-1.0,,-1.0,51.14,,51.14,close,True,,,,,,,0.0,0.0
2027-03-31T16:00:00-04:00,20270331,0.9932810253574644,C,454.0,870312670,GLD   270331C00454000,GLD,-1.0,-1.0,,-1.0,50.68,,50.68,close,True,,,,,,,0.0,0.0
2027-03-31T16:00:00-04:00,20270331,0.9932810253574644,C,455.0,870312694,GLD   270331C00455000,GLD,-1.0,-1.0,,-1.0,50.23,,50.23,close,True,,,,,,,0.0,0.0
2027-03-31T16:00:00-04:00,20270331,0.9932810253574644,C,456.0,870312723,GLD   270331C00456000,GLD,-1.0,-1.0,,-1.0,49.78,,49.78,close,True,,,,,,,0.0,0.0
2027-03-31T16:00:00-04:00,20270331,0.9932810253574644,C,457.0,870312751,GLD   270331C00457000,GLD,-1.0,-1.0,,-1.0,49.33,,49.33,close,True,,,,,,,0.0,0.0
2027-03-31T16:00:00-04:00,20270331,0.9932810253574644,C,458.0,870312771,GLD   270331C00458000,GLD,-1.0,-1.0,,-1.0,48.88,,48.88,close,True,,,,,,,0.0,0.0
2027-03-31T16:00:00-04:00,20270331,0.9932810253574644,C,459.0,870312786,GLD   270331C00459000,GLD,,,,,,,,,False,,,,,,,,0.0
2027-03-31T16:00:00-04:00,20270331,0.9932810253574644,C,460.0,870312811,GLD   270331C00460000,GLD,,,,,,,,,False,,,,,,,,0.0
2027-03-31T16:00:00-04:00,20270331,0.9932810253574644,C,461.0,870312832,GLD   270331C00461000,GLD,-1.0,-1.0,,-1.0,47.68,,47.68,close,True,,,,,,,0.0,0.0
2027-03-31T16:00:00-04:00,20270331,0.9932810253574644,C,462.0,870312847,GLD   270331C00462000,GLD,-1.0,-1.0,,-1.0,47.29,,47.29,close,True,,,,,,,0.0,0.0
2027-03-31T16:00:00-04:00,20270331,0.9932810253574644,C,463.0,870312871,GLD   270331C00463000,GLD,-1.0,-1.0,,-1.0,46.89,,46.89,close,True,,,,,,,0.0,0.0
2027-03-31T16:00:00-04:00,20270331,0.9932810253574644,C,464.0,870312889,GLD   270331C00464000,GLD,-1.0,-1.0,,-1.0,46.51,,46.51,close,True,,,,,,,0.0,0.0
2027-03-31T16:00:00-04:00,20270331,0.9932810253574644,C,465.0,870312917,GLD   270331C00465000,GLD,-1.0,-1.0,,-1.0,46.12,,46.12,close,True,,,,,,,0.0,0.0
2027-03-31T16:00:00-04:00,20270331,0.9932810253574644,C,470.0,870312946,GLD   270331C00470000,GLD,-1.0,-1.0,,-1.0,44.2,,44.2,close,True,,,,,,,2.0,0.0
2027-03-31T16:00:00-04:00,20270331,0.9932810253574644,C,475.0,870312975,GLD   270331C00475000,GLD,-1.0,-1.0,,-1.0,42.27,,42.27,close,True,,,,,,,8.0,0.0
2027-03-31T16:00:00-04:00,20270331,0.9932810253574644,C,490.0,870313065,GLD   270331C00490000,GLD,-1.0,-1.0,,-1.0,37.14,,37.14,close,True,,,,,,,6.0,0.0
2027-03-31T16:00:00-04:00,20270331,0.9932810253574644,C,495.0,870313107,GLD   270331C00495000,GLD,-1.0,-1.0,,-1.0,35.54,,35.54,close,True,,,,,,,2.0,0.0
2027-03-31T16:00:00-04:00,20270331,0.9932810253574644,C,520.0,870313271,GLD   270331C00520000,GLD,-1.0,-1.0,,-1.0,28.5,,28.5,close,True,,,,,,,2.0,0.0
2027-03-31T16:00:00-04:00,20270331,0.9932810253574644,C,540.0,870313392,GLD   270331C00540000,GLD,-1.0,-1.0,,22.0,24.06,,24.06,close,True,,,,,,,3.0,0.0
2027-03-31T16:00:00-04:00,20270331,0.9932810253574644,P,315.0,870313617,GLD   270331P00315000,GLD,-1.0,-1.0,,-1.0,6.66,,6.66,close,True,,,,,,,0.0,0.0
2027-03-31T16:00:00-04:00,20270331,0.9932810253574644,P,375.0,870313954,GLD   270331P00375000,GLD,-1.0,-1.0,,-1.0,18.2,,18.2,close,True,,,,,,,0.0,1.0
2027-03-31T16:00:00-04:00,20270331,0.9932810253574644,P,383.0,870314033,GLD   270331P00383000,GLD,-1.0,-1.0,,-1.0,20.49,,20.49,close,True,,,,,,,0.0,0.0
2027-03-31T16:00:00-04:00,20270331,0.9932810253574644,P,392.0,870314214,GLD   270331P00392000,GLD,-1.0,-1.0,,-1.0,23.41,,23.41,close,True,,,,,,,0.0,0.0
2027-03-31T16:00:00-04:00,20270331,0.9932810253574644,P,393.0,870314232,GLD   270331P00393000,GLD,-1.0,-1.0,,-1.0,23.74,,23.74,close,True,,,,,,,0.0,0.0
2027-03-31T16:00:00-04:00,20270331,0.9932810253574644,P,394.0,870314263,GLD   270331P00394000,GLD,-1.0,-1.0,,-1.0,24.07,,24.07,close,True,,,,,,,0.0,0.0
2027-03-31T16:00:00-04:00,20270331,0.9932810253574644,P,395.0,870314276,GLD   270331P00395000,GLD,-1.0,-1.0,,-1.0,24.43,,24.43,close,True,,,,,,,0.0,0.0
2027-03-31T16:00:00-04:00,20270331,0.9932810253574644,P,396.0,870314298,GLD   270331P00396000,GLD,-1.0,-1.0,,-1.0,24.79,,24.79,close,True,,,,,,,0.0,0.0
2027-03-31T16:00:00-04:00,20270331,0.9932810253574644,P,397.0,870314317,GLD   270331P00397000,GLD,-1.0,-1.0,,-1.0,25.15,,25.15,close,True,,,,,,,0.0,0.0
2027-03-31T16:00:00-04:00,20270331,0.9932810253574644,P,398.0,870314341,GLD   270331P00398000,GLD,-1.0,-1.0,,-1.0,25.52,,25.52,close,True,,,,,,,0.0,0.0
2027-03-31T16:00:00-04:00,20270331,0.9932810253574644,P,399.0,870314366,GLD   270331P00399000,GLD,-1.0,-1.0,,-1.0,25.89,,25.89,close,True,,,,,,,0.0,0.0
2027-03-31T16:00:00-04:00,20270331,0.9932810253574644,P,400.0,870314389,GLD   270331P00400000,GLD,,,,,,,,,False,,,,,,,,0.0
2027-03-31T16:00:00-04:00,20270331,0.9932810253574644,P,401.0,870314412,GLD   270331P00401000,GLD,,,,,,,,,False,,,,,,,,0.0
2027-03-31T16:00:00-04:00,20270331,0.9932810253574644,P,402.0,870314442,GLD   270331P00402000,GLD,-1.0,-1.0,,-1.0,27.01,,27.01,close,True,,,,,,,0.0,0.0
2027-03-31T16:00:00-04:00,20270331,0.9932810253574644,P,403.0,870314462,GLD   270331P00403000,GLD,-1.0,-1.0,,-1.0,27.38,,27.38,close,True,,,,,,,0.0,0.0
2027-03-31T16:00:00-04:00,20270331,0.9932810253574644,P,404.0,870314489,GLD   270331P00404000,GLD,-1.0,-1.0,,-1.0,27.75,,27.75,close,True,,,,,,,0.0,0.0
2027-03-31T16:00:00-04:00,20270331,0.9932810253574644,P,405.0,870314511,GLD   270331P00405000,GLD,-1.0,-1.0,,-1.0,28.13,,28.13,close,True,,,,,,,0.0,0.0
2027-03-31T16:00:00-04:00,20270331,0.9932810253574644,P,406.0,870314535,GLD   270331P00406000,GLD,-1.0,-1.0,,-1.0,28.5,,28.5,close,True,,,,,,,0.0,0.0
2027-03-31T16:00:00-04:00,20270331,0.9932810253574644,P,407.0,870314553,GLD   270331P00407000,GLD,-1.0,-1.0,,-1.0,28.89,,28.89,close,True,,,,,,,0.0,0.0
2027-03-31T16:00:00-04:00,20270331,0.9932810253574644,P,408.0,870314576,GLD   270331P00408000,GLD,-1.0,-1.0,,-1.0,29.28,,29.28,close,True,,,,,,,0.0,0.0
2027-03-31T16:00:00-04:00,20270331,0.9932810253574644,P,409.0,870314604,GLD   270331P00409000,GLD,-1.0,-1.0,,-1.0,29.66,,29.66,close,True,,,,,,,0.0,0.0
2027-03-31T16:00:00-04:00,20270331,0.9932810253574644,P,410.0,870314626,GLD   270331P00410000,GLD,-1.0,-1.0,,-1.0,30.05,,30.05,close,True,,,,,,,0.0,0.0
2027-03-31T16:00:00-04:00,20270331,0.9932810253574644,P,411.0,870314656,GLD   270331P00411000,GLD,-1.0,-1.0,,-1.0,30.44,,30.44,close,True,,,,,,,0.0,0.0
2027-03-31T16:00:00-04:00,20270331,0.9932810253574644,P,412.0,870314676,GLD   270331P00412000,GLD,-1.0,-1.0,,-1.0,30.83,,30.83,close,True,,,,,,,0.0,0.0
2027-03-31T16:00:00-04:00,20270331,0.9932810253574644,P,413.0,870314697,GLD   270331P00413000,GLD,-1.0,-1.0,,-1.0,31.22,,31.22,close,True,,,,,,,0.0,0.0
2027-03-31T16:00:00-04:00,20270331,0.9932810253574644,P,414.0,870314721,GLD   270331P00414000,GLD,-1.0,-1.0,,-1.0,31.61,,31.61,close,True,,,,,,,0.0,0.0
2027-03-31T16:00:00-04:00,20270331,0.9932810253574644,P,415.0,870314741,GLD   270331P00415000,GLD,-1.0,-1.0,,-1.0,32.0,,32.0,close,True,,,,,,,0.0,0.0
2027-03-31T16:00:00-04:00,20270331,0.9932810253574644,P,416.0,870314766,GLD   270331P00416000,GLD,-1.0,-1.0,,-1.0,32.38,,32.38,close,True,,,,,,,0.0,0.0
2027-03-31T16:00:00-04:00,20270331,0.9932810253574644,P,417.0,870314790,GLD   270331P00417000,GLD,-1.0,-1.0,,-1.0,32.79,,32.79,close,True,,,,,,,0.0,0.0
2027-03-31T16:00:00-04:00,20270331,0.9932810253574644,P,418.0,870314816,GLD   270331P00418000,GLD,-1.0,-1.0,,-1.0,33.19,,33.19,close,True,,,,,,,0.0,0.0
2027-03-31T16:00:00-04:00,20270331,0.9932810253574644,P,419.0,870314843,GLD   270331P00419000,GLD,-1.0,-1.0,,-1.0,33.6,,33.6,close,True,,,,,,,0.0,0.0
2027-03-31T16:00:00-04:00,20270331,0.9932810253574644,P,420.0,870314870,GLD   270331P00420000,GLD,-1.0,-1.0,,-1.0,34.04,,34.04,close,True,,,,,,,0.0,0.0
2027-03-31T16:00:00-04:00,20270331,0.9932810253574644,P,421.0,870314892,GLD   270331P00421000,GLD,-1.0,-1.0,,-1.0,34.48,,34.48,close,True,,,,,,,0.0,0.0
2027-03-31T16:00:00-04:00,20270331,0.9932810253574644,P,422.0,870314913,GLD   270331P00422000,GLD,-1.0,-1.0,,-1.0,34.93,,34.93,close,True,,,,,,,0.0,0.0
2027-03-31T16:00:00-04:00,20270331,0.9932810253574644,P,423.0,870314943,GLD   270331P00423000,GLD,-1.0,-1.0,,-1.0,35.37,,35.37,close,True,,,,,,,0.0,0.0
2027-03-31T16:00:00-04:00,20270331,0.9932810253574644,P,424.0,870314969,GLD   270331P00424000,GLD,-1.0,-1.0,,-1.0,35.81,,35.81,close,True,,,,,,,0.0,0.0
2027-03-31T16:00:00-04:00,20270331,0.9932810253574644,P,425.0,870314986,GLD   270331P00425000,GLD,-1.0,-1.0,,43.1,36.27,,36.27,close,True,,,,,,,2.0,0.0
2027-03-31T16:00:00-04:00,20270331,0.9932810253574644,P,426.0,870315011,GLD   270331P00426000,GLD,-1.0,-1.0,,-1.0,36.74,,36.74,close,True,,,,,,,0.0,0.0
2027-03-31T16:00:00-04:00,20270331,0.9932810253574644,P,427.0,870315037,GLD   270331P00427000,GLD,-1.0,-1.0,,-1.0,37.2,,37.2,close,True,,,,,,,0.0,0.0
2027-03-31T16:00:00-04:00,20270331,0.9932810253574644,P,428.0,870315066,GLD   270331P00428000,GLD,-1.0,-1.0,,-1.0,37.66,,37.66,close,True,,,,,,,0.0,0.0
2027-03-31T16:00:00-04:00,20270331,0.9932810253574644,P,429.0,870315094,GLD   270331P00429000,GLD,-1.0,-1.0,,-1.0,38.12,,38.12,close,True,,,,,,,1.0,0.0
2027-03-31T16:00:00-04:00,20270331,0.9932810253574644,P,430.0,870315121,GLD   270331P00430000,GLD,-1.0,-1.0,,46.5,38.59,,38.59,close,True,,,,,,,20.0,0.0
2027-03-31T16:00:00-04:00,20270331,0.9932810253574644,P,431.0,870315147,GLD   270331P00431000,GLD,-1.0,-1.0,,-1.0,39.05,,39.05,close,True,,,,,,,0.0,0.0
2027-03-31T16:00:00-04:00,20270331,0.9932810253574644,P,432.0,870315162,GLD   270331P00432000,GLD,-1.0,-1.0,,-1.0,39.52,,39.52,close,True,,,,,,,0.0,0.0
2027-03-31T16:00:00-04:00,20270331,0.9932810253574644,P,433.0,870315191,GLD   270331P00433000,GLD,-1.0,-1.0,,-1.0,39.98,,39.98,close,True,,,,,,,0.0,0.0
2027-03-31T16:00:00-04:00,20270331,0.9932810253574644,P,434.0,870315215,GLD   270331P00434000,GLD,-1.0,-1.0,,-1.0,40.45,,40.45,close,True,,,,,,,0.0,0.0
2027-03-31T16:00:00-04:00,20270331,0.9932810253574644,P,435.0,870315245,GLD   270331P00435000,GLD,-1.0,-1.0,,-1.0,40.91,,40.91,close,True,,,,,,,0.0,0.0
2027-03-31T16:00:00-04:00,20270331,0.9932810253574644,P,436.0,870315272,GLD   270331P00436000,GLD,-1.0,-1.0,,-1.0,41.39,,41.39,close,True,,,,,,,0.0,0.0
2027-03-31T16:00:00-04:00,20270331,0.9932810253574644,P,437.0,870315296,GLD   270331P00437000,GLD,-1.0,-1.0,,-1.0,41.9,,41.9,close,True,,,,,,,0.0,0.0
2027-03-31T16:00:00-04:00,20270331,0.9932810253574644,P,438.0,870315326,GLD   270331P00438000,GLD,-1.0,-1.0,,-1.0,42.4,,42.4,close,True,,,,,,,0.0,0.0
2027-03-31T16:00:00-04:00,20270331,0.9932810253574644,P,439.0,870315351,GLD   270331P00439000,GLD,-1.0,-1.0,,-1.0,42.91,,42.91,close,True,,,,,,,0.0,0.0
2027-03-31T16:00:00-04:00,20270331,0.9932810253574644,P,440.0,870315374,GLD   270331P00440000,GLD,-1.0,-1.0,,-1.0,43.42,,43.42,close,True,,,,,,,0.0,0.0
2027-03-31T16:00:00-04:00,20270331,0.9932810253574644,P,441.0,870315392,GLD   270331P00441000,GLD,-1.0,-1.0,,-1.0,43.94,,43.94,close,True,,,,,,,0.0,0.0
2027-03-31T16:00:00-04:00,20270331,0.9932810253574644,P,442.0,870315419,GLD   270331P00442000,GLD,-1.0,-1.0,,-1.0,44.45,,44.45,close,True,,,,,,,0.0,0.0
2027-03-31T16:00:00-04:00,20270331,0.9932810253574644,P,443.0,870315437,GLD   270331P00443000,GLD,-1.0,-1.0,,-1.0,44.96,,44.96,close,True,,,,,,,0.0,0.0
2027-03-31T16:00:00-04:00,20270331,0.9932810253574644,P,444.0,870315457,GLD   270331P00444000,GLD,-1.0,-1.0,,-1.0,45.47,,45.47,close,True,,,,,,,0.0,0.0
2027-03-31T16:00:00-04:00,20270331,0.9932810253574644,P,445.0,870315472,GLD   270331P00445000,GLD,-1.0,-1.0,,-1.0,46.01,,46.01,close,True,,,,,,,0.0,1.0
2027-03-31T16:00:00-04:00,20270331,0.9932810253574644,P,446.0,870315494,GLD   270331P00446000,GLD,-1.0,-1.0,,-1.0,46.55,,46.55,close,True,,,,,,,0.0,0.0
2027-03-31T16:00:00-04:00,20270331,0.9932810253574644,P,447.0,870315512,GLD   270331P00447000,GLD,-1.0,-1.0,,-1.0,47.09,,47.09,close,True,,,,,,,0.0,0.0
2027-03-31T16:00:00-04:00,20270331,0.9932810253574644,P,448.0,870315536,GLD   270331P00448000,GLD,-1.0,-1.0,,-1.0,47.62,,47.62,close,True,,,,,,,0.0,0.0
2027-03-31T16:00:00-04:00,20270331,0.9932810253574644,P,449.0,870315558,GLD   270331P00449000,GLD,-1.0,-1.0,,-1.0,48.16,,48.16,close,True,,,,,,,0.0,0.0
2027-03-31T16:00:00-04:00,20270331,0.9932810253574644,P,450.0,870315576,GLD   270331P00450000,GLD,-1.0,-1.0,,-1.0,48.7,,48.7,close,True,,,,,,,0.0,0.0
2027-03-31T16:00:00-04:00,20270331,0.9932810253574644,P,451.0,870315594,GLD   270331P00451000,GLD,-1.0,-1.0,,-1.0,49.25,,49.25,close,True,,,,,,,0.0,0.0
2027-03-31T16:00:00-04:00,20270331,0.9932810253574644,P,452.0,870315614,GLD   270331P00452000,GLD,-1.0,-1.0,,-1.0,49.79,,49.79,close,True,,,,,,,0.0,0.0
2027-03-31T16:00:00-04:00,20270331,0.9932810253574644,P,453.0,870315629,GLD   270331P00453000,GLD,-1.0,-1.0,,-1.0,50.33,,50.33,close,True,,,,,,,0.0,0.0
2027-03-31T16:00:00-04:00,20270331,0.9932810253574644,P,454.0,870315644,GLD   270331P00454000,GLD,-1.0,-1.0,,-1.0,50.87,,50.87,close,True,,,,,,,0.0,0.0
2027-03-31T16:00:00-04:00,20270331,0.9932810253574644,P,455.0,870315671,GLD   270331P00455000,GLD,-1.0,-1.0,,-1.0,51.42,,51.42,close,True,,,,,,,0.0,0.0
2027-03-31T16:00:00-04:00,20270331,0.9932810253574644,P,456.0,870315681,GLD   270331P00456000,GLD,-1.0,-1.0,,-1.0,51.96,,51.96,close,True,,,,,,,0.0,0.0
2027-03-31T16:00:00-04:00,20270331,0.9932810253574644,P,457.0,870315706,GLD   270331P00457000,GLD,-1.0,-1.0,,-1.0,52.51,,52.51,close,True,,,,,,,0.0,0.0
2027-03-31T16:00:00-04:00,20270331,0.9932810253574644,P,458.0,870315720,GLD   270331P00458000,GLD,-1.0,-1.0,,-1.0,53.06,,53.06,close,True,,,,,,,0.0,0.0
2027-03-31T16:00:00-04:00,20270331,0.9932810253574644,P,459.0,870315740,GLD   270331P00459000,GLD,-1.0,-1.0,,-1.0,53.64,,53.64,close,True,,,,,,,0.0,0.0
2027-03-31T16:00:00-04:00,20270331,0.9932810253574644,P,460.0,870315761,GLD   270331P00460000,GLD,-1.0,-1.0,,-1.0,54.24,,54.24,close,True,,,,,,,0.0,0.0
2027-03-31T16:00:00-04:00,20270331,0.9932810253574644,P,461.0,870315781,GLD   270331P00461000,GLD,-1.0,-1.0,,-1.0,54.85,,54.85,close,True,,,,,,,0.0,0.0
2027-03-31T16:00:00-04:00,20270331,0.9932810253574644,P,462.0,870315803,GLD   270331P00462000,GLD,-1.0,-1.0,,-1.0,55.46,,55.46,close,True,,,,,,,0.0,0.0
2027-03-31T16:00:00-04:00,20270331,0.9932810253574644,P,463.0,870315830,GLD   270331P00463000,GLD,-1.0,-1.0,,-1.0,56.07,,56.07,close,True,,,,,,,0.0,0.0
2027-03-31T16:00:00-04:00,20270331,0.9932810253574644,P,464.0,870315851,GLD   270331P00464000,GLD,-1.0,-1.0,,-1.0,56.68,,56.68,close,True,,,,,,,0.0,0.0
2027-03-31T16:00:00-04:00,20270331,0.9932810253574644,P,465.0,870315878,GLD   270331P00465000,GLD,-1.0,-1.0,,-1.0,57.29,,57.29,close,True,,,,,,,0.0,0.0
2027-03-31T16:00:00-04:00,20270331,0.9932810253574644,P,470.0,870315896,GLD   270331P00470000,GLD,-1.0,-1.0,,-1.0,60.37,,60.37,close,True,,,,,,,0.0,0.0
2027-03-31T16:00:00-04:00,20270331,0.9932810253574644,P,475.0,870315917,GLD   270331P00475000,GLD,-1.0,-1.0,,-1.0,63.47,,63.47,close,True,,,,,,,0.0,0.0
2027-03-31T16:00:00-04:00,20270331,0.9932810253574644,P,490.0,870315991,GLD   270331P00490000,GLD,-1.0,-1.0,,-1.0,73.44,,73.44,close,True,,,,,,,0.0,0.0
2027-03-31T16:00:00-04:00,20270331,0.9932810253574644,P,495.0,870316026,GLD   270331P00495000,GLD,-1.0,-1.0,,-1.0,76.89,,76.89,close,True,,,,,,,0.0,0.0
2027-03-31T16:00:00-04:00,20270331,0.9932810253574644,P,520.0,870316157,GLD   270331P00520000,GLD,-1.0,-1.0,,-1.0,95.25,,95.25,close,True,,,,,,,0.0,0.0
2027-03-31T16:00:00-04:00,20270331,0.9932810253574644,P,540.0,870316242,GLD   270331P00540000,GLD,-1.0,-1.0,,-1.0,111.3,,111.3,close,True,,,,,,,0.0,0.0
2027-06-17T16:00:00-04:00,20270617,1.206979655494451,C,5.0,822243415,GLD   270617C00005000,GLD,-1.0,-1.0,,-1.0,435.35,,435.35,close,True,,,,,,,0.0,0.0
2027-06-17T16:00:00-04:00,20270617,1.206979655494451,C,50.0,822243324,GLD   270617C00050000,GLD,-1.0,-1.0,,-1.0,392.3,,392.3,close,True,,,,,,,0.0,
2027-06-17T16:00:00-04:00,20270617,1.206979655494451,C,90.0,822245195,GLD   270617C00090000,GLD,-1.0,-1.0,,-1.0,354.08,,354.08,close,True,,,,,,,0.0,
2027-06-17T16:00:00-04:00,20270617,1.206979655494451,C,135.0,822242926,GLD   270617C00135000,GLD,-1.0,-1.0,,-1.0,311.39,,311.39,close,True,,,,,,,0.0,
2027-06-17T16:00:00-04:00,20270617,1.206979655494451,C,175.0,800377598,GLD   270617C00175000,GLD,-1.0,-1.0,,-1.0,273.5,,273.5,close,True,,,,,,,0.0,
2027-06-17T16:00:00-04:00,20270617,1.206979655494451,C,230.0,800378059,GLD   270617C00230000,GLD,-1.0,-1.0,,-1.0,222.09,,222.09,close,True,,,,,,,0.0,
2027-06-17T16:00:00-04:00,20270617,1.206979655494451,C,255.0,800378266,GLD   270617C00255000,GLD,-1.0,-1.0,,-1.0,199.29,,199.29,close,True,,,,,,,0.0,0.0
2027-06-17T16:00:00-04:00,20270617,1.206979655494451,C,315.0,800378798,GLD   270617C00315000,GLD,-1.0,-1.0,,-1.0,146.92,,146.92,close,True,,,,,,,0.0,0.0
2027-06-17T16:00:00-04:00,20270617,1.206979655494451,C,375.0,800379300,GLD   270617C00375000,GLD,-1.0,-1.0,,-1.0,101.78,,101.78,close,True,,,,,,,0.0,0.0
2027-06-17T16:00:00-04:00,20270617,1.206979655494451,C,395.0,800379480,GLD   270617C00395000,GLD,-1.0,-1.0,,-1.0,88.72,,88.72,close,True,,,,,,,0.0,0.0
2027-06-17T16:00:00-04:00,20270617,1.206979655494451,C,400.0,800379535,GLD   270617C00400000,GLD,-1.0,-1.0,,80.03,85.62,,85.62,close,True,,,,,,,17.0,0.0
2027-06-17T16:00:00-04:00,20270617,1.206979655494451,C,405.0,800379585,GLD   270617C00405000,GLD,-1.0,-1.0,,-1.0,82.63,,82.63,close,True,,,,,,,4.0,0.0
2027-06-17T16:00:00-04:00,20270617,1.206979655494451,C,410.0,800379657,GLD   270617C00410000,GLD,-1.0,-1.0,,-1.0,79.74,,79.74,close,True,,,,,,,0.0,0.0
2027-06-17T16:00:00-04:00,20270617,1.206979655494451,C,415.0,800379714,GLD   270617C00415000,GLD,-1.0,-1.0,,71.95,76.96,,76.96,close,True,,,,,,,43.0,0.0
2027-06-17T16:00:00-04:00,20270617,1.206979655494451,C,420.0,800379764,GLD   270617C00420000,GLD,-1.0,-1.0,,68.56,74.19,,74.19,close,True,,,,,,,10.0,0.0
2027-06-17T16:00:00-04:00,20270617,1.206979655494451,C,425.0,800379840,GLD   270617C00425000,GLD,-1.0,-1.0,,66.45,71.55,,71.55,close,True,,,,,,,10.0,0.0
2027-06-17T16:00:00-04:00,20270617,1.206979655494451,C,430.0,800379908,GLD   270617C00430000,GLD,-1.0,-1.0,,63.0,68.93,,68.93,close,True,,,,,,,7.0,0.0
2027-06-17T16:00:00-04:00,20270617,1.206979655494451,C,435.0,800379978,GLD   270617C00435000,GLD,-1.0,-1.0,,60.51,66.46,,66.46,close,True,,,,,,,20.0,0.0
2027-06-17T16:00:00-04:00,20270617,1.206979655494451,C,440.0,800380022,GLD   270617C00440000,GLD,-1.0,-1.0,,59.03,63.99,,63.99,close,True,,,,,,,23.0,0.0
2027-06-17T16:00:00-04:00,20270617,1.206979655494451,C,445.0,800380075,GLD   270617C00445000,GLD,-1.0,-1.0,,-1.0,61.63,,61.63,close,True,,,,,,,0.0,0.0
2027-06-17T16:00:00-04:00,20270617,1.206979655494451,C,450.0,800380138,GLD   270617C00450000,GLD,-1.0,-1.0,,55.81,59.4,,59.4,close,True,,,,,,,435.0,0.0
2027-06-17T16:00:00-04:00,20270617,1.206979655494451,C,455.0,800824420,GLD   270617C00455000,GLD,-1.0,-1.0,,-1.0,57.19,,57.19,close,True,,,,,,,4.0,0.0
2027-06-17T16:00:00-04:00,20270617,1.206979655494451,C,460.0,800824505,GLD   270617C00460000,GLD,,,,,,,,,False,,,,,,,,0.0
2027-06-17T16:00:00-04:00,20270617,1.206979655494451,C,465.0,801599385,GLD   270617C00465000,GLD,,,,,,,,,False,,,,,,,,0.0
2027-06-17T16:00:00-04:00,20270617,1.206979655494451,C,470.0,801599430,GLD   270617C00470000,GLD,-1.0,-1.0,,47.4,51.04,,51.04,close,True,,,,,,,8.0,0.0
2027-06-17T16:00:00-04:00,20270617,1.206979655494451,C,475.0,813159478,GLD   270617C00475000,GLD,-1.0,-1.0,,42.9,49.09,,49.09,close,True,,,,,,,3.0,0.0
2027-06-17T16:00:00-04:00,20270617,1.206979655494451,C,490.0,806090491,GLD   270617C00490000,GLD,-1.0,-1.0,,-1.0,43.82,,43.82,close,True,,,,,,,20.0,0.0
2027-06-17T16:00:00-04:00,20270617,1.206979655494451,C,495.0,813159589,GLD   270617C00495000,GLD,-1.0,-1.0,,-1.0,42.13,,42.13,close,True,,,,,,,8.0,0.0
2027-06-17T16:00:00-04:00,20270617,1.206979655494451,C,520.0,806090637,GLD   270617C00520000,GLD,-1.0,-1.0,,-1.0,35.02,,35.02,close,True,,,,,,,0.0,0.0
2027-06-17T16:00:00-04:00,20270617,1.206979655494451,C,540.0,806090772,GLD   270617C00540000,GLD,-1.0,-1.0,,28.5,30.29,,30.29,close,True,,,,,,,5.0,0.0
2027-06-17T16:00:00-04:00,20270617,1.206979655494451,C,560.0,806090888,GLD   270617C00560000,GLD,-1.0,-1.0,,24.0,25.92,,25.92,close,True,,,,,,,15.0,0.0
2027-06-17T16:00:00-04:00,20270617,1.206979655494451,C,580.0,806090973,GLD   270617C00580000,GLD,-1.0,-1.0,,-1.0,22.6,,22.6,close,True,,,,,,,0.0,0.0
2027-06-17T16:00:00-04:00,20270617,1.206979655494451,C,600.0,806091043,GLD   270617C00600000,GLD,-1.0,-1.0,,17.5,19.6,,19.6,close,True,,,,,,,3.0,0.0
2027-06-17T16:00:00-04:00,20270617,1.206979655494451,C,620.0,822243680,GLD   270617C00620000,GLD,-1.0,-1.0,,-1.0,17.23,,17.23,close,True,,,,,,,4.0,0.0
2027-06-17T16:00:00-04:00,20270617,1.206979655494451,C,645.0,822243942,GLD   270617C00645000,GLD,-1.0,-1.0,,-1.0,14.73,,14.73,close,True,,,,,,,1.0,0.0
2027-06-17T16:00:00-04:00,20270617,1.206979655494451,C,665.0,822244199,GLD   270617C00665000,GLD,-1.0,-1.0,,-1.0,13.24,,13.24,close,True,,,,,,,2.0,0.0
2027-06-17T16:00:00-04:00,20270617,1.206979655494451,C,685.0,822244429,GLD   270617C00685000,GLD,-1.0,-1.0,,-1.0,11.79,,11.79,close,True,,,,,,,2.0,0.0
2027-06-17T16:00:00-04:00,20270617,1.206979655494451,C,705.0,822244678,GLD   270617C00705000,GLD,-1.0,-1.0,,-1.0,10.42,,10.42,close,True,,,,,,,0.0,0.0
2027-06-17T16:00:00-04:00,20270617,1.206979655494451,C,725.0,822244928,GLD   270617C00725000,GLD,-1.0,-1.0,,-1.0,9.58,,9.58,close,True,,,,,,,2.0,0.0
2027-06-17T16:00:00-04:00,20270617,1.206979655494451,C,745.0,850937971,GLD   270617C00745000,GLD,-1.0,-1.0,,-1.0,8.85,,8.85,close,True,,,,,,,0.0,0.0
2027-06-17T16:00:00-04:00,20270617,1.206979655494451,C,780.0,849675281,GLD   270617C00780000,GLD,-1.0,-1.0,,-1.0,7.57,,7.57,close,True,,,,,,,0.0,0.0
2027-06-17T16:00:00-04:00,20270617,1.206979655494451,C,820.0,849675315,GLD   270617C00820000,GLD,-1.0,-1.0,,-1.0,6.46,,6.46,close,True,,,,,,,0.0,0.0
2027-06-17T16:00:00-04:00,20270617,1.206979655494451,C,860.0,849675342,GLD   270617C00860000,GLD,-1.0,-1.0,,-1.0,5.57,,5.57,close,True,,,,,,,0.0,0.0
2027-06-17T16:00:00-04:00,20270617,1.206979655494451,C,900.0,849675369,GLD   270617C00900000,GLD,-1.0,-1.0,,-1.0,4.69,,4.69,close,True,,,,,,,98.0,0.0
2027-06-17T16:00:00-04:00,20270617,1.206979655494451,P,5.0,822246084,GLD   270617P00005000,GLD,-1.0,-1.0,,-1.0,0.0,,,,False,,,,,,,0.0,0.0
2027-06-17T16:00:00-04:00,20270617,1.206979655494451,P,50.0,822246000,GLD   270617P00050000,GLD,-1.0,-1.0,,-1.0,0.0,,,,False,,,,,,,0.0,0.0
2027-06-17T16:00:00-04:00,20270617,1.206979655494451,P,90.0,822247592,GLD   270617P00090000,GLD,-1.0,-1.0,,-1.0,0.05,,0.05,close,True,,,,,,,0.0,0.0
2027-06-17T16:00:00-04:00,20270617,1.206979655494451,P,135.0,822245631,GLD   270617P00135000,GLD,-1.0,-1.0,,-1.0,0.41,,0.41,close,True,,,,,,,0.0,0.0
2027-06-17T16:00:00-04:00,20270617,1.206979655494451,P,175.0,800380479,GLD   270617P00175000,GLD,-1.0,-1.0,,-1.0,0.79,,0.79,close,True,,,,,,,0.0,1.0
2027-06-17T16:00:00-04:00,20270617,1.206979655494451,P,230.0,800381028,GLD   270617P00230000,GLD,-1.0,-1.0,,-1.0,2.01,,2.01,close,True,,,,,,,0.0,0.0
2027-06-17T16:00:00-04:00,20270617,1.206979655494451,P,255.0,800381280,GLD   270617P00255000,GLD,-1.0,-1.0,,-1.0,3.16,,3.16,close,True,,,,,,,0.0,21.0
2027-06-17T16:00:00-04:00,20270617,1.206979655494451,P,315.0,800381955,GLD   270617P00315000,GLD,-1.0,-1.0,,-1.0,8.34,,8.34,close,True,,,,,,,0.0,49.0
2027-06-17T16:00:00-04:00,20270617,1.206979655494451,P,375.0,800382582,GLD   270617P00375000,GLD,-1.0,-1.0,,-1.0,21.13,,21.13,close,True,,,,,,,2.0,243.0
2027-06-17T16:00:00-04:00,20270617,1.206979655494451,P,395.0,800382725,GLD   270617P00395000,GLD,-1.0,-1.0,,-1.0,27.53,,27.53,close,True,,,,,,,0.0,238.0
2027-06-17T16:00:00-04:00,20270617,1.206979655494451,P,400.0,800382754,GLD   270617P00400000,GLD,-1.0,-1.0,,33.05,29.3,,29.3,close,True,,,,,,,5.0,2770.0
2027-06-17T16:00:00-04:00,20270617,1.206979655494451,P,405.0,800382795,GLD   270617P00405000,GLD,-1.0,-1.0,,36.99,31.2,,31.2,close,True,,,,,,,1.0,109.0
2027-06-17T16:00:00-04:00,20270617,1.206979655494451,P,410.0,800382819,GLD   270617P00410000,GLD,-1.0,-1.0,,-1.0,33.2,,33.2,close,True,,,,,,,0.0,3591.0
2027-06-17T16:00:00-04:00,20270617,1.206979655494451,P,415.0,800382855,GLD   270617P00415000,GLD,-1.0,-1.0,,-1.0,35.32,,35.32,close,True,,,,,,,0.0,544.0
2027-06-17T16:00:00-04:00,20270617,1.206979655494451,P,420.0,800382897,GLD   270617P00420000,GLD,-1.0,-1.0,,-1.0,37.45,,37.45,close,True,,,,,,,7.0,143.0
2027-06-17T16:00:00-04:00,20270617,1.206979655494451,P,425.0,800382955,GLD   270617P00425000,GLD,-1.0,-1.0,,44.58,39.73,,39.73,close,True,,,,,,,11.0,38.0
2027-06-17T16:00:00-04:00,20270617,1.206979655494451,P,430.0,800382994,GLD   270617P00430000,GLD,-1.0,-1.0,,-1.0,42.03,,42.03,close,True,,,,,,,0.0,1602.0
2027-06-17T16:00:00-04:00,20270617,1.206979655494451,P,435.0,800383022,GLD   270617P00435000,GLD,-1.0,-1.0,,-1.0,44.49,,44.49,close,True,,,,,,,0.0,102.0
2027-06-17T16:00:00-04:00,20270617,1.206979655494451,P,440.0,800383062,GLD   270617P00440000,GLD,-1.0,-1.0,,52.61,46.96,,46.96,close,True,,,,,,,1.0,3226.0
2027-06-17T16:00:00-04:00,20270617,1.206979655494451,P,445.0,800383089,GLD   270617P00445000,GLD,-1.0,-1.0,,55.1,49.55,,49.55,close,True,,,,,,,2.0,40.0
2027-06-17T16:00:00-04:00,20270617,1.206979655494451,P,450.0,800383130,GLD   270617P00450000,GLD,-1.0,-1.0,,-1.0,52.27,,52.27,close,True,,,,,,,2.0,2398.0
2027-06-17T16:00:00-04:00,20270617,1.206979655494451,P,455.0,800824708,GLD   270617P00455000,GLD,-1.0,-1.0,,-1.0,55.03,,55.03,close,True,,,,,,,0.0,180.0
2027-06-17T16:00:00-04:00,20270617,1.206979655494451,P,460.0,800824778,GLD   270617P00460000,GLD,-1.0,-1.0,,-1.0,57.9,,57.9,close,True,,,,,,,0.0,560.0
2027-06-17T16:00:00-04:00,20270617,1.206979655494451,P,465.0,801599453,GLD   270617P00465000,GLD,-1.0,-1.0,,-1.0,60.78,,60.78,close,True,,,,,,,0.0,73.0
2027-06-17T16:00:00-04:00,20270617,1.206979655494451,P,470.0,801599477,GLD   270617P00470000,GLD,-1.0,-1.0,,-1.0,63.83,,63.83,close,True,,,,,,,0.0,167.0
2027-06-17T16:00:00-04:00,20270617,1.206979655494451,P,475.0,813159652,GLD   270617P00475000,GLD,-1.0,-1.0,,-1.0,66.88,,66.88,close,True,,,,,,,0.0,43.0
2027-06-17T16:00:00-04:00,20270617,1.206979655494451,P,490.0,806091126,GLD   270617P00490000,GLD,-1.0,-1.0,,-1.0,76.68,,76.68,close,True,,,,,,,0.0,13.0
2027-06-17T16:00:00-04:00,20270617,1.206979655494451,P,495.0,813159778,GLD   270617P00495000,GLD,-1.0,-1.0,,-1.0,80.02,,80.02,close,True,,,,,,,0.0,26.0
2027-06-17T16:00:00-04:00,20270617,1.206979655494451,P,520.0,806091242,GLD   270617P00520000,GLD,-1.0,-1.0,,-1.0,98.25,,98.25,close,True,,,,,,,0.0,3.0
2027-06-17T16:00:00-04:00,20270617,1.206979655494451,P,540.0,806091289,GLD   270617P00540000,GLD,-1.0,-1.0,,-1.0,113.95,,113.95,close,True,,,,,,,0.0,
2027-06-17T16:00:00-04:00,20270617,1.206979655494451,P,560.0,806091361,GLD   270617P00560000,GLD,-1.0,-1.0,,-1.0,130.23,,130.23,close,True,,,,,,,0.0,0.0
2027-06-17T16:00:00-04:00,20270617,1.206979655494451,P,580.0,806091426,GLD   270617P00580000,GLD,-1.0,-1.0,,-1.0,147.6,,147.6,close,True,,,,,,,0.0,0.0
2027-06-17T16:00:00-04:00,20270617,1.206979655494451,P,600.0,806091523,GLD   270617P00600000,GLD,-1.0,-1.0,,-1.0,165.49,,165.49,close,True,,,,,,,0.0,50.0
2027-06-17T16:00:00-04:00,20270617,1.206979655494451,P,620.0,822246303,GLD   270617P00620000,GLD,-1.0,-1.0,,-1.0,184.06,,184.06,close,True,,,,,,,0.0,1.0
2027-06-17T16:00:00-04:00,20270617,1.206979655494451,P,645.0,822246524,GLD   270617P00645000,GLD,-1.0,-1.0,,-1.0,207.88,,207.88,close,True,,,,,,,0.0,2.0
2027-06-17T16:00:00-04:00,20270617,1.206979655494451,P,665.0,822246751,GLD   270617P00665000,GLD,-1.0,-1.0,,-1.0,227.41,,227.41,close,True,,,,,,,0.0,0.0
2027-06-17T16:00:00-04:00,20270617,1.206979655494451,P,685.0,822246936,GLD   270617P00685000,GLD,-1.0,-1.0,,-1.0,247.18,,247.18,close,True,,,,,,,0.0,0.0
2027-06-17T16:00:00-04:00,20270617,1.206979655494451,P,705.0,822247144,GLD   270617P00705000,GLD,-1.0,-1.0,,-1.0,267.18,,267.18,close,True,,,,,,,0.0,0.0
2027-06-17T16:00:00-04:00,20270617,1.206979655494451,P,725.0,822247401,GLD   270617P00725000,GLD,-1.0,-1.0,,-1.0,287.18,,287.18,close,True,,,,,,,0.0,0.0
2027-06-17T16:00:00-04:00,20270617,1.206979655494451,P,745.0,850938166,GLD   270617P00745000,GLD,-1.0,-1.0,,-1.0,307.18,,307.18,close,True,,,,,,,0.0,0.0
2027-06-17T16:00:00-04:00,20270617,1.206979655494451,P,780.0,849675399,GLD   270617P00780000,GLD,-1.0,-1.0,,-1.0,342.18,,342.18,close,True,,,,,,,0.0,0.0
2027-06-17T16:00:00-04:00,20270617,1.206979655494451,P,820.0,849675434,GLD   270617P00820000,GLD,-1.0,-1.0,,-1.0,382.18,,382.18,close,True,,,,,,,0.0,0.0
2027-06-17T16:00:00-04:00,20270617,1.206979655494451,P,860.0,849675459,GLD   270617P00860000,GLD,-1.0,-1.0,,-1.0,422.18,,422.18,close,True,,,,,,,0.0,0.0
2027-06-17T16:00:00-04:00,20270617,1.206979655494451,P,900.0,849675489,GLD   270617P00900000,GLD,-1.0,-1.0,,-1.0,462.18,,462.18,close,True,,,,,,,0.0,0.0
2028-01-21T16:00:00-05:00,20280121,1.8043540847181951,C,5.0,822248561,GLD   280121C00005000,GLD,-1.0,-1.0,,-1.0,436.2,,436.2,close,True,,,,,,,0.0,0.0
2028-01-21T16:00:00-05:00,20280121,1.8043540847181951,C,50.0,822248446,GLD   280121C00050000,GLD,-1.0,-1.0,,-1.0,394.05,,394.05,close,True,,,,,,,0.0,0.0
2028-01-21T16:00:00-05:00,20280121,1.8043540847181951,C,90.0,822250101,GLD   280121C00090000,GLD,-1.0,-1.0,,-1.0,356.74,,356.74,close,True,,,,,,,0.0,0.0
2028-01-21T16:00:00-05:00,20280121,1.8043540847181951,C,135.0,822248044,GLD   280121C00135000,GLD,-1.0,-1.0,,-1.0,314.78,,314.78,close,True,,,,,,,0.0,0.0
2028-01-21T16:00:00-05:00,20280121,1.8043540847181951,C,175.0,816975401,GLD   280121C00175000,GLD,-1.0,-1.0,,-1.0,277.75,,277.75,close,True,,,,,,,0.0,0.0
2028-01-21T16:00:00-05:00,20280121,1.8043540847181951,C,230.0,816975903,GLD   280121C00230000,GLD,-1.0,-1.0,,-1.0,227.84,,227.84,close,True,,,,,,,0.0,0.0
2028-01-21T16:00:00-05:00,20280121,1.8043540847181951,C,255.0,816976158,GLD   280121C00255000,GLD,-1.0,-1.0,,-1.0,205.98,,205.98,close,True,,,,,,,0.0,
2028-01-21T16:00:00-05:00,20280121,1.8043540847181951,C,315.0,814295195,GLD   280121C00315000,GLD,-1.0,-1.0,,-1.0,157.99,,157.99,close,True,,,,,,,0.0,
2028-01-21T16:00:00-05:00,20280121,1.8043540847181951,C,375.0,814295869,GLD   280121C00375000,GLD,-1.0,-1.0,,-1.0,116.37,,116.37,close,True,,,,,,,0.0,0.0
2028-01-21T16:00:00-05:00,20280121,1.8043540847181951,C,395.0,814296088,GLD   280121C00395000,GLD,-1.0,-1.0,,-1.0,104.16,,104.16,close,True,,,,,,,0.0,0.0
2028-01-21T16:00:00-05:00,20280121,1.8043540847181951,C,400.0,814296135,GLD   280121C00400000,GLD,-1.0,-1.0,,93.25,101.29,,101.29,close,True,,,,,,,26.0,0.0
2028-01-21T16:00:00-05:00,20280121,1.8043540847181951,C,405.0,814296206,GLD   280121C00405000,GLD,-1.0,-1.0,,88.45,98.46,,98.46,close,True,,,,,,,1.0,0.0
2028-01-21T16:00:00-05:00,20280121,1.8043540847181951,C,410.0,816976248,GLD   280121C00410000,GLD,-1.0,-1.0,,89.79,95.65,,95.65,close,True,,,,,,,4.0,0.0
2028-01-21T16:00:00-05:00,20280121,1.8043540847181951,C,415.0,816976281,GLD   280121C00415000,GLD,-1.0,-1.0,,88.7,93.02,,93.02,close,True,,,,,,,4.0,0.0
2028-01-21T16:00:00-05:00,20280121,1.8043540847181951,C,420.0,816976318,GLD   280121C00420000,GLD,-1.0,-1.0,,84.4,90.4,,90.4,close,True,,,,,,,8.0,0.0
2028-01-21T16:00:00-05:00,20280121,1.8043540847181951,C,425.0,816976363,GLD   280121C00425000,GLD,-1.0,-1.0,,81.55,87.78,,87.78,close,True,,,,,,,6.0,0.0
2028-01-21T16:00:00-05:00,20280121,1.8043540847181951,C,430.0,816976417,GLD   280121C00430000,GLD,-1.0,-1.0,,79.75,85.16,,85.16,close,True,,,,,,,18.0,0.0
2028-01-21T16:00:00-05:00,20280121,1.8043540847181951,C,435.0,816976485,GLD   280121C00435000,GLD,-1.0,-1.0,,-1.0,82.54,,82.54,close,True,,,,,,,1.0,0.0
2028-01-21T16:00:00-05:00,20280121,1.8043540847181951,C,440.0,816976556,GLD   280121C00440000,GLD,-1.0,-1.0,,73.0,79.92,,79.92,close,True,,,,,,,1.0,0.0
2028-01-21T16:00:00-05:00,20280121,1.8043540847181951,C,445.0,816976610,GLD   280121C00445000,GLD,-1.0,-1.0,,-1.0,77.3,,77.3,close,True,,,,,,,4.0,0.0
2028-01-21T16:00:00-05:00,20280121,1.8043540847181951,C,450.0,816976653,GLD   280121C00450000,GLD,-1.0,-1.0,,70.3,75.37,,75.37,close,True,,,,,,,20.0,0.0
2028-01-21T16:00:00-05:00,20280121,1.8043540847181951,C,455.0,816976727,GLD   280121C00455000,GLD,-1.0,-1.0,,-1.0,73.45,,73.45,close,True,,,,,,,0.0,0.0
2028-01-21T16:00:00-05:00,20280121,1.8043540847181951,C,460.0,816976778,GLD   280121C00460000,GLD,-1.0,-1.0,,67.82,71.52,,71.52,close,True,,,,,,,2.0,0.0
2028-01-21T16:00:00-05:00,20280121,1.8043540847181951,C,465.0,816976825,GLD   280121C00465000,GLD,-1.0,-1.0,,-1.0,69.6,,69.6,close,True,,,,,,,11.0,0.0
2028-01-21T16:00:00-05:00,20280121,1.8043540847181951,C,470.0,816976882,GLD   280121C00470000,GLD,-1.0,-1.0,,-1.0,67.67,,67.67,close,True,,,,,,,1.0,0.0
2028-01-21T16:00:00-05:00,20280121,1.8043540847181951,C,475.0,816976936,GLD   280121C00475000,GLD,-1.0,-1.0,,-1.0,65.75,,65.75,close,True,,,,,,,3.0,0.0
2028-01-21T16:00:00-05:00,20280121,1.8043540847181951,C,490.0,816977097,GLD   280121C00490000,GLD,-1.0,-1.0,,-1.0,60.18,,60.18,close,True,,,,,,,1.0,
2028-01-21T16:00:00-05:00,20280121,1.8043540847181951,C,495.0,816977163,GLD   280121C00495000,GLD,-1.0,-1.0,,54.8,58.36,,58.36,close,True,,,,,,,1.0,
2028-01-21T16:00:00-05:00,20280121,1.8043540847181951,C,520.0,816977363,GLD   280121C00520000,GLD,-1.0,-1.0,,-1.0,50.64,,50.64,close,True,,,,,,,22.0,0.0
2028-01-21T16:00:00-05:00,20280121,1.8043540847181951,C,540.0,816977475,GLD   280121C00540000,GLD,-1.0,-1.0,,-1.0,45.19,,45.19,close,True,,,,,,,0.0,0.0
2028-01-21T16:00:00-05:00,20280121,1.8043540847181951,C,560.0,816977611,GLD   280121C00560000,GLD,-1.0,-1.0,,-1.0,40.32,,40.32,close,True,,,,,,,4.0,0.0
2028-01-21T16:00:00-05:00,20280121,1.8043540847181951,C,580.0,816977727,GLD   280121C00580000,GLD,-1.0,-1.0,,-1.0,36.15,,36.15,close,True,,,,,,,0.0,0.0
2028-01-21T16:00:00-05:00,20280121,1.8043540847181951,C,600.0,816977866,GLD   280121C00600000,GLD,-1.0,-1.0,,28.4,32.24,,32.24,close,True,,,,,,,4.0,0.0
2028-01-21T16:00:00-05:00,20280121,1.8043540847181951,C,620.0,822248821,GLD   280121C00620000,GLD,-1.0,-1.0,,-1.0,29.35,,29.35,close,True,,,,,,,0.0,0.0
2028-01-21T16:00:00-05:00,20280121,1.8043540847181951,C,645.0,822249054,GLD   280121C00645000,GLD,-1.0,-1.0,,-1.0,25.86,,25.86,close,True,,,,,,,2.0,0.0
2028-01-21T16:00:00-05:00,20280121,1.8043540847181951,C,665.0,822249315,GLD   280121C00665000,GLD,-1.0,-1.0,,-1.0,23.54,,23.54,close,True,,,,,,,0.0,0.0
2028-01-21T16:00:00-05:00,20280121,1.8043540847181951,C,685.0,822249499,GLD   280121C00685000,GLD,-1.0,-1.0,,-1.0,21.5,,21.5,close,True,,,,,,,0.0,0.0
2028-01-21T16:00:00-05:00,20280121,1.8043540847181951,C,705.0,822249712,GLD   280121C00705000,GLD,-1.0,-1.0,,-1.0,19.62,,19.62,close,True,,,,,,,0.0,0.0
2028-01-21T16:00:00-05:00,20280121,1.8043540847181951,C,725.0,822249939,GLD   280121C00725000,GLD,-1.0,-1.0,,-1.0,18.14,,18.14,close,True,,,,,,,0.0,0.0
2028-01-21T16:00:00-05:00,20280121,1.8043540847181951,C,745.0,850938340,GLD   280121C00745000,GLD,-1.0,-1.0,,-1.0,16.7,,16.7,close,True,,,,,,,0.0,0.0
2028-01-21T16:00:00-05:00,20280121,1.8043540847181951,C,780.0,849675509,GLD   280121C00780000,GLD,-1.0,-1.0,,14.13,14.62,,14.62,close,True,,,,,,,2.0,0.0
2028-01-21T16:00:00-05:00,20280121,1.8043540847181951,C,820.0,849675536,GLD   280121C00820000,GLD,-1.0,-1.0,,12.28,12.7,,12.7,close,True,,,,,,,1.0,0.0
2028-01-21T16:00:00-05:00,20280121,1.8043540847181951,C,860.0,849675570,GLD   280121C00860000,GLD,-1.0,-1.0,,-1.0,11.14,,11.14,close,True,,,,,,,0.0,0.0
2028-01-21T16:00:00-05:00,20280121,1.8043540847181951,C,900.0,849675599,GLD   280121C00900000,GLD,-1.0,-1.0,,9.32,10.02,,10.02,close,True,,,,,,,10.0,0.0
2028-01-21T16:00:00-05:00,20280121,1.8043540847181951,P,5.0,822251017,GLD   280121P00005000,GLD,-1.0,-1.0,,-1.0,0.0,,,,False,,,,,,,0.0,22.0
2028-01-21T16:00:00-05:00,20280121,1.8043540847181951,P,50.0,822250908,GLD   280121P00050000,GLD,-1.0,-1.0,,-1.0,0.01,,0.01,close,True,,,,,,,0.0,3.0
2028-01-21T16:00:00-05:00,20280121,1.8043540847181951,P,90.0,822252213,GLD   280121P00090000,GLD,-1.0,-1.0,,-1.0,0.16,,0.16,close,True,,,,,,,0.0,0.0
2028-01-21T16:00:00-05:00,20280121,1.8043540847181951,P,135.0,822250565,GLD   280121P00135000,GLD,-1.0,-1.0,,-1.0,0.37,,0.37,close,True,,,,,,,0.0,5.0
2028-01-21T16:00:00-05:00,20280121,1.8043540847181951,P,175.0,816978382,GLD   280121P00175000,GLD,-1.0,-1.0,,-1.0,0.82,,0.82,close,True,,,,,,,0.0,3.0
2028-01-21T16:00:00-05:00,20280121,1.8043540847181951,P,230.0,816979051,GLD   280121P00230000,GLD,-1.0,-1.0,,-1.0,2.48,,2.48,close,True,,,,,,,0.0,8.0
2028-01-21T16:00:00-05:00,20280121,1.8043540847181951,P,255.0,816979363,GLD   280121P00255000,GLD,-1.0,-1.0,,-1.0,4.09,,4.09,close,True,,,,,,,0.0,5.0
2028-01-21T16:00:00-05:00,20280121,1.8043540847181951,P,315.0,814296832,GLD   280121P00315000,GLD,-1.0,-1.0,,14.08,12.67,,12.67,close,True,,,,,,,96.0,39.0
2028-01-21T16:00:00-05:00,20280121,1.8043540847181951,P,375.0,814297589,GLD   280121P00375000,GLD,-1.0,-1.0,,32.0,28.13,,28.13,close,True,,,,,,,1.0,3955.0
2028-01-21T16:00:00-05:00,20280121,1.8043540847181951,P,395.0,814297826,GLD   280121P00395000,GLD,-1.0,-1.0,,-1.0,35.13,,35.13,close,True,,,,,,,0.0,5046.0
2028-01-21T16:00:00-05:00,20280121,1.8043540847181951,P,400.0,814297884,GLD   280121P00400000,GLD,-1.0,-1.0,,-1.0,37.08,,37.08,close,True,,,,,,,0.0,1511.0
2028-01-21T16:00:00-05:00,20280121,1.8043540847181951,P,405.0,814297944,GLD   280121P00405000,GLD,-1.0,-1.0,,-1.0,39.08,,39.08,close,True,,,,,,,0.0,438.0
2028-01-21T16:00:00-05:00,20280121,1.8043540847181951,P,410.0,816979476,GLD   280121P00410000,GLD,-1.0,-1.0,,-1.0,41.1,,41.1,close,True,,,,,,,0.0,1797.0
2028-01-21T16:00:00-05:00,20280121,1.8043540847181951,P,415.0,816979536,GLD   280121P00415000,GLD,-1.0,-1.0,,-1.0,43.31,,43.31,close,True,,,,,,,0.0,2625.0
2028-01-21T16:00:00-05:00,20280121,1.8043540847181951,P,420.0,816979606,GLD   280121P00420000,GLD,-1.0,-1.0,,49.7,45.54,,45.54,close,True,,,,,,,85.0,4264.0
2028-01-21T16:00:00-05:00,20280121,1.8043540847181951,P,425.0,816979681,GLD   280121P00425000,GLD,-1.0,-1.0,,50.95,47.79,,47.79,close,True,,,,,,,2.0,2246.0
2028-01-21T16:00:00-05:00,20280121,1.8043540847181951,P,430.0,816979743,GLD   280121P00430000,GLD,-1.0,-1.0,,-1.0,50.04,,50.04,close,True,,,,,,,0.0,843.0
2028-01-21T16:00:00-05:00,20280121,1.8043540847181951,P,435.0,816979803,GLD   280121P00435000,GLD,-1.0,-1.0,,-1.0,52.3,,52.3,close,True,,,,,,,0.0,235.0
2028-01-21T16:00:00-05:00,20280121,1.8043540847181951,P,440.0,816979858,GLD   280121P00440000,GLD,-1.0,-1.0,,-1.0,54.57,,54.57,close,True,,,,,,,6.0,136.0
2028-01-21T16:00:00-05:00,20280121,1.8043540847181951,P,445.0,816979906,GLD   280121P00445000,GLD,-1.0,-1.0,,-1.0,56.85,,56.85,close,True,,,,,,,0.0,170.0
2028-01-21T16:00:00-05:00,20280121,1.8043540847181951,P,450.0,816979951,GLD   280121P00450000,GLD,-1.0,-1.0,,66.02,59.83,,59.83,close,True,,,,,,,3.0,3161.0
2028-01-21T16:00:00-05:00,20280121,1.8043540847181951,P,455.0,816980005,GLD   280121P00455000,GLD,-1.0,-1.0,,-1.0,62.82,,62.82,close,True,,,,,,,0.0,241.0
2028-01-21T16:00:00-05:00,20280121,1.8043540847181951,P,460.0,816980056,GLD   280121P00460000,GLD,-1.0,-1.0,,-1.0,65.82,,65.82,close,True,,,,,,,0.0,539.0
2028-01-21T16:00:00-05:00,20280121,1.8043540847181951,P,465.0,816980101,GLD   280121P00465000,GLD,-1.0,-1.0,,-1.0,68.84,,68.84,close,True,,,,,,,0.0,271.0
2028-01-21T16:00:00-05:00,20280121,1.8043540847181951,P,470.0,816980156,GLD   280121P00470000,GLD,-1.0,-1.0,,-1.0,71.86,,71.86,close,True,,,,,,,0.0,736.0
2028-01-21T16:00:00-05:00,20280121,1.8043540847181951,P,475.0,816980215,GLD   280121P00475000,GLD,-1.0,-1.0,,-1.0,74.89,,74.89,close,True,,,,,,,0.0,58.0
2028-01-21T16:00:00-05:00,20280121,1.8043540847181951,P,490.0,816980421,GLD   280121P00490000,GLD,-1.0,-1.0,,-1.0,84.25,,84.25,close,True,,,,,,,0.0,282.0
2028-01-21T16:00:00-05:00,20280121,1.8043540847181951,P,495.0,816980476,GLD   280121P00495000,GLD,-1.0,-1.0,,-1.0,87.44,,87.44,close,True,,,,,,,0.0,135.0
2028-01-21T16:00:00-05:00,20280121,1.8043540847181951,P,520.0,816980657,GLD   280121P00520000,GLD,-1.0,-1.0,,-1.0,104.88,,104.88,close,True,,,,,,,0.0,23.0
2028-01-21T16:00:00-05:00,20280121,1.8043540847181951,P,540.0,816980780,GLD   280121P00540000,GLD,-1.0,-1.0,,-1.0,119.74,,119.74,close,True,,,,,,,0.0,5.0
2028-01-21T16:00:00-05:00,20280121,1.8043540847181951,P,560.0,816980900,GLD   280121P00560000,GLD,-1.0,-1.0,,-1.0,135.36,,135.36,close,True,,,,,,,0.0,12.0
2028-01-21T16:00:00-05:00,20280121,1.8043540847181951,P,580.0,816981028,GLD   280121P00580000,GLD,-1.0,-1.0,,-1.0,151.83,,151.83,close,True,,,,,,,0.0,30.0
2028-01-21T16:00:00-05:00,20280121,1.8043540847181951,P,600.0,816981158,GLD   280121P00600000,GLD,-1.0,-1.0,,-1.0,168.78,,168.78,close,True,,,,,,,0.0,120.0
2028-01-21T16:00:00-05:00,20280121,1.8043540847181951,P,620.0,822251230,GLD   280121P00620000,GLD,-1.0,-1.0,,-1.0,186.72,,186.72,close,True,,,,,,,0.0,1.0
2028-01-21T16:00:00-05:00,20280121,1.8043540847181951,P,645.0,822251443,GLD   280121P00645000,GLD,-1.0,-1.0,,-1.0,209.6,,209.6,close,True,,,,,,,0.0,0.0
2028-01-21T16:00:00-05:00,20280121,1.8043540847181951,P,665.0,822251643,GLD   280121P00665000,GLD,-1.0,-1.0,,-1.0,228.46,,228.46,close,True,,,,,,,0.0,0.0
2028-01-21T16:00:00-05:00,20280121,1.8043540847181951,P,685.0,822251783,GLD   280121P00685000,GLD,-1.0,-1.0,,-1.0,247.7,,247.7,close,True,,,,,,,0.0,0.0
2028-01-21T16:00:00-05:00,20280121,1.8043540847181951,P,705.0,822251904,GLD   280121P00705000,GLD,-1.0,-1.0,,-1.0,267.28,,267.28,close,True,,,,,,,0.0,0.0
2028-01-21T16:00:00-05:00,20280121,1.8043540847181951,P,725.0,822252067,GLD   280121P00725000,GLD,-1.0,-1.0,,-1.0,287.18,,287.18,close,True,,,,,,,0.0,0.0
2028-01-21T16:00:00-05:00,20280121,1.8043540847181951,P,745.0,850938560,GLD   280121P00745000,GLD,-1.0,-1.0,,-1.0,307.18,,307.18,close,True,,,,,,,0.0,0.0
2028-01-21T16:00:00-05:00,20280121,1.8043540847181951,P,780.0,849675624,GLD   280121P00780000,GLD,-1.0,-1.0,,-1.0,342.18,,342.18,close,True,,,,,,,0.0,0.0
2028-01-21T16:00:00-05:00,20280121,1.8043540847181951,P,820.0,849675657,GLD   280121P00820000,GLD,-1.0,-1.0,,-1.0,382.18,,382.18,close,True,,,,,,,0.0,0.0
2028-01-21T16:00:00-05:00,20280121,1.8043540847181951,P,860.0,849675681,GLD   280121P00860000,GLD,-1.0,-1.0,,-1.0,422.18,,422.18,close,True,,,,,,,0.0,0.0
2028-01-21T16:00:00-05:00,20280121,1.8043540847181951,P,900.0,849675714,GLD   280121P00900000,GLD,-1.0,-1.0,,-1.0,462.18,,462.18,close,True,,,,,,,0.0,0.0
2028-06-16T16:00:00-04:00,20280616,2.2069796554944507,C,50.0,852305477,GLD   280616C00050000,GLD,-1.0,-1.0,,-1.0,394.33,,394.33,close,True,,,,,,,0.0,0.0
2028-06-16T16:00:00-04:00,20280616,2.2069796554944507,C,90.0,852307068,GLD   280616C00090000,GLD,-1.0,-1.0,,-1.0,357.41,,357.41,close,True,,,,,,,0.0,0.0
2028-06-16T16:00:00-04:00,20280616,2.2069796554944507,C,230.0,852303095,GLD   280616C00230000,GLD,-1.0,-1.0,,-1.0,231.52,,231.52,close,True,,,,,,,0.0,0.0
2028-06-16T16:00:00-04:00,20280616,2.2069796554944507,C,255.0,852303390,GLD   280616C00255000,GLD,-1.0,-1.0,,-1.0,210.47,,210.47,close,True,,,,,,,0.0,0.0
2028-06-16T16:00:00-04:00,20280616,2.2069796554944507,C,315.0,852304040,GLD   280616C00315000,GLD,-1.0,-1.0,,-1.0,163.66,,163.66,close,True,,,,,,,0.0,0.0
2028-06-16T16:00:00-04:00,20280616,2.2069796554944507,C,375.0,852304452,GLD   280616C00375000,GLD,-1.0,-1.0,,-1.0,123.89,,123.89,close,True,,,,,,,0.0,0.0
2028-06-16T16:00:00-04:00,20280616,2.2069796554944507,C,395.0,852304600,GLD   280616C00395000,GLD,-1.0,-1.0,,-1.0,112.25,,112.25,close,True,,,,,,,0.0,0.0
2028-06-16T16:00:00-04:00,20280616,2.2069796554944507,C,400.0,851891820,GLD   280616C00400000,GLD,-1.0,-1.0,,-1.0,109.47,,109.47,close,True,,,,,,,0.0,0.0
2028-06-16T16:00:00-04:00,20280616,2.2069796554944507,C,405.0,852304666,GLD   280616C00405000,GLD,-1.0,-1.0,,101.3,106.77,,106.77,close,True,,,,,,,2.0,0.0
2028-06-16T16:00:00-04:00,20280616,2.2069796554944507,C,410.0,851891862,GLD   280616C00410000,GLD,-1.0,-1.0,,-1.0,104.16,,104.16,close,True,,,,,,,1.0,0.0
2028-06-16T16:00:00-04:00,20280616,2.2069796554944507,C,415.0,852304743,GLD   280616C00415000,GLD,-1.0,-1.0,,-1.0,101.55,,101.55,close,True,,,,,,,0.0,0.0
2028-06-16T16:00:00-04:00,20280616,2.2069796554944507,C,420.0,851891902,GLD   280616C00420000,GLD,-1.0,-1.0,,-1.0,98.94,,98.94,close,True,,,,,,,0.0,0.0
2028-06-16T16:00:00-04:00,20280616,2.2069796554944507,C,425.0,852304826,GLD   280616C00425000,GLD,-1.0,-1.0,,-1.0,96.46,,96.46,close,True,,,,,,,0.0,0.0
2028-06-16T16:00:00-04:00,20280616,2.2069796554944507,C,430.0,851891950,GLD   280616C00430000,GLD,-1.0,-1.0,,-1.0,94.04,,94.04,close,True,,,,,,,0.0,0.0
2028-06-16T16:00:00-04:00,20280616,2.2069796554944507,C,435.0,852304894,GLD   280616C00435000,GLD,-1.0,-1.0,,-1.0,91.63,,91.63,close,True,,,,,,,0.0,0.0
2028-06-16T16:00:00-04:00,20280616,2.2069796554944507,C,440.0,851891989,GLD   280616C00440000,GLD,-1.0,-1.0,,84.0,89.35,,89.35,close,True,,,,,,,3.0,0.0
2028-06-16T16:00:00-04:00,20280616,2.2069796554944507,C,445.0,852304959,GLD   280616C00445000,GLD,-1.0,-1.0,,-1.0,87.08,,87.08,close,True,,,,,,,0.0,0.0
2028-06-16T16:00:00-04:00,20280616,2.2069796554944507,C,450.0,851892032,GLD   280616C00450000,GLD,-1.0,-1.0,,77.3,84.88,,84.88,close,True,,,,,,,2.0,0.0
2028-06-16T16:00:00-04:00,20280616,2.2069796554944507,C,455.0,852305055,GLD   280616C00455000,GLD,-1.0,-1.0,,-1.0,82.73,,82.73,close,True,,,,,,,0.0,0.0
2028-06-16T16:00:00-04:00,20280616,2.2069796554944507,C,460.0,851892072,GLD   280616C00460000,GLD,-1.0,-1.0,,-1.0,80.58,,80.58,close,True,,,,,,,0.0,0.0
2028-06-16T16:00:00-04:00,20280616,2.2069796554944507,C,465.0,852305139,GLD   280616C00465000,GLD,-1.0,-1.0,,-1.0,78.6,,78.6,close,True,,,,,,,0.0,0.0
2028-06-16T16:00:00-04:00,20280616,2.2069796554944507,C,470.0,851892108,GLD   280616C00470000,GLD,-1.0,-1.0,,-1.0,76.61,,76.61,close,True,,,,,,,0.0,0.0
2028-06-16T16:00:00-04:00,20280616,2.2069796554944507,C,475.0,852305199,GLD   280616C00475000,GLD,-1.0,-1.0,,-1.0,74.66,,74.66,close,True,,,,,,,0.0,0.0
2028-06-16T16:00:00-04:00,20280616,2.2069796554944507,C,490.0,851892185,GLD   280616C00490000,GLD,-1.0,-1.0,,-1.0,69.16,,69.16,close,True,,,,,,,0.0,0.0
2028-06-16T16:00:00-04:00,20280616,2.2069796554944507,C,495.0,852305334,GLD   280616C00495000,GLD,-1.0,-1.0,,-1.0,67.44,,67.44,close,True,,,,,,,0.0,0.0
2028-06-16T16:00:00-04:00,20280616,2.2069796554944507,C,520.0,851892305,GLD   280616C00520000,GLD,-1.0,-1.0,,-1.0,59.35,,59.35,close,True,,,,,,,0.0,0.0
2028-06-16T16:00:00-04:00,20280616,2.2069796554944507,C,540.0,851892381,GLD   280616C00540000,GLD,-1.0,-1.0,,-1.0,53.67,,53.67,close,True,,,,,,,0.0,0.0
2028-06-16T16:00:00-04:00,20280616,2.2069796554944507,C,560.0,851892444,GLD   280616C00560000,GLD,-1.0,-1.0,,-1.0,48.64,,48.64,close,True,,,,,,,0.0,0.0
2028-06-16T16:00:00-04:00,20280616,2.2069796554944507,C,580.0,851892531,GLD   280616C00580000,GLD,-1.0,-1.0,,-1.0,44.14,,44.14,close,True,,,,,,,0.0,0.0
2028-06-16T16:00:00-04:00,20280616,2.2069796554944507,C,600.0,851892621,GLD   280616C00600000,GLD,-1.0,-1.0,,-1.0,40.16,,40.16,close,True,,,,,,,0.0,0.0
2028-06-16T16:00:00-04:00,20280616,2.2069796554944507,C,620.0,851892715,GLD   280616C00620000,GLD,-1.0,-1.0,,-1.0,36.63,,36.63,close,True,,,,,,,0.0,0.0
2028-06-16T16:00:00-04:00,20280616,2.2069796554944507,C,645.0,852306577,GLD   280616C00645000,GLD,-1.0,-1.0,,-1.0,32.79,,32.79,close,True,,,,,,,0.0,0.0
2028-06-16T16:00:00-04:00,20280616,2.2069796554944507,C,665.0,852306706,GLD   280616C00665000,GLD,-1.0,-1.0,,-1.0,30.12,,30.12,close,True,,,,,,,0.0,0.0
2028-06-16T16:00:00-04:00,20280616,2.2069796554944507,C,685.0,853493447,GLD   280616C00685000,GLD,-1.0,-1.0,,-1.0,27.73,,27.73,close,True,,,,,,,0.0,0.0
2028-06-16T16:00:00-04:00,20280616,2.2069796554944507,C,705.0,857780917,GLD   280616C00705000,GLD,-1.0,-1.0,,-1.0,25.67,,25.67,close,True,,,,,,,0.0,0.0
2028-06-16T16:00:00-04:00,20280616,2.2069796554944507,C,780.0,851893498,GLD   280616C00780000,GLD,-1.0,-1.0,,-1.0,19.63,,19.63,close,True,,,,,,,0.0,0.0
2028-06-16T16:00:00-04:00,20280616,2.2069796554944507,C,820.0,851893680,GLD   280616C00820000,GLD,-1.0,-1.0,,-1.0,17.3,,17.3,close,True,,,,,,,0.0,0.0
2028-06-16T16:00:00-04:00,20280616,2.2069796554944507,C,860.0,851893847,GLD   280616C00860000,GLD,-1.0,-1.0,,-1.0,15.43,,15.43,close,True,,,,,,,0.0,0.0
2028-06-16T16:00:00-04:00,20280616,2.2069796554944507,C,900.0,851894079,GLD   280616C00900000,GLD,-1.0,-1.0,,15.0,14.0,,14.0,close,True,,,,,,,2.0,0.0
2028-06-16T16:00:00-04:00,20280616,2.2069796554944507,P,50.0,852310786,GLD   280616P00050000,GLD,-1.0,-1.0,,-1.0,0.0,,,,False,,,,,,,0.0,0.0
2028-06-16T16:00:00-04:00,20280616,2.2069796554944507,P,90.0,852312456,GLD   280616P00090000,GLD,-1.0,-1.0,,-1.0,0.0,,,,False,,,,,,,0.0,0.0
2028-06-16T16:00:00-04:00,20280616,2.2069796554944507,P,230.0,852308069,GLD   280616P00230000,GLD,-1.0,-1.0,,-1.0,3.49,,3.49,close,True,,,,,,,0.0,0.0
2028-06-16T16:00:00-04:00,20280616,2.2069796554944507,P,255.0,852308430,GLD   280616P00255000,GLD,-1.0,-1.0,,-1.0,5.61,,5.61,close,True,,,,,,,0.0,0.0
2028-06-16T16:00:00-04:00,20280616,2.2069796554944507,P,315.0,852309171,GLD   280616P00315000,GLD,-1.0,-1.0,,-1.0,14.68,,14.68,close,True,,,,,,,0.0,1.0
2028-06-16T16:00:00-04:00,20280616,2.2069796554944507,P,375.0,852309618,GLD   280616P00375000,GLD,-1.0,-1.0,,-1.0,31.43,,31.43,close,True,,,,,,,0.0,6.0
2028-06-16T16:00:00-04:00,20280616,2.2069796554944507,P,395.0,852309801,GLD   280616P00395000,GLD,-1.0,-1.0,,-1.0,38.83,,38.83,close,True,,,,,,,0.0,8.0
2028-06-16T16:00:00-04:00,20280616,2.2069796554944507,P,400.0,851894626,GLD   280616P00400000,GLD,-1.0,-1.0,,-1.0,40.83,,40.83,close,True,,,,,,,0.0,795.0
2028-06-16T16:00:00-04:00,20280616,2.2069796554944507,P,405.0,852309881,GLD   280616P00405000,GLD,,,,,,,,,False,,,,,,,,145.0
2028-06-16T16:00:00-04:00,20280616,2.2069796554944507,P,410.0,851894665,GLD   280616P00410000,GLD,-1.0,-1.0,,-1.0,45.1,,45.1,close,True,,,,,,,0.0,5.0
2028-06-16T16:00:00-04:00,20280616,2.2069796554944507,P,415.0,852309974,GLD   280616P00415000,GLD,-1.0,-1.0,,-1.0,47.3,,47.3,close,True,,,,,,,0.0,22.0
2028-06-16T16:00:00-04:00,20280616,2.2069796554944507,P,420.0,851894714,GLD   280616P00420000,GLD,-1.0,-1.0,,-1.0,49.51,,49.51,close,True,,,,,,,0.0,10.0
2028-06-16T16:00:00-04:00,20280616,2.2069796554944507,P,425.0,852310054,GLD   280616P00425000,GLD,-1.0,-1.0,,-1.0,51.85,,51.85,close,True,,,,,,,0.0,1283.0
2028-06-16T16:00:00-04:00,20280616,2.2069796554944507,P,430.0,851894757,GLD   280616P00430000,GLD,-1.0,-1.0,,-1.0,54.27,,54.27,close,True,,,,,,,0.0,106.0
2028-06-16T16:00:00-04:00,20280616,2.2069796554944507,P,435.0,852310137,GLD   280616P00435000,GLD,-1.0,-1.0,,-1.0,56.7,,56.7,close,True,,,,,,,0.0,12.0
2028-06-16T16:00:00-04:00,20280616,2.2069796554944507,P,440.0,851894791,GLD   280616P00440000,GLD,-1.0,-1.0,,-1.0,59.27,,59.27,close,True,,,,,,,0.0,60.0
2028-06-16T16:00:00-04:00,20280616,2.2069796554944507,P,445.0,852310227,GLD   280616P00445000,GLD,-1.0,-1.0,,-1.0,61.87,,61.87,close,True,,,,,,,0.0,2.0
2028-06-16T16:00:00-04:00,20280616,2.2069796554944507,P,450.0,851894831,GLD   280616P00450000,GLD,-1.0,-1.0,,-1.0,64.55,,64.55,close,True,,,,,,,0.0,9.0
2028-06-16T16:00:00-04:00,20280616,2.2069796554944507,P,455.0,852310306,GLD   280616P00455000,GLD,-1.0,-1.0,,-1.0,67.27,,67.27,close,True,,,,,,,0.0,4.0
2028-06-16T16:00:00-04:00,20280616,2.2069796554944507,P,460.0,851894854,GLD   280616P00460000,GLD,-1.0,-1.0,,-1.0,70.03,,70.03,close,True,,,,,,,0.0,12.0
2028-06-16T16:00:00-04:00,20280616,2.2069796554944507,P,465.0,852310392,GLD   280616P00465000,GLD,-1.0,-1.0,,-1.0,72.95,,72.95,close,True,,,,,,,0.0,76.0
2028-06-16T16:00:00-04:00,20280616,2.2069796554944507,P,470.0,851894891,GLD   280616P00470000,GLD,-1.0,-1.0,,-1.0,75.88,,75.88,close,True,,,,,,,0.0,17.0
2028-06-16T16:00:00-04:00,20280616,2.2069796554944507,P,475.0,852310462,GLD   280616P00475000,GLD,-1.0,-1.0,,-1.0,78.85,,78.85,close,True,,,,,,,0.0,5.0
2028-06-16T16:00:00-04:00,20280616,2.2069796554944507,P,490.0,851894963,GLD   280616P00490000,GLD,-1.0,-1.0,,-1.0,88.19,,88.19,close,True,,,,,,,0.0,20.0
2028-06-16T16:00:00-04:00,20280616,2.2069796554944507,P,495.0,852310634,GLD   280616P00495000,GLD,,,,,,,,,False,,,,,,,,23.0
2028-06-16T16:00:00-04:00,20280616,2.2069796554944507,P,520.0,851895073,GLD   280616P00520000,GLD,,,,,,,,,False,,,,,,,,13.0
2028-06-16T16:00:00-04:00,20280616,2.2069796554944507,P,540.0,851895151,GLD   280616P00540000,GLD,,,,,,,,,False,,,,,,,,0.0
2028-06-16T16:00:00-04:00,20280616,2.2069796554944507,P,560.0,851895223,GLD   280616P00560000,GLD,,,,,,,,,False,,,,,,,,0.0
2028-06-16T16:00:00-04:00,20280616,2.2069796554944507,P,580.0,851895297,GLD   280616P00580000,GLD,,,,,,,,,False,,,,,,,,0.0
2028-06-16T16:00:00-04:00,20280616,2.2069796554944507,P,600.0,851895365,GLD   280616P00600000,GLD,,,,,,,,,False,,,,,,,,67.0
2028-06-16T16:00:00-04:00,20280616,2.2069796554944507,P,620.0,851895427,GLD   280616P00620000,GLD,,,,,,,,,False,,,,,,,,0.0
2028-06-16T16:00:00-04:00,20280616,2.2069796554944507,P,645.0,852311897,GLD   280616P00645000,GLD,,,,,,,,,False,,,,,,,,0.0
2028-06-16T16:00:00-04:00,20280616,2.2069796554944507,P,665.0,852312045,GLD   280616P00665000,GLD,,,,,,,,,False,,,,,,,,0.0
2028-06-16T16:00:00-04:00,20280616,2.2069796554944507,P,685.0,853493555,GLD   280616P00685000,GLD,-1.0,-1.0,,-1.0,248.3,,248.3,close,True,,,,,,,0.0,0.0
2028-06-16T16:00:00-04:00,20280616,2.2069796554944507,P,705.0,857781007,GLD   280616P00705000,GLD,-1.0,-1.0,,-1.0,267.61,,267.61,close,True,,,,,,,0.0,0.0
2028-06-16T16:00:00-04:00,20280616,2.2069796554944507,P,780.0,851896096,GLD   280616P00780000,GLD,-1.0,-1.0,,-1.0,342.18,,342.18,close,True,,,,,,,0.0,0.0
2028-06-16T16:00:00-04:00,20280616,2.2069796554944507,P,820.0,851896270,GLD   280616P00820000,GLD,-1.0,-1.0,,-1.0,382.18,,382.18,close,True,,,,,,,0.0,0.0
2028-06-16T16:00:00-04:00,20280616,2.2069796554944507,P,860.0,851896442,GLD   280616P00860000,GLD,-1.0,-1.0,,-1.0,422.18,,422.18,close,True,,,,,,,0.0,0.0
2028-06-16T16:00:00-04:00,20280616,2.2069796554944507,P,900.0,851896605,GLD   280616P00900000,GLD,-1.0,-1.0,,-1.0,462.18,,462.18,close,True,,,,,,,0.0,0.0
2028-12-15T16:00:00-05:00,20281215,2.7057239477318937,C,50.0,852315421,GLD   281215C00050000,GLD,-1.0,-1.0,,-1.0,395.58,,395.58,close,True,,,,,,,0.0,0.0
2028-12-15T16:00:00-05:00,20281215,2.7057239477318937,C,90.0,852316925,GLD   281215C00090000,GLD,-1.0,-1.0,,-1.0,359.3,,359.3,close,True,,,,,,,0.0,0.0
2028-12-15T16:00:00-05:00,20281215,2.7057239477318937,C,230.0,852313193,GLD   281215C00230000,GLD,-1.0,-1.0,,-1.0,236.7,,236.7,close,True,,,,,,,0.0,0.0
2028-12-15T16:00:00-05:00,20281215,2.7057239477318937,C,255.0,852313501,GLD   281215C00255000,GLD,-1.0,-1.0,,-1.0,216.4,,216.4,close,True,,,,,,,0.0,0.0
2028-12-15T16:00:00-05:00,20281215,2.7057239477318937,C,315.0,852314105,GLD   281215C00315000,GLD,-1.0,-1.0,,-1.0,171.82,,171.82,close,True,,,,,,,0.0,0.0
2028-12-15T16:00:00-05:00,20281215,2.7057239477318937,C,375.0,852314475,GLD   281215C00375000,GLD,-1.0,-1.0,,-1.0,133.97,,133.97,close,True,,,,,,,0.0,0.0
2028-12-15T16:00:00-05:00,20281215,2.7057239477318937,C,395.0,852314635,GLD   281215C00395000,GLD,-1.0,-1.0,,-1.0,122.54,,122.54,close,True,,,,,,,0.0,0.0
2028-12-15T16:00:00-05:00,20281215,2.7057239477318937,C,400.0,851896979,GLD   281215C00400000,GLD,-1.0,-1.0,,114.1,119.94,,119.94,close,True,,,,,,,4.0,0.0
2028-12-15T16:00:00-05:00,20281215,2.7057239477318937,C,405.0,852314718,GLD   281215C00405000,GLD,-1.0,-1.0,,110.85,117.33,,117.33,close,True,,,,,,,1.0,0.0
2028-12-15T16:00:00-05:00,20281215,2.7057239477318937,C,410.0,851897002,GLD   281215C00410000,GLD,-1.0,-1.0,,-1.0,114.73,,114.73,close,True,,,,,,,0.0,0.0
2028-12-15T16:00:00-05:00,20281215,2.7057239477318937,C,415.0,852314795,GLD   281215C00415000,GLD,-1.0,-1.0,,102.85,112.2,,112.2,close,True,,,,,,,1.0,0.0
2028-12-15T16:00:00-05:00,20281215,2.7057239477318937,C,420.0,851897022,GLD   281215C00420000,GLD,-1.0,-1.0,,104.3,109.77,,109.77,close,True,,,,,,,3.0,0.0
2028-12-15T16:00:00-05:00,20281215,2.7057239477318937,C,425.0,852314858,GLD   281215C00425000,GLD,-1.0,-1.0,,102.0,107.34,,107.34,close,True,,,,,,,3.0,0.0
2028-12-15T16:00:00-05:00,20281215,2.7057239477318937,C,430.0,851897048,GLD   281215C00430000,GLD,-1.0,-1.0,,99.9,104.92,,104.92,close,True,,,,,,,2.0,0.0
2028-12-15T16:00:00-05:00,20281215,2.7057239477318937,C,435.0,852314931,GLD   281215C00435000,GLD,-1.0,-1.0,,-1.0,102.51,,102.51,close,True,,,,,,,0.0,0.0
2028-12-15T16:00:00-05:00,20281215,2.7057239477318937,C,440.0,851897072,GLD   281215C00440000,GLD,-1.0,-1.0,,95.25,100.22,,100.22,close,True,,,,,,,1.0,0.0
2028-12-15T16:00:00-05:00,20281215,2.7057239477318937,C,445.0,852315000,GLD   281215C00445000,GLD,-1.0,-1.0,,93.1,98.0,,98.0,close,True,,,,,,,10.0,0.0
2028-12-15T16:00:00-05:00,20281215,2.7057239477318937,C,450.0,851897092,GLD   281215C00450000,GLD,-1.0,-1.0,,89.9,95.81,,95.81,close,True,,,,,,,7.0,0.0
2028-12-15T16:00:00-05:00,20281215,2.7057239477318937,C,455.0,852315060,GLD   281215C00455000,GLD,-1.0,-1.0,,87.37,93.67,,93.67,close,True,,,,,,,13.0,0.0
2028-12-15T16:00:00-05:00,20281215,2.7057239477318937,C,460.0,851897119,GLD   281215C00460000,GLD,-1.0,-1.0,,-1.0,91.53,,91.53,close,True,,,,,,,1.0,0.0
2028-12-15T16:00:00-05:00,20281215,2.7057239477318937,C,465.0,852315125,GLD   281215C00465000,GLD,-1.0,-1.0,,-1.0,89.39,,89.39,close,True,,,,,,,0.0,0.0
2028-12-15T16:00:00-05:00,20281215,2.7057239477318937,C,470.0,851897144,GLD   281215C00470000,GLD,-1.0,-1.0,,-1.0,87.49,,87.49,close,True,,,,,,,0.0,0.0
2028-12-15T16:00:00-05:00,20281215,2.7057239477318937,C,475.0,852315188,GLD   281215C00475000,GLD,-1.0,-1.0,,-1.0,85.6,,85.6,close,True,,,,,,,1.0,0.0
2028-12-15T16:00:00-05:00,20281215,2.7057239477318937,C,490.0,851897203,GLD   281215C00490000,GLD,-1.0,-1.0,,-1.0,79.99,,79.99,close,True,,,,,,,0.0,0.0
2028-12-15T16:00:00-05:00,20281215,2.7057239477318937,C,495.0,852315318,GLD   281215C00495000,GLD,-1.0,-1.0,,-1.0,78.27,,78.27,close,True,,,,,,,0.0,0.0
2028-12-15T16:00:00-05:00,20281215,2.7057239477318937,C,520.0,851897288,GLD   281215C00520000,GLD,-1.0,-1.0,,-1.0,70.09,,70.09,close,True,,,,,,,0.0,0.0
2028-12-15T16:00:00-05:00,20281215,2.7057239477318937,C,540.0,851897362,GLD   281215C00540000,GLD,-1.0,-1.0,,-1.0,64.19,,64.19,close,True,,,,,,,0.0,0.0
2028-12-15T16:00:00-05:00,20281215,2.7057239477318937,C,560.0,851897427,GLD   281215C00560000,GLD,-1.0,-1.0,,-1.0,58.89,,58.89,close,True,,,,,,,0.0,0.0
2028-12-15T16:00:00-05:00,20281215,2.7057239477318937,C,580.0,851897476,GLD   281215C00580000,GLD,-1.0,-1.0,,52.65,54.18,,54.18,close,True,,,,,,,1.0,0.0
2028-12-15T16:00:00-05:00,20281215,2.7057239477318937,C,600.0,851897536,GLD   281215C00600000,GLD,-1.0,-1.0,,47.8,49.88,,49.88,close,True,,,,,,,7.0,0.0
2028-12-15T16:00:00-05:00,20281215,2.7057239477318937,C,620.0,851897593,GLD   281215C00620000,GLD,-1.0,-1.0,,-1.0,45.94,,45.94,close,True,,,,,,,0.0,0.0
2028-12-15T16:00:00-05:00,20281215,2.7057239477318937,C,645.0,852316405,GLD   281215C00645000,GLD,-1.0,-1.0,,-1.0,41.7,,41.7,close,True,,,,,,,0.0,0.0
2028-12-15T16:00:00-05:00,20281215,2.7057239477318937,C,665.0,852316553,GLD   281215C00665000,GLD,-1.0,-1.0,,-1.0,38.6,,38.6,close,True,,,,,,,0.0,0.0
2028-12-15T16:00:00-05:00,20281215,2.7057239477318937,C,685.0,853493674,GLD   281215C00685000,GLD,-1.0,-1.0,,-1.0,36.23,,36.23,close,True,,,,,,,0.0,0.0
2028-12-15T16:00:00-05:00,20281215,2.7057239477318937,C,705.0,857781127,GLD   281215C00705000,GLD,-1.0,-1.0,,-1.0,33.91,,33.91,close,True,,,,,,,1.0,0.0
2028-12-15T16:00:00-05:00,20281215,2.7057239477318937,C,780.0,851898061,GLD   281215C00780000,GLD,-1.0,-1.0,,-1.0,26.57,,26.57,close,True,,,,,,,0.0,0.0
2028-12-15T16:00:00-05:00,20281215,2.7057239477318937,C,820.0,851898172,GLD   281215C00820000,GLD,-1.0,-1.0,,-1.0,23.69,,23.69,close,True,,,,,,,0.0,0.0
2028-12-15T16:00:00-05:00,20281215,2.7057239477318937,C,860.0,851898282,GLD   281215C00860000,GLD,-1.0,-1.0,,-1.0,20.9,,20.9,close,True,,,,,,,0.0,0.0
2028-12-15T16:00:00-05:00,20281215,2.7057239477318937,C,900.0,851898389,GLD   281215C00900000,GLD,-1.0,-1.0,,18.25,18.92,,18.92,close,True,,,,,,,6.0,0.0
2028-12-15T16:00:00-05:00,20281215,2.7057239477318937,P,50.0,852320160,GLD   281215P00050000,GLD,-1.0,-1.0,,-1.0,0.0,,,,False,,,,,,,0.0,2.0
2028-12-15T16:00:00-05:00,20281215,2.7057239477318937,P,90.0,852321831,GLD   281215P00090000,GLD,-1.0,-1.0,,-1.0,0.01,,0.01,close,True,,,,,,,0.0,0.0
2028-12-15T16:00:00-05:00,20281215,2.7057239477318937,P,230.0,852317759,GLD   281215P00230000,GLD,-1.0,-1.0,,-1.0,4.61,,4.61,close,True,,,,,,,0.0,3.0
2028-12-15T16:00:00-05:00,20281215,2.7057239477318937,P,255.0,852318090,GLD   281215P00255000,GLD,-1.0,-1.0,,-1.0,7.13,,7.13,close,True,,,,,,,0.0,2.0
2028-12-15T16:00:00-05:00,20281215,2.7057239477318937,P,315.0,852318730,GLD   281215P00315000,GLD,-1.0,-1.0,,-1.0,17.65,,17.65,close,True,,,,,,,0.0,3.0
2028-12-15T16:00:00-05:00,20281215,2.7057239477318937,P,375.0,852319137,GLD   281215P00375000,GLD,-1.0,-1.0,,-1.0,35.67,,35.67,close,True,,,,,,,0.0,13.0
2028-12-15T16:00:00-05:00,20281215,2.7057239477318937,P,395.0,852319268,GLD   281215P00395000,GLD,-1.0,-1.0,,-1.0,43.09,,43.09,close,True,,,,,,,0.0,215.0
2028-12-15T16:00:00-05:00,20281215,2.7057239477318937,P,400.0,851898819,GLD   281215P00400000,GLD,-1.0,-1.0,,-1.0,45.22,,45.22,close,True,,,,,,,0.0,470.0
2028-12-15T16:00:00-05:00,20281215,2.7057239477318937,P,405.0,852319338,GLD   281215P00405000,GLD,-1.0,-1.0,,-1.0,47.36,,47.36,close,True,,,,,,,0.0,81.0
2028-12-15T16:00:00-05:00,20281215,2.7057239477318937,P,410.0,851898859,GLD   281215P00410000,GLD,-1.0,-1.0,,-1.0,49.51,,49.51,close,True,,,,,,,0.0,787.0
2028-12-15T16:00:00-05:00,20281215,2.7057239477318937,P,415.0,852319421,GLD   281215P00415000,GLD,-1.0,-1.0,,-1.0,51.74,,51.74,close,True,,,,,,,0.0,20.0
2028-12-15T16:00:00-05:00,20281215,2.7057239477318937,P,420.0,851898909,GLD   281215P00420000,GLD,-1.0,-1.0,,-1.0,54.09,,54.09,close,True,,,,,,,0.0,74.0
2028-12-15T16:00:00-05:00,20281215,2.7057239477318937,P,425.0,852319490,GLD   281215P00425000,GLD,-1.0,-1.0,,-1.0,56.44,,56.44,close,True,,,,,,,6.0,91.0
2028-12-15T16:00:00-05:00,20281215,2.7057239477318937,P,430.0,851898963,GLD   281215P00430000,GLD,-1.0,-1.0,,-1.0,58.81,,58.81,close,True,,,,,,,1.0,526.0
2028-12-15T16:00:00-05:00,20281215,2.7057239477318937,P,435.0,852319558,GLD   281215P00435000,GLD,-1.0,-1.0,,-1.0,61.2,,61.2,close,True,,,,,,,0.0,452.0
2028-12-15T16:00:00-05:00,20281215,2.7057239477318937,P,440.0,851899006,GLD   281215P00440000,GLD,-1.0,-1.0,,68.39,63.72,,63.72,close,True,,,,,,,1.0,221.0
2028-12-15T16:00:00-05:00,20281215,2.7057239477318937,P,445.0,852319615,GLD   281215P00445000,GLD,-1.0,-1.0,,-1.0,66.32,,66.32,close,True,,,,,,,0.0,45.0
2028-12-15T16:00:00-05:00,20281215,2.7057239477318937,P,450.0,851899049,GLD   281215P00450000,GLD,-1.0,-1.0,,-1.0,68.98,,68.98,close,True,,,,,,,0.0,276.0
2028-12-15T16:00:00-05:00,20281215,2.7057239477318937,P,455.0,852319681,GLD   281215P00455000,GLD,-1.0,-1.0,,-1.0,71.68,,71.68,close,True,,,,,,,0.0,38.0
2028-12-15T16:00:00-05:00,20281215,2.7057239477318937,P,460.0,851899092,GLD   281215P00460000,GLD,-1.0,-1.0,,-1.0,74.4,,74.4,close,True,,,,,,,0.0,352.0
2028-12-15T16:00:00-05:00,20281215,2.7057239477318937,P,465.0,852319748,GLD   281215P00465000,GLD,-1.0,-1.0,,-1.0,77.13,,77.13,close,True,,,,,,,0.0,505.0
2028-12-15T16:00:00-05:00,20281215,2.7057239477318937,P,470.0,851899143,GLD   281215P00470000,GLD,-1.0,-1.0,,-1.0,80.11,,80.11,close,True,,,,,,,0.0,29.0
2028-12-15T16:00:00-05:00,20281215,2.7057239477318937,P,475.0,852319838,GLD   281215P00475000,GLD,-1.0,-1.0,,-1.0,83.1,,83.1,close,True,,,,,,,0.0,106.0
2028-12-15T16:00:00-05:00,20281215,2.7057239477318937,P,490.0,851899209,GLD   281215P00490000,GLD,-1.0,-1.0,,-1.0,92.23,,92.23,close,True,,,,,,,0.0,12.0
2028-12-15T16:00:00-05:00,20281215,2.7057239477318937,P,495.0,852319995,GLD   281215P00495000,GLD,-1.0,-1.0,,-1.0,95.46,,95.46,close,True,,,,,,,0.0,7.0
2028-12-15T16:00:00-05:00,20281215,2.7057239477318937,P,520.0,851899342,GLD   281215P00520000,GLD,-1.0,-1.0,,-1.0,112.13,,112.13,close,True,,,,,,,0.0,2.0
2028-12-15T16:00:00-05:00,20281215,2.7057239477318937,P,540.0,851899412,GLD   281215P00540000,GLD,-1.0,-1.0,,-1.0,126.33,,126.33,close,True,,,,,,,0.0,7.0
2028-12-15T16:00:00-05:00,20281215,2.7057239477318937,P,560.0,851899470,GLD   281215P00560000,GLD,-1.0,-1.0,,-1.0,141.32,,141.32,close,True,,,,,,,0.0,54.0
2028-12-15T16:00:00-05:00,20281215,2.7057239477318937,P,580.0,851899527,GLD   281215P00580000,GLD,-1.0,-1.0,,-1.0,157.08,,157.08,close,True,,,,,,,0.0,25.0
2028-12-15T16:00:00-05:00,20281215,2.7057239477318937,P,600.0,851899590,GLD   281215P00600000,GLD,-1.0,-1.0,,-1.0,173.43,,173.43,close,True,,,,,,,0.0,7.0
2028-12-15T16:00:00-05:00,20281215,2.7057239477318937,P,620.0,851899632,GLD   281215P00620000,GLD,-1.0,-1.0,,-1.0,190.35,,190.35,close,True,,,,,,,0.0,2.0
2028-12-15T16:00:00-05:00,20281215,2.7057239477318937,P,645.0,852321293,GLD   281215P00645000,GLD,-1.0,-1.0,,-1.0,212.37,,212.37,close,True,,,,,,,0.0,0.0
2028-12-15T16:00:00-05:00,20281215,2.7057239477318937,P,665.0,852321435,GLD   281215P00665000,GLD,-1.0,-1.0,,-1.0,230.49,,230.49,close,True,,,,,,,0.0,1.0
2028-12-15T16:00:00-05:00,20281215,2.7057239477318937,P,685.0,853493780,GLD   281215P00685000,GLD,-1.0,-1.0,,-1.0,249.24,,249.24,close,True,,,,,,,0.0,1.0
2028-12-15T16:00:00-05:00,20281215,2.7057239477318937,P,705.0,857781237,GLD   281215P00705000,GLD,-1.0,-1.0,,-1.0,268.26,,268.26,close,True,,,,,,,0.0,0.0
2028-12-15T16:00:00-05:00,20281215,2.7057239477318937,P,780.0,851899936,GLD   281215P00780000,GLD,-1.0,-1.0,,-1.0,342.18,,342.18,close,True,,,,,,,0.0,0.0
2028-12-15T16:00:00-05:00,20281215,2.7057239477318937,P,820.0,851899992,GLD   281215P00820000,GLD,-1.0,-1.0,,-1.0,382.18,,382.18,close,True,,,,,,,0.0,0.0
2028-12-15T16:00:00-05:00,20281215,2.7057239477318937,P,860.0,851900062,GLD   281215P00860000,GLD,-1.0,-1.0,,-1.0,422.18,,422.18,close,True,,,,,,,0.0,0.0
2028-12-15T16:00:00-05:00,20281215,2.7057239477318937,P,900.0,851900117,GLD   281215P00900000,GLD,-1.0,-1.0,,-1.0,462.18,,462.18,close,True,,,,,,,0.0,0.0
