Date,gold,silver,sp500,dxy,ust10y_yield
2006-05-01,65.16000366210938,13.869999885559082,1305.18994140625,85.97000122070312,5.13100004196167
2006-05-02,66.55000305175781,14.364999771118164,1313.2099609375,85.79000091552734,5.110000133514404
2006-05-03,66.45999908447266,13.925000190734863,1308.1199951171875,85.83999633789062,5.144000053405762
2006-05-04,67.4800033569336,14.0,1312.25,85.83999633789062,5.150000095367432
2006-05-05,67.98999786376953,13.994999885559082,1325.760009765625,85.12000274658203,5.107999801635742
2006-05-08,67.55999755859375,14.0,1324.6600341796875,85.2300033569336,5.11899995803833
2006-05-09,69.68000030517578,14.5,1325.1400146484375,84.83000183105469,5.125
2006-05-10,70.37999725341797,14.526000022888184,1322.8499755859375,84.5,5.125
2006-05-11,71.02999877929688,14.859999656677246,1305.9200439453125,84.2699966430664,5.15500020980835
2006-05-12,71.12000274658203,14.46399974822998,1291.239990234375,83.95999908447266,5.185999870300293
2006-05-15,67.41000366210938,13.270000457763672,1294.5,84.54000091552734,5.152999877929688
2006-05-16,68.61000061035156,13.579999923706056,1292.0799560546875,84.16999816894531,5.105000019073486
2006-05-17,68.1500015258789,13.09000015258789,1270.3199462890625,84.8499984741211,5.152999877929688
2006-05-18,67.45999908447266,12.60200023651123,1261.81005859375,84.51000213623047,5.072999954223633
2006-05-19,65.58000183105469,12.600000381469728,1267.030029296875,84.87999725341797,5.053999900817871
2006-05-22,65.30000305175781,12.515000343322754,1262.0699462890625,84.3499984741211,5.035999774932861
2006-05-23,66.37999725341797,13.045000076293944,1256.5799560546875,84.3499984741211,5.065999984741211
2006-05-24,64.05999755859375,12.545000076293944,1258.5699462890625,84.94999694824219,5.033999919891357
2006-05-25,64.69999694824219,12.6850004196167,1272.8800048828125,84.6500015258789,5.073999881744385
2006-05-26,65.0999984741211,12.670000076293944,1280.1600341796875,85.26000213623047,5.052000045776367
2006-05-30,65.11000061035156,13.097000122070312,1259.8699951171875,84.27999877929688,5.085999965667725
2006-05-31,64.2300033569336,12.628000259399414,1270.0899658203125,84.72000122070312,5.11299991607666
2006-06-01,62.560001373291016,12.039999961853027,1285.7099609375,84.79000091552734,5.107999801635742
2006-06-02,63.5,12.175000190734863,1288.219970703125,84.05000305175781,4.99399995803833
2006-06-05,63.290000915527344,12.092000007629396,1265.2900390625,84.13999938964844,5.026000022888184
2006-06-06,62.54999923706055,11.835000038146973,1263.8499755859375,84.7300033569336,5.00600004196167
2006-06-07,62.27999877929688,11.869999885559082,1256.1500244140625,84.98999786376953,5.026000022888184
2006-06-08,60.90999984741211,11.234999656677246,1257.9300537109375,85.91000366210938,4.992000102996826
2006-06-09,60.45000076293945,11.19200038909912,1252.300048828125,85.72000122070312,4.980999946594238
2006-06-12,60.02999877929688,10.93000030517578,1237.43994140625,85.8499984741211,4.986999988555908
2006-06-13,55.91999816894531,9.625,1223.68994140625,86.43000030517578,4.960999965667725
2006-06-14,55.619998931884766,9.670000076293944,1230.0400390625,86.13999938964844,5.050000190734863
2006-06-15,57.31999969482422,10.263999938964844,1256.1600341796875,86.0199966430664,5.0980000495910645
2006-06-16,57.68000030517578,10.289999961853027,1251.5400390625,85.91999816894531,5.127999782562256
2006-06-19,56.36000061035156,9.946999549865724,1240.1300048828125,86.30999755859375,5.144999980926514
2006-06-20,57.29999923706055,10.28600025177002,1240.1199951171875,86.18000030517578,5.1570000648498535
2006-06-21,58.33000183105469,10.5,1252.199951171875,85.77999877929688,5.15500020980835
2006-06-22,57.72999954223633,10.256999969482422,1245.5999755859375,86.38999938964844,5.197999954223633
2006-06-23,57.9900016784668,10.352999687194824,1244.5,86.81999969482422,5.228000164031982
2006-06-26,58.27999877929688,10.31700038909912,1250.56005859375,86.48999786376953,5.238999843597412
2006-06-27,57.68000030517578,10.21399974822998,1239.199951171875,86.47000122070312,5.210000038146973
2006-06-28,57.540000915527344,10.244999885559082,1246.0,86.62999725341797,5.244999885559082
2006-06-29,59.52000045776367,10.781999588012695,1272.8699951171875,85.87000274658203,5.199999809265137
2006-06-30,61.22999954223633,11.138999938964844,1270.199951171875,85.22000122070312,5.138000011444092
2006-07-03,62.18000030517578,11.380000114440918,1280.18994140625,85.18000030517578,5.151000022888184
2006-07-05,62.5,11.470000267028809,1270.9100341796875,85.5999984741211,5.227000236511231
2006-07-06,63.02000045776367,11.598999977111816,1274.0799560546875,85.3499984741211,5.184999942779541
2006-07-07,62.630001068115234,11.324999809265137,1265.47998046875,84.9800033569336,5.131999969482422
2006-07-10,62.02000045776367,11.083999633789062,1267.3399658203125,85.5,5.130000114440918
2006-07-11,63.810001373291016,11.56999969482422,1272.4300537109375,85.36000061035156,5.099999904632568
2006-07-12,64.91999816894531,11.592000007629396,1258.5999755859375,85.91000366210938,5.099999904632568
2006-07-13,65.55000305175781,11.649999618530272,1242.280029296875,85.79000091552734,5.071000099182129
2006-07-14,65.8499984741211,11.49899959564209,1236.199951171875,86.08999633789062,5.059000015258789
2006-07-17,63.95000076293945,10.897000312805176,1234.489990234375,86.95999908447266,5.068999767303467
2006-07-18,62.900001525878906,10.595000267028809,1236.8599853515625,87.01000213623047,5.130000114440918
2006-07-19,64.02999877929688,11.138999938964844,1259.81005859375,86.45999908447266,5.059000015258789
2006-07-20,62.540000915527344,10.899999618530272,1249.1300048828125,86.22000122070312,5.027999877929688
2006-07-21,61.709999084472656,10.838000297546388,1240.2900390625,85.93000030517578,5.045000076293945
2006-07-24,61.13999938964844,10.91800022125244,1260.9100341796875,86.33999633789062,5.044000148773193
2006-07-25,61.54999923706055,10.993000030517578,1268.8800048828125,86.63999938964844,5.065000057220459
2006-07-26,62.0,11.107000350952148,1268.4000244140625,85.93000030517578,5.035999774932861
2006-07-27,62.900001525878906,11.375,1263.199951171875,85.87000274658203,5.039999961853027
2006-07-28,63.11000061035156,11.399999618530272,1278.550048828125,85.44000244140625,4.989999771118164
2006-07-31,63.15999984741211,11.414999961853027,1276.6600341796875,85.30000305175781,4.98799991607666
2006-08-01,64.31999969482422,11.760000228881836,1270.9200439453125,85.05000305175781,4.982999801635742
2006-08-02,64.75,12.170000076293944,1277.4100341796875,85.05000305175781,4.960999965667725
2006-08-03,64.12000274658203,12.079999923706056,1280.27001953125,85.0199966430664,4.951000213623047
2006-08-04,64.27999877929688,12.383000373840332,1279.3599853515625,84.56999969482422,4.901000022888184
2006-08-07,64.5,12.3100004196167,1275.77001953125,84.75,4.921000003814697
2006-08-08,63.970001220703125,12.260000228881836,1271.47998046875,84.66000366210938,4.922999858856201
2006-08-09,64.62999725341797,12.517999649047852,1265.949951171875,84.70999908447266,4.936999797821045
2006-08-10,63.25,12.121000289916992,1271.81005859375,85.08000183105469,4.927000045776367
2006-08-11,62.709999084472656,11.918999671936035,1266.739990234375,85.5199966430664,4.9670000076293945
2006-08-14,62.25,12.04800033569336,1268.2099609375,85.63999938964844,5.000999927520752
2006-08-15,62.0099983215332,12.104999542236328,1285.5799560546875,85.22000122070312,4.931000232696533
2006-08-16,62.4900016784668,12.324000358581545,1295.4300537109375,84.87999725341797,4.870999813079834
2006-08-17,61.02999877929688,11.967000007629396,1297.47998046875,85.04000091552734,4.867000102996826
2006-08-18,61.040000915527344,12.0600004196167,1302.300048828125,85.08999633789062,4.835000038146973
2006-08-21,62.43999862670898,12.411999702453612,1297.52001953125,84.62999725341797,4.818999767303467
2006-08-22,62.04999923706055,12.295000076293944,1298.8199462890625,85.18000030517578,4.810999870300293
2006-08-23,61.83000183105469,12.5,1292.989990234375,85.12999725341797,4.818999767303467
2006-08-24,61.75,12.359999656677246,1296.06005859375,85.27999877929688,4.802999973297119
2006-08-25,61.77000045776367,12.420000076293944,1295.0899658203125,85.37999725341797,4.790999889373779
2006-08-28,61.0,12.031999588012695,1301.780029296875,85.2300033569336,4.796999931335449
2006-08-29,60.93999862670898,12.274999618530272,1304.280029296875,84.91000366210938,4.7829999923706055
2006-08-30,61.41999816894531,12.51099967956543,1305.3699951171875,84.97000122070312,4.763000011444092
2006-08-31,62.290000915527344,12.907999992370604,1303.8199462890625,85.05000305175781,4.73199987411499
2006-09-01,62.13999938964844,12.960000038146973,1311.010009765625,84.94000244140625,4.72599983215332
2006-09-05,63.36000061035156,12.975000381469728,1313.25,85.0,4.781000137329102
2006-09-06,62.86000061035156,12.98799991607666,1300.260009765625,85.0999984741211,4.801000118255615
2006-09-07,61.25,12.56999969482422,1294.02001953125,85.52999877929688,4.795000076293945
2006-09-08,60.63999938964844,12.130000114440918,1298.9200439453125,85.94999694824219,4.770999908447266
2006-09-11,58.5,11.074999809265137,1299.5400390625,85.91999816894531,4.798999786376953
2006-09-12,58.31999969482422,11.019000053405762,1313.0,85.91999816894531,4.7729997634887695
2006-09-13,58.619998931884766,11.1850004196167,1318.0699462890625,85.87000274658203,4.764999866485596
2006-09-14,57.18999862670898,10.699999809265137,1316.280029296875,85.66000366210938,4.793000221252441
2006-09-15,57.400001525878906,10.798999786376951,1319.6600341796875,85.98999786376953,4.797999858856201
2006-09-18,58.22999954223633,11.170000076293944,1321.1800537109375,85.80999755859375,4.809999942779541
2006-09-19,56.91999816894531,10.788000106811523,1317.6400146484375,85.94000244140625,4.736999988555908
2006-09-20,57.2599983215332,10.88599967956543,1325.1800537109375,85.80999755859375,4.729000091552734
2006-09-21,57.95000076293945,11.1850004196167,1318.030029296875,85.18000030517578,4.6479997634887695
2006-09-22,58.5,11.151000022888184,1314.780029296875,85.19999694824219,4.5970001220703125
2006-09-25,58.5,11.187999725341797,1326.3699951171875,85.29000091552734,4.554999828338623
2006-09-26,58.7400016784668,11.378000259399414,1336.3499755859375,85.62999725341797,4.585000038146973
2006-09-27,59.810001373291016,11.619999885559082,1336.5899658203125,85.66000366210938,4.593999862670898
2006-09-28,59.790000915527344,11.541000366210938,1338.8800048828125,85.72000122070312,4.625999927520752
2006-09-29,59.470001220703125,11.451000213623049,1335.8499755859375,85.97000122070312,4.632999897003174
2006-10-02,59.150001525878906,11.4350004196167,1331.3199462890625,85.58999633789062,4.618000030517578
2006-10-03,57.11000061035156,10.8100004196167,1334.1099853515625,85.70999908447266,4.616000175476074
2006-10-04,56.369998931884766,10.800000190734863,1350.199951171875,85.83999633789062,4.565000057220459
2006-10-05,56.91999816894531,11.07800006866455,1353.219970703125,85.91999816894531,4.607999801635742
2006-10-06,56.9900016784668,11.095000267028809,1349.5899658203125,86.44000244140625,4.696000099182129
2006-10-10,57.0,11.118000030517578,1353.4200439453125,87.0199966430664,4.748000144958496
2006-10-11,56.880001068115234,11.17300033569336,1349.949951171875,87.12000274658203,4.783999919891357
2006-10-12,57.4900016784668,11.291000366210938,1362.8299560546875,86.91999816894531,4.777999877929688
2006-10-13,58.56999969482422,11.638999938964844,1365.6199951171875,87.12000274658203,4.806000232696533
2006-10-16,59.16999816894531,11.845000267028809,1369.06005859375,87.0,4.788000106811523
2006-10-17,58.650001525878906,11.687999725341797,1364.050048828125,86.87000274658203,4.777999877929688
2006-10-18,58.59000015258789,11.722000122070312,1365.800048828125,86.87999725341797,4.763999938964844
2006-10-19,59.40999984741211,12.06999969482422,1366.9599609375,86.23999786376953,4.785999774932861
2006-10-20,58.77999877929688,11.876999855041504,1368.5999755859375,86.2699966430664,4.783999919891357
2006-10-23,57.7599983215332,11.638999938964844,1377.02001953125,86.70999908447266,4.826000213623047
2006-10-24,58.16999816894531,11.788999557495115,1377.3800048828125,86.62999725341797,4.823999881744385
2006-10-25,58.7599983215332,11.895000457763672,1382.219970703125,86.37999725341797,4.7729997634887695
2006-10-26,59.290000915527344,12.105999946594238,1389.0799560546875,85.88999938964844,4.7210001945495605
2006-10-27,59.400001525878906,12.01099967956543,1377.3399658203125,85.55999755859375,4.675000190734863
2006-10-30,59.900001525878906,12.105999946594238,1377.9300537109375,85.58999633789062,4.672999858856201
2006-10-31,60.2400016784668,12.267999649047852,1377.93994140625,85.31999969482422,4.605999946594238
2006-11-01,61.36000061035156,12.444000244140623,1367.81005859375,85.31999969482422,4.560999870300293
2006-11-02,61.91999816894531,12.515000343322754,1367.3399658203125,85.33999633789062,4.5960001945495605
2006-11-03,62.29999923706055,12.552000045776367,1364.300048828125,85.70999908447266,4.715000152587891
2006-11-06,61.88999938964844,12.609999656677246,1379.780029296875,85.75,4.709000110626221
2006-11-07,62.040000915527344,12.595000267028809,1382.8399658203125,85.43000030517578,4.658999919891357
2006-11-08,61.11000061035156,12.416999816894531,1385.719970703125,85.41000366210938,4.632999897003174
2006-11-09,62.95000076293945,13.027999877929688,1378.3299560546875,85.18000030517578,4.632999897003174
2006-11-10,62.4900016784668,12.967000007629396,1380.9000244140625,85.05000305175781,4.585999965667725
2006-11-13,62.18999862670898,12.859999656677246,1384.4200439453125,85.36000061035156,4.605000019073486
2006-11-14,61.630001068115234,12.776000022888184,1393.219970703125,85.23999786376953,4.567999839782715
2006-11-15,61.84000015258789,12.86299991607666,1396.5699462890625,85.33999633789062,4.614999771118164
2006-11-16,61.310001373291016,12.755000114440918,1399.760009765625,85.5,4.65500020980835
2006-11-17,61.77999877929688,12.763999938964844,1401.199951171875,85.37000274658203,4.60699987411499
2006-11-20,61.77000045776367,12.704999923706056,1400.5,85.41999816894531,4.59499979019165
2006-11-21,62.27000045776367,13.029999732971191,1402.81005859375,85.23999786376953,4.578000068664551
2006-11-22,62.5,13.032999992370604,1406.0899658203125,84.6500015258789,4.567999839782715
2006-11-24,63.5,13.41100025177002,1400.949951171875,83.70999908447266,4.547999858856201
2006-11-27,63.70000076293945,13.494999885559082,1381.9599609375,83.51000213623047,4.538000106811523
2006-11-28,63.56999969482422,13.734000205993652,1386.719970703125,83.20999908447266,4.508999824523926
2006-11-29,63.15999984741211,13.567999839782717,1399.47998046875,83.44000244140625,4.520999908447266
2006-11-30,64.38999938964844,13.968000411987305,1400.6300048828125,82.91999816894531,4.458000183105469
2006-12-01,64.12000274658203,13.958000183105469,1396.7099609375,82.4800033569336,4.425000190734863
2006-12-04,64.12000274658203,14.085000038146973,1409.1199951171875,82.48999786376953,4.433000087738037
2006-12-05,63.810001373291016,13.815999984741213,1414.760009765625,82.44999694824219,4.441999912261963
2006-12-06,62.68999862670898,13.56999969482422,1412.9000244140625,82.7699966430664,4.480999946594238
2006-12-07,62.72999954223633,13.88599967956543,1407.2900390625,82.80000305175781,4.482999801635742
2006-12-08,62.04999923706055,13.68000030517578,1409.8399658203125,83.33000183105469,4.552000045776367
2006-12-11,62.56999969482422,13.8149995803833,1413.0400390625,83.12000274658203,4.519999980926514
2006-12-12,62.52000045776367,13.812999725341797,1411.56005859375,82.97000122070312,4.491000175476074
2006-12-13,62.47999954223633,13.75,1413.2099609375,82.97000122070312,4.577000141143799
2006-12-14,62.119998931884766,13.717000007629396,1425.489990234375,83.6500015258789,4.59499979019165
2006-12-15,61.0,12.8149995803833,1427.0899658203125,84.05999755859375,4.5970001220703125
2006-12-18,61.040000915527344,12.446999549865724,1422.47998046875,83.9800033569336,4.586999893188477
2006-12-19,61.79999923706055,12.649999618530272,1425.550048828125,83.45999908447266,4.598999977111816
2006-12-20,61.619998931884766,12.460000038146973,1423.530029296875,83.5199966430664,4.59499979019165
2006-12-21,61.380001068115234,12.350000381469728,1418.300048828125,83.56999969482422,4.548999786376953
2006-12-22,61.650001525878906,12.58899974822998,1410.760009765625,83.94000244140625,4.624000072479248
2006-12-26,61.97999954223633,12.623000144958496,1416.9000244140625,84.06999969482422,4.603000164031982
2006-12-27,62.220001220703125,12.779999732971191,1426.8399658203125,83.94000244140625,4.65399980545044
2006-12-28,62.900001525878906,12.802000045776367,1424.72998046875,83.81999969482422,4.690000057220459
2006-12-29,63.209999084472656,12.86400032043457,1418.300048828125,83.72000122070312,4.710000038146973
2007-01-03,62.27999877929688,12.55799961090088,1416.5999755859375,83.91999816894531,4.664000034332275
2007-01-04,61.650001525878906,12.579999923706056,1418.3399658203125,84.31999969482422,4.618000030517578
2007-01-05,60.16999816894531,12.175000190734863,1409.7099609375,84.62999725341797,4.645999908447266
2007-01-08,60.47999954223633,12.218000411987305,1412.8399658203125,84.5999984741211,4.659999847412109
2007-01-09,60.84999847412109,12.425000190734863,1412.1099853515625,84.73999786376953,4.656000137329102
2007-01-10,60.59000015258789,12.373000144958496,1414.8499755859375,85.08000183105469,4.682000160217285
2007-01-11,60.630001068115234,12.289999961853027,1423.8199462890625,85.30999755859375,4.736999988555908
2007-01-12,62.16999816894531,12.779999732971191,1430.72998046875,85.02999877929688,4.770999908447266
2007-01-16,61.970001220703125,12.541999816894531,1431.9000244140625,85.05000305175781,4.750999927520752
2007-01-17,62.63999938964844,12.737000465393066,1430.6199951171875,84.9800033569336,4.787000179290772
2007-01-18,62.2599983215332,12.60200023651123,1426.3699951171875,84.91000366210938,4.750999927520752
2007-01-19,63.0,12.800999641418455,1430.5,84.86000061035156,4.7729997634887695
2007-01-22,62.720001220703125,12.87399959564209,1422.949951171875,85.0199966430664,4.758999824523926
2007-01-23,64.2300033569336,13.24899959564209,1427.989990234375,84.66999816894531,4.803999900817871
2007-01-24,64.33000183105469,13.204999923706056,1440.1300048828125,84.94000244140625,4.809999942779541
2007-01-25,64.05999755859375,13.24899959564209,1423.9000244140625,85.11000061035156,4.867000102996826
2007-01-26,64.16999816894531,13.354999542236328,1422.1800537109375,85.27999877929688,4.879000186920166
2007-01-29,63.77000045776367,13.128000259399414,1420.6199951171875,85.0999984741211,4.892000198364258
2007-01-30,64.22000122070312,13.32800006866455,1428.8199462890625,85.02999877929688,4.875
2007-01-31,64.83000183105469,13.515999794006348,1438.239990234375,84.61000061035156,4.826000213623047
2007-02-01,65.22000122070312,13.604999542236328,1445.93994140625,84.62999725341797,4.836999893188477
2007-02-02,64.27999877929688,13.392000198364258,1448.3900146484375,84.95999908447266,4.827000141143799
2007-02-05,64.30999755859375,13.437999725341797,1446.989990234375,85.08000183105469,4.808000087738037
2007-02-06,64.79000091552734,13.609999656677246,1448.0,84.77999877929688,4.764999866485596
2007-02-07,64.62999725341797,13.58899974822998,1450.02001953125,84.75,4.744999885559082
2007-02-08,65.5199966430664,13.74899959564209,1448.31005859375,84.69999694824219,4.730000019073486
2007-02-09,66.12000274658203,13.805999755859377,1438.06005859375,84.87000274658203,4.783999919891357
2007-02-12,65.66999816894531,13.595000267028809,1433.3699951171875,85.1500015258789,4.803999900817871
2007-02-13,65.83999633789062,13.800999641418455,1444.260009765625,84.7300033569336,4.814000129699707
2007-02-14,66.37000274658203,14.022000312805176,1455.300048828125,84.19999694824219,4.730000019073486
2007-02-15,66.41000366210938,13.95199966430664,1456.81005859375,84.01000213623047,4.705999851226807
2007-02-16,66.36000061035156,13.901000022888184,1455.5400390625,84.08999633789062,4.690000057220459
2007-02-20,65.30999755859375,13.789999961853027,1459.6800537109375,84.19000244140625,4.679999828338623
2007-02-21,67.3499984741211,14.184000015258787,1457.6300048828125,84.20999908447266,4.691999912261963
2007-02-22,67.1500015258789,14.1850004196167,1456.3800048828125,84.31999969482422,4.730000019073486
2007-02-23,67.72000122070312,14.527999877929688,1451.18994140625,84.06999969482422,4.677999973297119
2007-02-26,68.0999984741211,14.699000358581545,1449.3699951171875,83.93000030517578,4.63100004196167
2007-02-27,65.41000366210938,14.038999557495115,1399.0400390625,83.4800033569336,4.513000011444092
2007-02-28,66.4800033569336,14.125,1406.8199462890625,83.56999969482422,4.550000190734863
2007-03-01,65.81999969482422,13.539999961853027,1403.1700439453125,83.68000030517578,4.556000232696533
2007-03-02,63.709999084472656,12.878000259399414,1387.1700439453125,83.73999786376953,4.514999866485596
2007-03-05,62.93000030517578,12.548999786376951,1374.1199951171875,84.1500015258789,4.51800012588501
2007-03-06,64.1500015258789,12.895999908447266,1395.4100341796875,84.06999969482422,4.527999877929688
2007-03-07,64.30000305175781,12.899999618530272,1391.969970703125,83.77999877929688,4.497000217437744
2007-03-08,64.4800033569336,12.914999961853027,1401.8900146484375,84.0999984741211,4.508999824523926
2007-03-09,64.25,12.854999542236328,1402.8399658203125,84.23999786376953,4.589000225067139
2007-03-12,64.37000274658203,12.946000099182127,1406.5999755859375,83.86000061035156,4.552999973297119
2007-03-13,63.720001220703125,12.6899995803833,1377.949951171875,83.7300033569336,4.494999885559082
2007-03-14,63.93999862670898,12.800999641418455,1387.1700439453125,83.61000061035156,4.521999835968018
2007-03-15,63.97999954223633,12.930999755859377,1392.280029296875,83.68000030517578,4.535999774932861
2007-03-16,64.62000274658203,13.092000007629396,1386.949951171875,83.2300033569336,4.545000076293945
2007-03-19,64.73999786376953,13.102999687194824,1402.06005859375,83.38999938964844,4.571000099182129
2007-03-20,65.2699966430664,13.256999969482422,1410.93994140625,83.11000061035156,4.546999931335449
2007-03-21,65.81999969482422,13.31999969482422,1435.0400390625,82.7699966430664,4.51800012588501
2007-03-22,65.76000213623047,13.388999938964844,1434.5400390625,83.08999633789062,4.589000225067139
2007-03-23,65.1500015258789,13.121999740600586,1436.1099853515625,83.27999877929688,4.61299991607666
2007-03-26,65.83999633789062,13.33199977874756,1437.5,83.08000183105469,4.586999893188477
2007-03-27,65.69999694824219,13.185999870300291,1428.6099853515625,83.01000213623047,4.611999988555908
2007-03-28,66.05000305175781,13.32800006866455,1417.22998046875,83.02999877929688,4.619999885559082
2007-03-29,65.6500015258789,13.253999710083008,1422.530029296875,83.08999633789062,4.631999969482422
2007-03-30,65.73999786376953,13.35200023651123,1420.8599853515625,82.93000030517578,4.6479997634887695
2007-04-02,65.8499984741211,13.241999626159668,1424.550048828125,82.87000274658203,4.642000198364258
2007-04-03,65.83000183105469,13.338000297546388,1437.77001953125,83.1500015258789,4.664000034332275
2007-04-04,66.80999755859375,13.574999809265137,1439.3699951171875,82.95999908447266,4.651999950408936
2007-04-05,66.86000061035156,13.65999984741211,1443.760009765625,82.68000030517578,4.673999786376953
2007-04-09,66.52999877929688,13.699999809265137,1444.6099853515625,83.0999984741211,4.744999885559082
2007-04-10,67.16000366210938,13.847999572753906,1448.3900146484375,82.69999694824219,4.723999977111816
2007-04-11,67.08000183105469,13.77400016784668,1438.8699951171875,82.66999816894531,4.738999843597412
2007-04-12,66.98999786376953,13.810999870300291,1447.800048828125,82.37000274658203,4.736999988555908
2007-04-13,67.83999633789062,13.989999771118164,1452.8499755859375,82.12999725341797,4.761000156402588
2007-04-16,68.4000015258789,13.979999542236328,1468.3299560546875,82.06999969482422,4.735000133514404
2007-04-17,68.0,13.838000297546388,1471.47998046875,81.83000183105469,4.688000202178955
2007-04-18,68.37999725341797,13.880000114440918,1472.5,81.73999786376953,4.65399980545044
2007-04-19,67.52999877929688,13.559000015258787,1470.72998046875,81.63999938964844,4.670000076293945
2007-04-20,68.69999694824219,13.871000289916992,1484.3499755859375,81.63999938964844,4.671999931335449
2007-04-23,68.26000213623047,13.93000030517578,1480.9300537109375,81.73999786376953,4.650000095367432
2007-04-24,67.7300033569336,13.710000038146973,1480.4100341796875,81.55000305175781,4.622000217437744
2007-04-25,67.88999938964844,13.746000289916992,1495.4200439453125,81.43000030517578,4.645999908447266
2007-04-26,66.87000274658203,13.260000228881836,1494.25,81.75,4.684000015258789
2007-04-27,67.55999755859375,13.48900032043457,1494.0699462890625,81.52999877929688,4.697999954223633
2007-04-30,67.08999633789062,13.335000038146973,1482.3699951171875,81.44999694824219,4.630000114440918
2007-05-01,66.69000244140625,13.187999725341797,1486.300048828125,81.5999984741211,4.642000198364258
2007-05-02,66.66000366210938,13.170000076293944,1495.9200439453125,81.73999786376953,4.645999908447266
2007-05-03,67.48999786376953,13.31700038909912,1502.3900146484375,81.94999694824219,4.673999786376953
2007-05-04,68.19000244140625,13.383000373840332,1505.6199951171875,81.73999786376953,4.639999866485596
2007-05-07,68.25,13.456000328063965,1509.47998046875,81.68000030517578,4.636000156402588
2007-05-08,67.87999725341797,13.399999618530272,1507.719970703125,81.94000244140625,4.633999824523926
2007-05-09,67.44999694824219,13.324000358581545,1512.5799560546875,82.0199966430664,4.668000221252441
2007-05-10,66.0,12.95300006866455,1491.469970703125,82.29000091552734,4.6479997634887695
2007-05-11,66.44999694824219,13.147000312805176,1505.8499755859375,82.12000274658203,4.670000076293945
2007-05-14,66.27999877929688,13.050000190734863,1503.1500244140625,82.06999969482422,4.690000057220459
2007-05-15,66.54000091552734,13.123000144958496,1501.18994140625,81.75,4.711999893188477
2007-05-16,65.5999984741211,12.859999656677246,1514.1400146484375,82.16000366210938,4.708000183105469
2007-05-17,65.05999755859375,12.770000457763672,1512.75,82.31999969482422,4.75600004196167
2007-05-18,65.5199966430664,12.904000282287598,1522.75,82.19999694824219,4.803999900817871
2007-05-21,65.66999816894531,12.99899959564209,1525.0999755859375,82.36000061035156,4.788000106811523
2007-05-22,65.19999694824219,12.890000343322754,1524.1199951171875,82.38999938964844,4.830999851226807
2007-05-23,65.54000091552734,12.951000213623049,1522.280029296875,82.30999755859375,4.859000205993652
2007-05-24,64.75,12.767999649047852,1507.510009765625,82.41000366210938,4.85699987411499
2007-05-25,64.94000244140625,12.880000114440918,1515.72998046875,82.33000183105469,4.861000061035156
2007-05-29,65.06999969482422,13.095999717712402,1518.1099853515625,82.30999755859375,4.881999969482422
2007-05-30,64.72000122070312,13.10099983215332,1530.22998046875,82.43000030517578,4.877999782562256
2007-05-31,65.54000091552734,13.383000373840332,1530.6199951171875,82.30000305175781,4.889999866485596
2007-06-01,66.44000244140625,13.63700008392334,1536.3399658203125,82.31999969482422,4.955999851226807
2007-06-04,66.54000091552734,13.64799976348877,1539.1800537109375,82.05999755859375,4.928999900817871
2007-06-05,66.37000274658203,13.699999809265137,1530.949951171875,81.88999938964844,4.97599983215332
2007-06-06,66.41000366210938,13.637999534606934,1517.3800048828125,81.9000015258789,4.96999979019165
2007-06-07,65.26000213623047,13.36299991607666,1490.719970703125,82.29000091552734,5.098999977111816
2007-06-08,64.22000122070312,13.029999732971191,1507.6700439453125,82.69000244140625,5.118000030517578
2007-06-11,64.69999694824219,13.154000282287598,1509.1199951171875,82.70999908447266,5.13700008392334
2007-06-12,64.0999984741211,12.930999755859377,1493.0,82.88999938964844,5.248000144958496
2007-06-13,64.52999877929688,13.0649995803833,1515.6700439453125,83.04000091552734,5.199999809265137
2007-06-14,64.5999984741211,13.071000099182127,1522.969970703125,83.12999725341797,5.2170000076293945
2007-06-15,64.8499984741211,13.16100025177002,1532.9100341796875,82.8499984741211,5.171000003814697
2007-06-18,64.94999694824219,13.163000106811523,1531.050048828125,82.70999908447266,5.142000198364258
2007-06-19,65.4800033569336,13.265000343322754,1533.699951171875,82.54000091552734,5.085999965667725
2007-06-20,64.70999908447266,13.081000328063965,1512.8399658203125,82.5199966430664,5.123000144958496
2007-06-21,64.55999755859375,13.01200008392334,1522.18994140625,82.7300033569336,5.163000106811523
2007-06-22,64.77999877929688,13.005999565124512,1502.56005859375,82.33999633789062,5.138000011444092
2007-06-25,64.43000030517578,12.824999809265137,1497.739990234375,82.31999969482422,5.078000068664551
2007-06-26,63.619998931884766,12.145000457763672,1492.8900146484375,82.29000091552734,5.10099983215332
2007-06-27,63.66999816894531,12.210000038146973,1506.3399658203125,82.31999969482422,5.070000171661377
2007-06-28,64.26000213623047,12.399999618530272,1505.7099609375,82.33000183105469,5.118000030517578
2007-06-29,64.2699966430664,12.350000381469728,1503.3499755859375,81.91999816894531,5.0329999923706055
2007-07-02,65.0199966430664,12.588000297546388,1519.4300537109375,81.38999938964844,4.998000144958496
2007-07-03,64.73999786376953,12.531999588012695,1524.8699951171875,81.43000030517578,5.050000190734863
2007-07-05,64.41999816894531,12.46500015258789,1525.4000244140625,81.54000091552734,5.144000053405762
2007-07-06,64.95999908447266,12.68000030517578,1530.43994140625,81.45999908447266,5.195000171661377
2007-07-09,65.37999725341797,12.68000030517578,1531.8499755859375,81.43000030517578,5.158999919891357
2007-07-10,65.61000061035156,12.869999885559082,1510.1199951171875,80.86000061035156,5.038000106811523
2007-07-11,65.44000244140625,12.845000267028809,1518.760009765625,80.7300033569336,5.079999923706055
2007-07-12,66.0199966430664,13.003000259399414,1547.699951171875,80.63999938964844,5.116000175476074
2007-07-13,66.02999877929688,12.963000297546388,1552.5,80.58000183105469,5.10699987411499
2007-07-16,65.81999969482422,12.894000053405762,1549.52001953125,80.5199966430664,5.040999889373779
2007-07-17,65.75,12.8149995803833,1549.3699951171875,80.54000091552734,5.078000068664551
2007-07-18,66.62000274658203,13.114999771118164,1546.1700439453125,80.41999816894531,5.010000228881836
2007-07-19,67.01000213623047,13.168999671936035,1553.0799560546875,80.41999816894531,5.027999877929688
2007-07-20,67.58000183105469,13.232999801635742,1534.0999755859375,80.29000091552734,4.955999851226807
2007-07-23,67.47000122070312,13.21500015258789,1541.5699462890625,80.3499984741211,4.964000225067139
2007-07-24,67.47000122070312,13.204999923706056,1511.0400390625,80.08000183105469,4.943999767303467
2007-07-25,66.9000015258789,13.027999877929688,1518.0899658203125,80.6500015258789,4.90399980545044
2007-07-26,65.6500015258789,12.704999923706056,1482.6600341796875,80.44999694824219,4.776999950408936
2007-07-27,65.41000366210938,12.621000289916992,1458.949951171875,80.94999694824219,4.788000106811523
2007-07-30,65.7699966430664,12.789999961853027,1473.9100341796875,80.8499984741211,4.803999900817871
2007-07-31,65.79000091552734,12.802000045776367,1455.27001953125,80.7699966430664,4.770999908447266
2007-08-01,65.93000030517578,12.890000343322754,1465.81005859375,80.87000274658203,4.758999824523926
2007-08-02,65.88999938964844,12.89900016784668,1472.199951171875,80.70999908447266,4.752999782562256
2007-08-03,66.69000244140625,13.027000427246094,1433.06005859375,80.18000030517578,4.699999809265137
2007-08-06,66.5199966430664,12.883000373840332,1467.6700439453125,80.25,4.730999946594238
2007-08-07,66.4800033569336,13.034000396728516,1476.7099609375,80.4800033569336,4.743000030517578
2007-08-08,66.7699966430664,13.053999900817873,1497.489990234375,80.33999633789062,4.860000133514404
2007-08-09,65.45999908447266,12.593999862670898,1453.0899658203125,80.73999786376953,4.789999961853027
2007-08-10,66.56999969482422,12.765000343322754,1453.6400146484375,80.68000030517578,4.776000022888184
2007-08-13,66.26000213623047,12.71399974822998,1452.9200439453125,81.05000305175781,4.777999877929688
2007-08-14,66.29000091552734,12.623000144958496,1426.5400390625,81.48999786376953,4.73199987411499
2007-08-15,66.12999725341797,12.385000228881836,1406.699951171875,81.81999969482422,4.705999851226807
2007-08-16,64.68000030517578,11.779999732971191,1411.27001953125,81.7300033569336,4.599999904632568
2007-08-17,65.01000213623047,11.663999557495115,1445.93994140625,81.43000030517578,4.672999858856201
2007-08-20,65.12000274658203,11.729000091552734,1445.550048828125,81.4000015258789,4.633999824523926
2007-08-21,65.06999969482422,11.510000228881836,1447.1199951171875,81.48999786376953,4.590000152587891
2007-08-22,65.4000015258789,11.571000099182127,1464.0699462890625,81.25,4.619999885559082
2007-08-23,65.30999755859375,11.623000144958496,1462.5,81.13999938964844,4.618000030517578
2007-08-24,66.11000061035156,11.899999618530272,1479.3699951171875,80.66999816894531,4.632999897003174
2007-08-27,65.9800033569336,11.69200038909912,1466.7900390625,80.73999786376953,4.5960001945495605
2007-08-28,65.58999633789062,11.642999649047852,1432.3599853515625,80.76000213623047,4.53000020980835
2007-08-29,66.06999969482422,11.8149995803833,1463.760009765625,80.69999694824219,4.552999973297119
2007-08-30,65.80000305175781,11.699999809265137,1457.6400146484375,80.79000091552734,4.501999855041504
2007-08-31,66.5199966430664,11.998000144958496,1473.989990234375,80.79000091552734,4.537000179290772
2007-09-04,67.44000244140625,12.187000274658203,1489.4200439453125,80.87999725341797,4.558000087738037
2007-09-05,67.55999755859375,12.149999618530272,1472.2900390625,80.62000274658203,4.4730000495910645
2007-09-06,68.86000061035156,12.36400032043457,1478.550048828125,80.47000122070312,4.5
2007-09-07,69.38999938964844,12.44200038909912,1453.550048828125,79.95999908447266,4.368000030517578
2007-09-10,69.62000274658203,12.482999801635742,1451.699951171875,79.81999969482422,4.323999881744385
2007-09-11,70.5199966430664,12.640000343322754,1471.489990234375,79.69999694824219,4.363999843597412
2007-09-12,70.45999908447266,12.571999549865724,1471.56005859375,79.36000061035156,4.4079999923706055
2007-09-13,70.08000183105469,12.468999862670898,1483.949951171875,79.51000213623047,4.48199987411499
2007-09-14,69.98999786376953,12.479999542236328,1484.25,79.62000274658203,4.461999893188477
2007-09-17,70.97000122070312,12.70699977874756,1476.6500244140625,79.72000122070312,4.46999979019165
2007-09-18,71.69999694824219,12.868000030517578,1519.780029296875,79.20999908447266,4.480000019073486
2007-09-19,71.43000030517578,12.868000030517578,1529.030029296875,79.30000305175781,4.52400016784668
2007-09-20,72.72000122070312,13.31999969482422,1518.75,78.58000183105469,4.671999931335449
2007-09-21,72.33999633789062,13.418999671936035,1525.75,78.5999984741211,4.631999969482422
2007-09-24,72.27999877929688,13.427000045776367,1517.72998046875,78.52999877929688,4.624000072479248
2007-09-25,72.33000183105469,13.366999626159668,1517.2099609375,78.30999755859375,4.613999843597412
2007-09-26,72.0,13.329999923706056,1525.4200439453125,78.48999786376953,4.619999885559082
2007-09-27,72.69999694824219,13.425000190734863,1531.3800048828125,78.33999633789062,4.572999954223633
2007-09-28,73.51000213623047,13.654999732971191,1526.75,77.72000122070312,4.578999996185303
2007-10-01,73.9000015258789,13.645999908447266,1547.0400390625,77.9000015258789,4.557000160217285
2007-10-02,72.3499984741211,13.230999946594238,1546.6300048828125,78.30000305175781,4.52899980545044
2007-10-03,71.9000015258789,13.217000007629396,1539.5899658203125,78.56999969482422,4.543000221252441
2007-10-04,72.87000274658203,13.28499984741211,1542.8399658203125,78.4800033569336,4.5229997634887695
2007-10-05,73.4000015258789,13.295000076293944,1557.5899658203125,78.30999755859375,4.639999866485596
2007-10-08,72.52999877929688,13.187999725341797,1552.5799560546875,78.66999816894531,4.638000011444092
2007-10-09,73.08999633789062,13.395000457763672,1565.1500244140625,78.52999877929688,4.651000022888184
2007-10-10,73.36000061035156,13.486000061035156,1562.469970703125,78.37999725341797,4.646999835968018
2007-10-11,73.91000366210938,13.640000343322754,1554.4100341796875,78.08000183105469,4.658999919891357
2007-10-12,74.58999633789062,13.739999771118164,1561.800048828125,78.22000122070312,4.686999797821045
2007-10-15,75.13999938964844,13.6899995803833,1548.7099609375,78.08999633789062,4.672999858856201
2007-10-16,75.12000274658203,13.49899959564209,1538.530029296875,78.25,4.65500020980835
2007-10-17,74.5,13.522000312805176,1541.239990234375,78.12000274658203,4.546000003814697
2007-10-18,76.0,13.699999809265137,1540.0799560546875,77.58999633789062,4.502999782562256
2007-10-19,75.69999694824219,13.45400047302246,1500.6300048828125,77.41000366210938,4.401000022888184
2007-10-22,74.5999984741211,13.347999572753906,1506.3299560546875,78.05999755859375,4.39300012588501
2007-10-23,75.2300033569336,13.461999893188477,1519.5899658203125,77.58999633789062,4.40500020980835
2007-10-24,75.5199966430664,13.47599983215332,1515.8800048828125,77.55000305175781,4.330999851226807
2007-10-25,76.02999877929688,13.76200008392334,1514.4000244140625,77.27999877929688,4.352000236511231
2007-10-26,77.69000244140625,14.133000373840332,1535.280029296875,77.02999877929688,4.388999938964844
2007-10-29,78.12000274658203,14.388999938964844,1540.97998046875,76.83999633789062,4.382999897003174
2007-10-30,77.3499984741211,14.11299991607666,1531.02001953125,76.7699966430664,4.382999897003174
2007-10-31,78.62000274658203,14.359999656677246,1549.3800048828125,76.4800033569336,4.474999904632568
2007-11-01,77.93000030517578,14.003000259399414,1508.43994140625,76.58999633789062,4.361000061035156
2007-11-02,79.83000183105469,14.529999732971191,1509.6500244140625,76.33999633789062,4.290999889373779
2007-11-05,79.75,14.618000030517578,1502.1700439453125,76.43000030517578,4.317999839782715
2007-11-06,81.43000030517578,15.375,1520.27001953125,76.04000091552734,4.35699987411499
2007-11-07,82.23999786376953,15.17099952697754,1475.6199951171875,75.41000366210938,4.334000110626221
2007-11-08,82.2300033569336,15.32900047302246,1474.77001953125,75.45999908447266,4.2729997634887695
2007-11-09,82.18000030517578,15.289999961853027,1453.699951171875,75.4000015258789,4.224999904632568
2007-11-12,78.30000305175781,14.3149995803833,1439.1800537109375,75.9000015258789,4.210999965667725
2007-11-13,79.12000274658203,14.460000038146973,1481.050048828125,75.87999725341797,4.25600004196167
2007-11-14,80.27999877929688,14.866999626159668,1470.5799560546875,75.80999755859375,4.269000053405762
2007-11-15,77.94999694824219,14.345000267028809,1451.1500244140625,76.06999969482422,4.158999919891357
2007-11-16,77.75,14.34000015258789,1458.739990234375,75.83000183105469,4.150000095367432
2007-11-19,77.23999786376953,14.071000099182127,1433.27001953125,75.77999877929688,4.078999996185303
2007-11-20,79.47000122070312,14.65999984741211,1439.699951171875,75.20999908447266,4.053999900817871
2007-11-21,79.36000061035156,14.345000267028809,1416.77001953125,75.06999969482422,4.02400016784668
2007-11-23,81.25,14.663000106811523,1440.699951171875,75.05000305175781,4.01200008392334
2007-11-26,81.30000305175781,14.628999710083008,1407.219970703125,74.86000061035156,3.846999883651733
2007-11-27,80.0999984741211,14.345000267028809,1428.22998046875,75.0999984741211,3.944000005722046
2007-11-28,79.56999969482422,14.29699993133545,1469.02001953125,75.08000183105469,4.025000095367432
2007-11-29,78.27999877929688,14.10099983215332,1469.719970703125,75.58999633789062,3.940000057220459
2007-11-30,77.31999969482422,13.899999618530272,1481.1400146484375,76.1500015258789,3.971999883651733
2007-12-03,78.27999877929688,14.006999969482422,1472.4200439453125,75.93000030517578,3.8949999809265137
2007-12-04,79.4000015258789,14.20699977874756,1462.7900390625,75.69000244140625,3.888999938964844
2007-12-05,78.62999725341797,14.130000114440918,1485.010009765625,76.41000366210938,3.91100001335144
2007-12-06,79.37000274658203,14.37600040435791,1507.3399658203125,76.37999725341797,3.997999906539917
2007-12-07,78.5999984741211,14.276000022888184,1504.6600341796875,76.29000091552734,4.119999885559082
2007-12-10,80.0,14.562000274658203,1515.9599609375,76.05999755859375,4.14900016784668
2007-12-11,78.83999633789062,14.350000381469728,1477.6500244140625,76.22000122070312,3.990000009536743
2007-12-12,80.48999786376953,14.54800033569336,1486.5899658203125,76.13999938964844,4.076000213623047
2007-12-13,78.5,14.013999938964844,1488.4100341796875,76.55999755859375,4.170000076293945
2007-12-14,78.5199966430664,13.73900032043457,1467.949951171875,77.44000244140625,4.23199987411499
2007-12-17,78.12999725341797,13.713000297546388,1445.9000244140625,77.4000015258789,4.192999839782715
2007-12-18,79.25,13.901000022888184,1454.97998046875,77.41000366210938,4.119999885559082
2007-12-19,79.23999786376953,13.984999656677246,1453.0,77.58999633789062,4.070000171661377
2007-12-20,78.66999816894531,14.09000015258789,1460.1199951171875,77.79000091552734,4.026000022888184
2007-12-21,80.0999984741211,14.21500015258789,1484.4599609375,77.72000122070312,4.168000221252441
2007-12-24,80.13999938964844,14.463000297546388,1496.449951171875,77.56999969482422,4.211999893188477
2007-12-26,81.5199966430664,14.597000122070312,1497.6600341796875,77.1500015258789,4.281000137329102
2007-12-27,81.55999755859375,14.526000022888184,1476.27001953125,76.61000061035156,4.198999881744385
2007-12-28,83.0,14.652000427246094,1478.489990234375,76.22000122070312,4.0960001945495605
2007-12-31,82.45999908447266,14.696999549865724,1468.3599853515625,76.69999694824219,4.034999847412109
2008-01-02,84.86000061035156,15.18000030517578,1447.1600341796875,75.97000122070312,3.901000022888184
2008-01-03,85.56999969482422,15.28499984741211,1447.1600341796875,75.88999938964844,3.901000022888184
2008-01-04,85.12999725341797,15.166999816894531,1411.6300048828125,75.79000091552734,3.8540000915527344
2008-01-07,84.7699966430664,15.053000450134276,1416.1800537109375,76.16999816894531,3.83899998664856
2008-01-08,86.77999877929688,15.59000015258789,1390.18994140625,76.11000061035156,3.839999914169312
2008-01-09,86.55000305175781,15.520000457763672,1409.1300048828125,76.41999816894531,3.7909998893737793
2008-01-10,88.25,16.06100082397461,1420.3299560546875,75.93000030517578,3.88700008392334
2008-01-11,88.58000183105469,16.07699966430664,1401.02001953125,75.9800033569336,3.809999942779541
2008-01-14,89.54000091552734,16.280000686645508,1416.25,75.61000061035156,3.7929999828338623
2008-01-15,87.98999786376953,15.833999633789062,1380.949951171875,75.56999969482422,3.700999975204468
2008-01-16,86.69999694824219,15.654000282287598,1373.199951171875,76.26000213623047,3.711999893188477
2008-01-17,86.5,15.717000007629396,1333.25,76.16999816894531,3.640000104904175
2008-01-18,87.41999816894531,16.030000686645508,1325.18994140625,76.37999725341797,3.6480000019073486
2008-01-22,88.16999816894531,15.902000427246094,1310.5,76.3499984741211,3.483999967575073
2008-01-23,87.88999938964844,15.899999618530272,1338.5999755859375,76.4000015258789,3.4260001182556152
2008-01-24,90.08000183105467,16.299999237060547,1352.0699462890625,75.69000244140625,3.640000104904175
2008-01-25,90.3000030517578,16.29800033569336,1330.6099853515625,75.97000122070312,3.5840001106262207
2008-01-28,91.75,16.549999237060547,1353.9599609375,75.58000183105469,3.5859999656677246
2008-01-29,91.1500015258789,16.534000396728516,1362.300048828125,75.54000091552734,3.6579999923706055
2008-01-30,92.05999755859376,16.674999237060547,1355.81005859375,75.02999877929688,3.733000040054321
2008-01-31,91.4000015258789,16.81800079345703,1378.550048828125,75.18000030517578,3.638999938964844
2008-02-01,89.3499984741211,16.618999481201172,1395.4200439453125,75.44999694824219,3.5999999046325684
2008-02-04,89.0999984741211,16.514999389648438,1380.8199462890625,75.37000274658203,3.642999887466431
2008-02-05,87.68000030517578,16.16699981689453,1336.6400146484375,76.12000274658203,3.586999893188477
2008-02-06,88.94999694824219,16.375,1326.449951171875,76.13999938964844,3.614000082015991
2008-02-07,89.8499984741211,16.670000076293945,1336.9100341796875,76.94000244140625,3.736000061035156
2008-02-08,91.0,17.025999069213867,1331.2900390625,76.66999816894531,3.6540000438690186
2008-02-11,91.33000183105467,17.399999618530273,1339.1300048828125,76.58000183105469,3.618000030517578
2008-02-12,89.33000183105469,17.033000946044922,1348.8599853515625,76.31999969482422,3.678999900817871
2008-02-13,89.44000244140625,17.131999969482422,1367.2099609375,76.4000015258789,3.694000005722046
2008-02-14,89.70999908447266,17.086999893188477,1348.8599853515625,76.1500015258789,3.818000078201294
2008-02-15,89.1500015258789,16.95199966430664,1349.989990234375,76.0999984741211,3.7799999713897705
2008-02-19,91.58000183105467,17.378000259399414,1348.780029296875,76.0,3.875
2008-02-20,93.23999786376952,17.700000762939453,1360.030029296875,76.12000274658203,3.9170000553131104
2008-02-21,93.25,17.695999145507812,1342.530029296875,75.5999984741211,3.783999919891357
2008-02-22,93.38999938964844,17.916000366210938,1353.1099853515625,75.5199966430664,3.7899999618530273
2008-02-25,92.73999786376952,17.989999771118164,1371.800048828125,75.52999877929688,3.901999950408936
2008-02-26,93.70999908447266,18.600000381469727,1381.2900390625,74.76000213623047,3.859999895095825
2008-02-27,94.77999877929688,19.132999420166016,1380.02001953125,74.20999908447266,3.849999904632568
2008-02-28,95.98999786376952,19.666000366210938,1367.6800537109375,73.72000122070312,3.714999914169312
2008-02-29,96.18000030517578,19.667999267578125,1330.6300048828125,73.70999908447266,3.5339999198913574
2008-03-03,97.23999786376952,20.163000106811523,1331.3399658203125,73.69999694824219,3.5339999198913574
2008-03-04,95.18000030517578,19.6200008392334,1326.75,73.66000366210938,3.5789999961853027
2008-03-05,97.72000122070312,20.621000289916992,1333.699951171875,73.4800033569336,3.693000078201294
2008-03-06,96.5,20.075000762939453,1304.3399658203125,73.0,3.621999979019165
2008-03-07,96.08999633789062,20.040000915527344,1293.3699951171875,73.02999877929688,3.5409998893737797
2008-03-10,95.87000274658205,19.475000381469727,1273.3699951171875,72.98999786376953,3.437999963760376
2008-03-11,95.98999786376952,19.520000457763672,1320.6500244140625,73.27999877929688,3.595999956130981
2008-03-12,97.01000213623048,19.96999931335449,1308.77001953125,72.4000015258789,3.4830000400543213
2008-03-13,98.33999633789062,20.4060001373291,1315.47998046875,72.06999969482422,3.5339999198913574
2008-03-14,98.70999908447266,20.42099952697754,1288.1400146484375,71.66000366210938,3.4210000038146973
2008-03-17,99.16999816894533,19.979999542236328,1276.5999755859375,71.45999908447266,3.313999891281128
2008-03-18,96.5,19.378999710083008,1330.739990234375,71.56999969482422,3.450999975204468
2008-03-19,93.04000091552734,18.250999450683597,1298.4200439453125,72.13999938964844,3.361999988555908
2008-03-20,89.91000366210938,16.701000213623047,1329.510009765625,72.75,3.328000068664551
2008-03-24,90.0999984741211,16.78700065612793,1349.8800048828125,72.94999694824219,3.5220000743865967
2008-03-25,92.7300033569336,17.774999618530273,1352.989990234375,72.27999877929688,3.492000102996826
2008-03-26,93.8000030517578,18.225000381469727,1341.1300048828125,71.51000213623047,3.49399995803833
2008-03-27,93.45999908447266,18.31999969482422,1325.760009765625,71.66000366210938,3.5339999198913574
2008-03-28,91.87999725341795,17.75,1315.219970703125,71.68000030517578,3.4660000801086426
2008-03-31,90.41000366210938,17.041000366210938,1322.699951171875,71.80000305175781,3.431999921798706
2008-04-01,86.86000061035156,16.600000381469727,1370.1800537109375,72.55999755859375,3.5450000762939453
2008-04-02,89.2699966430664,17.246000289916992,1367.530029296875,72.26000213623047,3.5829999446868896
2008-04-03,89.41999816894531,17.229999542236328,1369.31005859375,72.22000122070312,3.5910000801086426
2008-04-04,90.25,17.614999771118164,1370.4000244140625,72.0199966430664,3.4809999465942383
2008-04-07,91.16999816894533,17.950000762939453,1372.5400390625,72.19999694824219,3.555999994277954
2008-04-08,90.3499984741211,17.506999969482422,1365.5400390625,72.2300033569336,3.558000087738037
2008-04-09,92.29000091552734,18.01499938964844,1354.489990234375,71.83000183105469,3.4660000801086426
2008-04-10,91.7699966430664,17.812000274658203,1360.550048828125,72.12000274658203,3.532000064849853
2008-04-11,91.3000030517578,17.577999114990234,1332.8299560546875,71.80999755859375,3.470999956130981
2008-04-14,91.11000061035156,17.514999389648438,1328.3199462890625,71.87999725341797,3.503000020980835
2008-04-15,91.66000366210938,17.68199920654297,1334.4300537109375,72.0199966430664,3.569999933242798
2008-04-16,93.2699966430664,18.15399932861328,1364.7099609375,71.41000366210938,3.696000099182129
2008-04-17,92.55999755859376,18.010000228881836,1365.56005859375,71.68000030517578,3.7290000915527344
2008-04-18,90.62000274658205,17.67099952697754,1390.3299560546875,72.01000213623047,3.743000030517578
2008-04-21,90.25,17.267000198364258,1388.1700439453125,71.6500015258789,3.711999893188477
2008-04-22,90.2699966430664,17.476999282836914,1375.93994140625,71.33000183105469,3.7200000286102295
2008-04-23,89.22000122070312,17.000999450683594,1379.9300537109375,71.81999969482422,3.7300000190734863
2008-04-24,87.22000122070312,16.552000045776367,1388.8199462890625,72.54000091552734,3.82699990272522
2008-04-25,87.2699966430664,16.684999465942383,1397.8399658203125,72.79000091552734,3.865999937057495
2008-04-28,87.69000244140625,16.84000015258789,1396.3699951171875,72.79000091552734,3.8350000381469727
2008-04-29,85.80999755859375,16.381999969482422,1390.93994140625,72.88999938964844,3.825000047683716
2008-04-30,86.6500015258789,16.719999313354492,1385.5899658203125,72.51000213623047,3.759000062942505
2008-05-01,83.98999786376953,15.994000434875488,1409.3399658203125,73.27999877929688,3.749000072479248
2008-05-02,84.58000183105469,16.256999969482422,1413.9000244140625,73.5,3.8450000286102295
2008-05-05,86.2699966430664,16.573999404907227,1407.489990234375,73.19000244140625,3.8450000286102295
2008-05-06,86.62999725341797,16.729999542236328,1418.260009765625,73.0,3.892999887466431
2008-05-07,85.81999969482422,16.503000259399414,1392.5699462890625,73.51000213623047,3.867000102996826
2008-05-08,87.23999786376953,16.700000762939453,1397.6800537109375,73.4800033569336,3.805000066757202
2008-05-09,87.41999816894531,16.665000915527344,1388.280029296875,73.05000305175781,3.766999959945679
2008-05-12,86.98999786376953,16.996999740600586,1403.5799560546875,72.94999694824219,3.775000095367432
2008-05-13,85.38999938964844,16.554000854492188,1403.0400390625,73.2699966430664,3.908999919891357
2008-05-14,85.19999694824219,16.365999221801758,1408.6600341796875,73.4000015258789,3.937999963760376
2008-05-15,87.0,16.55500030517578,1423.5699462890625,73.3499984741211,3.8429999351501465
2008-05-16,89.0999984741211,16.75,1425.3499755859375,72.83999633789062,3.849999904632568
2008-05-19,89.38999938964844,16.819000244140625,1426.6300048828125,73.04000091552734,3.83899998664856
2008-05-20,90.9000015258789,17.5,1413.4000244140625,72.4000015258789,3.776000022888184
2008-05-21,91.95999908447266,17.860000610351562,1390.7099609375,71.94000244140625,3.822000026702881
2008-05-22,90.9800033569336,17.780000686645508,1394.3499755859375,72.27999877929688,3.921000003814697
2008-05-23,91.2300033569336,18.020999908447266,1375.9300537109375,71.88999938964844,3.8310000896453857
2008-05-27,89.36000061035156,17.256000518798828,1385.3499755859375,72.33999633789062,3.921000003814697
2008-05-28,89.13999938964844,17.264999389648438,1390.8399658203125,72.55000305175781,4.008999824523926
2008-05-29,86.51000213623047,16.47800064086914,1398.260009765625,73.0199966430664,4.078999996185303
2008-05-30,87.44999694824219,16.67300033569336,1400.3800048828125,72.87999725341797,4.046000003814697
2008-06-02,87.95999908447266,16.642000198364258,1385.6700439453125,72.93000030517578,3.970999956130981
2008-06-03,86.87999725341797,16.586999893188477,1377.6500244140625,73.23999786376953,3.8980000019073486
2008-06-04,86.6500015258789,16.641000747680664,1377.199951171875,73.41999816894531,3.940000057220459
2008-06-05,86.44999694824219,16.972000122070312,1404.050048828125,73.04000091552734,4.025000095367432
2008-06-06,89.05999755859375,17.399999618530273,1360.6800537109375,72.38999938964844,3.937999963760376
2008-06-09,87.98999786376953,16.944000244140625,1361.760009765625,72.8499984741211,3.992000102996826
2008-06-10,85.55000305175781,16.440000534057617,1358.43994140625,73.69999694824219,4.098999977111816
2008-06-11,87.0199966430664,16.700000762939453,1335.489990234375,73.20999908447266,4.072999954223633
2008-06-12,85.5999984741211,16.350000381469727,1339.8699951171875,73.86000061035156,4.204999923706055
2008-06-13,85.83000183105469,16.33099937438965,1360.030029296875,74.1500015258789,4.261000156402588
2008-06-16,87.01000213623047,16.950000762939453,1360.1400146484375,73.61000061035156,4.244999885559082
2008-06-17,87.25,16.902000427246094,1350.9300537109375,73.51000213623047,4.224999904632568
2008-06-18,88.27999877929688,17.18899917602539,1337.81005859375,73.44000244140625,4.15399980545044
2008-06-19,88.41999816894531,17.152999877929688,1342.8299560546875,73.4800033569336,4.198999881744385
2008-06-20,88.94999694824219,17.195999145507812,1317.9300537109375,73.02999877929688,4.13700008392334
2008-06-23,87.08999633789062,16.6299991607666,1318.0,73.43000030517578,4.168000221252441
2008-06-24,87.47000122070312,16.492000579833984,1314.2900390625,73.23999786376953,4.105000019073486
2008-06-25,87.41999816894531,16.625999450683594,1321.969970703125,72.93000030517578,4.114999771118164
2008-06-26,90.61000061035156,17.024999618530273,1283.1500244140625,72.48999786376953,4.0329999923706055
2008-06-27,91.47000122070312,17.329999923706055,1278.3800048828125,72.36000061035156,3.990000009536743
2008-06-30,91.4000015258789,17.26300048828125,1280.0,72.45999908447266,3.9790000915527344
2008-07-01,92.66000366210938,17.899999618530273,1284.9100341796875,72.37000274658203,3.992000102996826
2008-07-02,93.16999816894533,18.21500015258789,1261.52001953125,72.02999877929688,3.9590001106262207
2008-07-03,92.05999755859376,18.000999450683594,1262.9000244140625,72.73999786376953,3.973000049591065
2008-07-07,91.2300033569336,17.600000381469727,1252.31005859375,72.66999816894531,3.930000066757202
2008-07-08,90.86000061035156,17.663999557495117,1273.699951171875,73.01000213623047,3.880000114440918
2008-07-09,91.5,17.950000762939453,1244.68994140625,72.58000183105469,3.8340001106262207
2008-07-10,93.52999877929688,18.1200008392334,1253.3900146484375,72.48999786376953,3.811000108718872
2008-07-11,95.16000366210938,18.638999938964844,1239.489990234375,72.0999984741211,3.940000057220459
2008-07-14,95.91000366210938,18.934999465942383,1228.300048828125,71.91999816894531,3.880000114440918
2008-07-15,96.16999816894533,18.700000762939453,1214.9100341796875,71.87000274658203,3.8440001010894775
2008-07-16,94.44000244140624,18.545000076293945,1245.3599853515625,72.05999755859375,3.934000015258789
2008-07-17,94.22000122070312,18.31999969482422,1260.3199462890625,72.23999786376953,4.038000106811523
2008-07-18,94.16999816894533,17.968000411987305,1260.6800537109375,72.19000244140625,4.080999851226807
2008-07-21,95.12000274658205,18.22800064086914,1260.0,71.98999786376953,4.066999912261963
2008-07-22,93.05999755859376,17.759000778198242,1277.0,72.44999694824219,4.0970001220703125
2008-07-23,90.56999969482422,17.190000534057617,1282.18994140625,72.80999755859375,4.1479997634887695
2008-07-24,91.33000183105467,17.260000228881836,1252.5400390625,72.93000030517578,4.015999794006348
2008-07-25,91.69000244140624,17.25,1257.760009765625,72.86000061035156,4.111000061035156
2008-07-28,91.7300033569336,17.360000610351562,1234.3699951171875,72.6500015258789,4.01800012588501
2008-07-29,90.58999633789062,17.190000534057617,1263.199951171875,73.30999755859375,4.044000148773193
2008-07-30,89.5199966430664,17.360000610351562,1284.260009765625,73.31999969482422,4.047999858856201
2008-07-31,90.08000183105467,17.530000686645508,1267.3800048828125,73.2300033569336,3.9790000915527344
2008-08-01,89.56999969482422,17.280000686645508,1260.31005859375,73.41999816894531,3.947999954223633
2008-08-04,88.13999938964844,16.739999771118164,1249.010009765625,73.45999908447266,3.971999883651733
2008-08-05,86.08000183105469,16.219999313354492,1284.8800048828125,73.87999725341797,4.006999969482422
2008-08-06,86.63999938964844,16.3700008392334,1289.18994140625,74.23999786376953,4.047999858856201
2008-08-07,86.08999633789062,16.06999969482422,1266.0699462890625,74.55000305175781,3.934999942779541
2008-08-08,84.43000030517578,15.1899995803833,1296.3199462890625,75.8499984741211,3.950000047683716
2008-08-11,81.12999725341797,14.399999618530272,1305.3199462890625,76.12999725341797,4.001999855041504
2008-08-12,80.5199966430664,14.399999618530272,1289.5899658203125,76.1500015258789,3.9179999828338623
2008-08-13,81.55999755859375,14.789999961853027,1285.8299560546875,76.20999908447266,3.947000026702881
2008-08-14,79.3499984741211,14.0600004196167,1292.9300537109375,76.66999816894531,3.891999959945679
2008-08-15,77.62999725341797,12.699999809265137,1298.199951171875,77.18000030517578,3.8519999980926514
2008-08-18,78.80000305175781,12.93000030517578,1278.5999755859375,77.12000274658203,3.815999984741211
2008-08-19,80.43000030517578,13.09000015258789,1266.68994140625,76.83999633789062,3.8420000076293945
2008-08-20,80.05999755859375,13.18000030517578,1274.5400390625,76.95999908447266,3.799000024795532
2008-08-21,82.30000305175781,13.6899995803833,1277.719970703125,76.19999694824219,3.838000059127808
2008-08-22,81.08000183105469,13.260000228881836,1292.199951171875,76.80999755859375,3.867000102996826
2008-08-25,80.93000030517578,13.329999923706056,1266.8399658203125,76.79000091552734,3.7909998893737793
2008-08-26,81.2300033569336,13.449999809265137,1271.510009765625,77.25,3.783999919891357
2008-08-27,81.36000061035156,13.350000381469728,1281.6600341796875,77.05000305175781,3.7720000743865967
2008-08-28,82.18000030517578,13.550000190734863,1300.6800537109375,77.1500015258789,3.795000076293945
2008-08-29,81.70999908447266,13.369999885559082,1282.8299560546875,77.37999725341797,3.812999963760376
2008-09-02,79.19999694824219,12.9399995803833,1277.5799560546875,78.05999755859375,3.746000051498413
2008-09-03,78.88999938964844,12.75,1274.97998046875,78.08999633789062,3.697000026702881
2008-09-04,78.38999938964844,12.630000114440918,1236.8299560546875,78.61000061035156,3.642999887466431
2008-09-05,78.9800033569336,12.029999732971191,1242.31005859375,78.93000030517578,3.660000085830689
2008-09-08,78.86000061035156,11.949999809265137,1267.7900390625,79.58999633789062,3.6649999618530273
2008-09-09,76.48999786376953,11.18000030517578,1224.510009765625,79.25,3.595999956130981
2008-09-10,74.22000122070312,10.600000381469728,1232.0400390625,79.8499984741211,3.641000032424927
2008-09-11,73.08000183105469,10.31999969482422,1249.050048828125,80.1500015258789,3.621999979019165
2008-09-12,75.55000305175781,10.75,1251.699951171875,78.97000122070312,3.7300000190734863
2008-09-15,77.55999755859375,10.949999809265137,1192.699951171875,78.91000366210938,3.4830000400543213
2008-09-16,76.79000091552734,10.399999618530272,1213.5999755859375,79.06999969482422,3.490999937057495
2008-09-17,85.45999908447266,11.899999618530272,1156.3900146484375,78.0999984741211,3.4100000858306885
2008-09-18,82.80000305175781,11.890000343322754,1206.510009765625,78.0199966430664,3.437000036239624
2008-09-19,85.9800033569336,12.460000038146973,1255.0799560546875,77.68000030517578,3.7690000534057617
2008-09-22,89.18000030517578,13.350000381469728,1207.0899658203125,76.1500015258789,3.825999975204468
2008-09-23,88.31999969482422,13.18000030517578,1188.219970703125,76.47000122070312,3.8410000801086426
2008-09-24,86.70999908447266,13.09000015258789,1185.8699951171875,76.79000091552734,3.7709999084472656
2008-09-25,86.44999694824219,13.029999732971191,1209.1800537109375,76.98999786376953,3.861999988555908
2008-09-26,86.63999938964844,13.149999618530272,1213.27001953125,76.94999694824219,3.82699990272522
2008-09-29,89.56999969482422,12.949999809265137,1106.4200439453125,77.47000122070312,3.631999969482422
2008-09-30,85.06999969482422,11.850000381469728,1166.3599853515625,79.44999694824219,3.82699990272522
2008-10-01,85.97000122070312,12.329999923706056,1161.06005859375,79.45999908447266,3.767999887466431
2008-10-02,82.33000183105469,10.800000190734863,1114.280029296875,80.44000244140625,3.6459999084472656
2008-10-03,82.58999633789062,10.989999771118164,1099.22998046875,80.30999755859375,3.6440000534057617
2008-10-06,84.27999877929688,10.75,1056.8900146484375,81.68000030517578,3.4260001182556152
2008-10-07,87.2699966430664,11.380000114440918,996.22998046875,80.97000122070312,3.50600004196167
2008-10-08,89.41999816894531,11.510000228881836,984.9400024414062,80.91000366210938,3.714999914169312
2008-10-09,89.9000015258789,11.949999809265137,909.9199829101562,81.16000366210938,3.8340001106262207
2008-10-10,83.22000122070312,9.800000190734863,899.219970703125,83.0,3.861000061035156
2008-10-13,81.98999786376953,10.59000015258789,1003.3499755859376,81.87999725341797,3.861000061035156
2008-10-14,82.19999694824219,10.859999656677246,998.010009765625,81.36000061035156,4.0229997634887695
2008-10-15,83.30999755859375,10.270000457763672,907.8400268554688,82.05000305175781,4.011000156402588
2008-10-16,79.29000091552734,9.600000381469728,946.4299926757812,82.45999908447266,3.936000108718872
2008-10-17,77.20999908447266,9.229999542236328,940.5499877929688,82.41000366210938,3.937999963760376
2008-10-20,78.5,9.770000457763672,985.4000244140624,83.0999984741211,3.885999917984009
2008-10-21,76.02999877929688,9.979999542236328,955.0499877929688,83.98999786376953,3.703000068664551
2008-10-22,71.70999908447266,9.449999809265137,896.780029296875,85.37000274658203,3.618000030517578
2008-10-23,70.6500015258789,9.380000114440918,908.1099853515624,85.36000061035156,3.5339999198913574
2008-10-24,72.20999908447266,9.130000114440918,876.77001953125,86.44000244140625,3.697000026702881
2008-10-27,72.18000030517578,8.850000381469727,848.9199829101562,86.93000030517578,3.7290000915527344
2008-10-28,73.79000091552734,9.050000190734863,940.510009765625,87.02999877929688,3.819999933242798
2008-10-29,74.0,9.670000076293944,930.0900268554688,85.06999969482422,3.874000072479248
2008-10-30,72.70999908447266,9.68000030517578,954.0900268554688,84.55999755859375,3.938999891281128
2008-10-31,71.33999633789062,9.579999923706056,968.75,85.62999725341797,3.9700000286102295
2008-11-03,71.0999984741211,9.619999885559082,966.2999877929688,86.3499984741211,3.9040000438690186
2008-11-04,75.4800033569336,10.119999885559082,1005.75,84.77999877929688,3.765000104904175
2008-11-05,72.80000305175781,10.210000038146973,952.77001953125,84.61000061035156,3.694000005722046
2008-11-06,72.22000122070312,9.899999618530272,904.8800048828124,85.88999938964844,3.7070000171661377
2008-11-07,72.5,9.9399995803833,930.989990234375,85.91000366210938,3.7799999713897705
2008-11-10,73.58000183105469,10.0600004196167,919.2100219726562,85.91000366210938,3.759999990463257
2008-11-11,72.05000305175781,9.640000343322754,898.9500122070312,87.06999969482422,3.755000114440918
2008-11-12,70.0,9.170000076293944,852.2999877929688,87.47000122070312,3.6649999618530273
2008-11-13,72.1500015258789,9.300000190734863,911.2899780273438,86.94000244140625,3.818000078201294
2008-11-14,73.30000305175781,9.359999656677246,873.2899780273438,86.36000061035156,3.75
2008-11-17,72.6500015258789,9.18000030517578,850.75,86.80999755859375,3.684000015258789
2008-11-18,72.51000213623047,9.479999542236328,859.1199951171875,87.37000274658203,3.5350000858306885
2008-11-19,72.26000213623047,9.100000381469728,806.5800170898438,87.30999755859375,3.3910000324249268
2008-11-20,73.44999694824219,8.859999656677246,752.4400024414062,87.97000122070312,3.1440000534057617
2008-11-21,78.8499984741211,9.520000457763672,800.030029296875,88.19000244140625,3.1670000553131104
2008-11-24,80.91000366210938,10.43000030517578,851.8099975585938,86.08000183105469,3.3399999141693115
2008-11-25,80.87000274658203,10.1899995803833,857.3900146484375,85.0,3.0920000076293945
2008-11-26,80.37999725341797,10.1899995803833,887.6799926757812,85.66999816894531,3.000999927520752
2008-11-28,80.30999755859375,10.229999542236328,896.239990234375,86.5199966430664,2.9570000171661377
2008-12-01,75.6500015258789,9.18000030517578,816.2100219726562,86.72000122070312,2.719000101089477
2008-12-02,76.94999694824219,9.489999771118164,848.8099975585938,86.69999694824219,2.693000078201294
2008-12-03,76.18000030517578,9.510000228881836,870.739990234375,87.02999877929688,2.6760001182556152
2008-12-04,75.5,9.380000114440918,845.219970703125,86.44000244140625,2.569999933242798
2008-12-05,74.5199966430664,9.399999618530272,876.0700073242188,87.12000274658203,2.657000064849853
2008-12-08,76.19999694824219,9.890000343322754,909.7000122070312,85.55999755859375,2.733999967575073
2008-12-09,76.33000183105469,9.699999809265137,888.6699829101562,85.83999633789062,2.6689999103546143
2008-12-10,79.75,10.119999885559082,899.239990234375,85.4800033569336,2.684000015258789
2008-12-11,80.6500015258789,10.199999809265137,873.5900268554688,83.83000183105469,2.6480000019073486
2008-12-12,80.80999755859375,10.140000343322754,879.72998046875,83.63999938964844,2.58899998664856
2008-12-15,82.5999984741211,10.550000190734863,868.5700073242188,82.2699966430664,2.532999992370605
2008-12-16,84.45999908447266,11.029999732971191,913.1799926757812,80.68000030517578,2.36299991607666
2008-12-17,85.43000030517578,11.289999961853027,904.4199829101562,78.91000366210938,2.190000057220459
2008-12-18,83.87000274658203,10.84000015258789,885.280029296875,79.47000122070312,2.0739998817443848
2008-12-19,82.62999725341797,10.670000076293944,887.8800048828125,81.30000305175781,2.13100004196167
2008-12-22,83.45999908447266,10.729999542236328,871.6300048828125,81.08999633789062,2.1410000324249268
2008-12-23,82.62999725341797,10.15999984741211,863.1599731445312,81.23999786376953,2.1630001068115234
2008-12-24,83.45999908447266,10.279999732971191,868.1500244140625,81.20999908447266,2.178999900817871
2008-12-26,85.5999984741211,10.640000343322754,872.7999877929688,80.88999938964844,2.13700008392334
2008-12-29,86.3499984741211,10.770000457763672,869.4199829101562,80.68000030517578,2.095999956130981
2008-12-30,85.9000015258789,10.81999969482422,890.6400146484375,80.9000015258789,2.086999893188477
2008-12-31,86.5199966430664,11.199999809265137,903.25,81.30999755859375,2.24399995803833
2009-01-02,86.2300033569336,11.40999984741211,931.7999877929688,81.83999633789062,2.4159998893737797
2009-01-05,84.4800033569336,11.109999656677246,927.4500122070312,82.63999938964844,2.48799991607666
2009-01-06,85.12999725341797,11.34000015258789,934.7000122070312,82.8499984741211,2.505000114440918
2009-01-07,82.75,10.859999656677246,906.6500244140624,82.27999877929688,2.49399995803833
2009-01-08,84.45999908447266,10.989999771118164,909.72998046875,81.54000091552734,2.444999933242798
2009-01-09,83.91999816894531,11.100000381469728,890.3499755859375,82.66000366210938,2.407000064849853
2009-01-12,80.76000213623047,10.5,870.260009765625,83.0199966430664,2.309000015258789
2009-01-13,80.87999725341797,10.600000381469728,871.7899780273438,84.2699966430664,2.296999931335449
2009-01-14,79.79000091552734,10.449999809265137,842.6199951171875,84.41999816894531,2.213000059127808
2009-01-15,80.38999938964844,10.489999771118164,843.739990234375,84.44000244140625,2.200999975204468
2009-01-16,82.70999908447266,11.109999656677246,850.1199951171875,84.20999908447266,2.303999900817871
2009-01-20,84.5199966430664,11.09000015258789,805.219970703125,86.22000122070312,2.345000028610229
2009-01-21,84.1500015258789,11.18000030517578,840.239990234375,85.81999969482422,2.526000022888184
2009-01-22,84.58000183105469,11.329999923706056,827.5,85.5199966430664,2.594000101089477
2009-01-23,88.52999877929688,11.850000381469728,831.9500122070312,85.61000061035156,2.621999979019165
2009-01-26,88.94999694824219,11.899999618530272,836.5700073242188,84.7300033569336,2.6429998874664307
2009-01-27,88.37999725341797,11.850000381469728,845.7100219726562,84.43000030517578,2.5190000534057617
2009-01-28,87.41999816894531,11.859999656677246,874.0900268554688,84.66999816894531,2.6559998989105225
2009-01-29,89.5,12.260000228881836,845.1400146484375,85.27999877929688,2.815000057220459
2009-01-30,91.30999755859376,12.520000457763672,825.8800048828125,86.0,2.844000101089477
2009-02-02,88.83999633789062,12.210000038146973,825.4400024414062,86.06999969482422,2.719000101089477
2009-02-03,88.47000122070312,12.31999969482422,838.510009765625,85.05000305175781,2.8420000076293945
2009-02-04,89.18000030517578,12.420000076293944,832.22998046875,85.69999694824219,2.9140000343322754
2009-02-05,90.12000274658205,12.75,845.8499755859375,86.05999755859375,2.900000095367432
2009-02-06,89.58999633789062,12.90999984741211,868.5999755859375,85.3499984741211,2.9790000915527344
2009-02-09,88.31999969482422,12.720000267028809,869.8900146484375,84.79000091552734,3.0269999504089355
2009-02-10,90.20999908447266,12.979999542236328,827.1599731445312,85.80999755859375,2.8469998836517334
2009-02-11,92.29000091552734,13.34000015258789,833.739990234375,85.77999877929688,2.76200008392334
2009-02-12,93.16999816894533,13.329999923706056,835.1900024414062,86.55000305175781,2.726999998092652
2009-02-13,92.5500030517578,13.539999961853027,826.8400268554688,86.04000091552734,2.881999969482422
2009-02-17,95.4499969482422,13.989999771118164,789.1699829101562,87.58000183105469,2.6619999408721924
2009-02-18,96.91000366210938,14.170000076293944,788.4199829101562,88.01000213623047,2.7279999256134038
2009-02-19,95.7699966430664,13.890000343322754,778.9400024414062,87.44000244140625,2.8570001125335693
2009-02-20,97.8000030517578,14.25,770.0499877929688,86.48999786376953,2.7720000743865967
2009-02-23,97.7300033569336,14.34000015258789,743.3300170898438,87.23999786376953,2.7769999504089355
2009-02-24,94.7300033569336,13.609999656677246,773.1400146484375,86.88999938964844,2.799000024795532
2009-02-25,93.1500015258789,13.489999771118164,764.9000244140625,87.91000366210938,2.944999933242798
2009-02-26,93.05999755859376,12.970000267028809,752.8300170898438,87.7300033569336,2.9779999256134038
2009-02-27,92.62999725341795,12.880000114440918,735.0900268554688,88.01000213623047,3.0409998893737797
2009-03-02,90.93000030517578,12.770000457763672,700.8200073242188,88.94000244140625,2.9189999103546143
2009-03-03,90.04000091552734,12.649999618530272,696.3300170898438,88.91000366210938,2.937999963760376
2009-03-04,88.98999786376953,12.779999732971191,712.8699951171875,88.58000183105469,3.010999917984009
2009-03-05,91.98999786376952,13.149999618530272,682.5499877929688,89.11000061035156,2.819000005722046
2009-03-06,92.29000091552734,13.18000030517578,683.3800048828125,88.51000213623047,2.828000068664551
2009-03-09,90.56999969482422,12.770000457763672,676.530029296875,89.01000213623047,2.885999917984009
2009-03-10,88.13999938964844,12.449999809265137,719.5999755859375,88.93000030517578,2.9820001125335693
2009-03-11,89.22000122070312,12.59000015258789,721.3599853515625,87.87000274658203,2.9159998893737797
2009-03-12,91.0999984741211,12.789999961853027,750.739990234375,87.66000366210938,2.8919999599456787
2009-03-13,91.3000030517578,13.050000190734863,756.5499877929688,87.43000030517578,2.884999990463257
2009-03-16,90.8000030517578,12.789999961853027,753.8900146484375,86.94999694824219,2.950999975204468
2009-03-17,90.04000091552734,12.600000381469728,778.1199951171875,86.93000030517578,3.003000020980835
2009-03-18,93.08999633789062,12.770000457763672,794.3499755859375,84.5999984741211,2.532999992370605
2009-03-19,94.3499984741211,13.420000076293944,784.0399780273438,83.12999725341797,2.5969998836517334
2009-03-20,93.58999633789062,13.609999656677246,768.5399780273438,83.83999633789062,2.625
2009-03-23,92.08000183105467,13.460000038146973,822.9199829101562,83.43000030517578,2.6600000858306885
2009-03-24,90.9499969482422,13.25,806.1199951171875,83.86000061035156,2.6540000438690186
2009-03-25,91.9800033569336,13.350000381469728,813.8800048828125,83.80999755859375,2.7720000743865967
2009-03-26,91.93000030517578,13.350000381469728,832.8599853515625,84.16999816894531,2.7330000400543213
2009-03-27,90.69000244140624,13.149999618530272,815.9400024414062,85.11000061035156,2.760999917984009
2009-03-30,89.9800033569336,12.850000381469728,787.530029296875,85.87000274658203,2.71399998664856
2009-03-31,90.27999877929688,12.789999961853027,797.8699951171875,85.43000030517578,2.684999942779541
2009-04-01,91.02999877929688,12.84000015258789,811.0800170898438,85.5,2.657999992370605
2009-04-02,88.80000305175781,12.770000457763672,834.3800048828125,84.44999694824219,2.752000093460083
2009-04-03,87.58999633789062,12.600000381469728,842.5,84.16999816894531,2.907000064849853
2009-04-06,85.2699966430664,11.9399995803833,835.47998046875,84.56999969482422,2.938999891281128
2009-04-07,86.73999786376953,12.06999969482422,815.5499877929688,85.29000091552734,2.9089999198913574
2009-04-08,86.61000061035156,12.140000343322754,825.1599731445312,85.36000061035156,2.8469998836517334
2009-04-09,86.30999755859375,12.170000076293944,856.5599975585938,85.79000091552734,2.9260001182556152
2009-04-13,87.87999725341797,12.56999969482422,858.72998046875,84.63999938964844,2.845000028610229
2009-04-14,87.37000274658203,12.539999961853027,841.5,84.63999938964844,2.7860000133514404
2009-04-15,87.5,12.550000190734863,852.0599975585938,85.08000183105469,2.759000062942505
2009-04-16,85.80999755859375,12.0600004196167,865.2999877929688,85.2300033569336,2.8299999237060547
2009-04-17,85.22000122070312,11.68000030517578,869.5999755859375,85.9800033569336,2.930000066757202
2009-04-20,86.94999694824219,11.890000343322754,832.3900146484375,86.63999938964844,2.8429999351501465
2009-04-21,86.88999938964844,11.859999656677246,850.0800170898438,86.58000183105469,2.9019999504089355
2009-04-22,87.37999725341797,12.130000114440918,843.5499877929688,86.19000244140625,2.96399998664856
2009-04-23,88.80000305175781,12.539999961853027,851.9199829101562,85.5199966430664,2.927000045776367
2009-04-24,89.72000122070312,12.670000076293944,866.22998046875,84.70999908447266,2.996000051498413
2009-04-27,89.01000213623047,12.65999984741211,857.510009765625,85.69999694824219,2.9210000038146973
2009-04-28,87.75,12.300000190734863,855.1599731445312,85.16000366210938,3.002000093460083
2009-04-29,88.33000183105469,12.550000190734863,873.6400146484375,84.47000122070312,3.095999956130981
2009-04-30,87.2699966430664,12.210000038146973,872.8099975585938,84.61000061035156,3.124000072479248
2009-05-01,86.94999694824219,12.3100004196167,877.52001953125,84.55000305175781,3.174000024795532
2009-05-04,88.63999938964844,12.829999923706056,907.239990234375,83.97000122070312,3.157000064849853
2009-05-05,88.25,13.140000343322754,903.7999877929688,84.16000366210938,3.157000064849853
2009-05-06,89.54000091552734,13.520000457763672,919.530029296875,83.80000305175781,3.1519999504089355
2009-05-07,89.44000244140625,13.600000381469728,907.3900146484376,83.94000244140625,3.2950000762939453
2009-05-08,89.9800033569336,13.789999961853027,929.22998046875,82.52999877929688,3.2929999828338623
2009-05-11,89.69000244140625,13.739999771118164,909.239990234375,82.68000030517578,3.180000066757202
2009-05-12,90.6999969482422,14.020000457763672,908.3499755859376,82.30999755859375,3.174999952316284
2009-05-13,91.08999633789062,13.8100004196167,883.9199829101562,82.5,3.1050000190734863
2009-05-14,91.02999877929688,13.850000381469728,893.0700073242188,82.27999877929688,3.1070001125335693
2009-05-15,91.5500030517578,13.770000457763672,882.8800048828125,83.0199966430664,3.122999906539917
2009-05-18,90.36000061035156,13.579999923706056,909.7100219726562,82.66999816894531,3.2109999656677246
2009-05-19,90.95999908447266,13.979999542236328,908.1300048828124,81.9800033569336,3.243000030517578
2009-05-20,92.25,14.100000381469728,903.469970703125,80.98999786376953,3.20199990272522
2009-05-21,93.8499984741211,14.34000015258789,888.3300170898438,80.55999755859375,3.3529999256134038
2009-05-22,94.1500015258789,14.5,887.0,79.95999908447266,3.447999954223633
2009-05-26,93.76000213623048,14.420000076293944,910.3300170898438,80.12999725341797,3.493000030517578
2009-05-27,93.4499969482422,14.579999923706056,893.0599975585938,80.33000183105469,3.694999933242798
2009-05-28,94.23999786376952,14.93000030517578,906.8300170898438,80.43000030517578,3.671999931335449
2009-05-29,96.1999969482422,15.470000267028809,919.1400146484376,80.43000030517578,3.4649999141693115
2009-06-01,95.7300033569336,15.350000381469728,942.8699951171876,79.16999816894531,3.714999914169312
2009-06-02,96.36000061035156,15.75,944.739990234375,78.4000015258789,3.6440000534057617
2009-06-03,94.41000366210938,15.140000343322754,931.760009765625,79.5,3.5510001182556152
2009-06-04,96.2300033569336,15.630000114440918,942.4600219726562,79.41000366210938,3.7160000801086426
2009-06-05,93.70999908447266,15.010000228881836,940.0900268554688,80.66999816894531,3.861999988555908
2009-06-08,93.55999755859376,14.760000228881836,939.1400146484376,80.91000366210938,3.888999938964844
2009-06-09,93.83000183105467,15.029999732971191,942.4299926757812,79.79000091552734,3.858000040054321
2009-06-10,93.86000061035156,15.010000228881836,939.1500244140624,80.33000183105469,3.936000108718872
2009-06-11,93.6999969482422,15.130000114440918,944.8900146484376,79.41000366210938,3.861999988555908
2009-06-12,92.16999816894533,14.630000114440918,946.2100219726562,80.13999938964844,3.788000106811523
2009-06-15,91.0999984741211,13.829999923706056,923.719970703125,81.13999938964844,3.713000059127808
2009-06-16,91.93000030517578,13.989999771118164,911.969970703125,80.70999908447266,3.674000024795532
2009-06-17,92.3499984741211,14.119999885559082,910.7100219726562,80.16999816894531,3.6470000743865967
2009-06-18,91.61000061035156,13.970000267028809,918.3699951171876,80.61000061035156,3.8340001106262207
2009-06-19,91.9000015258789,13.989999771118164,921.22998046875,80.26000213623047,3.7890000343322754
2009-06-22,90.54000091552734,13.539999961853027,893.0399780273438,80.77999877929688,3.693000078201294
2009-06-23,90.91999816894533,13.619999885559082,895.0999755859375,79.83999633789062,3.640000104904175
2009-06-24,91.4499969482422,13.68000030517578,900.9400024414062,80.55999755859375,3.684999942779541
2009-06-25,92.30999755859376,13.8100004196167,920.260009765625,80.4000015258789,3.5460000038146973
2009-06-26,92.29000091552734,13.899999618530272,918.9000244140624,79.87999725341797,3.50600004196167
2009-06-29,92.04000091552734,13.65999984741211,927.22998046875,79.83999633789062,3.492000102996826
2009-06-30,91.18000030517578,13.380000114440918,919.3200073242188,80.12999725341797,3.5230000019073486
2009-07-01,92.38999938964844,13.550000190734863,923.3300170898438,79.62999725341797,3.5439999103546143
2009-07-02,91.25,13.15999984741211,896.4199829101562,80.1500015258789,3.494999885559082
2009-07-06,90.76000213623048,13.100000381469728,898.719970703125,80.44999694824219,3.50600004196167
2009-07-07,90.70999908447266,12.890000343322754,881.030029296875,80.62000274658203,3.4600000381469727
2009-07-08,89.2699966430664,12.6899995803833,879.5599975585938,80.7699966430664,3.2890000343322754
2009-07-09,89.51000213623047,12.670000076293944,882.6799926757812,79.86000061035156,3.4130001068115234
2009-07-10,89.58000183105469,12.5,879.1300048828125,80.2300033569336,3.2950000762939453
2009-07-13,90.19000244140624,12.65999984741211,901.0499877929688,80.12999725341797,3.345999956130981
2009-07-14,90.80999755859376,12.720000267028809,905.8400268554688,80.18000030517578,3.447000026702881
2009-07-15,92.23999786376952,13.0600004196167,932.6799926757812,79.31999969482422,3.595999956130981
2009-07-16,91.9800033569336,13.09000015258789,940.739990234375,79.22000122070312,3.556999921798706
2009-07-17,91.93000030517578,13.170000076293944,940.3800048828124,79.3499984741211,3.651000022888184
2009-07-20,93.27999877929688,13.449999809265137,951.1300048828124,78.91000366210938,3.5850000381469727
2009-07-21,93.12999725341795,13.329999923706056,954.5800170898438,78.93000030517578,3.476999998092652
2009-07-22,93.44000244140624,13.449999809265137,954.0700073242188,78.70999908447266,3.553999900817871
2009-07-23,93.26000213623048,13.520000457763672,976.2899780273438,78.80000305175781,3.7090001106262207
2009-07-24,93.41000366210938,13.65999984741211,979.260009765625,78.75,3.670000076293945
2009-07-27,93.70999908447266,13.84000015258789,982.1799926757812,78.62999725341797,3.713000059127808
2009-07-28,92.11000061035156,13.520000457763672,979.6199951171876,78.8499984741211,3.687999963760376
2009-07-29,91.1999969482422,13.119999885559082,975.1500244140624,79.62999725341797,3.6640000343322754
2009-07-30,91.62000274658205,13.25,986.75,79.29000091552734,3.641000032424927
2009-07-31,93.3499984741211,13.699999809265137,987.47998046875,78.3499984741211,3.500999927520752
2009-08-03,93.87000274658205,14.029999732971191,1002.6300048828124,77.63999938964844,3.638999938964844
2009-08-04,94.68000030517578,14.350000381469728,1005.6500244140624,77.7699966430664,3.678999900817871
2009-08-05,94.77999877929688,14.520000457763672,1002.719970703125,77.5199966430664,3.763999938964844
2009-08-06,94.5999984741211,14.31999969482422,997.0800170898438,78.06999969482422,3.746000051498413
2009-08-07,93.75,14.390000343322754,1010.47998046875,78.97000122070312,3.8540000915527344
2009-08-10,92.93000030517578,14.149999618530272,1007.0999755859376,79.26000213623047,3.7709999084472656
2009-08-11,92.79000091552734,14.09000015258789,994.3499755859376,79.18000030517578,3.693000078201294
2009-08-12,92.9499969482422,14.34000015258789,1005.8099975585938,78.79000091552734,3.700999975204468
2009-08-13,93.72000122070312,14.789999961853027,1012.72998046875,78.48999786376953,3.5910000801086426
2009-08-14,93.0,14.43000030517578,1004.0900268554688,78.88999938964844,3.558000087738037
2009-08-17,91.61000061035156,13.75,979.72998046875,79.29000091552734,3.490999937057495
2009-08-18,92.05999755859376,13.720000267028809,989.6699829101562,78.94000244140625,3.526000022888184
2009-08-19,92.52999877929688,13.56999969482422,996.4600219726562,78.47000122070312,3.463000059127808
2009-08-20,92.2699966430664,13.699999809265137,1007.3699951171876,78.37999725341797,3.434999942779541
2009-08-21,93.6500015258789,13.920000076293944,1026.1300048828125,78.04000091552734,3.555999994277954
2009-08-24,92.33999633789062,13.899999618530272,1025.5699462890625,78.2699966430664,3.49399995803833
2009-08-25,92.76000213623048,14.039999961853027,1028.0,78.23999786376953,3.450000047683716
2009-08-26,92.79000091552734,14.09000015258789,1028.1199951171875,78.66000366210938,3.437999963760376
2009-08-27,93.19000244140624,14.079999923706056,1030.97998046875,78.01000213623047,3.461999893188477
2009-08-28,93.87000274658205,14.5,1028.9300537109375,78.37000274658203,3.450999975204468
2009-08-31,93.4000015258789,14.619999885559082,1020.6199951171876,78.16999816894531,3.401000022888184
2009-09-01,93.9000015258789,14.760000228881836,998.0399780273438,78.76000213623047,3.375
2009-09-02,96.19000244140624,15.220000267028809,994.75,78.37999725341797,3.2950000762939453
2009-09-03,97.45999908447266,15.869999885559082,1003.239990234375,78.45999908447266,3.328000068664551
2009-09-04,97.52999877929688,15.970000267028809,1016.4000244140624,78.13999938964844,3.441999912261963
2009-09-08,97.43000030517578,16.149999618530273,1025.3900146484375,77.31999969482422,3.469000101089477
2009-09-09,97.08000183105467,16.059999465942383,1033.3699951171875,77.08999633789062,3.4790000915527344
2009-09-10,97.6999969482422,16.40999984741211,1044.1400146484375,76.81999969482422,3.3420000076293945
2009-09-11,98.77999877929688,16.5,1042.72998046875,76.61000061035156,3.3429999351501465
2009-09-14,97.95999908447266,16.309999465942383,1049.3399658203125,76.69999694824219,3.4059998989105225
2009-09-15,98.9000015258789,16.780000686645508,1052.6300048828125,76.54000091552734,3.45199990272522
2009-09-16,99.91000366210938,17.139999389648438,1068.760009765625,76.23999786376953,3.470999956130981
2009-09-17,99.33999633789062,16.950000762939453,1065.489990234375,76.19000244140625,3.3980000019073486
2009-09-18,98.66999816894533,16.700000762939453,1068.300048828125,76.43000030517578,3.4739999771118164
2009-09-21,98.36000061035156,16.540000915527344,1064.6600341796875,76.77999877929688,3.486999988555908
2009-09-22,99.66999816894533,16.8799991607666,1071.6600341796875,76.12000274658203,3.4560000896453857
2009-09-23,98.83000183105467,16.540000915527344,1060.8699951171875,76.05000305175781,3.4179999828338623
2009-09-24,97.5500030517578,15.989999771118164,1050.780029296875,76.9000015258789,3.38100004196167
2009-09-25,97.0,15.739999771118164,1044.3800048828125,76.80999755859375,3.3289999961853027
2009-09-28,97.0500030517578,15.90999984741211,1062.97998046875,77.05000305175781,3.302000045776367
2009-09-29,97.43000030517578,15.890000343322754,1060.6099853515625,77.12000274658203,3.2920000553131104
2009-09-30,98.8499984741211,16.3799991607666,1057.0799560546875,76.6500015258789,3.306999921798706
2009-10-01,97.88999938964844,16.040000915527344,1029.8499755859375,77.19000244140625,3.194000005722046
2009-10-02,98.37000274658205,15.81999969482422,1025.2099609375,77.0,3.220999956130981
2009-10-05,99.81999969482422,16.3799991607666,1040.4599609375,76.63999938964844,3.2239999771118164
2009-10-06,102.27999877929688,17.079999923706055,1054.719970703125,76.33999633789062,3.247999906539917
2009-10-07,102.36000061035156,17.25,1057.5799560546875,76.48999786376953,3.174999952316284
2009-10-08,103.63999938964844,17.520000457763672,1065.47998046875,75.97000122070312,3.255000114440918
2009-10-09,102.83999633789062,17.440000534057617,1071.489990234375,76.43000030517578,3.384000062942505
2009-10-12,103.55999755859376,17.479999542236328,1076.18994140625,76.12999725341797,3.380000114440918
2009-10-13,104.26000213623048,17.479999542236328,1073.18994140625,75.9800033569336,3.312000036239624
2009-10-14,104.18000030517578,17.559999465942383,1092.02001953125,75.55000305175781,3.4230000972747803
2009-10-15,102.86000061035156,17.059999465942383,1096.56005859375,75.4800033569336,3.470000028610229
2009-10-16,103.18000030517578,17.18000030517578,1087.6800537109375,75.5999984741211,3.4170000553131104
2009-10-19,104.2300033569336,17.440000534057617,1097.9100341796875,75.51000213623047,3.3949999809265137
2009-10-20,103.41999816894533,17.200000762939453,1091.06005859375,75.56999969482422,3.336999893188477
2009-10-21,103.75,17.360000610351562,1081.4000244140625,74.97000122070312,3.4110000133514404
2009-10-22,103.91999816894533,17.31999969482422,1092.9100341796875,75.08999633789062,3.4210000038146973
2009-10-23,103.48999786376952,17.399999618530273,1079.5999755859375,75.47000122070312,3.4749999046325684
2009-10-26,101.86000061035156,16.790000915527344,1066.949951171875,76.05999755859375,3.553999900817871
2009-10-27,101.8499984741211,16.34000015258789,1063.4100341796875,76.13999938964844,3.461999893188477
2009-10-28,100.7300033569336,15.859999656677246,1042.6300048828125,76.43000030517578,3.4110000133514404
2009-10-29,102.69000244140624,16.40999984741211,1066.1099853515625,75.91999816894531,3.500999927520752
2009-10-30,102.52999877929688,16.06999969482422,1036.18994140625,76.30000305175781,3.3919999599456787
2009-11-02,103.9499969482422,16.15999984741211,1042.8800048828125,76.29000091552734,3.421999931335449
2009-11-03,106.45999908447266,17.0,1045.4100341796875,76.38999938964844,3.4730000495910645
2009-11-04,107.0999984741211,17.139999389648438,1046.5,75.63999938964844,3.5460000038146973
2009-11-05,106.9800033569336,17.1200008392334,1066.6300048828125,75.73999786376953,3.532999992370605
2009-11-06,107.43000030517578,17.09000015258789,1069.300048828125,75.81999969482422,3.503000020980835
2009-11-09,108.19000244140624,17.290000915527344,1093.0799560546875,75.02999877929688,3.486000061035156
2009-11-10,108.38999938964844,17.030000686645508,1093.010009765625,75.0199966430664,3.4820001125335693
2009-11-11,109.5999984741211,17.290000915527344,1098.510009765625,75.16000366210938,3.4739999771118164
2009-11-12,108.20999908447266,16.920000076293945,1087.239990234375,75.5999984741211,3.446000099182129
2009-11-13,109.73999786376952,17.149999618530273,1093.47998046875,75.33000183105469,3.428999900817871
2009-11-16,111.62999725341795,18.010000228881836,1109.300048828125,74.91000366210938,3.3310000896453857
2009-11-17,111.97000122070312,18.1299991607666,1110.3199462890625,75.37000274658203,3.319000005722046
2009-11-18,112.25,18.229999542236328,1109.800048828125,75.18000030517578,3.365999937057495
2009-11-19,112.3000030517578,18.26000022888184,1094.9000244140625,75.29000091552734,3.3489999771118164
2009-11-20,112.94000244140624,18.21999931335449,1091.3800048828125,75.66000366210938,3.3559999465942383
2009-11-23,114.29000091552734,18.270000457763672,1106.239990234375,75.08999633789062,3.364000082015991
2009-11-24,114.7300033569336,18.25,1105.6500244140625,75.06999969482422,3.316999912261963
2009-11-25,116.62000274658205,18.520000457763672,1110.6300048828125,74.2699966430664,3.2790000438690186
2009-11-27,115.05999755859376,17.950000762939453,1091.489990234375,75.0,3.2309999465942383
2009-11-30,115.63999938964844,18.149999618530277,1095.6300048828125,74.87999725341797,3.200999975204468
2009-12-01,117.37999725341795,18.780000686645508,1108.8599853515625,74.36000061035156,3.275000095367432
2009-12-02,119.18000030517578,18.88999938964844,1109.239990234375,74.66999816894531,3.322999954223633
2009-12-03,118.6999969482422,18.6200008392334,1099.9200439453125,74.62999725341797,3.380000114440918
2009-12-04,113.75,18.149999618530277,1105.97998046875,75.91000366210938,3.4830000400543213
2009-12-07,113.11000061035156,17.81999969482422,1103.25,75.7699966430664,3.447999954223633
2009-12-08,110.9499969482422,17.299999237060547,1091.93994140625,76.30999755859375,3.3919999599456787
2009-12-09,110.83999633789062,17.149999618530273,1095.949951171875,76.04000091552734,3.4230000972747803
2009-12-10,110.81999969482422,17.09000015258789,1102.3499755859375,76.04000091552734,3.4820001125335693
2009-12-11,109.31999969482422,16.8700008392334,1106.4100341796875,76.56999969482422,3.539999961853028
2009-12-14,110.23999786376952,17.079999923706055,1114.1099853515625,76.3499984741211,3.5460000038146973
2009-12-15,110.20999908447266,17.09000015258789,1107.9300537109375,76.95999908447266,3.6029999256134033
2009-12-16,111.58999633789062,17.360000610351562,1109.1800537109375,77.0,3.595999956130981
2009-12-17,107.33999633789062,16.790000915527344,1096.0799560546875,77.69000244140625,3.486999988555908
2009-12-18,108.9499969482422,16.950000762939453,1102.469970703125,77.81999969482422,3.5460000038146973
2009-12-21,106.9499969482422,16.690000534057617,1114.050048828125,78.04000091552734,3.681999921798706
2009-12-22,106.16999816894533,16.639999389648438,1118.02001953125,78.25,3.74399995803833
2009-12-23,106.5500030517578,16.809999465942383,1120.5899658203125,77.9000015258789,3.747999906539917
2009-12-24,108.36000061035156,17.170000076293945,1126.47998046875,77.83999633789062,3.806999921798706
2009-12-28,108.5500030517578,17.219999313354492,1127.780029296875,77.62999725341797,3.8420000076293945
2009-12-29,107.47000122070312,16.809999465942383,1126.199951171875,77.83000183105469,3.809000015258789
2009-12-30,106.93000030517578,16.530000686645508,1126.4200439453125,77.91000366210938,3.783999919891357
2009-12-31,107.30999755859376,16.540000915527344,1115.0999755859375,77.86000061035156,3.8429999351501465
2010-01-04,109.8000030517578,17.229999542236328,1132.989990234375,77.52999877929688,3.8410000801086426
2010-01-05,109.6999969482422,17.510000228881836,1136.52001953125,77.62000274658203,3.755000114440918
2010-01-06,111.51000213623048,17.860000610351562,1137.1400146484375,77.48999786376953,3.808000087738037
2010-01-07,110.81999969482422,17.889999389648438,1141.68994140625,77.91000366210938,3.822000026702881
2010-01-08,111.37000274658205,18.149999618530277,1144.97998046875,77.47000122070312,3.808000087738037
2010-01-11,112.8499984741211,18.209999084472656,1146.97998046875,77.0,3.818000078201294
2010-01-12,110.48999786376952,17.90999984741211,1136.219970703125,76.94999694824219,3.7190001010894775
2010-01-13,111.54000091552734,18.270000457763672,1145.6800537109375,76.8499984741211,3.7829999923706055
2010-01-14,112.02999877929688,18.309999465942383,1148.4599609375,76.7300033569336,3.733999967575073
2010-01-15,110.86000061035156,18.049999237060547,1136.030029296875,77.31999969482422,3.6760001182556152
2010-01-19,111.5199966430664,18.450000762939453,1150.22998046875,77.5,3.7070000171661377
2010-01-20,108.94000244140624,17.56999969482422,1138.0400390625,78.33999633789062,3.658999919891357
2010-01-21,107.37000274658205,17.06999969482422,1116.47998046875,78.31999969482422,3.611000061035156
2010-01-22,107.16999816894533,16.780000686645508,1091.760009765625,78.27999877929688,3.5980000495910645
2010-01-25,107.4800033569336,16.829999923706055,1096.780029296875,78.19000244140625,3.630000114440918
2010-01-26,107.55999755859376,16.43000030517578,1092.1700439453125,78.43000030517578,3.630000114440918
2010-01-27,106.52999877929688,16.260000228881836,1097.5,78.68000030517578,3.6440000534057617
2010-01-28,106.4800033569336,15.920000076293944,1084.530029296875,78.9000015258789,3.6579999923706055
2010-01-29,105.95999908447266,15.899999618530272,1073.8699951171875,79.45999908447266,3.608999967575073
2010-02-01,108.3499984741211,16.360000610351562,1089.18994140625,79.23999786376953,3.6540000438690186
2010-02-02,109.12999725341795,16.350000381469727,1103.3199462890625,79.01000213623047,3.634999990463257
2010-02-03,108.6999969482422,16.06999969482422,1097.280029296875,79.37000274658203,3.703000068664551
2010-02-04,104.37000274658205,15.039999961853027,1063.1099853515625,79.91999816894531,3.609999895095825
2010-02-05,104.68000030517578,14.899999618530272,1066.18994140625,80.44000244140625,3.5460000038146973
2010-02-08,104.04000091552734,14.75,1056.739990234375,80.30000305175781,3.5920000076293945
2010-02-09,105.41000366210938,15.119999885559082,1070.52001953125,79.86000061035156,3.632999897003174
2010-02-10,105.12000274658205,14.949999809265137,1068.1300048828125,80.02999877929688,3.694000005722046
2010-02-11,107.12999725341795,15.369999885559082,1078.469970703125,79.98999786376953,3.733000040054321
2010-02-12,107.04000091552734,15.239999771118164,1075.510009765625,80.31999969482422,3.693000078201294
2010-02-16,109.62000274658205,15.81999969482422,1094.8699951171875,79.69999694824219,3.6640000343322754
2010-02-17,109.25,15.739999771118164,1099.510009765625,80.37999725341797,3.742000102996826
2010-02-18,109.9800033569336,15.880000114440918,1106.75,80.4000015258789,3.802999973297119
2010-02-19,109.47000122070312,15.970000267028809,1109.1700439453125,80.63999938964844,3.7820000648498535
2010-02-22,109.06999969482422,15.899999618530272,1108.010009765625,80.51000213623047,3.799000024795532
2010-02-23,107.88999938964844,15.56999969482422,1094.5999755859375,80.8499984741211,3.690999984741211
2010-02-24,107.36000061035156,15.619999885559082,1105.239990234375,80.8499984741211,3.694999933242798
2010-02-25,108.30999755859376,15.770000457763672,1102.93994140625,80.79000091552734,3.641999959945679
2010-02-26,109.43000030517578,16.06999969482422,1104.489990234375,80.36000061035156,3.595000028610229
2010-03-01,109.43000030517578,16.110000610351562,1115.7099609375,80.66000366210938,3.6059999465942383
2010-03-02,111.0199966430664,16.559999465942383,1118.31005859375,80.5199966430664,3.614000082015991
2010-03-03,111.62999725341795,16.81999969482422,1118.7900390625,79.9800033569336,3.625
2010-03-04,110.83000183105467,16.790000915527344,1122.969970703125,80.55999755859375,3.6059999465942383
2010-03-05,110.80999755859376,17.010000228881836,1138.699951171875,80.43000030517578,3.681999921798706
2010-03-08,109.87999725341795,16.889999389648438,1138.5,80.43000030517578,3.7079999446868896
2010-03-09,109.72000122070312,16.920000076293945,1140.449951171875,80.58999633789062,3.700999975204468
2010-03-10,108.47000122070312,16.65999984741211,1145.6099853515625,80.44999694824219,3.7200000286102295
2010-03-11,108.5999984741211,16.809999465942383,1150.239990234375,80.31999969482422,3.7200000286102295
2010-03-12,107.9499969482422,16.760000228881836,1149.989990234375,79.83000183105469,3.7100000381469727
2010-03-15,108.36000061035156,16.739999771118164,1150.510009765625,80.25,3.703999996185303
2010-03-16,110.4000015258789,17.049999237060547,1159.4599609375,79.75,3.6530001163482666
2010-03-17,109.58999633789062,17.079999923706055,1166.2099609375,79.63999938964844,3.641999959945679
2010-03-18,110.33999633789062,17.079999923706055,1165.8299560546875,80.22000122070312,3.671999931335449
2010-03-19,108.27999877929688,16.649999618530273,1159.9000244140625,80.72000122070312,3.687000036239624
2010-03-22,107.75,16.600000381469727,1165.81005859375,80.6500015258789,3.663000106811523
2010-03-23,108.31999969482422,16.719999313354492,1174.1700439453125,80.9000015258789,3.680000066757202
2010-03-24,106.3000030517578,16.290000915527344,1167.719970703125,81.83999633789062,3.828999996185303
2010-03-25,106.77999877929688,16.31999969482422,1165.72998046875,82.12000274658203,3.901000022888184
2010-03-26,108.58999633789062,16.610000610351562,1166.5899658203125,81.68000030517578,3.8550000190734863
2010-03-29,108.75,17.040000915527344,1173.219970703125,81.36000061035156,3.864000082015991
2010-03-30,107.97000122070312,16.950000762939453,1173.27001953125,81.47000122070312,3.868000030517578
2010-03-31,108.9499969482422,17.139999389648438,1169.4300537109375,81.06999969482422,3.8329999446868896
2010-04-01,110.26000213623048,17.540000915527344,1178.0999755859375,80.77999877929688,3.858999967575073
2010-04-05,110.88999938964844,17.75,1187.43994140625,81.08999633789062,3.99399995803833
2010-04-06,111.02999877929688,17.610000610351562,1189.43994140625,81.38999938964844,3.9679999351501465
2010-04-07,112.48999786376952,17.770000457763672,1182.449951171875,81.44000244140625,3.86299991607666
2010-04-08,112.6500015258789,17.719999313354492,1186.43994140625,81.52999877929688,3.8959999084472656
2010-04-09,113.63999938964844,18.010000228881836,1194.3699951171875,81.08999633789062,3.888000011444092
2010-04-12,113.01000213623048,17.799999237060547,1196.47998046875,80.55999755859375,3.845999956130981
2010-04-13,112.69000244140624,17.84000015258789,1197.300048828125,80.51000213623047,3.811000108718872
2010-04-14,113.02999877929688,18.06999969482422,1210.6500244140625,80.19000244140625,3.8550000190734863
2010-04-15,113.6500015258789,18.06999969482422,1211.6700439453125,80.4800033569336,3.848000049591065
2010-04-16,111.23999786376952,17.40999984741211,1192.1300048828125,80.81999969482422,3.7699999809265137
2010-04-19,111.1500015258789,17.3799991607666,1197.52001953125,81.0,3.806999921798706
2010-04-20,111.45999908447266,17.479999542236328,1207.1700439453125,81.05000305175781,3.805000066757202
2010-04-21,112.30999755859376,17.770000457763672,1205.93994140625,81.16000366210938,3.73799991607666
2010-04-22,111.83999633789062,17.639999389648438,1208.6700439453125,81.56999969482422,3.7720000743865967
2010-04-23,113.19000244140624,17.90999984741211,1217.280029296875,81.3499984741211,3.816999912261963
2010-04-26,112.75,17.93000030517578,1212.050048828125,81.4800033569336,3.815000057220459
2010-04-27,114.62999725341795,17.8799991607666,1183.7099609375,82.1500015258789,3.690000057220459
2010-04-28,114.30999755859376,17.75,1191.3599853515625,82.37999725341797,3.7730000019073486
2010-04-29,114.27999877929688,18.13999938964844,1206.780029296875,82.0,3.7279999256134033
2010-04-30,115.36000061035156,18.26000022888184,1186.68994140625,81.87000274658203,3.663000106811523
2010-05-03,115.7300033569336,18.420000076293945,1202.260009765625,82.2699966430664,3.704999923706055
2010-05-04,114.87000274658205,17.59000015258789,1173.5999755859375,83.30000305175781,3.61299991607666
2010-05-05,115.08999633789062,17.110000610351562,1165.8699951171875,84.08000183105469,3.549999952316284
2010-05-06,118.48999786376952,17.31999969482422,1128.1500244140625,84.88999938964844,3.3980000019073486
2010-05-07,118.2699966430664,18.0,1110.8800048828125,84.44999694824219,3.428999900817871
2010-05-10,117.56999969482422,18.11000061035156,1159.72998046875,84.16000366210938,3.5390000343322754
2010-05-11,120.66000366210938,18.950000762939453,1155.7900390625,84.47000122070312,3.5350000858306885
2010-05-12,121.4000015258789,19.1200008392334,1171.6700439453125,84.83000183105469,3.566999912261963
2010-05-13,120.55999755859376,18.989999771118164,1157.43994140625,85.20999908447266,3.563999891281128
2010-05-14,120.37000274658205,18.93000030517578,1135.6800537109375,86.0999984741211,3.441999912261963
2010-05-17,119.36000061035156,18.530000686645508,1136.93994140625,86.20999908447266,3.4719998836517334
2010-05-18,119.48999786376952,18.56999969482422,1120.800048828125,87.16000366210938,3.375999927520752
2010-05-19,116.62999725341795,17.8700008392334,1115.050048828125,86.38999938964844,3.358999967575073
2010-05-20,115.83999633789062,17.350000381469727,1071.5899658203125,85.56999969482422,3.263999938964844
2010-05-21,115.22000122070312,17.290000915527344,1087.68994140625,85.37000274658203,3.200000047683716
2010-05-24,116.83999633789062,17.559999465942383,1073.6500244140625,86.20999908447266,3.226999998092652
2010-05-25,117.36000061035156,17.540000915527344,1074.030029296875,86.77999877929688,3.157999992370605
2010-05-26,118.47000122070312,17.739999771118164,1067.949951171875,87.12000274658203,3.2179999351501465
2010-05-27,118.69000244140624,18.1200008392334,1103.06005859375,86.18000030517578,3.338000059127808
2010-05-28,118.87999725341795,18.030000686645508,1089.4100341796875,86.4800033569336,3.3010001182556152
2010-06-01,119.91000366210938,18.020000457763672,1070.7099609375,86.63999938964844,3.2960000038146973
2010-06-02,119.77999877929688,17.979999542236328,1098.3800048828125,86.79000091552734,3.3340001106262207
2010-06-03,117.95999908447266,17.639999389648438,1102.8299560546875,87.13999938964844,3.378999948501587
2010-06-04,119.19000244140624,17.049999237060547,1064.8800048828125,88.2300033569336,3.194999933242798
2010-06-07,121.48999786376952,17.809999465942383,1050.469970703125,88.4000015258789,3.184000015258789
2010-06-08,121.0,17.889999389648438,1062.0,88.38999938964844,3.1679999828338623
2010-06-09,120.55999755859376,17.760000228881836,1055.68994140625,87.9000015258789,3.187000036239624
2010-06-10,118.97000122070312,17.860000610351562,1086.8399658203125,87.16999816894531,3.319000005722046
2010-06-11,120.01000213623048,17.850000381469727,1091.5999755859375,87.51000213623047,3.2160000801086426
2010-06-14,119.5999984741211,17.860000610351562,1089.6300048828125,86.51000213623047,3.275000095367432
2010-06-15,120.98999786376952,18.190000534057617,1115.22998046875,85.9800033569336,3.309999942779541
2010-06-16,120.33000183105467,18.07999992370605,1114.6099853515625,86.08000183105469,3.282000064849853
2010-06-17,121.9000015258789,18.32999992370605,1116.0400390625,85.69000244140625,3.190000057220459
2010-06-18,122.83000183105467,18.75,1117.510009765625,85.69999694824219,3.2230000495910645
2010-06-21,120.38999938964844,18.32999992370605,1113.199951171875,85.93000030517578,3.243000030517578
2010-06-22,121.4499969482422,18.420000076293945,1095.31005859375,86.11000061035156,3.1659998893737797
2010-06-23,120.9499969482422,18.18000030517578,1092.0400390625,85.73999786376953,3.115000009536743
2010-06-24,121.3000030517578,18.26000022888184,1073.68994140625,85.7300033569336,3.122999906539917
2010-06-25,122.76000213623048,18.670000076293945,1076.760009765625,85.30999755859375,3.11299991607666
2010-06-28,121.08999633789062,18.3799991607666,1074.5699462890625,85.6500015258789,3.032000064849853
2010-06-29,121.2699966430664,18.1299991607666,1041.239990234375,86.02999877929688,2.9670000076293945
2010-06-30,121.68000030517578,18.209999084472656,1030.7099609375,86.0199966430664,2.950999975204468
2010-07-01,117.04000091552734,17.440000534057617,1027.3699951171875,84.72000122070312,2.927000045776367
2010-07-02,118.48999786376952,17.459999084472656,1022.5800170898438,84.43000030517578,2.9790000915527344
2010-07-06,116.51000213623048,17.399999618530273,1028.06005859375,84.08000183105469,2.931999921798706
2010-07-07,117.7300033569336,17.649999618530273,1060.27001953125,83.81999969482422,2.9800000190734863
2010-07-08,117.20999908447266,17.610000610351562,1070.25,83.81999969482422,3.0199999809265137
2010-07-09,118.36000061035156,17.729999542236328,1077.9599609375,83.94999694824219,3.055999994277954
2010-07-12,117.33999633789062,17.6200008392334,1078.75,84.19999694824219,3.0460000038146973
2010-07-13,118.36000061035156,17.81999969482422,1095.3399658203125,83.63999938964844,3.114000082015991
2010-07-14,118.3000030517578,17.959999084472656,1095.1700439453125,83.43000030517578,3.049999952316284
2010-07-15,118.2300033569336,17.950000762939453,1096.47998046875,82.55999755859375,2.9779999256134038
2010-07-16,116.66999816894533,17.489999771118164,1064.8800048828125,82.48999786376953,2.938999891281128
2010-07-19,115.7300033569336,17.270000457763672,1071.25,82.51000213623047,2.96399998664856
2010-07-20,116.6500015258789,17.329999923706055,1083.47998046875,82.75,2.931999921798706
2010-07-21,115.8499984741211,17.309999465942383,1069.5899658203125,83.38999938964844,2.8919999599456787
2010-07-22,116.86000061035156,17.709999084472656,1093.6700439453125,82.5999984741211,2.931999921798706
2010-07-23,116.08999633789062,17.719999313354492,1102.6600341796875,82.45999908447266,2.99399995803833
2010-07-26,115.5199966430664,17.780000686645508,1115.010009765625,82.08999633789062,2.99399995803833
2010-07-27,113.51000213623048,17.299999237060547,1113.8399658203125,82.18000030517578,3.046999931335449
2010-07-28,113.77999877929688,17.15999984741211,1106.1300048828125,82.18000030517578,3.000999927520752
2010-07-29,114.29000091552734,17.239999771118164,1101.530029296875,81.63999938964844,2.999000072479248
2010-07-30,115.48999786376952,17.579999923706055,1101.5999755859375,81.54000091552734,2.907000064849853
2010-08-02,115.54000091552734,17.959999084472656,1125.8599853515625,80.94000244140625,2.963000059127808
2010-08-03,115.98999786376952,18.020000457763672,1120.4599609375,80.5999984741211,2.9140000343322754
2010-08-04,116.72000122070312,17.93000030517578,1127.239990234375,80.88999938964844,2.95199990272522
2010-08-05,116.9800033569336,17.959999084472656,1125.81005859375,80.81999969482422,2.914999961853028
2010-08-06,117.83999633789062,18.06999969482422,1121.6400146484375,80.41000366210938,2.8239998817443848
2010-08-09,117.4000015258789,17.959999084472656,1127.7900390625,80.70999908447266,2.822000026702881
2010-08-10,117.7300033569336,17.969999313354492,1121.06005859375,80.80000305175781,2.7809998989105225
2010-08-11,117.33999633789062,17.530000686645508,1089.469970703125,82.29000091552734,2.684999942779541
2010-08-12,118.7699966430664,17.690000534057617,1083.6099853515625,82.63999938964844,2.734999895095825
2010-08-13,118.73999786376952,17.739999771118164,1079.25,82.94999694824219,2.687999963760376
2010-08-16,119.7300033569336,18.0,1079.3800048828125,82.52999877929688,2.575000047683716
2010-08-17,119.75,18.1200008392334,1092.5400390625,82.2300033569336,2.6449999809265137
2010-08-18,120.22000122070312,18.020000457763672,1094.1600341796875,82.22000122070312,2.6410000324249268
2010-08-19,120.38999938964844,17.920000076293945,1075.6300048828125,82.44999694824219,2.5789999961853027
2010-08-20,119.97000122070312,17.59000015258789,1071.68994140625,83.05999755859375,2.611999988555908
2010-08-23,119.77999877929688,17.610000610351562,1067.3599853515625,83.12000274658203,2.6070001125335693
2010-08-24,120.36000061035156,17.989999771118164,1051.8699951171875,83.1500015258789,2.499000072479248
2010-08-25,121.36000061035156,18.540000915527344,1055.3299560546875,83.26000213623047,2.5380001068115234
2010-08-26,120.95999908447266,18.59000015258789,1047.219970703125,82.93000030517578,2.499000072479248
2010-08-27,121.01000213623048,18.700000762939453,1064.5899658203125,82.91999816894531,2.6519999504089355
2010-08-30,120.91000366210938,18.6299991607666,1048.9200439453125,83.16000366210938,2.5450000762939453
2010-08-31,122.08000183105467,18.93000030517578,1049.3299560546875,83.19999694824219,2.476999998092652
2010-09-01,121.69000244140624,18.959999084472656,1080.2900390625,82.5199966430664,2.5820000171661377
2010-09-02,122.29000091552734,19.280000686645508,1090.0999755859375,82.45999908447266,2.628000020980835
2010-09-03,121.86000061035156,19.420000076293945,1104.510009765625,83.0999984741211,2.7060000896453857
2010-09-07,122.6999969482422,19.36000061035156,1091.8399658203125,82.81999969482422,2.608999967575073
2010-09-08,122.70999908447266,19.5,1098.8699951171875,82.58999633789062,2.6540000438690186
2010-09-09,121.55999755859376,19.31999969482422,1104.1800537109375,82.66999816894531,2.760999917984009
2010-09-10,121.7300033569336,19.420000076293945,1109.550048828125,82.69999694824219,2.7950000762939453
2010-09-13,121.62000274658205,19.540000915527344,1121.9000244140625,81.91000366210938,2.740999937057495
2010-09-14,124.0199966430664,20.049999237060547,1121.0999755859375,81.08000183105469,2.6659998893737797
2010-09-15,123.94000244140624,20.170000076293945,1125.0699462890625,81.48999786376953,2.7230000495910645
2010-09-16,124.62999725341795,20.350000381469727,1124.6600341796875,81.23999786376953,2.759000062942505
2010-09-17,124.54000091552734,20.290000915527344,1125.5899658203125,81.4000015258789,2.746000051498413
2010-09-20,124.87000274658205,20.290000915527344,1142.7099609375,81.33999633789062,2.7060000896453857
2010-09-21,126.01000213623048,20.59000015258789,1139.780029296875,80.44000244140625,2.594000101089477
2010-09-22,126.1999969482422,20.709999084472656,1134.280029296875,79.83000183105469,2.5480000972747803
2010-09-23,126.3000030517578,20.65999984741211,1124.8299560546875,80.01000213623047,2.555000066757202
2010-09-24,126.69000244140624,21.01000022888184,1148.6700439453125,79.38999938964844,2.611999988555908
2010-09-27,126.72000122070312,20.989999771118164,1142.1600341796875,79.33999633789062,2.5169999599456787
2010-09-28,127.8499984741211,21.290000915527344,1147.699951171875,79.01000213623047,2.4560000896453857
2010-09-29,127.9499969482422,21.399999618530277,1144.72998046875,78.69000244140625,2.50600004196167
2010-09-30,127.91000366210938,21.309999465942383,1141.199951171875,78.72000122070312,2.5169999599456787
2010-10-01,128.91000366210938,21.649999618530277,1146.239990234375,78.08999633789062,2.526000022888184
2010-10-04,128.4600067138672,21.51000022888184,1137.030029296875,78.44999694824219,2.4790000915527344
2010-10-05,130.99000549316406,22.34000015258789,1160.75,77.75,2.4739999771118164
2010-10-06,131.80999755859375,22.690000534057617,1159.969970703125,77.38999938964844,2.3989999294281006
2010-10-07,130.3699951171875,22.020000457763672,1158.06005859375,77.38999938964844,2.3959999084472656
2010-10-08,131.66000366210938,22.729999542236328,1165.1500244140625,77.31999969482422,2.38100004196167
2010-10-12,131.9600067138672,22.84000015258789,1169.77001953125,77.36000061035156,2.421999931335449
2010-10-13,134.07000732421875,23.489999771118164,1178.0999755859375,77.06999969482422,2.430999994277954
2010-10-14,134.75,24.030000686645508,1173.81005859375,76.6500015258789,2.494999885559082
2010-10-15,133.67999267578125,23.75,1176.18994140625,77.04000091552734,2.575999975204468
2010-10-18,134.27999877929688,23.959999084472656,1184.7099609375,76.93000030517578,2.490999937057495
2010-10-19,130.11000061035156,22.84000015258789,1165.9000244140625,78.18000030517578,2.4749999046325684
2010-10-20,131.32000732421875,23.32999992370605,1178.1700439453125,77.16999816894531,2.470000028610229
2010-10-21,129.47000122070312,22.59000015258789,1180.260009765625,77.41999816894531,2.5309998989105225
2010-10-22,129.72999572753906,22.76000022888184,1183.0799560546875,77.47000122070312,2.562999963760376
2010-10-25,130.85000610351562,23.100000381469727,1185.6199951171875,77.0999984741211,2.553999900817871
2010-10-26,130.8800048828125,23.280000686645508,1185.6400146484375,77.70999908447266,2.635999917984009
2010-10-27,129.52000427246094,23.06999969482422,1182.449951171875,78.1500015258789,2.711999893188477
2010-10-28,131.24000549316406,23.43000030517578,1183.780029296875,77.30999755859375,2.6610000133514404
2010-10-29,132.6199951171875,24.170000076293945,1183.260009765625,77.2699966430664,2.611999988555908
2010-11-01,131.9199981689453,24.06999969482422,1184.3800048828125,77.30000305175781,2.628000020980835
2010-11-02,132.49000549316406,24.309999465942383,1193.5699462890625,76.72000122070312,2.594000101089477
2010-11-03,131.57000732421875,24.25,1197.9599609375,76.4800033569336,2.61899995803833
2010-11-04,136.02999877929688,25.6299991607666,1221.06005859375,75.87999725341797,2.483999967575073
2010-11-05,136.3800048828125,26.200000762939453,1225.8499755859375,76.55000305175781,2.5360000133514404
2010-11-08,137.77999877929688,27.149999618530277,1223.25,77.02999877929688,2.562999963760376
2010-11-09,135.58999633789062,26.18000030517578,1213.4000244140625,77.44000244140625,2.6589999198913574
2010-11-10,137.24000549316406,26.71999931335449,1218.7099609375,77.62999725341797,2.6480000019073486
2010-11-11,137.66000366210938,27.11000061035156,1213.5400390625,78.22000122070312,2.6480000019073486
2010-11-12,133.69000244140625,25.520000457763672,1199.2099609375,78.08000183105469,2.75600004196167
2010-11-15,132.4199981689453,24.93000030517578,1197.75,78.5199966430664,2.9110000133514404
2010-11-16,130.97000122070312,24.93000030517578,1178.3399658203125,79.20999908447266,2.8469998836517334
2010-11-17,130.3800048828125,25.0,1178.5899658203125,79.08000183105469,2.864000082015991
2010-11-18,132.08999633789062,26.350000381469727,1196.68994140625,78.62000274658203,2.9019999504089355
2010-11-19,132.1999969482422,26.739999771118164,1199.72998046875,78.5,2.875
2010-11-22,133.47999572753906,27.170000076293945,1197.8399658203125,78.68000030517578,2.812999963760376
2010-11-23,134.41000366210938,26.8700008392334,1180.72998046875,79.68000030517578,2.76200008392334
2010-11-24,134.17999267578125,26.940000534057617,1198.3499755859375,79.87000274658203,2.9140000343322754
2010-11-26,133.11000061035156,26.1299991607666,1189.4000244140625,80.36000061035156,2.864000082015991
2010-11-29,133.50999450683594,26.549999237060547,1187.760009765625,80.83999633789062,2.822000026702881
2010-11-30,135.4199981689453,27.440000534057617,1180.550048828125,81.19999694824219,2.796999931335449
2010-12-01,135.3800048828125,27.809999465942383,1206.0699462890625,80.70999908447266,2.96399998664856
2010-12-02,135.1999969482422,27.93000030517578,1221.530029296875,80.30000305175781,3.0
2010-12-03,138.07000732421875,28.600000381469727,1224.7099609375,79.37999725341797,3.0169999599456787
2010-12-06,139.11000061035156,29.51000022888184,1223.1199951171875,79.56999969482422,2.940999984741211
2010-12-07,136.5,28.07999992370605,1223.75,79.86000061035156,3.164999961853028
2010-12-08,134.7899932861328,27.700000762939453,1228.280029296875,80.0,3.236000061035156
2010-12-09,135.3699951171875,28.030000686645508,1233.0,80.06999969482422,3.2230000495910645
2010-12-10,135.41000366210938,27.979999542236328,1240.4000244140625,80.06999969482422,3.2960000038146973
2010-12-13,136.0500030517578,28.8700008392334,1240.4599609375,79.27999877929688,3.282999992370605
2010-12-14,136.17999267578125,28.809999465942383,1241.5899658203125,79.37000274658203,3.4549999237060547
2010-12-15,134.6999969482422,28.07999992370605,1235.22998046875,80.26000213623047,3.5199999809265137
2010-12-16,133.80999755859375,28.280000686645508,1242.8699951171875,80.18000030517578,3.476999998092652
2010-12-17,134.1999969482422,28.51000022888184,1243.9100341796875,80.37000274658203,3.3299999237060547
2010-12-20,135.11000061035156,28.709999084472656,1247.0799560546875,80.62999725341797,3.3489999771118164
2010-12-21,135.32000732421875,28.63999938964844,1254.5999755859375,80.72000122070312,3.325999975204468
2010-12-22,135.0500030517578,28.56999969482422,1258.8399658203125,80.7300033569336,3.345999956130981
2010-12-23,134.66000366210938,28.61000061035156,1256.77001953125,80.5,3.3929998874664307
2010-12-27,135.02000427246094,28.59000015258789,1257.5400390625,80.37000274658203,3.3510000705718994
2010-12-28,137.22000122070312,29.530000686645508,1258.510009765625,80.36000061035156,3.4809999465942383
2010-12-29,137.7100067138672,29.8700008392334,1259.780029296875,79.80000305175781,3.3410000801086426
2010-12-30,137.02999877929688,29.76000022888184,1257.8800048828125,79.5199966430664,3.36899995803833
2010-12-31,138.72000122070312,30.18000030517578,1257.6400146484375,79.02999877929688,3.305000066757202
2011-01-03,138.0,29.979999542236328,1271.8699951171875,79.12999725341797,3.3420000076293945
2011-01-04,134.75,29.07999992370605,1270.199951171875,79.44000244140625,3.345999956130981
2011-01-05,134.3699951171875,28.61000061035156,1276.56005859375,80.26000213623047,3.4830000400543213
2011-01-06,133.8300018310547,28.420000076293945,1273.8499755859375,80.79000091552734,3.4189999103546143
2011-01-07,133.5800018310547,28.100000381469727,1271.5,81.01000213623047,3.328000068664551
2011-01-10,134.1199951171875,28.290000915527344,1269.75,80.87999725341797,3.303999900817871
2011-01-11,134.91000366210938,28.88999938964844,1274.47998046875,80.8499984741211,3.3410000801086426
2011-01-12,135.4600067138672,29.0,1285.9599609375,80.02999877929688,3.3550000190734863
2011-01-13,134.0500030517578,28.0,1283.760009765625,79.19000244140625,3.3010001182556152
2011-01-14,132.69000244140625,27.739999771118164,1293.239990234375,79.16000366210938,3.3329999446868896
2011-01-18,133.42999267578125,28.149999618530277,1295.02001953125,78.95999908447266,3.364000082015991
2011-01-19,133.72000122070312,28.07999992370605,1281.9200439453125,78.63999938964844,3.336999893188477
2011-01-20,131.1999969482422,26.850000381469727,1280.260009765625,78.81999969482422,3.4590001106262207
2011-01-21,131.02999877929688,26.82999992370605,1283.3499755859375,78.20999908447266,3.4159998893737797
2011-01-24,130.36000061035156,26.36000061035156,1290.8399658203125,78.05000305175781,3.407999992370605
2011-01-25,130.10000610351562,26.229999542236328,1291.1800537109375,78.0,3.319000005722046
2011-01-26,131.16000366210938,26.88999938964844,1296.6300048828125,77.9000015258789,3.427999973297119
2011-01-27,127.93000030517578,26.290000915527344,1299.5400390625,77.7300033569336,3.384999990463257
2011-01-28,130.27999877929688,27.299999237060547,1276.3399658203125,78.12999725341797,3.3289999961853027
2011-01-31,129.8699951171875,27.38999938964844,1286.1199951171875,77.73999786376953,3.378000020980835
2011-02-01,130.8000030517578,27.8700008392334,1307.5899658203125,77.06999969482422,3.443000078201294
2011-02-02,130.4499969482422,27.690000534057617,1304.030029296875,77.16000366210938,3.489000082015991
2011-02-03,132.1999969482422,28.290000915527344,1307.0999755859375,77.75,3.5409998893737797
2011-02-04,131.66000366210938,28.399999618530277,1310.8699951171875,78.04000091552734,3.651999950408936
2011-02-07,131.67999267578125,28.65999984741211,1319.050048828125,78.02999877929688,3.6440000534057617
2011-02-08,133.13999938964844,29.63999938964844,1324.5699462890625,78.0,3.724999904632568
2011-02-09,133.07000732421875,29.520000457763672,1320.8800048828125,77.63999938964844,3.641999959945679
2011-02-10,132.85000610351562,29.459999084472656,1321.8699951171875,78.25,3.7079999446868896
2011-02-11,132.32000732421875,29.209999084472656,1329.1500244140625,78.45999908447266,3.6459999084472656
2011-02-14,132.9499969482422,29.959999084472656,1332.3199462890625,78.61000061035156,3.614000082015991
2011-02-15,133.97000122070312,30.0,1328.010009765625,78.56999969482422,3.615999937057495
2011-02-16,134.10000610351562,29.959999084472656,1336.3199462890625,78.22000122070312,3.621000051498413
2011-02-17,135.0399932861328,31.030000686645508,1340.4300537109375,78.0,3.5739998817443848
2011-02-18,135.41000366210938,31.790000915527344,1343.010009765625,77.66000366210938,3.58899998664856
2011-02-22,136.2899932861328,32.2599983215332,1315.43994140625,77.7699966430664,3.4609999656677246
2011-02-23,137.50999450683594,32.709999084472656,1307.4000244140625,77.41000366210938,3.486999988555908
2011-02-24,136.47999572753906,31.200000762939453,1306.0999755859375,77.05999755859375,3.437999963760376
2011-02-25,137.3800048828125,32.560001373291016,1319.8800048828125,77.27999877929688,3.424999952316284
2011-02-28,137.66000366210938,33.11000061035156,1327.219970703125,76.88999938964844,3.4140000343322754
2011-03-01,140.02999877929688,33.869998931884766,1306.3299560546875,77.05000305175781,3.4140000343322754
2011-03-02,139.9199981689453,33.84000015258789,1308.43994140625,76.66999816894531,3.46399998664856
2011-03-03,138.08999633789062,33.41999816894531,1330.969970703125,76.4800033569336,3.572000026702881
2011-03-04,139.35000610351562,34.689998626708984,1321.1500244140625,76.4000015258789,3.492000102996826
2011-03-07,139.72000122070312,35.22999954223633,1310.1300048828125,76.5,3.496999979019165
2011-03-08,139.36000061035156,35.18000030517578,1321.8199462890625,76.80000305175781,3.5439999103546143
2011-03-09,139.41000366210938,35.27000045776367,1320.02001953125,76.72000122070312,3.469000101089477
2011-03-10,137.77000427246094,34.36000061035156,1295.1099853515625,77.27999877929688,3.3929998874664307
2011-03-11,138.22000122070312,35.029998779296875,1304.280029296875,76.77999877929688,3.3929998874664307
2011-03-14,138.86000061035156,35.0099983215332,1296.3900146484375,76.3499984741211,3.3469998836517334
2011-03-15,136.27000427246094,33.61000061035156,1281.8699951171875,76.33000183105469,3.322999954223633
2011-03-16,136.24000549316406,33.369998931884766,1256.8800048828125,76.68000030517578,3.211999893188477
2011-03-17,136.97000122070312,33.5099983215332,1273.719970703125,76.04000091552734,3.247999906539917
2011-03-18,138.3699951171875,34.27000045776367,1279.2099609375,75.72000122070312,3.2769999504089355
2011-03-21,139.13999938964844,35.29999923706055,1298.3800048828125,75.4000015258789,3.322999954223633
2011-03-22,139.0500030517578,35.540000915527344,1293.77001953125,75.43000030517578,3.3320000171661377
2011-03-23,140.33999633789062,36.470001220703125,1297.5400390625,75.79000091552734,3.3480000495910645
2011-03-24,139.22000122070312,36.119998931884766,1309.6600341796875,75.66000366210938,3.4040000438690186
2011-03-25,139.25999450683594,36.38999938964844,1313.800048828125,76.22000122070312,3.444000005722046
2011-03-28,138.5399932861328,36.18999862670898,1310.18994140625,76.12999725341797,3.447999954223633
2011-03-29,138.2100067138672,36.16999816894531,1319.43994140625,76.25,3.490999937057495
2011-03-30,138.6699981689453,36.52999877929688,1328.260009765625,76.12000274658203,3.4549999237060547
2011-03-31,139.86000061035156,36.77000045776367,1325.8299560546875,75.86000061035156,3.4539999961853027
2011-04-01,139.1999969482422,36.86000061035156,1332.4100341796875,75.83000183105469,3.450999975204468
2011-04-04,139.83999633789062,37.58000183105469,1332.8699951171875,75.91000366210938,3.430999994277954
2011-04-05,142.0500030517578,38.34000015258789,1332.6300048828125,75.87999725341797,3.486999988555908
2011-04-06,142.3800048828125,38.619998931884766,1335.5400390625,75.51000213623047,3.5450000762939453
2011-04-07,142.50999450683594,38.72999954223633,1333.510009765625,75.58999633789062,3.555000066757202
2011-04-08,143.66000366210938,39.86000061035156,1328.1700439453125,75.06999969482422,3.569999933242798
2011-04-11,142.63999938964844,39.209999084472656,1324.4599609375,75.05999755859375,3.569999933242798
2011-04-12,141.61000061035156,39.09000015258789,1314.1600341796875,74.8499984741211,3.5
2011-04-13,141.89999389648438,39.56999969482422,1314.4100341796875,74.9800033569336,3.4660000801086426
2011-04-14,143.80999755859375,41.06999969482422,1314.52001953125,74.68000030517578,3.484999895095825
2011-04-15,145.0500030517578,41.84000015258789,1319.6800537109375,74.83000183105469,3.4100000858306885
2011-04-18,145.92999267578125,42.41999816894531,1305.1400146484375,75.5,3.371000051498413
2011-04-19,145.92999267578125,43.0,1312.6199951171875,75.02999877929688,3.3559999465942383
2011-04-20,146.5,44.119998931884766,1330.3599853515625,74.37000274658203,3.400000095367432
2011-04-21,146.74000549316406,45.540000915527344,1337.3800048828125,74.0,3.400000095367432
2011-04-25,146.8699951171875,45.83000183105469,1335.25,73.98999786376953,3.36299991607666
2011-04-26,146.3800048828125,44.02999877929688,1347.239990234375,73.83999633789062,3.319999933242798
2011-04-27,149.1999969482422,47.0,1355.6600341796875,73.5199966430664,3.368000030517578
2011-04-28,149.82000732421875,47.2599983215332,1360.47998046875,73.12000274658203,3.312000036239624
2011-04-29,152.3699951171875,46.880001068115234,1363.6099853515625,72.93000030517578,3.2960000038146973
2011-05-02,150.41000366210938,42.83000183105469,1361.219970703125,72.94999694824219,3.2860000133514404
2011-05-03,149.8800048828125,40.58000183105469,1356.6199951171875,73.13999938964844,3.255000114440918
2011-05-04,147.72999572753906,38.27000045776367,1347.3199462890625,73.02999877929688,3.2230000495910645
2011-05-05,143.47000122070312,33.720001220703125,1335.0999755859375,74.19000244140625,3.1679999828338623
2011-05-06,145.3000030517578,34.47999954223633,1340.199951171875,74.83999633789062,3.157000064849853
2011-05-09,147.3800048828125,36.97999954223633,1346.2900390625,74.73999786376953,3.1419999599456787
2011-05-10,147.89999389648438,37.52000045776367,1357.1600341796875,74.61000061035156,3.194999933242798
2011-05-11,146.5399932861328,34.38999938964844,1342.0799560546875,75.33000183105469,3.157000064849853
2011-05-12,146.58999633789062,33.31999969482422,1348.6500244140625,75.23999786376953,3.2300000190734863
2011-05-13,145.6300048828125,34.38999938964844,1337.77001953125,75.76000213623047,3.187000036239624
2011-05-16,145.3699951171875,32.849998474121094,1329.469970703125,75.47000122070312,3.1489999294281006
2011-05-17,144.74000549316406,33.09000015258789,1328.97998046875,75.4000015258789,3.121000051498413
2011-05-18,145.60000610351562,34.22999954223633,1340.6800537109375,75.47000122070312,3.1710000038146973
2011-05-19,145.64999389648438,34.2599983215332,1343.5999755859375,75.12000274658203,3.1710000038146973
2011-05-20,147.49000549316406,34.18000030517578,1333.27001953125,75.43000030517578,3.1519999504089355
2011-05-23,147.8300018310547,34.27000045776367,1317.3699951171875,76.0999984741211,3.134000062942505
2011-05-24,148.58999633789062,35.77000045776367,1316.280029296875,75.87999725341797,3.122999906539917
2011-05-25,148.5800018310547,36.91999816894531,1320.469970703125,75.93000030517578,3.128999948501587
2011-05-26,148.22000122070312,36.5099983215332,1325.68994140625,75.55000305175781,3.061000108718872
2011-05-27,149.6999969482422,37.02999877929688,1331.0999755859375,74.94999694824219,3.063999891281128
2011-05-31,149.63999938964844,37.59999847412109,1345.199951171875,74.63999938964844,3.049999952316284
2011-06-01,149.91000366210938,35.75,1314.550048828125,74.68000030517578,2.9660000801086426
2011-06-02,149.5,35.290000915527344,1312.93994140625,74.33000183105469,3.0299999713897705
2011-06-03,150.22000122070312,35.34000015258789,1300.1600341796875,73.77999877929688,2.996999979019165
2011-06-06,150.47999572753906,35.709999084472656,1286.1700439453125,73.94999694824219,3.002000093460083
2011-06-07,150.4199981689453,36.119998931884766,1284.93994140625,73.5199966430664,3.010999917984009
2011-06-08,149.80999755859375,36.02999877929688,1279.56005859375,73.93000030517578,2.961999893188477
2011-06-09,150.55999755859375,36.66999816894531,1289.0,74.19000244140625,2.997999906539917
2011-06-10,149.24000549316406,35.25,1270.97998046875,74.79000091552734,2.970999956130981
2011-06-13,147.77000427246094,33.869998931884766,1271.8299560546875,74.51000213623047,2.990999937057495
2011-06-14,148.6699981689453,34.66999816894531,1287.8699951171875,74.33000183105469,3.0989999771118164
2011-06-15,149.1199951171875,34.880001068115234,1265.4200439453125,75.5999984741211,2.9730000495910645
2011-06-16,148.97000122070312,34.650001525878906,1267.6400146484375,75.75,2.9089999198913574
2011-06-17,149.94000244140625,34.95000076293945,1271.5,74.98999786376953,2.944000005722046
2011-06-20,150.02999877929688,35.09000015258789,1278.3599853515625,75.02999877929688,2.963000059127808
2011-06-21,150.75999450683594,35.5099983215332,1295.52001953125,74.54000091552734,2.984999895095825
2011-06-22,150.99000549316406,35.5,1287.1400146484375,74.77999877929688,2.993000030517578
2011-06-23,148.33999633789062,34.369998931884766,1283.5,75.44999694824219,2.9089999198913574
2011-06-24,146.25999450683594,33.36000061035156,1268.449951171875,75.66999816894531,2.871000051498413
2011-06-27,145.72999572753906,32.630001068115234,1280.0999755859375,75.38999938964844,2.927000045776367
2011-06-28,146.24000549316406,33.0,1296.6700439453125,75.05999755859375,3.0450000762939453
2011-06-29,147.17999267578125,34.0099983215332,1307.4100341796875,74.69000244140625,3.1080000400543213
2011-06-30,146.0,33.84000015258789,1320.6400146484375,74.30000305175781,3.157999992370605
2011-07-01,144.92999267578125,33.0,1339.6700439453125,74.3499984741211,3.197000026702881
2011-07-05,147.6300048828125,34.630001068115234,1337.8800048828125,74.69000244140625,3.135999917984009
2011-07-06,148.91000366210938,35.099998474121094,1339.219970703125,75.12000274658203,3.095000028610229
2011-07-07,149.14999389648438,35.5,1353.219970703125,74.95999908447266,3.1489999294281006
2011-07-08,150.25,35.75,1343.800048828125,75.18000030517578,3.0160000324249268
2011-07-11,151.58999633789062,34.900001525878906,1319.489990234375,75.98999786376953,2.9170000553131104
2011-07-12,152.77000427246094,35.20000076293945,1313.6400146484375,75.80999755859375,2.907999992370605
2011-07-13,154.13999938964844,37.22999954223633,1317.719970703125,75.20999908447266,2.8910000324249268
2011-07-14,154.5399932861328,37.40999984741211,1308.8699951171875,75.25,2.944000005722046
2011-07-15,155.1999969482422,38.2400016784668,1316.1400146484375,75.12999725341797,2.907999992370605
2011-07-18,156.57000732421875,39.470001220703125,1305.43994140625,75.4800033569336,2.9089999198913574
2011-07-19,154.66000366210938,38.0099983215332,1326.72998046875,75.22000122070312,2.8910000324249268
2011-07-20,156.02000427246094,39.119998931884766,1325.8399658203125,74.79000091552734,2.933000087738037
2011-07-21,154.8300018310547,38.310001373291016,1343.800048828125,74.0199966430664,3.009999990463257
2011-07-22,156.1199951171875,39.06999969482422,1345.02001953125,74.19999694824219,2.96399998664856
2011-07-25,157.33999633789062,39.310001373291016,1337.4300537109375,74.05999755859375,3.003999948501587
2011-07-26,157.77000427246094,39.88999938964844,1331.93994140625,73.47000122070312,2.950999975204468
2011-07-27,157.19000244140625,39.16999816894531,1304.8900146484375,74.08999633789062,2.9800000190734863
2011-07-28,157.32000732421875,38.7599983215332,1300.6700439453125,74.22000122070312,2.950999975204468
2011-07-29,158.2899932861328,38.84999847412109,1292.280029296875,73.9000015258789,2.805000066757202
2011-08-01,157.72000122070312,38.290000915527344,1286.93994140625,74.26000213623047,2.740000009536743
2011-08-02,161.52000427246094,39.81999969482422,1254.050048828125,74.51000213623047,2.624000072479248
2011-08-03,161.49000549316406,40.54999923706055,1260.3399658203125,74.04000091552734,2.5989999771118164
2011-08-04,160.63999938964844,37.61000061035156,1200.0699462890625,75.12000274658203,2.4579999446868896
2011-08-05,161.75,37.31999969482422,1199.3800048828125,74.5999984741211,2.558000087738037
2011-08-08,167.1199951171875,37.970001220703125,1119.4599609375,74.79000091552734,2.33899998664856
2011-08-09,168.61000061035156,36.31999969482422,1172.530029296875,74.61000061035156,2.181999921798706
2011-08-10,174.5800018310547,38.43999862670898,1120.760009765625,74.63999938964844,2.13700008392334
2011-08-11,170.75,37.79999923706055,1172.6400146484375,74.68000030517578,2.3359999656677246
2011-08-12,169.97000122070312,38.119998931884766,1178.81005859375,74.61000061035156,2.236999988555908
2011-08-15,171.8000030517578,38.66999816894531,1204.489990234375,73.83999633789062,2.2850000858306885
2011-08-16,173.9199981689453,39.02999877929688,1192.760009765625,74.01000213623047,2.21399998664856
2011-08-17,174.4199981689453,39.33000183105469,1193.8900146484375,73.66999816894531,2.164999961853028
2011-08-18,177.72000122070312,39.65999984741211,1140.6500244140625,74.23999786376953,2.0829999446868896
2011-08-19,179.9499969482422,41.68000030517578,1123.530029296875,73.98999786376953,2.071000099182129
2011-08-22,184.58999633789065,42.630001068115234,1123.8199462890625,74.06999969482422,2.088000059127808
2011-08-23,177.6699981689453,40.630001068115234,1162.3499755859375,73.87000274658203,2.13700008392334
2011-08-24,171.64999389648438,38.83000183105469,1177.5999755859375,74.01000213623047,2.259999990463257
2011-08-25,172.36000061035156,40.0,1159.27001953125,74.27999877929688,2.2219998836517334
2011-08-26,177.47000122070312,40.40999984741211,1176.800048828125,73.80999755859375,2.187999963760376
2011-08-29,173.88999938964844,39.720001220703125,1210.0799560546875,73.72000122070312,2.2709999084472656
2011-08-30,179.10000610351562,40.400001525878906,1212.9200439453125,73.94000244140625,2.1760001182556152
2011-08-31,177.72000122070312,40.45000076293945,1218.8900146484375,74.12999725341797,2.2179999351501465
2011-09-01,177.8699951171875,40.52000045776367,1204.4200439453125,74.4800033569336,2.1459999084472656
2011-09-02,183.2400054931641,42.18000030517578,1173.969970703125,74.75,1.996000051498413
2011-09-06,182.8999938964844,41.04999923706055,1165.239990234375,75.91999816894531,1.9789999723434448
2011-09-07,177.0800018310547,40.52999877929688,1198.6199951171875,75.45999908447266,2.0360000133514404
2011-09-08,181.80999755859372,41.220001220703125,1185.9000244140625,76.23999786376953,1.9859999418258667
2011-09-09,180.6999969482422,40.52000045776367,1154.22998046875,77.19000244140625,1.9149999618530276
2011-09-12,176.6699981689453,39.13999938964844,1162.27001953125,77.56999969482422,1.9299999475479128
2011-09-13,178.5399932861328,39.869998931884766,1172.8699951171875,76.91000366210938,1.99399995803833
2011-09-14,177.2100067138672,39.59999847412109,1188.6800537109375,76.83000183105469,2.010999917984009
2011-09-15,174.39999389648438,38.790000915527344,1209.1099853515625,76.23999786376953,2.0850000381469727
2011-09-16,176.02999877929688,39.38999938964844,1216.010009765625,76.58000183105469,2.075999975204468
2011-09-19,173.30999755859375,38.650001525878906,1204.0899658203125,77.38999938964844,1.940000057220459
2011-09-20,175.77999877929688,38.83000183105469,1202.0899658203125,77.02999877929688,1.9470000267028809
2011-09-21,173.58999633789062,38.560001373291016,1166.760009765625,77.33999633789062,1.875
2011-09-22,169.0500030517578,34.91999816894531,1129.56005859375,78.37999725341797,1.715000033378601
2011-09-23,159.8000030517578,29.979999542236328,1136.4300537109375,78.30000305175781,1.807999968528748
2011-09-26,157.5800018310547,29.770000457763672,1162.949951171875,78.36000061035156,1.9040000438690183
2011-09-27,160.6300048828125,31.170000076293945,1175.3800048828125,77.51000213623047,2.0160000324249268
2011-09-28,156.22000122070312,28.8700008392334,1151.06005859375,77.8499984741211,2.002000093460083
2011-09-29,157.6999969482422,29.959999084472656,1160.4000244140625,77.91999816894531,1.9570000171661377
2011-09-30,158.05999755859375,28.90999984741211,1131.4200439453125,78.55000305175781,1.924000024795532
2011-10-03,160.9600067138672,29.489999771118164,1099.22998046875,79.44999694824219,1.784999966621399
2011-10-04,157.63999938964844,29.09000015258789,1123.949951171875,79.5999984741211,1.781000018119812
2011-10-05,159.4600067138672,29.65999984741211,1144.030029296875,78.91000366210938,1.9049999713897705
2011-10-06,160.49000549316406,31.200000762939453,1164.969970703125,78.52999877929688,1.9859999418258667
2011-10-07,159.17999267578125,30.229999542236328,1155.4599609375,78.72000122070312,2.068000078201294
2011-10-10,163.27000427246094,31.26000022888184,1194.8900146484375,77.5999984741211,2.075999975204468
2011-10-11,162.10000610351562,31.3799991607666,1195.5400390625,77.58000183105469,2.1600000858306885
2011-10-12,163.25999450683594,31.770000457763672,1207.25,76.98999786376953,2.2260000705718994
2011-10-13,162.3000030517578,30.940000534057617,1203.6600341796875,76.98999786376953,2.1689999103546143
2011-10-14,163.39999389648438,31.34000015258789,1224.5799560546875,76.62000274658203,2.2320001125335693
2011-10-17,162.6199951171875,31.040000915527344,1200.8599853515625,77.13999938964844,2.1549999713897705
2011-10-18,161.83999633789062,31.32999992370605,1225.3800048828125,77.12999725341797,2.151000022888184
2011-10-19,159.8699951171875,30.229999542236328,1209.8800048828125,77.11000061035156,2.1589999198913574
2011-10-20,157.77000427246094,29.729999542236328,1215.3900146484375,76.97000122070312,2.180000066757202
2011-10-21,159.52000427246094,30.479999542236328,1238.25,76.30000305175781,2.203000068664551
2011-10-24,161.02000427246094,30.8700008392334,1254.18994140625,76.0199966430664,2.233999967575073
2011-10-25,165.58999633789062,32.43000030517578,1229.050048828125,76.25,2.128000020980835
2011-10-26,167.39999389648438,32.5,1242.0,76.19999694824219,2.203000068664551
2011-10-27,169.5500030517578,34.099998474121094,1284.5899658203125,74.87000274658203,2.3949999809265137
2011-10-28,169.6199951171875,34.27000045776367,1285.0899658203125,75.08999633789062,2.305999994277954
2011-10-31,167.33999633789062,33.439998626708984,1253.300048828125,76.16999816894531,2.174999952316284
2011-11-01,167.3800048828125,32.33000183105469,1218.280029296875,77.26000213623047,2.000999927520752
2011-11-02,169.05999755859375,33.25,1237.9000244140625,77.01000213623047,2.00600004196167
2011-11-03,171.72000122070312,33.619998931884766,1261.1500244140625,76.66999816894531,2.065999984741211
2011-11-04,170.85000610351562,33.20000076293945,1253.22998046875,76.91000366210938,2.049999952316284
2011-11-07,174.97999572753906,34.08000183105469,1261.1199951171875,76.95999908447266,1.99399995803833
2011-11-08,173.52999877929688,34.0,1275.9200439453125,76.66999816894531,2.065000057220459
2011-11-09,172.07000732421875,33.099998474121094,1229.0999755859375,77.93000030517578,1.955000042915344
2011-11-10,171.13999938964844,33.13999938964844,1239.699951171875,77.63999938964844,2.055999994277954
2011-11-11,173.9600067138672,33.7400016784668,1263.8499755859375,76.94000244140625,2.055999994277954
2011-11-14,173.1999969482422,33.33000183105469,1251.780029296875,77.55999755859375,2.0429999828338623
2011-11-15,173.36000061035156,33.65999984741211,1257.81005859375,77.87999725341797,2.056999921798706
2011-11-16,171.50999450683594,32.81999969482422,1236.9100341796875,78.16000366210938,2.0239999294281006
2011-11-17,167.10000610351562,30.63999938964844,1216.1300048828125,78.29000091552734,1.9579999446868896
2011-11-18,167.6199951171875,31.399999618530277,1215.6500244140625,78.0199966430664,2.01200008392334
2011-11-21,163.5,30.76000022888184,1192.97998046875,78.30000305175781,1.962000012397766
2011-11-22,165.30999755859375,31.88999938964844,1188.0400390625,78.2300033569336,1.9390000104904173
2011-11-23,164.8300018310547,30.93000030517578,1161.7900390625,79.0,1.878999948501587
2011-11-25,163.39999389648438,30.200000762939453,1158.6700439453125,79.61000061035156,1.9670000076293943
2011-11-28,166.6300048828125,31.270000457763672,1192.550048828125,79.29000091552734,1.9579999446868896
2011-11-29,166.8800048828125,31.030000686645508,1195.18994140625,79.0,1.996000051498413
2011-11-30,170.1300048828125,32.0,1246.9599609375,78.38999938964844,2.068000078201294
2011-12-01,169.6300048828125,31.86000061035156,1244.5799560546875,78.31999969482422,2.117000102996826
2011-12-02,169.82000732421875,31.649999618530277,1244.280029296875,78.62999725341797,2.0420000553131104
2011-12-05,167.32000732421875,31.049999237060547,1257.0799560546875,78.61000061035156,2.053999900817871
2011-12-06,168.17999267578125,31.93000030517578,1258.469970703125,78.51000213623047,2.0929999351501465
2011-12-07,169.39999389648438,31.61000061035156,1261.010009765625,78.4800033569336,2.0169999599456787
2011-12-08,165.97999572753906,30.700000762939453,1234.3499755859375,78.80999755859375,1.972000002861023
2011-12-09,166.39999389648438,31.32999992370605,1255.18994140625,78.62999725341797,2.052000045776367
2011-12-12,161.99000549316406,30.489999771118164,1236.469970703125,79.56999969482422,2.009000062942505
2011-12-13,158.4499969482422,29.81999969482422,1225.72998046875,80.25,1.962000012397766
2011-12-14,152.88999938964844,28.06999969482422,1211.8199462890625,80.52999877929688,1.901000022888184
2011-12-15,152.3300018310547,28.21999931335449,1215.75,80.23999786376953,1.9129999876022337
2011-12-16,155.22999572753906,28.850000381469727,1219.6600341796875,80.25,1.8539999723434448
2011-12-19,154.8699951171875,27.959999084472656,1205.3499755859375,80.25,1.812999963760376
2011-12-20,156.97999572753906,28.770000457763672,1241.300048828125,79.87999725341797,1.924999952316284
2011-12-21,157.16000366210938,28.600000381469727,1243.719970703125,80.0199966430664,1.9670000076293943
2011-12-22,156.0399932861328,28.36000061035156,1254.0,79.91999816894531,1.950999975204468
2011-12-23,156.30999755859375,28.280000686645508,1265.3299560546875,80.01000213623047,2.0299999713897705
2011-12-27,154.91000366210938,27.8700008392334,1265.4300537109375,79.79000091552734,2.009000062942505
2011-12-28,151.02999877929688,26.270000457763672,1249.6400146484375,80.48999786376953,1.9079999923706052
2011-12-29,150.33999633789062,27.06999969482422,1263.02001953125,80.4800033569336,1.8969999551773071
2011-12-30,151.99000549316406,26.940000534057617,1257.5999755859375,80.16999816894531,1.871000051498413
2012-01-03,155.9199981689453,28.82999992370605,1277.06005859375,79.61000061035156,1.9600000381469729
2012-01-04,156.7100067138672,28.38999938964844,1277.300048828125,80.08999633789062,1.995000004768372
2012-01-05,157.77999877929688,28.51000022888184,1281.06005859375,80.94000244140625,1.993000030517578
2012-01-06,157.1999969482422,27.90999984741211,1277.81005859375,81.23999786376953,1.9609999656677248
2012-01-09,156.5,28.1299991607666,1280.699951171875,81.05000305175781,1.9600000381469729
2012-01-10,158.63999938964844,29.049999237060547,1292.0799560546875,80.80000305175781,1.972000002861023
2012-01-11,159.6699981689453,29.13999938964844,1292.47998046875,81.3499984741211,1.9040000438690183
2012-01-12,160.3800048828125,29.309999465942383,1295.5,80.7699966430664,1.932999968528748
2012-01-13,159.25999450683594,28.81999969482422,1289.0899658203125,81.43000030517578,1.8530000448226929
2012-01-17,160.5,29.190000534057617,1293.6700439453125,81.18000030517578,1.850000023841858
2012-01-18,161.60000610351562,29.649999618530277,1308.0400390625,80.5999984741211,1.8969999551773071
2012-01-19,161.22000122070312,29.739999771118164,1314.5,80.20999908447266,1.972000002861023
2012-01-20,162.07000732421875,31.21999931335449,1315.3800048828125,80.22000122070312,2.0280001163482666
2012-01-23,163.16000366210938,31.38999938964844,1316.0,79.69000244140625,2.066999912261963
2012-01-24,162.00999450683594,31.07999992370605,1314.6500244140625,79.86000061035156,2.063999891281128
2012-01-25,166.4199981689453,32.369998931884766,1326.06005859375,79.56999969482422,2.006999969482422
2012-01-26,167.27000427246094,32.43000030517578,1318.4300537109375,79.41000366210938,1.930999994277954
2012-01-27,168.97000122070312,32.959999084472656,1316.3299560546875,78.9000015258789,1.8980000019073489
2012-01-30,168.02999877929688,32.529998779296875,1313.010009765625,79.16000366210938,1.837000012397766
2012-01-31,169.30999755859375,32.279998779296875,1312.4100341796875,79.27999877929688,1.7990000247955322
2012-02-01,169.55999755859375,32.77000045776367,1324.0899658203125,78.91999816894531,1.8459999561309812
2012-02-02,171.0500030517578,33.36000061035156,1325.5400390625,78.97000122070312,1.825000047683716
2012-02-03,167.63999938964844,32.689998626708984,1344.9000244140625,78.94000244140625,1.9490000009536743
2012-02-06,167.17999267578125,32.68000030517578,1344.3299560546875,79.08999633789062,1.901000022888184
2012-02-07,169.6999969482422,33.2599983215332,1347.050048828125,78.56999969482422,1.965999960899353
2012-02-08,168.5,33.040000915527344,1349.9599609375,78.63999938964844,1.975000023841858
2012-02-09,168.02000427246094,32.900001525878906,1351.949951171875,78.55999755859375,2.046999931335449
2012-02-10,167.13999938964844,32.5099983215332,1342.6400146484375,79.11000061035156,1.968999981880188
2012-02-13,167.50999450683594,32.75,1351.77001953125,78.94000244140625,1.9900000095367432
2012-02-14,167.1199951171875,32.540000915527344,1350.5,79.58000183105469,1.924000024795532
2012-02-15,168.11000061035156,32.45000076293945,1343.22998046875,79.66999816894531,1.930999994277954
2012-02-16,168.0,32.56999969482422,1358.0400390625,79.33999633789062,1.993000030517578
2012-02-17,167.35000610351562,32.279998779296875,1361.22998046875,79.33000183105469,2.009999990463257
2012-02-21,171.02000427246094,33.380001068115234,1362.2099609375,79.04000091552734,2.0450000762939453
2012-02-22,172.94000244140625,33.439998626708984,1357.6600341796875,79.20999908447266,2.005000114440918
2012-02-23,173.02000427246094,34.400001525878906,1363.4599609375,78.80999755859375,1.9839999675750728
2012-02-24,172.22999572753906,34.369998931884766,1365.739990234375,78.3499984741211,1.9769999980926516
2012-02-27,171.6999969482422,34.36000061035156,1367.5899658203125,78.55999755859375,1.9220000505447388
2012-02-28,173.49000549316406,35.83000183105469,1372.1800537109375,78.2699966430664,1.9290000200271609
2012-02-29,164.2899932861328,33.54999923706055,1365.6800537109375,78.7300033569336,1.9769999980926516
2012-03-01,166.61000061035156,34.439998626708984,1374.0899658203125,78.77999877929688,2.0369999408721924
2012-03-02,166.33999633789062,33.7599983215332,1369.6300048828125,79.4000015258789,1.9859999418258667
2012-03-05,165.64999389648438,33.029998779296875,1364.3299560546875,79.31999969482422,2.005000114440918
2012-03-06,162.6999969482422,32.0099983215332,1343.3599853515625,79.86000061035156,1.944000005722046
2012-03-07,163.6300048828125,32.40999984741211,1352.6300048828125,79.70999908447266,1.972000002861023
2012-03-08,165.27999877929688,32.849998474121094,1365.9100341796875,79.16000366210938,2.013999938964844
2012-03-09,166.3800048828125,33.220001220703125,1370.8699951171875,80.04000091552734,2.0380001068115234
2012-03-12,165.07000732421875,32.630001068115234,1371.0899658203125,79.87000274658203,2.0309998989105225
2012-03-13,162.3000030517578,32.2599983215332,1395.949951171875,80.19000244140625,2.1070001125335693
2012-03-14,159.57000732421875,31.270000457763672,1394.280029296875,80.55999755859375,2.2739999294281006
2012-03-15,161.0800018310547,31.530000686645508,1402.5999755859375,80.1500015258789,2.2809998989105225
2012-03-16,161.3000030517578,31.59000015258789,1404.1700439453125,79.77999877929688,2.2980000972747803
2012-03-19,161.58999633789062,31.979999542236328,1409.75,79.44999694824219,2.378999948501587
2012-03-20,160.1300048828125,31.149999618530277,1405.52001953125,79.58999633789062,2.371999979019165
2012-03-21,160.2100067138672,31.209999084472656,1402.8900146484375,79.62999725341797,2.2939999103546143
2012-03-22,159.57000732421875,30.540000915527344,1392.780029296875,79.73999786376953,2.275000095367432
2012-03-23,161.52999877929688,31.239999771118164,1397.1099853515625,79.33999633789062,2.236999988555908
2012-03-26,164.39999389648438,31.940000534057617,1416.510009765625,78.93000030517578,2.24399995803833
2012-03-27,163.24000549316406,31.59000015258789,1412.52001953125,79.04000091552734,2.187000036239624
2012-03-28,161.50999450683594,31.149999618530277,1405.5400390625,79.16000366210938,2.196000099182129
2012-03-29,161.27999877929688,31.350000381469727,1403.280029296875,79.18000030517578,2.1589999198913574
2012-03-30,162.1199951171875,31.3799991607666,1408.469970703125,78.93000030517578,2.2160000801086426
2012-04-02,162.94000244140625,32.04999923706055,1419.0400390625,78.81999969482422,2.193000078201294
2012-04-03,159.88999938964844,31.649999618530277,1413.3800048828125,79.4800033569336,2.2839999198913574
2012-04-04,157.2100067138672,30.32999992370605,1398.9599609375,79.76000213623047,2.243000030517578
2012-04-05,158.30999755859375,30.71999931335449,1398.0799560546875,80.06999969482422,2.174999952316284
2012-04-09,159.3699951171875,30.59000015258789,1382.199951171875,79.7300033569336,2.0369999408721924
2012-04-10,161.10000610351562,30.790000915527344,1358.5899658203125,79.88999938964844,1.9880000352859497
2012-04-11,161.07000732421875,30.649999618530277,1368.7099609375,79.77999877929688,2.0280001163482666
2012-04-12,162.6999969482422,31.420000076293945,1387.5699462890625,79.27999877929688,2.049000024795532
2012-04-13,160.85000610351562,30.549999237060547,1370.260009765625,79.87999725341797,1.9980000257492063
2012-04-16,160.4600067138672,30.559999465942383,1369.5699462890625,79.55000305175781,1.9739999771118164
2012-04-17,160.25,30.799999237060547,1390.780029296875,79.47000122070312,2.009000062942505
2012-04-18,159.30999755859375,30.63999938964844,1385.1400146484375,79.52999877929688,1.98199999332428
2012-04-19,159.42999267578125,30.799999237060547,1376.9200439453125,79.55999755859375,1.9520000219345093
2012-04-20,159.5399932861328,30.75,1378.530029296875,79.18000030517578,1.9700000286102293
2012-04-23,159.07000732421875,29.96999931335449,1366.93994140625,79.41999816894531,1.932999968528748
2012-04-24,159.3000030517578,29.93000030517578,1371.969970703125,79.22000122070312,1.9609999656677248
2012-04-25,159.6199951171875,29.86000061035156,1390.68994140625,79.01000213623047,1.9839999675750728
2012-04-26,161.02999877929688,30.18000030517578,1399.97998046875,78.91000366210938,1.9589999914169312
2012-04-27,161.3800048828125,30.3700008392334,1403.3599853515625,78.69999694824219,1.932999968528748
2012-04-30,161.8800048828125,30.11000061035156,1397.9100341796875,78.79000091552734,1.9149999618530276
2012-05-01,161.32000732421875,30.059999465942383,1405.8199462890625,78.86000061035156,1.955999970436096
2012-05-02,160.58999633789062,29.780000686645508,1402.31005859375,79.12999725341797,1.9220000505447388
2012-05-03,158.97000122070312,29.290000915527344,1391.5699462890625,79.22000122070312,1.924000024795532
2012-05-04,159.47000122070312,29.40999984741211,1369.0999755859375,79.47000122070312,1.8799999952316284
2012-05-07,159.0800018310547,29.209999084472656,1369.5799560546875,79.5999984741211,1.8769999742507932
2012-05-08,156.0,28.649999618530277,1363.719970703125,79.7300033569336,1.837000012397766
2012-05-09,154.47000122070312,28.3799991607666,1354.5799560546875,80.08000183105469,1.8350000381469729
2012-05-10,154.77000427246094,28.25,1357.989990234375,80.11000061035156,1.8839999437332156
2012-05-11,153.55999755859375,28.07999992370605,1353.3900146484375,80.27999877929688,1.840999960899353
2012-05-14,151.3300018310547,27.420000076293945,1338.3499755859375,80.5999984741211,1.787999987602234
2012-05-15,149.74000549316406,26.86000061035156,1330.6600341796875,81.22000122070312,1.7769999504089355
2012-05-16,149.4600067138672,26.3700008392334,1324.800048828125,81.37000274658203,1.7649999856948853
2012-05-17,152.8000030517578,27.239999771118164,1304.8599853515625,81.37999725341797,1.7020000219345093
2012-05-18,154.5500030517578,27.790000915527344,1295.219970703125,81.29000091552734,1.7020000219345093
2012-05-21,154.64999389648438,27.68000030517578,1315.989990234375,81.08000183105469,1.7350000143051147
2012-05-22,152.0800018310547,27.34000015258789,1316.6300048828125,81.66999816894531,1.7929999828338623
2012-05-23,151.6199951171875,27.049999237060547,1318.8599853515625,82.08999633789062,1.7209999561309814
2012-05-24,151.41000366210938,27.440000534057617,1320.6800537109375,82.29000091552734,1.758999943733215
2012-05-25,152.67999267578125,27.6200008392334,1317.8199462890625,82.4000015258789,1.7450000047683716
2012-05-29,151.02000427246094,27.100000381469727,1332.4200439453125,82.44000244140625,1.7309999465942385
2012-05-30,151.91000366210938,27.1200008392334,1313.3199462890625,83.01000213623047,1.625
2012-05-31,151.6199951171875,26.959999084472656,1310.3299560546875,83.04000091552734,1.5809999704360962
2012-06-01,157.5,27.6200008392334,1278.0400390625,82.88999938964844,1.4670000076293943
2012-06-04,157.32000732421875,27.459999084472656,1278.1800537109375,82.55000305175781,1.5269999504089355
2012-06-05,157.13999938964844,27.71999931335449,1285.5,82.80000305175781,1.555999994277954
2012-06-06,157.2100067138672,28.51000022888184,1315.1300048828125,82.31999969482422,1.6510000228881836
2012-06-07,154.5,27.790000915527344,1314.989990234375,82.05000305175781,1.6540000438690186
2012-06-08,154.72999572753906,27.75,1325.6600341796875,82.51000213623047,1.6369999647140503
2012-06-11,155.36000061035156,27.790000915527344,1308.9300537109375,82.51000213623047,1.600000023841858
2012-06-12,156.4600067138672,28.1200008392334,1324.1800537109375,82.41000366210938,1.6610000133514404
2012-06-13,157.1199951171875,28.01000022888184,1314.8800048828125,82.05000305175781,1.5989999771118164
2012-06-14,157.75,27.81999969482422,1329.0999755859375,81.9000015258789,1.6109999418258667
2012-06-15,157.83999633789062,27.809999465942383,1342.8399658203125,81.58999633789062,1.587000012397766
2012-06-18,157.92999267578125,27.8700008392334,1344.780029296875,81.94000244140625,1.5839999914169312
2012-06-19,157.16000366210938,27.63999938964844,1357.97998046875,81.37000274658203,1.6200000047683716
2012-06-20,155.97000122070312,27.26000022888184,1355.68994140625,81.48999786376953,1.6419999599456787
2012-06-21,152.02000427246094,26.1200008392334,1325.510009765625,82.31999969482422,1.618000030517578
2012-06-22,152.63999938964844,26.149999618530277,1335.02001953125,82.22000122070312,1.6720000505447388
2012-06-25,153.75999450683594,26.709999084472656,1313.719970703125,82.45999908447266,1.6080000400543213
2012-06-26,152.6199951171875,26.299999237060547,1319.989990234375,82.37000274658203,1.628000020980835
2012-06-27,152.8300018310547,26.1299991607666,1331.8499755859375,82.55999755859375,1.621000051498413
2012-06-28,151.0500030517578,25.6299991607666,1329.0400390625,82.66999816894531,1.5770000219345093
2012-06-29,155.19000244140625,26.649999618530277,1362.1600341796875,81.6500015258789,1.659000039100647
2012-07-02,155.08999633789062,26.729999542236328,1365.510009765625,81.87000274658203,1.5800000429153442
2012-07-03,157.4600067138672,27.489999771118164,1374.02001953125,81.77999877929688,1.63100004196167
2012-07-05,155.67999267578125,26.8799991607666,1367.5799560546875,82.80999755859375,1.597000002861023
2012-07-06,153.7100067138672,26.299999237060547,1354.6800537109375,83.29000091552734,1.5440000295639038
2012-07-09,154.0399932861328,26.540000915527344,1352.4599609375,83.16000366210938,1.5130000114440918
2012-07-10,152.14999389648438,26.059999465942383,1341.469970703125,83.36000061035156,1.4980000257492063
2012-07-11,152.99000549316406,26.25,1341.449951171875,83.56999969482422,1.4980000257492063
2012-07-12,152.58999633789062,26.350000381469727,1334.760009765625,83.6500015258789,1.4789999723434448
2012-07-13,154.13999938964844,26.440000534057617,1356.780029296875,83.30000305175781,1.4989999532699585
2012-07-16,154.2100067138672,26.489999771118164,1353.6400146484375,83.08999633789062,1.4639999866485596
2012-07-17,153.47000122070312,26.46999931335449,1363.6700439453125,83.02999877929688,1.5010000467300415
2012-07-18,153.0500030517578,26.420000076293945,1372.780029296875,82.94999694824219,1.4789999723434448
2012-07-19,153.3800048828125,26.420000076293945,1376.510009765625,82.9000015258789,1.5149999856948853
2012-07-20,153.6699981689453,26.479999542236328,1362.6600341796875,83.47000122070312,1.4600000381469729
2012-07-23,153.02999877929688,26.209999084472656,1350.52001953125,83.70999908447266,1.434999942779541
2012-07-24,153.52000427246094,26.21999931335449,1338.31005859375,84.01000213623047,1.4040000438690186
2012-07-25,155.6699981689453,26.530000686645508,1337.8900146484375,83.5199966430664,1.406000018119812
2012-07-26,156.77000427246094,26.709999084472656,1360.02001953125,82.80999755859375,1.4279999732971191
2012-07-27,157.5399932861328,26.959999084472656,1385.969970703125,82.70999908447266,1.5549999475479126
2012-07-30,157.42999267578125,27.36000061035156,1385.300048828125,82.79000091552734,1.503999948501587
2012-07-31,156.49000549316406,27.1200008392334,1379.3199462890625,82.63999938964844,1.4919999837875366
2012-08-01,155.13999938964844,26.540000915527344,1375.3199462890625,83.05999755859375,1.5390000343322754
2012-08-02,154.1300048828125,26.309999465942383,1365.0,83.33000183105469,1.4780000448226929
2012-08-03,155.5500030517578,26.959999084472656,1390.989990234375,82.37999725341797,1.5770000219345093
2012-08-06,156.3000030517578,27.11000061035156,1394.22998046875,82.2699966430664,1.5579999685287476
2012-08-07,156.27999877929688,27.270000457763672,1401.3499755859375,82.20999908447266,1.628000020980835
2012-08-08,156.47999572753906,27.209999084472656,1402.219970703125,82.38999938964844,1.6399999856948853
2012-08-09,156.99000549316406,27.290000915527344,1402.800048828125,82.63999938964844,1.687999963760376
2012-08-10,157.17999267578125,27.26000022888184,1405.8699951171875,82.55000305175781,1.64900004863739
2012-08-13,155.99000549316406,26.920000076293945,1404.1099853515625,82.44000244140625,1.6540000438690186
2012-08-14,155.1300048828125,26.959999084472656,1403.9300537109375,82.4800033569336,1.72599995136261
2012-08-15,155.6300048828125,26.96999931335449,1405.530029296875,82.6500015258789,1.8049999475479128
2012-08-16,156.55999755859375,27.3700008392334,1415.510009765625,82.36000061035156,1.8359999656677248
2012-08-17,156.72000122070312,27.229999542236328,1418.1600341796875,82.5999984741211,1.815999984741211
2012-08-20,157.25999450683594,27.950000762939453,1418.1300048828125,82.45999908447266,1.8140000104904173
2012-08-21,158.8300018310547,28.3700008392334,1413.1700439453125,81.91000366210938,1.8049999475479128
2012-08-22,160.5399932861328,28.920000076293945,1413.489990234375,81.48999786376953,1.718999981880188
2012-08-23,161.88999938964844,29.600000381469727,1402.0799560546875,81.36000061035156,1.6660000085830688
2012-08-24,161.97000122070312,29.739999771118164,1411.1300048828125,81.58999633789062,1.6779999732971191
2012-08-27,161.36000061035156,29.739999771118164,1410.43994140625,81.66000366210938,1.64900004863739
2012-08-28,161.63999938964844,29.93000030517578,1409.300048828125,81.37000274658203,1.6299999952316284
2012-08-29,160.58999633789062,29.75,1410.489990234375,81.55000305175781,1.6540000438690186
2012-08-30,160.52000427246094,29.440000534057617,1399.47998046875,81.68000030517578,1.6200000047683716
2012-08-31,164.22000122070312,30.790000915527344,1406.5799560546875,81.25,1.562000036239624
2012-09-04,164.47999572753906,31.36000061035156,1404.93994140625,81.31999969482422,1.5809999704360962
2012-09-05,164.30999755859375,31.270000457763672,1403.43994140625,81.23999786376953,1.593999981880188
2012-09-06,164.88999938964844,31.670000076293945,1432.1199951171875,81.08000183105469,1.6729999780654907
2012-09-07,168.44000244140625,32.63999938964844,1437.9200439453125,80.25,1.6610000133514404
2012-09-10,167.2899932861328,32.290000915527344,1429.0799560546875,80.36000061035156,1.6829999685287476
2012-09-11,167.89999389648438,32.40999984741211,1433.56005859375,79.86000061035156,1.6950000524520874
2012-09-12,167.9199981689453,32.209999084472656,1436.56005859375,79.73999786376953,1.7649999856948853
2012-09-13,171.30999755859375,33.61000061035156,1459.989990234375,79.26000213623047,1.75600004196167
2012-09-14,171.8000030517578,33.599998474121094,1465.77001953125,78.8499984741211,1.870000004768372
2012-09-17,170.39999389648438,32.9900016784668,1461.18994140625,79.01000213623047,1.838000059127808
2012-09-18,171.72000122070312,33.709999084472656,1459.3199462890625,79.25,1.812000036239624
2012-09-19,171.74000549316406,33.56999969482422,1461.050048828125,79.05999755859375,1.781999945640564
2012-09-20,171.47000122070312,33.58000183105469,1460.260009765625,79.41000366210938,1.7769999504089355
2012-09-21,171.9600067138672,33.47999954223633,1460.1500244140625,79.33000183105469,1.7599999904632568
2012-09-24,171.0500030517578,32.93000030517578,1456.8900146484375,79.5199966430664,1.718000054359436
2012-09-25,170.77000427246094,32.68000030517578,1441.5899658203125,79.55000305175781,1.6820000410079956
2012-09-26,169.80999755859375,32.869998931884766,1433.3199462890625,79.88999938964844,1.618000030517578
2012-09-27,172.33999633789062,33.58000183105469,1447.1500244140625,79.55000305175781,1.6399999856948853
2012-09-28,171.88999938964844,33.47999954223633,1440.6700439453125,79.94000244140625,1.6369999647140503
2012-10-01,172.2899932861328,33.650001525878906,1444.489990234375,79.81999969482422,1.625
2012-10-02,172.10000610351562,33.5,1445.75,79.73999786376953,1.6150000095367432
2012-10-03,172.41000366210938,33.5099983215332,1450.989990234375,79.97000122070312,1.6230000257492063
2012-10-04,173.61000061035156,33.93000030517578,1461.4000244140625,79.3499984741211,1.6649999618530271
2012-10-05,172.6199951171875,33.45000076293945,1460.9300537109375,79.33999633789062,1.7319999933242798
2012-10-08,172.0500030517578,32.970001220703125,1455.8800048828125,79.54000091552734,1.746000051498413
2012-10-09,170.99000549316406,32.83000183105469,1441.47998046875,79.94999694824219,1.7200000286102295
2012-10-10,170.83999633789062,32.95000076293945,1432.56005859375,79.91999816894531,1.690999984741211
2012-10-11,171.32000732421875,32.900001525878906,1432.8399658203125,79.77999877929688,1.6749999523162842
2012-10-12,170.05999755859375,32.45000076293945,1428.5899658203125,79.69000244140625,1.662999987602234
2012-10-15,168.35000610351562,31.65999984741211,1440.1300048828125,79.73999786376953,1.662999987602234
2012-10-16,169.4199981689453,31.93000030517578,1454.9200439453125,79.37000274658203,1.7200000286102295
2012-10-17,169.5399932861328,32.119998931884766,1460.9100341796875,79.0199966430664,1.8109999895095823
2012-10-18,168.7899932861328,31.729999542236328,1457.3399658203125,79.37000274658203,1.825999975204468
2012-10-19,166.97000122070312,31.100000381469727,1433.18994140625,79.63999938964844,1.7680000066757202
2012-10-22,167.5800018310547,31.38999938964844,1433.8199462890625,79.6500015258789,1.7979999780654907
2012-10-23,165.42999267578125,30.68000030517578,1413.1099853515625,79.9800033569336,1.7640000581741333
2012-10-24,164.86000061035156,30.709999084472656,1408.75,79.97000122070312,1.774999976158142
2012-10-25,166.02000427246094,31.1200008392334,1412.969970703125,80.04000091552734,1.8279999494552608
2012-10-26,165.92999267578125,31.07999992370605,1411.93994140625,80.06999969482422,1.75
2012-10-31,166.8300018310547,31.270000457763672,1412.1600341796875,79.91999816894531,1.6859999895095823
2012-11-01,166.07000732421875,31.21999931335449,1427.5899658203125,80.05000305175781,1.715000033378601
2012-11-02,162.60000610351562,29.950000762939453,1414.199951171875,80.58999633789062,1.72599995136261
2012-11-05,163.22999572753906,30.170000076293945,1417.260009765625,80.75,1.684000015258789
2012-11-06,166.3000030517578,31.01000022888184,1428.3900146484375,80.61000061035156,1.7419999837875366
2012-11-07,166.49000549316406,30.82999992370605,1394.530029296875,80.76000213623047,1.631999969482422
2012-11-08,167.99000549316406,31.3799991607666,1377.510009765625,80.79000091552734,1.631999969482422
2012-11-09,167.82000732421875,31.540000915527344,1379.8499755859375,81.02999877929688,1.6130000352859497
2012-11-12,167.4499969482422,31.3700008392334,1380.030029296875,81.04000091552734,1.6109999418258667
2012-11-13,167.10000610351562,31.399999618530277,1374.530029296875,81.08000183105469,1.5889999866485596
2012-11-14,167.13999938964844,31.63999938964844,1355.489990234375,81.05999755859375,1.5889999866485596
2012-11-15,166.08999633789062,31.530000686645508,1353.3299560546875,81.08000183105469,1.5889999866485596
2012-11-16,165.8800048828125,31.209999084472656,1359.8800048828125,81.26000213623047,1.5740000009536743
2012-11-19,167.8699951171875,32.04999923706055,1386.8900146484375,80.87000274658203,1.6109999418258667
2012-11-20,167.38999938964844,32.11000061035156,1387.81005859375,80.95999908447266,1.656000018119812
2012-11-21,167.55999755859375,32.290000915527344,1391.030029296875,80.93000030517578,1.687000036239624
2012-11-23,169.61000061035156,32.97999954223633,1409.1500244140625,80.19000244140625,1.6929999589920044
2012-11-26,169.42999267578125,33.02000045776367,1406.2900390625,80.25,1.6640000343322754
2012-11-27,168.7100067138672,32.93000030517578,1398.93994140625,80.4000015258789,1.6449999809265137
2012-11-28,166.5500030517578,32.619998931884766,1409.9300537109375,80.33999633789062,1.6169999837875366
2012-11-29,167.17999267578125,33.130001068115234,1415.949951171875,80.19999694824219,1.6200000047683716
2012-11-30,166.0500030517578,32.36000061035156,1416.1800537109375,80.1500015258789,1.6059999465942385
2012-12-03,166.1300048828125,32.52000045776367,1409.4599609375,79.87999725341797,1.628000020980835
2012-12-04,164.4199981689453,31.899999618530277,1407.050048828125,79.63999938964844,1.6080000400543213
2012-12-05,164.1199951171875,31.81999969482422,1409.280029296875,79.7699966430664,1.590999960899353
2012-12-06,164.5,31.93000030517578,1413.93994140625,80.26000213623047,1.5809999704360962
2012-12-07,165.16000366210938,32.029998779296875,1418.0699462890625,80.41999816894531,1.6269999742507937
2012-12-10,165.8000030517578,32.13999938964844,1418.550048828125,80.33000183105469,1.616000056266785
2012-12-11,165.64999389648438,31.90999984741211,1427.8399658203125,80.05999755859375,1.64900004863739
2012-12-12,165.77000427246094,32.369998931884766,1428.47998046875,79.88999938964844,1.6970000267028809
2012-12-13,164.3699951171875,31.530000686645508,1419.449951171875,79.93000030517578,1.7280000448226929
2012-12-14,164.1300048828125,31.170000076293945,1413.5799560546875,79.5999984741211,1.7079999446868896
2012-12-17,164.44000244140625,31.200000762939453,1430.3599853515625,79.56999969482422,1.7630000114440918
2012-12-18,162.0800018310547,30.649999618530277,1446.7900390625,79.36000061035156,1.8270000219345093
2012-12-19,161.69000244140625,30.11000061035156,1435.81005859375,79.25,1.7999999523162842
2012-12-20,159.72999572753906,29.0,1443.68994140625,79.26000213623047,1.7999999523162842
2012-12-21,160.3300018310547,29.0,1430.1500244140625,79.62000274658203,1.753999948501587
2012-12-24,160.6199951171875,28.940000534057617,1426.6600341796875,79.63999938964844,1.77400004863739
2012-12-26,160.77999877929688,29.01000022888184,1419.8299560546875,79.62000274658203,1.7580000162124634
2012-12-27,161.16000366210938,29.239999771118164,1418.0999755859375,79.62000274658203,1.715000033378601
2012-12-28,160.5399932861328,29.100000381469727,1402.4300537109375,79.68000030517578,1.7109999656677246
2012-12-31,162.02000427246094,29.3700008392334,1426.18994140625,79.7699966430664,1.75600004196167
2013-01-02,163.1699981689453,29.920000076293945,1462.4200439453125,79.8499984741211,1.83899998664856
2013-01-03,161.1999969482422,29.18000030517578,1459.3699951171875,80.43000030517578,1.89900004863739
2013-01-04,160.44000244140625,29.239999771118164,1466.469970703125,80.5,1.9149999618530276
2013-01-07,159.42999267578125,29.18000030517578,1461.8900146484375,80.26000213623047,1.902999997138977
2013-01-08,160.55999755859375,29.3799991607666,1457.1500244140625,80.3499984741211,1.871000051498413
2013-01-09,160.49000549316406,29.350000381469727,1461.02001953125,80.55999755859375,1.8519999980926516
2013-01-10,161.97999572753906,29.780000686645508,1472.1199951171875,79.73999786376953,1.8940000534057615
2013-01-11,161.05999755859375,29.479999542236328,1472.050048828125,79.55999755859375,1.875
2013-01-14,161.5399932861328,30.040000915527344,1470.6800537109375,79.48999786376953,1.85699999332428
2013-01-15,162.55999755859375,30.36000061035156,1472.3399658203125,79.77999877929688,1.830999970436096
2013-01-16,162.64999389648438,30.450000762939453,1472.6300048828125,79.80000305175781,1.8240000009536743
2013-01-17,163.35000610351562,30.670000076293945,1480.93994140625,79.6500015258789,1.875
2013-01-18,163.08999633789062,30.809999465942383,1485.97998046875,80.05000305175781,1.843000054359436
2013-01-22,163.6699981689453,31.1200008392334,1492.56005859375,79.87000274658203,1.8350000381469729
2013-01-23,163.2100067138672,31.190000534057617,1494.81005859375,79.91999816894531,1.8329999446868896
2013-01-24,161.4199981689453,30.649999618530277,1494.8199462890625,79.94999694824219,1.843999981880188
2013-01-25,160.64999389648438,30.209999084472656,1502.9599609375,79.75,1.9470000267028809
2013-01-28,160.2899932861328,29.850000381469727,1500.1800537109375,79.77999877929688,1.9739999771118164
2013-01-29,160.99000549316406,30.31999969482422,1507.8399658203125,79.55999755859375,1.9880000352859497
2013-01-30,162.19000244140625,30.920000076293945,1501.9599609375,79.27999877929688,2.00600004196167
2013-01-31,161.1999969482422,30.440000534057617,1498.1099853515625,79.20999908447266,1.9850000143051147
2013-02-01,161.4499969482422,30.780000686645508,1513.1700439453125,79.12999725341797,2.009999990463257
2013-02-04,162.0,30.690000534057617,1495.7099609375,79.55000305175781,1.9730000495910645
2013-02-05,161.9600067138672,30.76000022888184,1511.2900390625,79.48999786376953,2.0160000324249268
2013-02-06,162.38999938964844,30.809999465942383,1512.1199951171875,79.72000122070312,1.968000054359436
2013-02-07,161.83999633789062,30.459999084472656,1509.3900146484375,80.19000244140625,1.950999975204468
2013-02-08,161.57000732421875,30.43000030517578,1517.9300537109375,80.25,1.9539999961853027
2013-02-11,159.6999969482422,30.0,1517.010009765625,80.30999755859375,1.9459999799728396
2013-02-12,159.88999938964844,30.09000015258789,1519.4300537109375,80.11000061035156,1.98199999332428
2013-02-13,159.0500030517578,29.770000457763672,1520.3299560546875,80.08999633789062,2.0190000534057617
2013-02-14,158.35000610351562,29.459999084472656,1521.3800048828125,80.45999908447266,2.0
2013-02-15,155.75999450683594,28.82999992370605,1519.7900390625,80.58000183105469,2.006999969482422
2013-02-19,155.3300018310547,28.450000762939453,1530.93994140625,80.47000122070312,2.026000022888184
2013-02-20,151.44000244140625,27.59000015258789,1511.949951171875,81.08999633789062,2.0209999084472656
2013-02-21,152.6199951171875,27.729999542236328,1502.4200439453125,81.45999908447266,1.9759999513626096
2013-02-22,152.97000122070312,27.82999992370605,1515.5999755859375,81.4800033569336,1.9670000076293943
2013-02-25,154.33999633789062,28.06999969482422,1487.8499755859375,81.66999816894531,1.8949999809265137
2013-02-26,156.22000122070312,28.40999984741211,1496.93994140625,81.87000274658203,1.878999948501587
2013-02-27,154.57000732421875,28.01000022888184,1515.989990234375,81.5999984741211,1.902999997138977
2013-02-28,153.0,27.540000915527344,1514.6800537109375,81.9800033569336,1.888000011444092
2013-03-01,152.44000244140625,27.6200008392334,1518.199951171875,82.30999755859375,1.8530000448226929
2013-03-04,152.3000030517578,27.600000381469727,1525.199951171875,82.22000122070312,1.8769999742507932
2013-03-05,152.3800048828125,27.75,1539.7900390625,82.08999633789062,1.8940000534057615
2013-03-06,153.22999572753906,28.100000381469727,1541.4599609375,82.45999908447266,1.937999963760376
2013-03-07,152.69000244140625,27.90999984741211,1544.260009765625,82.08000183105469,1.991000056266785
2013-03-08,152.7100067138672,28.01000022888184,1551.1800537109375,82.69999694824219,2.055999994277954
2013-03-11,152.99000549316406,28.020000457763672,1556.219970703125,82.56999969482422,2.055999994277954
2013-03-12,154.19000244140625,28.200000762939453,1552.47998046875,82.58000183105469,2.0230000019073486
2013-03-13,153.66000366210938,27.940000534057617,1554.52001953125,82.88999938964844,2.0209999084472656
2013-03-14,153.67999267578125,27.799999237060547,1563.22998046875,82.61000061035156,2.032999992370605
2013-03-15,154.0,27.799999237060547,1560.699951171875,82.26000213623047,1.996000051498413
2013-03-18,155.3800048828125,27.950000762939453,1552.0999755859375,82.69000244140625,1.955999970436096
2013-03-19,156.0800018310547,27.93000030517578,1548.3399658203125,82.98999786376953,1.9079999923706052
2013-03-20,155.3699951171875,27.809999465942383,1558.7099609375,82.77999877929688,1.937000036239624
2013-03-21,156.25,28.18000030517578,1545.800048828125,82.80000305175781,1.932000041007996
2013-03-22,155.5500030517578,27.75,1556.8900146484375,82.52999877929688,1.9149999618530276
2013-03-25,155.24000549316406,27.84000015258789,1551.68994140625,82.87000274658203,1.9149999618530276
2013-03-26,154.72000122070312,27.75,1563.77001953125,82.87999725341797,1.906000018119812
2013-03-27,155.36000061035156,27.729999542236328,1562.8499755859375,83.20999908447266,1.8509999513626096
2013-03-28,154.4499969482422,27.420000076293945,1569.18994140625,82.98999786376953,1.8519999980926516
2013-04-01,154.6699981689453,27.09000015258789,1562.1700439453125,82.7300033569336,1.840000033378601
2013-04-02,152.42999267578125,26.350000381469727,1570.25,82.94000244140625,1.8609999418258667
2013-04-03,150.72999572753906,26.09000015258789,1553.68994140625,82.72000122070312,1.812000036239624
2013-04-04,150.2899932861328,25.989999771118164,1559.97998046875,82.68000030517578,1.758999943733215
2013-04-05,152.80999755859375,26.38999938964844,1553.280029296875,82.5,1.694000005722046
2013-04-08,152.16000366210938,26.31999969482422,1563.0699462890625,82.75,1.7319999933242798
2013-04-09,153.33999633789062,27.030000686645508,1568.6099853515625,82.30999755859375,1.746999979019165
2013-04-10,150.75,26.68000030517578,1587.72998046875,82.52999877929688,1.8049999475479128
2013-04-11,151.0500030517578,26.700000762939453,1593.3699951171875,82.25,1.7910000085830688
2013-04-12,143.9499969482422,25.280000686645508,1588.8499755859375,82.30999755859375,1.7209999561309814
2013-04-15,131.30999755859375,22.09000015258789,1552.3599853515625,82.41999816894531,1.7020000219345093
2013-04-16,132.8000030517578,22.670000076293945,1574.5699462890625,81.75,1.718999981880188
2013-04-17,132.8699951171875,22.440000534057617,1552.010009765625,82.66000366210938,1.7039999961853027
2013-04-18,134.3000030517578,22.399999618530277,1541.6099853515625,82.55000305175781,1.684999942779541
2013-04-19,135.47000122070312,22.399999618530277,1555.25,82.70999908447266,1.7029999494552612
2013-04-22,137.89999389648438,22.6200008392334,1562.5,82.68000030517578,1.6979999542236328
2013-04-23,136.8800048828125,22.18000030517578,1578.780029296875,83.02999877929688,1.6979999542236328
2013-04-24,138.3699951171875,22.420000076293945,1578.7900390625,82.93000030517578,1.6979999542236328
2013-04-25,141.6300048828125,23.489999771118164,1585.1600341796875,82.73999786376953,1.7109999656677246
2013-04-26,140.91000366210938,23.100000381469727,1582.239990234375,82.4800033569336,1.662999987602234
2013-04-29,142.3000030517578,23.540000915527344,1593.6099853515625,82.1500015258789,1.6679999828338623
2013-04-30,142.77000427246094,23.459999084472656,1597.5699462890625,81.7300033569336,1.6749999523162842
2013-05-01,141.11000061035156,22.86000061035156,1582.699951171875,81.63999938964844,1.6390000581741333
2013-05-02,141.9199981689453,23.020000457763672,1597.5899658203125,82.20999908447266,1.63100004196167
2013-05-03,142.08999633789062,23.290000915527344,1614.4200439453125,82.0999984741211,1.7519999742507937
2013-05-06,142.14999389648438,23.18000030517578,1617.5,82.31999969482422,1.7710000276565552
2013-05-07,140.3800048828125,23.100000381469727,1625.9599609375,82.30000305175781,1.7829999923706057
2013-05-08,142.4600067138672,23.1200008392334,1632.68994140625,81.9000015258789,1.7599999904632568
2013-05-09,140.80999755859375,22.88999938964844,1626.6700439453125,82.79000091552734,1.812999963760376
2013-05-10,139.60000610351562,22.979999542236328,1633.699951171875,83.13999938964844,1.899999976158142
2013-05-13,138.42999267578125,22.82999992370605,1633.77001953125,83.26000213623047,1.9229999780654907
2013-05-14,137.80999755859375,22.56999969482422,1650.3399658203125,83.56999969482422,1.9520000219345093
2013-05-15,134.6300048828125,21.76000022888184,1658.780029296875,83.83000183105469,1.9429999589920044
2013-05-16,134.08999633789062,21.950000762939453,1650.469970703125,83.7699966430664,1.8650000095367432
2013-05-17,131.07000732421875,21.399999618530277,1667.469970703125,84.27999877929688,1.9490000009536743
2013-05-20,135.1199951171875,22.280000686645508,1666.2900390625,83.80999755859375,1.965000033378601
2013-05-21,132.8800048828125,21.6200008392334,1669.1600341796875,83.86000061035156,1.944000005722046
2013-05-22,131.94000244140625,21.51000022888184,1655.3499755859375,84.25,2.026000022888184
2013-05-23,134.61000061035156,21.8799991607666,1650.510009765625,83.80000305175781,2.0230000019073486
2013-05-24,133.75999450683594,21.61000061035156,1649.5999755859375,83.69999694824219,2.010999917984009
2013-05-28,133.49000549316406,21.530000686645508,1660.06005859375,84.13999938964844,2.134999990463257
2013-05-29,134.8300018310547,21.709999084472656,1648.3599853515625,83.63999938964844,2.124000072479248
2013-05-30,136.6999969482422,21.979999542236328,1654.4100341796875,83.01000213623047,2.124000072479248
2013-05-31,133.9199981689453,21.440000534057617,1630.739990234375,83.37999725341797,2.1640000343322754
2013-06-03,136.50999450683594,21.979999542236328,1640.4200439453125,82.68000030517578,2.134000062942505
2013-06-04,135.22999572753906,21.770000457763672,1631.3800048828125,82.7699966430664,2.13700008392334
2013-06-05,135.52000427246094,21.780000686645508,1608.9000244140625,82.56999969482422,2.0999999046325684
2013-06-06,136.52999877929688,21.93000030517578,1622.56005859375,81.5199966430664,2.075000047683716
2013-06-07,133.27999877929688,20.86000061035156,1643.3800048828125,81.69000244140625,2.1610000133514404
2013-06-10,133.94000244140625,21.15999984741211,1642.81005859375,81.6500015258789,2.2149999141693115
2013-06-11,133.25,20.90999984741211,1626.1300048828125,81.05999755859375,2.194999933242798
2013-06-12,134.25,21.020000457763672,1612.52001953125,80.95999908447266,2.2300000190734863
2013-06-13,133.74000549316406,21.040000915527344,1636.3599853515625,80.62000274658203,2.174000024795532
2013-06-14,134.42999267578125,21.32999992370605,1626.72998046875,80.66999816894531,2.125999927520752
2013-06-17,133.77000427246094,21.100000381469727,1639.0400390625,80.56999969482422,2.1710000038146973
2013-06-18,132.1300048828125,20.8799991607666,1651.81005859375,80.62000274658203,2.181999921798706
2013-06-19,130.58999633789062,20.600000381469727,1628.9300537109375,81.43000030517578,2.311000108718872
2013-06-20,123.5999984741211,18.96999931335449,1588.18994140625,81.83999633789062,2.4189999103546143
2013-06-21,125.0500030517578,19.38999938964844,1592.4300537109375,82.31999969482422,2.513999938964844
2013-06-24,123.93000030517578,18.96999931335449,1573.0899658203125,82.43000030517578,2.5480000972747803
2013-06-25,123.47000122070312,18.90999984741211,1588.030029296875,82.58000183105469,2.58899998664856
2013-06-26,118.27999877929688,17.889999389648438,1603.260009765625,82.94999694824219,2.5390000343322754
2013-06-27,115.94000244140624,17.889999389648438,1613.199951171875,82.91000366210938,2.4830000400543213
2013-06-28,119.11000061035156,18.96999931335449,1606.280029296875,83.16999816894531,2.4779999256134038
2013-07-01,121.12999725341795,18.93000030517578,1614.9599609375,82.9800033569336,2.490000009536743
2013-07-02,120.0500030517578,18.68000030517578,1614.0799560546875,83.54000091552734,2.469000101089477
2013-07-03,120.73999786376952,19.020000457763672,1615.4100341796875,83.2300033569336,2.500999927520752
2013-07-05,118.08999633789062,18.209999084472656,1631.8900146484375,84.41999816894531,2.7149999141693115
2013-07-08,119.51000213623048,18.420000076293945,1640.4599609375,84.19999694824219,2.6449999809265137
2013-07-09,120.62000274658205,18.56999969482422,1652.3199462890625,84.58000183105469,2.630000114440918
2013-07-10,120.9499969482422,18.479999542236328,1652.6199951171875,84.04000091552734,2.680000066757202
2013-07-11,124.23999786376952,19.489999771118164,1675.02001953125,82.75,2.5739998817443848
2013-07-12,124.12999725341795,19.209999084472656,1680.18994140625,82.98999786376953,2.6010000705718994
2013-07-15,124.18000030517578,19.280000686645508,1682.5,83.04000091552734,2.555999994277954
2013-07-16,124.88999938964844,19.32999992370605,1676.260009765625,82.43000030517578,2.532000064849853
2013-07-17,123.31999969482422,18.65999984741211,1680.9100341796875,82.70999908447266,2.490999937057495
2013-07-18,124.01000213623048,18.71999931335449,1689.3699951171875,82.81999969482422,2.5339999198913574
2013-07-19,125.11000061035156,18.8799991607666,1692.0899658203125,82.58000183105469,2.490999937057495
2013-07-22,128.83999633789062,19.770000457763672,1695.530029296875,82.22000122070312,2.48799991607666
2013-07-23,129.7100067138672,19.770000457763672,1692.3900146484375,82.01000213623047,2.5160000324249268
2013-07-24,127.4800033569336,19.46999931335449,1685.93994140625,82.30000305175781,2.588000059127808
2013-07-25,128.6699981689453,19.5,1690.25,81.97000122070312,2.6070001125335693
2013-07-26,128.77999877929688,19.31999969482422,1691.6500244140625,81.62000274658203,2.561000108718872
2013-07-29,128.47000122070312,19.13999938964844,1685.3299560546875,81.66000366210938,2.5850000381469727
2013-07-30,128.1199951171875,19.030000686645508,1685.9599609375,81.83000183105469,2.6029999256134038
2013-07-31,127.95999908447266,19.13999938964844,1685.72998046875,81.44999694824219,2.5929999351501465
2013-08-01,126.61000061035156,18.96999931335449,1706.8699951171875,82.33999633789062,2.7230000495910645
2013-08-02,126.36000061035156,19.1200008392334,1709.6700439453125,81.91000366210938,2.601999998092652
2013-08-05,125.6999969482422,19.01000022888184,1707.1400146484375,81.87999725341797,2.640000104904175
2013-08-06,123.97000122070312,18.82999992370605,1697.3699951171875,81.5999984741211,2.6419999599456787
2013-08-07,124.1500015258789,18.82999992370605,1690.9100341796875,81.29000091552734,2.5999999046325684
2013-08-08,126.86000061035156,19.600000381469727,1697.47998046875,81.01000213623047,2.586999893188477
2013-08-09,126.86000061035156,19.76000022888184,1691.4200439453125,81.12999725341797,2.5799999237060547
2013-08-12,129.1300048828125,20.6200008392334,1689.469970703125,81.33000183105469,2.6050000190734863
2013-08-13,127.73999786376952,20.709999084472656,1694.1600341796875,81.7300033569336,2.7149999141693115
2013-08-14,129.0,21.09000015258789,1685.3900146484375,81.69999694824219,2.711999893188477
2013-08-15,131.69000244140625,22.149999618530277,1661.3199462890625,81.12999725341797,2.755000114440918
2013-08-16,132.5800018310547,22.34000015258789,1655.8299560546875,81.26000213623047,2.8289999961853027
2013-08-19,132.00999450683594,22.34000015258789,1646.06005859375,81.2300033569336,2.884000062942505
2013-08-20,132.4499969482422,22.190000534057617,1652.3499755859375,80.91000366210938,2.813999891281128
2013-08-21,132.07000732421875,22.13999938964844,1642.800048828125,81.31999969482422,2.8550000190734863
2013-08-22,132.80999755859375,22.270000457763672,1656.9599609375,81.48999786376953,2.901000022888184
2013-08-23,134.89999389648438,23.149999618530277,1663.5,81.33999633789062,2.818000078201294
2013-08-26,135.4499969482422,23.459999084472656,1656.780029296875,81.37000274658203,2.805000066757202
2013-08-27,136.75,23.59000015258789,1630.47998046875,81.16999816894531,2.720999956130981
2013-08-28,136.7100067138672,23.43000030517578,1634.9599609375,81.41999816894531,2.782000064849853
2013-08-29,135.8699951171875,23.0,1638.1700439453125,81.94999694824219,2.750999927520752
2013-08-30,134.6199951171875,22.600000381469727,1632.969970703125,82.08999633789062,2.749000072479248
2013-09-03,136.4199981689453,23.38999938964844,1639.77001953125,82.36000061035156,2.8480000495910645
2013-09-04,134.66000366210938,22.690000534057617,1653.0799560546875,82.16999816894531,2.8970000743865967
2013-09-05,132.1999969482422,22.3799991607666,1655.0799560546875,82.62999725341797,2.9790000915527344
2013-09-06,134.14999389648438,22.96999931335449,1655.1700439453125,82.1500015258789,2.937999963760376
2013-09-09,133.91000366210938,22.84000015258789,1671.7099609375,81.79000091552734,2.8970000743865967
2013-09-10,131.74000549316406,22.1299991607666,1683.989990234375,81.81999969482422,2.9590001106262207
2013-09-11,131.6999969482422,22.290000915527344,1689.1300048828125,81.5199966430664,2.9200000762939453
2013-09-12,127.66999816894533,21.059999465942383,1683.4200439453125,81.48999786376953,2.907000064849853
2013-09-13,127.81999969482422,21.420000076293945,1687.989990234375,81.44999694824219,2.8980000019073486
2013-09-16,126.4499969482422,20.940000534057617,1697.5999755859375,81.25,2.874000072479248
2013-09-17,126.5,20.959999084472656,1704.760009765625,81.16999816894531,2.8529999256134038
2013-09-18,132.00999450683594,22.309999465942383,1725.52001953125,80.23999786376953,2.7079999446868896
2013-09-19,131.75,22.200000762939453,1722.3399658203125,80.36000061035156,2.747999906539917
2013-09-20,127.95999908447266,21.0,1709.9100341796875,80.44000244140625,2.7320001125335693
2013-09-23,127.5500030517578,20.780000686645508,1701.8399658203125,80.44999694824219,2.71399998664856
2013-09-24,127.66000366210938,20.88999938964844,1697.4200439453125,80.55999755859375,2.6530001163482666
2013-09-25,128.7899932861328,20.979999542236328,1692.77001953125,80.33000183105469,2.614000082015991
2013-09-26,127.79000091552734,20.920000076293945,1698.6700439453125,80.5199966430664,2.6429998874664307
2013-09-27,128.97000122070312,20.959999084472656,1691.75,80.2699966430664,2.61899995803833
2013-09-30,128.17999267578125,20.899999618530277,1681.550048828125,80.22000122070312,2.615000009536743
2013-10-01,124.58999633789062,20.40999984741211,1695.0,80.0999984741211,2.6459999084472656
2013-10-02,127.05999755859376,20.920000076293945,1693.8699951171875,79.87999725341797,2.625999927520752
2013-10-03,127.18000030517578,20.920000076293945,1678.6600341796875,79.7699966430664,2.6059999465942383
2013-10-04,126.52999877929688,20.93000030517578,1690.5,80.12000274658203,2.6519999504089355
2013-10-07,127.63999938964844,21.530000686645508,1676.1199951171875,79.94000244140625,2.634000062942505
2013-10-08,127.4000015258789,21.489999771118164,1655.449951171875,80.05999755859375,2.635999917984009
2013-10-09,126.11000061035156,21.049999237060547,1656.4000244140625,80.37000274658203,2.650000095367432
2013-10-10,124.2699966430664,20.82999992370605,1692.56005859375,80.41999816894531,2.684999942779541
2013-10-11,122.5999984741211,20.520000457763672,1703.199951171875,80.36000061035156,2.681999921798706
2013-10-14,122.83000183105467,20.5,1710.1400146484375,80.26000213623047,2.690999984741211
2013-10-15,123.7300033569336,20.559999465942383,1698.06005859375,80.4800033569336,2.720000028610229
2013-10-16,123.54000091552734,20.5,1721.5400390625,80.5,2.6710000038146973
2013-10-17,127.41999816894533,21.049999237060547,1733.1500244140625,79.6500015258789,2.586999893188477
2013-10-18,126.8499984741211,21.11000061035156,1744.5,79.63999938964844,2.58899998664856
2013-10-21,126.9800033569336,21.40999984741211,1744.6600341796875,79.68000030517578,2.608999967575073
2013-10-22,129.33999633789062,21.8700008392334,1754.6700439453125,79.23999786376953,2.51200008392334
2013-10-23,128.69000244140625,21.75,1746.3800048828125,79.26000213623047,2.484999895095825
2013-10-24,129.89999389648438,21.8700008392334,1752.0699462890625,79.19000244140625,2.5220000743865967
2013-10-25,130.4600067138672,21.709999084472656,1759.77001953125,79.18000030517578,2.503000020980835
2013-10-28,130.55999755859375,21.68000030517578,1762.1099853515625,79.25,2.51200008392334
2013-10-29,129.77000427246094,21.690000534057617,1771.949951171875,79.62999725341797,2.506999969482422
2013-10-30,129.60000610351562,21.8799991607666,1763.31005859375,79.75,2.5269999504089355
2013-10-31,127.73999786376952,21.100000381469727,1756.5400390625,80.19999694824219,2.5420000553131104
2013-11-01,126.9499969482422,21.07999992370605,1761.6400146484375,80.7300033569336,2.619999885559082
2013-11-04,126.80999755859376,20.850000381469727,1767.9300537109375,80.55000305175781,2.601999998092652
2013-11-05,126.55999755859376,20.899999618530277,1762.969970703125,80.70999908447266,2.6619999408721924
2013-11-06,127.1999969482422,21.0,1770.489990234375,80.4800033569336,2.640000104904175
2013-11-07,126.16000366210938,20.82999992370605,1747.1500244140625,80.81999969482422,2.61299991607666
2013-11-08,124.27999877929688,20.690000534057617,1770.6099853515625,81.20999908447266,2.746000051498413
2013-11-11,123.87000274658205,20.600000381469727,1771.8900146484375,81.08999633789062,2.750999927520752
2013-11-12,122.4499969482422,20.0,1767.68994140625,81.19000244140625,2.7679998874664307
2013-11-13,122.8499984741211,19.780000686645508,1782.0,80.93000030517578,2.7249999046325684
2013-11-14,124.2699966430664,20.049999237060547,1790.6199951171875,80.9800033569336,2.70199990272522
2013-11-15,124.31999969482422,20.0,1798.1800537109375,80.83999633789062,2.7090001106262207
2013-11-18,122.9000015258789,19.670000076293945,1791.530029296875,80.83000183105469,2.677999973297119
2013-11-19,122.9499969482422,19.61000061035156,1787.8699951171875,80.69999694824219,2.711999893188477
2013-11-20,120.12000274658205,19.13999938964844,1781.3699951171875,81.11000061035156,2.7920000553131104
2013-11-21,119.94000244140624,19.239999771118164,1795.8499755859375,81.05000305175781,2.7839999198913574
2013-11-22,119.91999816894533,19.1299991607666,1804.760009765625,80.70999908447266,2.752000093460083
2013-11-25,120.45999908447266,19.270000457763672,1802.47998046875,80.91999816894531,2.740999937057495
2013-11-26,119.81999969482422,19.1299991607666,1802.75,80.61000061035156,2.696000099182129
2013-11-27,119.45999908447266,18.959999084472656,1807.22998046875,80.73999786376953,2.736000061035156
2013-11-29,120.6999969482422,19.239999771118164,1805.81005859375,80.68000030517578,2.740999937057495
2013-12-02,117.58000183105467,18.459999084472656,1800.9000244140625,80.91000366210938,2.8010001182556152
2013-12-03,117.95999908447266,18.420000076293945,1795.1500244140625,80.62000274658203,2.775000095367432
2013-12-04,119.95999908447266,19.0,1792.81005859375,80.62999725341797,2.8410000801086426
2013-12-05,118.3000030517578,18.690000534057617,1785.030029296875,80.2699966430664,2.861999988555908
2013-12-06,118.5500030517578,18.76000022888184,1805.0899658203125,80.2699966430664,2.882999897003174
2013-12-09,119.72000122070312,19.1200008392334,1808.3699951171875,80.12999725341797,2.8570001125335693
2013-12-10,121.81999969482422,19.65999984741211,1802.6199951171875,79.97000122070312,2.796999931335449
2013-12-11,120.86000061035156,19.549999237060547,1782.219970703125,79.88999938964844,2.844000101089477
2013-12-12,118.29000091552734,18.809999465942383,1775.5,80.19999694824219,2.877000093460083
2013-12-13,119.37999725341795,18.950000762939453,1775.3199462890625,80.20999908447266,2.868000030517578
2013-12-16,119.69000244140624,19.21999931335449,1786.5400390625,80.06999969482422,2.877000093460083
2013-12-17,118.6500015258789,19.13999938964844,1781.0,80.05999755859375,2.8429999351501465
2013-12-18,117.61000061035156,19.09000015258789,1810.6500244140625,80.11000061035156,2.884999990463257
2013-12-19,114.81999969482422,18.489999771118164,1809.5999755859373,80.62999725341797,2.924999952316284
2013-12-20,115.94000244140624,18.6200008392334,1818.3199462890625,80.58000183105469,2.88700008392334
2013-12-23,115.56999969482422,18.71999931335449,1827.989990234375,80.44999694824219,2.928999900817871
2013-12-24,116.0999984741211,18.76000022888184,1833.3199462890625,80.52999877929688,2.9830000400543213
2013-12-26,116.73999786376952,19.020000457763672,1842.02001953125,80.4800033569336,2.990000009536743
2013-12-27,117.12000274658205,19.270000457763672,1841.4000244140625,80.38999938964844,3.00600004196167
2013-12-30,115.38999938964844,18.850000381469727,1841.0699462890625,80.0,2.9760000705718994
2013-12-31,116.12000274658205,18.709999084472656,1848.3599853515625,80.04000091552734,3.026000022888184
2014-01-02,118.0,19.229999542236328,1831.97998046875,80.62999725341797,2.984999895095825
2014-01-03,119.29000091552734,19.420000076293945,1831.3699951171875,80.79000091552734,2.994999885559082
2014-01-06,119.5,19.420000076293945,1826.77001953125,80.6500015258789,2.9609999656677246
2014-01-07,118.81999969482422,19.1299991607666,1837.8800048828125,80.83000183105469,2.937000036239624
2014-01-08,118.12000274658205,18.82999992370605,1837.489990234375,81.04000091552734,2.993000030517578
2014-01-09,118.45999908447266,18.84000015258789,1838.1300048828125,81.01000213623047,2.963000059127808
2014-01-10,120.26000213623048,19.3799991607666,1842.3699951171875,80.66000366210938,2.859999895095825
2014-01-13,121.0199966430664,19.68000030517578,1819.199951171875,80.51000213623047,2.82699990272522
2014-01-14,119.88999938964844,19.420000076293945,1838.8800048828125,80.61000061035156,2.86899995803833
2014-01-15,119.66000366210938,19.399999618530277,1848.3800048828125,81.0,2.884000062942505
2014-01-16,119.79000091552734,19.350000381469727,1845.8900146484373,80.9000015258789,2.8429999351501465
2014-01-17,120.93000030517578,19.51000022888184,1838.699951171875,81.26000213623047,2.82699990272522
2014-01-21,119.6999969482422,19.170000076293945,1843.800048828125,81.0999984741211,2.825000047683716
2014-01-22,119.19000244140624,19.030000686645508,1844.8599853515625,81.16999816894531,2.859999895095825
2014-01-23,121.79000091552734,19.26000022888184,1828.4599609375,80.44000244140625,2.7730000019073486
2014-01-24,122.29000091552734,19.15999984741211,1790.2900390625,80.45999908447266,2.734999895095825
2014-01-27,120.95999908447266,18.88999938964844,1781.56005859375,80.5,2.7660000324249268
2014-01-28,120.9499969482422,18.850000381469727,1792.5,80.56999969482422,2.746000051498413
2014-01-29,122.47000122070312,19.020000457763672,1774.199951171875,80.51000213623047,2.674999952316284
2014-01-30,119.7699966430664,18.489999771118164,1794.18994140625,81.08999633789062,2.693000078201294
2014-01-31,120.08999633789062,18.450000762939453,1782.5899658203125,81.2699966430664,2.6679999828338623
2014-02-03,121.31999969482422,18.61000061035156,1741.8900146484375,81.01000213623047,2.5810000896453857
2014-02-04,120.98999786376952,18.75,1755.199951171875,81.12000274658203,2.624000072479248
2014-02-05,121.29000091552734,19.06999969482422,1751.6400146484375,81.02999877929688,2.6670000553131104
2014-02-06,121.23999786376952,19.170000076293945,1773.4300537109375,80.88999938964844,2.70199990272522
2014-02-07,122.16999816894533,19.270000457763672,1797.02001953125,80.69000244140625,2.674999952316284
2014-02-10,122.91999816894533,19.290000915527344,1799.8399658203125,80.66999816894531,2.677999973297119
2014-02-11,124.36000061035156,19.450000762939453,1819.75,80.62999725341797,2.719000101089477
2014-02-12,124.43000030517578,19.43000030517578,1819.260009765625,80.68000030517578,2.763000011444092
2014-02-13,125.48999786376952,19.739999771118164,1829.8299560546875,80.29000091552734,2.736000061035156
2014-02-14,127.1500015258789,20.649999618530277,1838.6300048828125,80.12999725341797,2.746000051498413
2014-02-18,127.4000015258789,21.1299991607666,1840.760009765625,80.01000213623047,2.7109999656677246
2014-02-19,126.2699966430664,20.6299991607666,1828.75,80.16999816894531,2.733999967575073
2014-02-20,127.5999984741211,21.0,1839.780029296875,80.29000091552734,2.753999948501587
2014-02-21,127.58000183105467,20.96999931335449,1836.25,80.23999786376953,2.733999967575073
2014-02-24,128.99000549316406,21.18000030517578,1847.6099853515625,80.20999908447266,2.75
2014-02-25,129.2100067138672,21.020000457763672,1845.1199951171875,80.1500015258789,2.700999975204468
2014-02-26,128.11000061035156,20.420000076293945,1845.1600341796875,80.41000366210938,2.6730000972747803
2014-02-27,128.1999969482422,20.459999084472656,1854.2900390625,80.29000091552734,2.6419999599456787
2014-02-28,127.62000274658205,20.350000381469727,1859.449951171875,79.77999877929688,2.657999992370605
2014-03-03,130.2899932861328,20.6200008392334,1845.72998046875,80.06999969482422,2.6070001125335693
2014-03-04,128.67999267578125,20.3700008392334,1873.9100341796875,80.16000366210938,2.690999984741211
2014-03-05,128.88999938964844,20.36000061035156,1873.81005859375,80.11000061035156,2.697999954223633
2014-03-06,130.1699981689453,20.65999984741211,1877.030029296875,79.68000030517578,2.736999988555908
2014-03-07,129.08999633789062,20.07999992370605,1878.0400390625,79.72000122070312,2.789999961853028
2014-03-10,129.1300048828125,20.01000022888184,1877.1700439453125,79.75,2.7839999198913574
2014-03-11,129.86000061035156,20.040000915527344,1867.6300048828125,79.7699966430664,2.7660000324249268
2014-03-12,131.75999450683594,20.46999931335449,1868.199951171875,79.61000061035156,2.7260000705718994
2014-03-13,132.2100067138672,20.36000061035156,1846.3399658203125,79.62000274658203,2.6530001163482666
2014-03-14,133.10000610351562,20.6200008392334,1841.1300048828125,79.44000244140625,2.6449999809265137
2014-03-17,131.63999938964844,20.32999992370605,1858.8299560546875,79.38999938964844,2.6989998817443848
2014-03-18,130.6199951171875,20.01000022888184,1872.25,79.41000366210938,2.680999994277954
2014-03-19,128.08999633789062,19.790000915527344,1860.77001953125,79.98999786376953,2.7720000743865967
2014-03-20,127.86000061035156,19.520000457763672,1872.010009765625,80.20999908447266,2.775000095367432
2014-03-21,128.47000122070312,19.520000457763672,1866.52001953125,80.11000061035156,2.75
2014-03-24,126.18000030517578,19.209999084472656,1857.43994140625,79.93000030517578,2.7330000400543213
2014-03-25,126.41000366210938,19.21999931335449,1865.6199951171875,79.94000244140625,2.734999895095825
2014-03-26,125.41000366210938,19.020000457763672,1852.56005859375,79.9800033569336,2.700999975204468
2014-03-27,124.58999633789062,19.0,1849.0400390625,80.11000061035156,2.671999931335449
2014-03-28,124.55999755859376,19.059999465942383,1857.6199951171875,80.18000030517578,2.711999893188477
2014-03-31,123.61000061035156,19.040000915527344,1872.3399658203125,80.0999984741211,2.7230000495910645
2014-04-01,123.38999938964844,19.059999465942383,1885.52001953125,80.08000183105469,2.759000062942505
2014-04-02,124.31999969482422,19.190000534057617,1890.9000244140625,80.22000122070312,2.802999973297119
2014-04-03,123.91999816894533,19.059999465942383,1888.77001953125,80.47000122070312,2.789999961853028
2014-04-04,125.56999969482422,19.15999984741211,1865.0899658203125,80.41999816894531,2.7260000705718994
2014-04-07,124.91000366210938,19.1299991607666,1845.0400390625,80.22000122070312,2.694999933242798
2014-04-08,126.08999633789062,19.229999542236328,1851.9599609375,79.75,2.680999994277954
2014-04-09,126.31999969482422,19.11000061035156,1872.1800537109373,79.4800033569336,2.684000015258789
2014-04-10,127.01000213623048,19.270000457763672,1833.0799560546875,79.37999725341797,2.628000020980835
2014-04-11,126.93000030517578,19.190000534057617,1815.68994140625,79.44999694824219,2.61899995803833
2014-04-14,127.8499984741211,19.209999084472656,1830.6099853515625,79.7300033569336,2.638999938964844
2014-04-15,125.48999786376952,18.8799991607666,1842.97998046875,79.80000305175781,2.628000020980835
2014-04-16,125.54000091552734,18.8799991607666,1862.31005859375,79.81999969482422,2.63700008392334
2014-04-17,124.75,18.8799991607666,1864.8499755859373,79.83000183105469,2.720999956130981
2014-04-21,124.23999786376952,18.670000076293945,1871.8900146484373,79.94999694824219,2.720999956130981
2014-04-22,123.77999877929688,18.709999084472656,1879.550048828125,79.91000366210938,2.7260000705718994
2014-04-23,123.76000213623048,18.690000534057617,1875.3900146484373,79.86000061035156,2.686000108718872
2014-04-24,124.55999755859376,18.920000076293945,1878.6099853515625,79.80000305175781,2.687999963760376
2014-04-25,125.43000030517578,18.940000534057617,1863.4000244140625,79.7699966430664,2.6659998893737797
2014-04-28,124.87999725341795,18.850000381469727,1869.4300537109373,79.68000030517578,2.677000045776367
2014-04-29,124.86000061035156,18.76000022888184,1878.3299560546875,79.80999755859375,2.694999933242798
2014-04-30,124.22000122070312,18.459999084472656,1883.949951171875,79.48999786376953,2.6480000019073486
2014-05-01,123.8000030517578,18.350000381469727,1883.6800537109373,79.52999877929688,2.6059999465942383
2014-05-02,125.05999755859376,18.690000534057617,1881.1400146484373,79.5199966430664,2.5910000801086426
2014-05-05,126.22000122070312,18.84000015258789,1884.6600341796875,79.48999786376953,2.611000061035156
2014-05-06,125.9800033569336,18.799999237060547,1867.719970703125,79.13999938964844,2.595000028610229
2014-05-07,124.16999816894533,18.56999969482422,1878.2099609375,79.22000122070312,2.5899999141693115
2014-05-08,124.16999816894533,18.440000534057617,1875.6300048828125,79.43000030517578,2.601999998092652
2014-05-09,124.0999984741211,18.420000076293945,1878.47998046875,79.9000015258789,2.622999906539917
2014-05-12,124.94000244140624,18.780000686645508,1896.6500244140625,79.9000015258789,2.6559998989105225
2014-05-13,124.5999984741211,18.770000457763672,1897.449951171875,80.13999938964844,2.618000030517578
2014-05-14,125.80999755859376,19.0,1888.530029296875,80.06999969482422,2.5429999828338623
2014-05-15,124.7699966430664,18.739999771118164,1870.8499755859373,80.0,2.502000093460083
2014-05-16,124.5,18.61000061035156,1877.8599853515625,80.04000091552734,2.5179998874664307
2014-05-19,124.58000183105467,18.6299991607666,1885.0799560546875,79.98999786376953,2.5360000133514404
2014-05-20,124.69000244140624,18.649999618530277,1872.8299560546875,80.04000091552734,2.509000062942505
2014-05-21,124.38999938964844,18.63999938964844,1888.030029296875,80.0999984741211,2.5369999408721924
2014-05-22,124.66999816894533,18.729999542236328,1892.489990234375,80.25,2.555000066757202
2014-05-23,124.51000213623048,18.65999984741211,1900.530029296875,80.38999938964844,2.5360000133514404
2014-05-27,121.8499984741211,18.36000061035156,1911.9100341796875,80.3499984741211,2.5179998874664307
2014-05-28,121.1999969482422,18.280000686645508,1909.780029296875,80.56999969482422,2.437999963760376
2014-05-29,120.94000244140624,18.299999237060547,1920.030029296875,80.48999786376953,2.447000026702881
2014-05-30,120.43000030517578,18.07999992370605,1923.5699462890625,80.37000274658203,2.4570000171661377
2014-06-02,119.6999969482422,18.020000457763672,1924.969970703125,80.63999938964844,2.5339999198913574
2014-06-03,120.01000213623048,18.100000381469727,1924.239990234375,80.55000305175781,2.5929999351501465
2014-06-04,119.76000213623048,18.059999465942383,1927.8800048828125,80.66999816894531,2.6059999465942383
2014-06-05,120.66000366210938,18.26000022888184,1940.4599609375,80.37000274658203,2.5840001106262207
2014-06-06,120.61000061035156,18.280000686645508,1949.43994140625,80.41000366210938,2.5969998836517334
2014-06-09,120.6500015258789,18.31999969482422,1951.27001953125,80.6500015258789,2.61299991607666
2014-06-10,121.38999938964844,18.459999084472656,1950.7900390625,80.81999969482422,2.634999990463257
2014-06-11,121.41000366210938,18.459999084472656,1943.8900146484373,80.79000091552734,2.640000104904175
2014-06-12,122.63999938964844,18.76000022888184,1930.1099853515625,80.58000183105469,2.5859999656677246
2014-06-13,122.95999908447266,18.920000076293945,1936.1600341796875,80.58000183105469,2.6040000915527344
2014-06-16,122.41999816894533,18.850000381469727,1937.780029296875,80.47000122070312,2.5969998836517334
2014-06-17,122.27999877929688,18.940000534057617,1941.989990234375,80.62999725341797,2.6549999713897705
2014-06-18,122.66999816894533,19.049999237060547,1956.97998046875,80.58000183105469,2.61299991607666
2014-06-19,126.94000244140624,19.920000076293945,1959.47998046875,80.31999969482422,2.621999979019165
2014-06-20,126.5,20.030000686645508,1962.8699951171875,80.37000274658203,2.624000072479248
2014-06-23,126.8499984741211,20.049999237060547,1962.6099853515625,80.26000213623047,2.622999906539917
2014-06-24,126.9800033569336,20.07999992370605,1949.97998046875,80.33000183105469,2.5859999656677246
2014-06-25,126.98999786376952,20.190000534057617,1959.530029296875,80.22000122070312,2.559000015258789
2014-06-26,126.7300033569336,20.239999771118164,1957.219970703125,80.2300033569336,2.525000095367432
2014-06-27,126.66000366210938,20.170000076293945,1960.9599609375,80.04000091552734,2.532000064849853
2014-06-30,128.0399932861328,20.25,1960.22998046875,79.77999877929688,2.5160000324249268
2014-07-01,127.6999969482422,20.209999084472656,1973.3199462890625,79.81999969482422,2.562999963760376
2014-07-02,127.6999969482422,20.299999237060547,1974.6199951171875,79.95999908447266,2.628000020980835
2014-07-03,127.16000366210938,20.290000915527344,1985.43994140625,80.20999908447266,2.6480000019073486
2014-07-07,127.0199966430664,20.170000076293945,1977.6500244140625,80.22000122070312,2.617000102996826
2014-07-08,127.06999969482422,20.209999084472656,1963.7099609375,80.18000030517578,2.565000057220459
2014-07-09,127.83999633789062,20.270000457763672,1972.8299560546875,79.98999786376953,2.546999931335449
2014-07-10,128.5399932861328,20.520000457763672,1964.6800537109373,80.12999725341797,2.532000064849853
2014-07-11,128.77999877929688,20.56999969482422,1967.5699462890625,80.19000244140625,2.5199999809265137
2014-07-14,125.72000122070312,20.100000381469727,1977.0999755859373,80.19000244140625,2.549000024795532
2014-07-15,124.52999877929688,19.8799991607666,1973.280029296875,80.38999938964844,2.549000024795532
2014-07-16,124.97000122070312,19.90999984741211,1981.5699462890625,80.55999755859375,2.5380001068115234
2014-07-17,127.08999633789062,20.290000915527344,1958.1199951171875,80.5199966430664,2.4749999046325684
2014-07-18,126.12999725341795,20.020000457763672,1978.219970703125,80.5199966430664,2.483999967575073
2014-07-21,126.33999633789062,20.100000381469727,1973.6300048828125,80.55999755859375,2.4739999771118164
2014-07-22,125.73999786376952,20.100000381469727,1983.530029296875,80.77999877929688,2.4660000801086426
2014-07-23,125.62000274658205,20.07999992370605,1987.010009765625,80.80999755859375,2.46399998664856
2014-07-24,124.3499984741211,19.57999992370605,1987.97998046875,80.87000274658203,2.509000062942505
2014-07-25,125.79000091552734,19.8700008392334,1978.3399658203125,81.02999877929688,2.469000101089477
2014-07-28,125.58000183105467,19.809999465942383,1978.9100341796875,81.02999877929688,2.490999937057495
2014-07-29,125.1999969482422,19.780000686645508,1969.949951171875,81.20999908447266,2.461999893188477
2014-07-30,124.83000183105467,19.780000686645508,1970.0699462890625,81.41999816894531,2.553999900817871
2014-07-31,123.38999938964844,19.57999992370605,1930.6700439453125,81.45999908447266,2.555999994277954
2014-08-01,124.37999725341795,19.520000457763672,1925.1500244140625,81.30000305175781,2.505000114440918
2014-08-04,123.98999786376952,19.399999618530277,1938.989990234375,81.33000183105469,2.490999937057495
2014-08-05,123.87000274658205,19.049999237060547,1920.2099609375,81.5199966430664,2.4830000400543213
2014-08-06,125.66999816894533,19.229999542236328,1920.239990234375,81.44000244140625,2.4739999771118164
2014-08-07,126.18000030517578,19.170000076293945,1909.5699462890625,81.5199966430664,2.424000024795532
2014-08-08,126.19000244140624,19.190000534057617,1931.5899658203125,81.38999938964844,2.414999961853028
2014-08-11,125.95999908447266,19.229999542236328,1936.9200439453125,81.47000122070312,2.4200000762939453
2014-08-12,125.98999786376952,19.170000076293945,1933.75,81.5,2.441999912261963
2014-08-13,126.1999969482422,19.040000915527344,1946.719970703125,81.5999984741211,2.4130001068115234
2014-08-14,126.30999755859376,19.100000381469727,1955.1800537109373,81.58999633789062,2.400000095367432
2014-08-15,125.4800033569336,18.86000061035156,1955.06005859375,81.41999816894531,2.345000028610229
2014-08-18,124.95999908447266,18.8700008392334,1971.739990234375,81.58000183105469,2.38700008392334
2014-08-19,124.68000030517578,18.700000762939453,1981.5999755859373,81.87999725341797,2.4049999713897705
2014-08-20,124.22000122070312,18.71999931335449,1986.510009765625,82.25,2.4260001182556152
2014-08-21,122.87999725341795,18.690000534057617,1992.3699951171875,82.1500015258789,2.407000064849853
2014-08-22,123.19000244140624,18.690000534057617,1988.4000244140625,82.33999633789062,2.4030001163482666
2014-08-25,122.73999786376952,18.600000381469727,1997.9200439453125,82.55000305175781,2.38700008392334
2014-08-26,123.3499984741211,18.6299991607666,2000.02001953125,82.6500015258789,2.3910000324249268
2014-08-27,123.31999969482422,18.65999984741211,2000.1199951171875,82.43000030517578,2.361000061035156
2014-08-28,124.0,18.739999771118164,1996.739990234375,82.4800033569336,2.3340001106262207
2014-08-29,123.86000061035156,18.709999084472656,2003.3699951171875,82.75,2.3429999351501465
2014-09-02,121.6500015258789,18.40999984741211,2002.280029296875,82.98999786376953,2.4189999103546143
2014-09-03,122.1500015258789,18.43000030517578,2000.719970703125,82.87000274658203,2.4100000858306885
2014-09-04,121.4800033569336,18.31999969482422,1997.6500244140625,83.81999969482422,2.447999954223633
2014-09-05,122.05999755859376,18.420000076293945,2007.7099609375,83.76000213623047,2.4609999656677246
2014-09-08,120.7300033569336,18.26000022888184,2001.5400390625,84.2300033569336,2.469000101089477
2014-09-09,120.87000274658205,18.309999465942383,1988.43994140625,84.27999877929688,2.5
2014-09-10,120.26000213623048,18.239999771118164,1995.68994140625,84.25,2.5339999198913574
2014-09-11,119.47000122070312,17.959999084472656,1997.449951171875,84.30000305175781,2.5309998989105225
2014-09-12,118.37999725341795,17.889999389648438,1985.5400390625,84.23999786376953,2.614000082015991
2014-09-15,118.63999938964844,17.920000076293945,1984.1300048828125,84.26000213623047,2.5910000801086426
2014-09-16,118.83000183105467,17.950000762939453,1998.97998046875,84.06999969482422,2.58899998664856
2014-09-17,117.54000091552734,17.770000457763672,2001.5699462890625,84.69999694824219,2.5999999046325684
2014-09-18,117.77999877929688,17.770000457763672,2011.3599853515625,84.31999969482422,2.628999948501587
2014-09-19,117.08999633789062,17.190000534057617,2010.4000244140625,84.80000305175781,2.586999893188477
2014-09-22,116.8499984741211,17.079999923706055,1994.2900390625,84.66999816894531,2.565999984741211
2014-09-23,117.5999984741211,17.06999969482422,1982.77001953125,84.66000366210938,2.5350000858306885
2014-09-24,117.0500030517578,16.989999771118164,1998.300048828125,85.05000305175781,2.569000005722046
2014-09-25,117.38999938964844,16.829999923706055,1965.989990234375,85.19999694824219,2.510999917984009
2014-09-26,117.05999755859376,16.899999618530273,1982.8499755859373,85.63999938964844,2.5350000858306885
2014-09-29,117.02999877929688,16.780000686645508,1977.800048828125,85.58999633789062,2.490999937057495
2014-09-30,116.20999908447266,16.350000381469727,1972.2900390625,85.94000244140625,2.507999897003174
2014-10-01,116.7699966430664,16.479999542236328,1946.1600341796875,85.97000122070312,2.4030001163482666
2014-10-02,116.73999786376952,16.40999984741211,1946.1700439453125,85.5999984741211,2.437999963760376
2014-10-03,114.61000061035156,16.1200008392334,1967.9000244140625,86.69000244140625,2.447000026702881
2014-10-06,116.02999877929688,16.600000381469727,1964.8199462890625,85.70999908447266,2.424999952316284
2014-10-07,116.36000061035156,16.479999542236328,1935.0999755859373,85.66999816894531,2.3499999046325684
2014-10-08,117.47000122070312,16.68000030517578,1968.8900146484373,85.30000305175781,2.3299999237060547
2014-10-09,117.63999938964844,16.6200008392334,1928.2099609375,85.5199966430664,2.32699990272522
2014-10-10,117.58999633789062,16.639999389648438,1906.1300048828125,85.91000366210938,2.306999921798706
2014-10-13,118.5199966430664,16.729999542236328,1874.739990234375,85.43000030517578,2.2860000133514404
2014-10-14,118.58999633789062,16.68000030517578,1877.699951171875,85.81999969482422,2.2060000896453857
2014-10-15,118.98999786376952,16.709999084472656,1862.489990234375,85.1500015258789,2.0899999141693115
2014-10-16,119.22000122070312,16.670000076293945,1862.760009765625,85.0,2.1530001163482666
2014-10-17,118.98999786376952,16.579999923706055,1886.760009765625,85.19000244140625,2.1989998817443848
2014-10-20,119.8000030517578,16.729999542236328,1904.010009765625,84.94999694824219,2.180999994277954
2014-10-21,120.0199966430664,16.809999465942383,1941.280029296875,85.30999755859375,2.2079999446868896
2014-10-22,119.33999633789062,16.459999084472656,1927.1099853515625,85.73999786376953,2.2290000915527344
2014-10-23,118.5199966430664,16.5,1950.8199462890625,85.83999633789062,2.275000095367432
2014-10-24,118.3499984741211,16.5,1964.5799560546875,85.7300033569336,2.2730000019073486
2014-10-27,118.05999755859376,16.420000076293945,1961.6300048828125,85.5,2.256999969482422
2014-10-28,118.0999984741211,16.489999771118164,1985.050048828125,85.41000366210938,2.2839999198913574
2014-10-29,116.41000366210938,16.3799991607666,1982.300048828125,85.94999694824219,2.322999954223633
2014-10-30,115.19000244140624,15.81999969482422,1994.6500244140625,86.1500015258789,2.305000066757202
2014-10-31,112.66000366210938,15.5,2018.050048828125,86.87999725341797,2.3350000381469727
2014-11-03,112.1500015258789,15.479999542236328,2017.81005859375,87.30999755859375,2.3480000495910645
2014-11-04,112.22000122070312,15.359999656677246,2012.0999755859373,86.9800033569336,2.3420000076293945
2014-11-05,109.79000091552734,14.65999984741211,2023.5699462890625,87.44000244140625,2.3499999046325684
2014-11-06,109.87999725341795,14.81999969482422,2031.2099609375,88.01000213623047,2.375
2014-11-07,112.97000122070312,15.100000381469728,2031.9200439453125,87.63999938964844,2.312000036239624
2014-11-10,110.45999908447266,14.920000076293944,2038.260009765625,87.80999755859375,2.358999967575073
2014-11-11,112.04000091552734,15.109999656677246,2039.6800537109373,87.52999877929688,2.359999895095825
2014-11-12,111.5,15.029999732971191,2038.25,87.81999969482422,2.358999967575073
2014-11-13,111.66999816894533,14.970000267028809,2039.3299560546875,87.66999816894531,2.3469998836517334
2014-11-14,114.47000122070312,15.630000114440918,2039.8199462890625,87.52999877929688,2.319999933242798
2014-11-17,114.0500030517578,15.5,2041.3199462890625,87.93000030517578,2.3399999141693115
2014-11-18,115.0500030517578,15.550000190734863,2051.800048828125,87.58000183105469,2.322000026702881
2014-11-19,113.68000030517578,15.479999542236328,2048.719970703125,87.6500015258789,2.3510000705718994
2014-11-20,114.86000061035156,15.600000381469728,2052.75,87.58999633789062,2.3350000381469727
2014-11-21,115.38999938964844,15.789999961853027,2063.5,88.30999755859375,2.315000057220459
2014-11-24,115.11000061035156,15.779999732971191,2069.409912109375,88.1500015258789,2.309999942779541
2014-11-25,115.37999725341795,15.979999542236328,2067.030029296875,87.91999816894531,2.259999990463257
2014-11-26,115.16000366210938,15.869999885559082,2072.830078125,87.61000061035156,2.233999967575073
2014-11-28,112.11000061035156,14.829999923706056,2067.56005859375,88.36000061035156,2.194000005722046
2014-12-01,116.58000183105467,15.779999732971191,2053.43994140625,87.94999694824219,2.2179999351501465
2014-12-02,115.13999938964844,15.75,2066.550048828125,88.6500015258789,2.2850000858306885
2014-12-03,116.33000183105467,15.729999542236328,2074.330078125,88.95999908447266,2.2869999408721924
2014-12-04,115.87999725341795,15.770000457763672,2071.919921875,88.69999694824219,2.256999969482422
2014-12-05,114.43000030517578,15.609999656677246,2075.3701171875,89.33000183105469,2.306999921798706
2014-12-08,115.77999877929688,15.710000038146973,2060.31005859375,89.04000091552734,2.256999969482422
2014-12-09,118.19000244140624,16.31999969482422,2059.820068359375,88.69000244140625,2.220000028610229
2014-12-10,117.95999908447266,16.3700008392334,2026.1400146484373,88.2699966430664,2.1689999103546143
2014-12-11,117.69000244140624,16.329999923706055,2035.3299560546875,88.66000366210938,2.177999973297119
2014-12-12,117.41000366210938,16.299999237060547,2002.3299560546875,88.36000061035156,2.1029999256134038
2014-12-15,114.38999938964844,15.470000267028809,1989.6300048828125,88.45999908447266,2.115999937057495
2014-12-16,114.9499969482422,15.079999923706056,1972.739990234375,88.12999725341797,2.071000099182129
2014-12-17,114.2699966430664,15.100000381469728,2012.8900146484373,89.12999725341797,2.1480000019073486
2014-12-18,115.1500015258789,15.25,2061.22998046875,89.23999786376953,2.2039999961853027
2014-12-19,114.7699966430664,15.390000343322754,2070.64990234375,89.5999984741211,2.1760001182556152
2014-12-22,112.5500030517578,14.989999771118164,2078.5400390625,89.7699966430664,2.1619999408721924
2014-12-23,112.73999786376952,15.039999961853027,2082.169921875,90.05999755859375,2.256999969482422
2014-12-24,112.7699966430664,15.09000015258789,2081.8798828125,89.97000122070312,2.263999938964844
2014-12-26,114.83000183105467,15.350000381469728,2088.77001953125,90.02999877929688,2.25
2014-12-29,113.66999816894533,15.109999656677246,2090.570068359375,90.19000244140624,2.2070000171661377
2014-12-30,115.1999969482422,15.579999923706056,2080.35009765625,89.98999786376953,2.190000057220459
2014-12-31,113.58000183105467,15.0600004196167,2058.89990234375,90.2699966430664,2.1700000762939453
2015-01-02,114.08000183105467,15.109999656677246,2058.199951171875,91.08000183105467,2.122999906539917
2015-01-05,115.8000030517578,15.5,2020.5799560546875,91.37999725341795,2.0390000343322754
2015-01-06,117.12000274658205,15.829999923706056,2002.6099853515625,91.5,1.963000059127808
2015-01-07,116.43000030517578,15.850000381469728,2025.9000244140625,91.88999938964844,1.9539999961853027
2015-01-08,115.94000244140624,15.640000343322754,2062.139892578125,92.37000274658205,2.0160000324249268
2015-01-09,117.26000213623048,15.770000457763672,2044.81005859375,91.94000244140624,1.9709999561309812
2015-01-12,118.55999755859376,15.869999885559082,2028.260009765625,91.9800033569336,1.9119999408721924
2015-01-13,118.16000366210938,16.290000915527344,2023.030029296875,92.30999755859376,1.8899999856948853
2015-01-14,117.97000122070312,16.1299991607666,2011.27001953125,92.16000366210938,1.837000012397766
2015-01-15,120.94000244140624,16.149999618530273,1992.6700439453125,92.3499984741211,1.774999976158142
2015-01-16,122.5199966430664,16.950000762939453,2019.4200439453125,92.5199966430664,1.815000057220459
2015-01-20,124.1999969482422,17.18000030517578,2022.550048828125,93.0500030517578,1.807000041007996
2015-01-21,124.2300033569336,17.3700008392334,2032.1199951171875,92.9000015258789,1.8530000448226929
2015-01-22,125.2300033569336,17.610000610351562,2063.14990234375,94.23999786376952,1.8960000276565552
2015-01-23,124.2300033569336,17.510000228881836,2051.820068359375,95.0,1.8170000314712524
2015-01-26,122.98999786376952,17.1299991607666,2057.090087890625,94.8000030517578,1.8279999494552608
2015-01-27,124.4000015258789,17.329999923706055,2029.550048828125,94.0199966430664,1.825000047683716
2015-01-28,123.41999816894533,17.229999542236328,2002.1600341796875,94.47000122070312,1.7239999771118164
2015-01-29,120.76000213623048,16.239999771118164,2021.25,94.77999877929688,1.7510000467300415
2015-01-30,123.4499969482422,16.540000915527344,1994.989990234375,94.8000030517578,1.6749999523162842
2015-02-02,122.41999816894533,16.469999313354492,2020.8499755859373,94.5,1.6729999780654907
2015-02-03,121.0500030517578,16.549999237060547,2050.030029296875,93.5999984741211,1.7799999713897705
2015-02-04,121.58000183105467,16.6299991607666,2041.510009765625,93.98999786376952,1.7970000505447388
2015-02-05,121.79000091552734,16.579999923706055,2062.52001953125,94.6999969482422,1.815000057220459
2015-02-06,118.63999938964844,16.030000686645508,2055.469970703125,94.6999969482422,1.937999963760376
2015-02-09,119.16999816894533,16.31999969482422,2046.739990234375,94.4499969482422,1.9479999542236328
2015-02-10,118.47000122070312,16.190000534057617,2068.590087890625,94.76000213623048,1.991000056266785
2015-02-11,117.06999969482422,16.079999923706055,2068.530029296875,94.98999786376952,1.9880000352859497
2015-02-12,117.33999633789062,16.149999618530273,2088.47998046875,94.08999633789062,1.9859999418258667
2015-02-13,117.9800033569336,16.540000915527344,2096.989990234375,94.1999969482422,2.0209999084472656
2015-02-17,116.01000213623048,15.829999923706056,2100.340087890625,94.05999755859376,2.1449999809265137
2015-02-18,116.33999633789062,15.75,2099.679931640625,94.1999969482422,2.065999984741211
2015-02-19,115.94000244140624,15.699999809265137,2097.449951171875,94.4000015258789,2.11299991607666
2015-02-20,115.27999877929688,15.539999961853027,2110.300048828125,94.25,2.132999897003174
2015-02-23,115.43000030517578,15.630000114440918,2109.659912109375,94.56999969482422,2.059000015258789
2015-02-24,115.26000213623048,15.5600004196167,2115.47998046875,94.48999786376952,1.9880000352859497
2015-02-25,115.6999969482422,15.829999923706056,2113.860107421875,94.20999908447266,1.968999981880188
2015-02-26,116.06999969482422,15.84000015258789,2110.739990234375,95.29000091552734,2.0160000324249268
2015-02-27,116.16000366210938,15.869999885559082,2104.5,95.25,2.002000093460083
2015-03-02,115.68000030517578,15.65999984741211,2117.389892578125,95.45999908447266,2.0840001106262207
2015-03-03,115.47000122070312,15.579999923706056,2107.780029296875,95.37999725341795,2.121999979019165
2015-03-04,115.11000061035156,15.489999771118164,2098.530029296875,95.97000122070312,2.122999906539917
2015-03-05,115.0,15.529999732971191,2101.0400390625,96.37999725341795,2.111999988555908
2015-03-06,111.86000061035156,15.1899995803833,2071.260009765625,97.62000274658205,2.240000009536743
2015-03-09,111.97000122070312,15.100000381469728,2079.429931640625,97.58999633789062,2.194999933242798
2015-03-10,111.41999816894533,15.020000457763672,2044.1600341796875,98.62000274658205,2.125999927520752
2015-03-11,110.75,14.84000015258789,2040.239990234375,99.8000030517578,2.108999967575073
2015-03-12,110.72000122070312,14.920000076293944,2065.949951171875,99.1500015258789,2.095999956130981
2015-03-13,110.87999725341795,14.899999618530272,2053.39990234375,100.33000183105467,2.111999988555908
2015-03-16,110.80999755859376,14.989999771118164,2081.18994140625,99.5999984741211,2.0980000495910645
2015-03-17,110.20999908447266,14.899999618530272,2074.280029296875,99.58999633789062,2.058000087738037
2015-03-18,112.37000274658205,15.359999656677246,2099.5,98.5500030517578,1.950999975204468
2015-03-19,112.29000091552734,15.4399995803833,2089.27001953125,99.0999984741211,1.9769999980926516
2015-03-20,113.56999969482422,16.0,2108.10009765625,97.91000366210938,1.9299999475479128
2015-03-23,114.29000091552734,16.299999237060547,2104.419921875,97.02999877929688,1.9149999618530276
2015-03-24,114.56999969482422,16.280000686645508,2091.5,97.19000244140624,1.878000020980835
2015-03-25,114.7300033569336,16.239999771118164,2061.050048828125,96.9800033569336,1.919999957084656
2015-03-26,115.4800033569336,16.299999237060547,2056.14990234375,97.44000244140624,2.006999969482422
2015-03-27,115.05999755859376,16.219999313354492,2061.02001953125,97.29000091552734,1.9479999542236328
2015-03-30,113.75,15.979999542236328,2086.239990234375,97.9800033569336,1.963000059127808
2015-03-31,113.66000366210938,15.93000030517578,2067.889892578125,98.36000061035156,1.934000015258789
2015-04-01,115.5999984741211,16.229999542236328,2059.68994140625,98.19000244140624,1.868000030517578
2015-04-02,115.27999877929688,16.020000457763672,2066.9599609375,97.44000244140624,1.9040000438690183
2015-04-06,116.69000244140624,16.270000457763672,2080.6201171875,97.11000061035156,1.9040000438690183
2015-04-07,116.11000061035156,16.149999618530273,2076.330078125,97.83000183105467,1.89300000667572
2015-04-08,115.47000122070312,15.8100004196167,2081.89990234375,98.06999969482422,1.8949999809265137
2015-04-09,114.66999816894533,15.510000228881836,2091.179931640625,99.16000366210938,1.9579999446868896
2015-04-10,115.97000122070312,15.770000457763672,2102.06005859375,99.38999938964844,1.950999975204468
2015-04-13,115.13999938964844,15.600000381469728,2092.429931640625,99.48999786376952,1.9390000104904173
2015-04-14,114.44000244140624,15.510000228881836,2095.840087890625,98.76000213623048,1.9040000438690183
2015-04-15,115.43000030517578,15.630000114440918,2106.6298828125,98.33000183105467,1.899999976158142
2015-04-16,115.02999877929688,15.56999969482422,2104.989990234375,97.41999816894533,1.878000020980835
2015-04-17,115.5999984741211,15.5600004196167,2081.179931640625,97.5199966430664,1.850000023841858
2015-04-20,114.72000122070312,15.289999961853027,2100.39990234375,97.94000244140624,1.8949999809265137
2015-04-21,115.37999725341795,15.31999969482422,2097.2900390625,97.9800033569336,1.9160000085830688
2015-04-22,113.83000183105467,15.109999656677246,2107.9599609375,98.0199966430664,1.972000002861023
2015-04-23,114.66000366210938,15.210000038146973,2112.929931640625,97.27999877929688,1.9470000267028809
2015-04-24,113.0500030517578,15.0600004196167,2117.68994140625,96.91999816894533,1.9170000553131104
2015-04-27,115.33000183105467,15.65999984741211,2108.919921875,96.7699966430664,1.924000024795532
2015-04-28,116.33000183105467,15.869999885559082,2114.760009765625,96.08999633789062,1.9730000495910645
2015-04-29,115.51000213623048,15.8100004196167,2106.85009765625,95.12000274658205,2.0350000858306885
2015-04-30,113.47000122070312,15.43000030517578,2085.510009765625,94.5999984741211,2.0460000038146973
2015-05-01,113.08000183105467,15.470000267028809,2108.2900390625,95.3000030517578,2.117000102996826
2015-05-04,114.0999984741211,15.699999809265137,2114.489990234375,95.4800033569336,2.134999990463257
2015-05-05,114.41999816894533,15.8100004196167,2089.4599609375,95.12999725341795,2.1760001182556152
2015-05-06,114.36000061035156,15.770000457763672,2080.14990234375,94.12999725341795,2.240000009536743
2015-05-07,113.41999816894533,15.600000381469728,2088.0,94.62000274658205,2.184000015258789
2015-05-08,113.97000122070312,15.760000228881836,2116.10009765625,94.79000091552734,2.150000095367432
2015-05-11,113.52999877929688,15.56999969482422,2105.330078125,95.01000213623048,2.2739999294281006
2015-05-12,114.5,15.8100004196167,2099.1201171875,94.52999877929688,2.259999990463257
2015-05-13,116.5500030517578,16.350000381469727,2098.47998046875,93.62000274658205,2.282000064849853
2015-05-14,117.18000030517578,16.649999618530273,2121.10009765625,93.36000061035156,2.239000082015991
2015-05-15,117.52999877929688,16.75,2122.72998046875,93.13999938964844,2.1410000324249268
2015-05-18,117.5199966430664,16.889999389648438,2129.199951171875,94.19000244140624,2.2279999256134038
2015-05-19,115.88999938964844,16.3799991607666,2127.830078125,95.2699966430664,2.26200008392334
2015-05-20,116.08000183105467,16.3700008392334,2125.85009765625,95.4499969482422,2.250999927520752
2015-05-21,115.69000244140624,16.389999389648438,2130.820068359375,95.26000213623048,2.184999942779541
2015-05-22,115.5999984741211,16.34000015258789,2126.06005859375,96.01000213623048,2.2149999141693115
2015-05-26,113.91000366210938,16.020000457763672,2104.199951171875,97.3000030517578,2.13700008392334
2015-05-27,113.88999938964844,15.960000038146973,2123.47998046875,97.37000274658205,2.134999990463257
2015-05-28,114.0199966430664,15.970000267028809,2120.7900390625,96.97000122070312,2.130000114440918
2015-05-29,114.0999984741211,15.989999771118164,2107.389892578125,96.91000366210938,2.095000028610229
2015-06-01,114.0,16.0,2111.72998046875,97.38999938964844,2.191999912261963
2015-06-02,114.45999908447266,16.06999969482422,2109.60009765625,95.83999633789062,2.2660000324249268
2015-06-03,113.63999938964844,15.829999923706056,2114.070068359375,95.47000122070312,2.365999937057495
2015-06-04,112.83999633789062,15.479999542236328,2095.840087890625,95.45999908447266,2.306999921798706
2015-06-05,112.23999786376952,15.390000343322754,2092.830078125,96.30999755859376,2.4019999504089355
2015-06-08,112.56999969482422,15.31999969482422,2079.280029296875,95.3000030517578,2.38100004196167
2015-06-09,112.81999969482422,15.289999961853027,2080.14990234375,95.16999816894533,2.4170000553131104
2015-06-10,113.77999877929688,15.31999969482422,2105.199951171875,94.6500015258789,2.4779999256134038
2015-06-11,113.26000213623048,15.329999923706056,2108.860107421875,94.9800033569336,2.382999897003174
2015-06-12,113.2300033569336,15.25,2094.110107421875,94.97000122070312,2.384999990463257
2015-06-15,113.7300033569336,15.399999618530272,2084.429931640625,94.80999755859376,2.3580000400543213
2015-06-16,113.31999969482422,15.31999969482422,2096.2900390625,95.0,2.318000078201294
2015-06-17,113.8499984741211,15.449999809265137,2100.43994140625,94.3000030517578,2.305999994277954
2015-06-18,115.31999969482422,15.460000038146973,2121.239990234375,94.04000091552734,2.3510000705718994
2015-06-19,115.12000274658205,15.420000076293944,2109.989990234375,94.08999633789062,2.2669999599456787
2015-06-22,113.63999938964844,15.489999771118164,2122.85009765625,94.33000183105467,2.359999895095825
2015-06-23,112.88999938964844,15.140000343322754,2124.199951171875,95.43000030517578,2.4089999198913574
2015-06-24,112.58999633789062,15.1899995803833,2108.580078125,95.26000213623048,2.371000051498413
2015-06-25,112.44000244140624,15.170000076293944,2102.31005859375,95.19000244140624,2.3929998874664307
2015-06-26,112.55999755859376,15.109999656677246,2101.489990234375,95.47000122070312,2.4760000705718994
2015-06-29,113.06999969482422,15.029999732971191,2057.639892578125,94.79000091552734,2.3310000896453857
2015-06-30,112.37000274658205,15.029999732971191,2063.110107421875,95.48999786376952,2.3350000381469727
2015-07-01,111.9800033569336,14.899999618530272,2077.419921875,96.30999755859376,2.4179999828338623
2015-07-02,111.76000213623048,14.949999809265137,2076.780029296875,96.11000061035156,2.3929998874664307
2015-07-06,112.05999755859376,14.989999771118164,2068.760009765625,96.3000030517578,2.2780001163482666
2015-07-07,110.76000213623048,14.43000030517578,2081.340087890625,96.87000274658205,2.2309999465942383
2015-07-08,111.08999633789062,14.460000038146973,2046.6800537109373,96.29000091552734,2.2060000896453857
2015-07-09,111.36000061035156,14.760000228881836,2051.31005859375,96.61000061035156,2.3010001182556152
2015-07-10,111.48999786376952,14.880000114440918,2076.6201171875,96.02999877929688,2.4170000553131104
2015-07-13,110.98999786376952,14.8100004196167,2099.60009765625,96.86000061035156,2.430000066757202
2015-07-14,110.73999786376952,14.6899995803833,2108.949951171875,96.63999938964844,2.3989999294281006
2015-07-15,110.16000366210938,14.43000030517578,2107.39990234375,97.12999725341795,2.3499999046325684
2015-07-16,109.76000213623048,14.350000381469728,2124.2900390625,97.66000366210938,2.351999998092652
2015-07-17,108.6500015258789,14.229999542236328,2126.639892578125,97.86000061035156,2.3489999771118164
2015-07-20,105.6999969482422,14.050000190734863,2128.280029296875,98.02999877929688,2.371999979019165
2015-07-21,105.37000274658205,14.140000343322754,2119.2099609375,97.33000183105467,2.3399999141693115
2015-07-22,104.8000030517578,14.140000343322754,2114.14990234375,97.5999984741211,2.322000026702881
2015-07-23,104.33000183105467,14.0,2102.14990234375,97.12000274658205,2.2769999504089355
2015-07-24,105.3499984741211,14.020000457763672,2079.64990234375,97.23999786376952,2.2709999084472656
2015-07-27,104.86000061035156,13.920000076293944,2067.639892578125,96.5,2.2279999256134038
2015-07-28,105.0199966430664,14.020000457763672,2093.25,96.7699966430664,2.25
2015-07-29,105.16999816894533,14.149999618530272,2108.570068359375,96.9800033569336,2.2790000438690186
2015-07-30,104.2699966430664,14.09000015258789,2108.6298828125,97.55999755859376,2.2679998874664307
2015-07-31,104.93000030517578,14.079999923706056,2103.840087890625,97.37000274658205,2.2049999237060547
2015-08-03,104.0999984741211,13.869999885559082,2098.0400390625,97.48999786376952,2.150000095367432
2015-08-04,104.30999755859376,13.920000076293944,2093.320068359375,97.93000030517578,2.2109999656677246
2015-08-05,103.93000030517578,13.949999809265137,2099.840087890625,97.95999908447266,2.2679998874664307
2015-08-06,104.38999938964844,13.989999771118164,2083.56005859375,97.83000183105467,2.233999967575073
2015-08-07,104.6500015258789,14.109999656677246,2077.570068359375,97.55999755859376,2.174999952316284
2015-08-10,105.72000122070312,14.539999961853027,2104.179931640625,97.16000366210938,2.23799991607666
2015-08-11,106.26000213623048,14.640000343322754,2084.070068359375,97.29000091552734,2.13700008392334
2015-08-12,107.75,14.81999969482422,2086.050048828125,96.26000213623048,2.130000114440918
2015-08-13,106.86000061035156,14.710000038146973,2083.389892578125,96.4499969482422,2.188999891281128
2015-08-14,106.8499984741211,14.550000190734863,2091.5400390625,96.56999969482422,2.196000099182129
2015-08-17,107.12999725341795,14.630000114440918,2102.43994140625,96.81999969482422,2.150000095367432
2015-08-18,107.11000061035156,14.220000267028809,2096.919921875,96.97000122070312,2.196000099182129
2015-08-19,108.5500030517578,14.56999969482422,2079.610107421875,96.45999908447266,2.128999948501587
2015-08-20,110.44000244140624,14.779999732971191,2035.72998046875,95.75,2.0840001106262207
2015-08-21,111.12999725341795,14.609999656677246,1970.8900146484373,94.83000183105467,2.053999900817871
2015-08-24,110.52999877929688,14.130000114440918,1893.2099609375,93.30999755859376,1.996999979019165
2015-08-25,109.16000366210938,13.989999771118164,1867.6099853515625,94.52999877929688,2.132999897003174
2015-08-26,107.66999816894533,13.5600004196167,1940.510009765625,95.0999984741211,2.171999931335449
2015-08-27,107.7300033569336,13.800000190734863,1987.6600341796875,95.61000061035156,2.1679999828338623
2015-08-28,108.6999969482422,13.920000076293944,1988.8699951171875,96.11000061035156,2.186000108718872
2015-08-31,108.81999969482422,13.989999771118164,1972.1800537109373,95.9499969482422,2.200000047683716
2015-09-01,109.1999969482422,13.9399995803833,1913.8499755859373,95.4499969482422,2.171999931335449
2015-09-02,108.62000274658205,14.020000457763672,1948.8599853515625,95.83000183105467,2.193000078201294
2015-09-03,107.83999633789062,14.020000457763672,1951.1300048828125,96.41000366210938,2.1679999828338623
2015-09-04,107.48999786376952,13.920000076293944,1921.219970703125,96.2300033569336,2.128000020980835
2015-09-08,107.5199966430664,14.119999885559082,1969.4100341796875,95.87999725341795,2.194000005722046
2015-09-09,106.12999725341795,13.93000030517578,1942.0400390625,96.01000213623048,2.180999994277954
2015-09-10,106.37999725341795,13.989999771118164,1952.2900390625,95.45999908447266,2.2219998836517334
2015-09-11,106.16000366210938,13.949999809265137,1961.050048828125,95.19000244140624,2.183000087738037
2015-09-14,106.22000122070312,13.789999961853027,1953.030029296875,95.25,2.180000066757202
2015-09-15,105.9000015258789,13.770000457763672,1978.0899658203125,95.61000061035156,2.2809998989105225
2015-09-16,107.30999755859376,14.220000267028809,1995.31005859375,95.41999816894533,2.302999973297119
2015-09-17,108.41000366210938,14.420000076293944,1990.199951171875,94.5500030517578,2.2170000076293945
2015-09-18,109.20999908447266,14.470000267028809,1958.030029296875,94.86000061035156,2.130000114440918
2015-09-21,108.52999877929688,14.489999771118164,1966.969970703125,95.88999938964844,2.21399998664856
2015-09-22,107.79000091552734,14.140000343322754,1942.739990234375,96.27999877929688,2.125
2015-09-23,108.22000122070312,14.119999885559082,1938.760009765625,96.06999969482422,2.1440000534057617
2015-09-24,110.48999786376952,14.43000030517578,1932.239990234375,95.98999786376952,2.119999885559082
2015-09-25,109.80999755859376,14.399999618530272,1931.3399658203125,96.2699966430664,2.1679999828338623
2015-09-28,108.41999816894533,13.9399995803833,1881.77001953125,96.02999877929688,2.095000028610229
2015-09-29,107.9800033569336,13.970000267028809,1884.0899658203125,95.88999938964844,2.053999900817871
2015-09-30,106.86000061035156,13.869999885559082,1920.030029296875,96.3499984741211,2.059999942779541
2015-10-01,106.7300033569336,13.899999618530272,1923.8199462890625,96.19000244140624,2.0420000553131104
2015-10-02,108.98999786376952,14.550000190734863,1951.3599853515625,95.83000183105467,1.9889999628067017
2015-10-05,108.7699966430664,14.890000343322754,1987.050048828125,96.11000061035156,2.055999994277954
2015-10-06,109.86000061035156,15.06999969482422,1979.9200439453125,95.45999908447266,2.0350000858306885
2015-10-07,109.6999969482422,15.289999961853027,1995.8299560546875,95.5,2.062000036239624
2015-10-08,109.13999938964844,14.989999771118164,2013.4300537109373,95.31999969482422,2.1080000400543213
2015-10-09,110.87000274658205,15.119999885559082,2014.8900146484373,94.80999755859376,2.0989999771118164
2015-10-12,111.30999755859376,15.130000114440918,2017.4599609375,94.83999633789062,2.0899999141693115
2015-10-13,111.86000061035156,15.15999984741211,2003.68994140625,94.76000213623048,2.055000066757202
2015-10-14,113.80999755859376,15.420000076293944,1994.239990234375,93.93000030517578,1.9809999465942385
2015-10-15,113.29000091552734,15.390000343322754,2023.8599853515625,94.37000274658205,2.0230000019073486
2015-10-16,112.48999786376952,15.279999732971191,2033.1099853515625,94.54000091552734,2.0230000019073486
2015-10-19,112.0199966430664,15.109999656677246,2033.6600341796875,94.95999908447266,2.0280001163482666
2015-10-20,112.7300033569336,15.1899995803833,2030.77001953125,94.8499984741211,2.071000099182129
2015-10-21,111.7300033569336,14.989999771118164,2018.93994140625,95.0500030517578,2.0299999713897705
2015-10-22,111.69000244140624,15.109999656677246,2052.510009765625,96.33999633789062,2.025000095367432
2015-10-23,111.5,15.119999885559082,2075.14990234375,97.06999969482422,2.0829999446868896
2015-10-26,111.43000030517578,15.109999656677246,2071.179931640625,96.86000061035156,2.058000087738037
2015-10-27,111.68000030517578,15.130000114440918,2065.889892578125,96.91000366210938,2.0280001163482666
2015-10-28,110.77999877929688,15.260000228881836,2090.35009765625,97.77999877929688,2.0920000076293945
2015-10-29,109.72000122070312,14.880000114440918,2089.409912109375,97.27999877929688,2.1730000972747803
2015-10-30,109.3000030517578,14.800000190734863,2079.360107421875,96.9499969482422,2.151000022888184
2015-11-02,108.58999633789062,14.720000267028809,2104.050048828125,96.93000030517578,2.187000036239624
2015-11-03,106.9800033569336,14.579999923706056,2109.7900390625,97.16000366210938,2.220000028610229
2015-11-04,105.97000122070312,14.380000114440918,2102.31005859375,97.9499969482422,2.2300000190734863
2015-11-05,105.63999938964844,14.300000190734863,2099.929931640625,97.94000244140624,2.244999885559082
2015-11-06,104.0999984741211,14.079999923706056,2099.199951171875,99.16000366210938,2.3329999446868896
2015-11-09,104.4000015258789,13.890000343322754,2078.580078125,98.9800033569336,2.3420000076293945
2015-11-10,104.18000030517578,13.760000228881836,2081.719970703125,99.29000091552734,2.322000026702881
2015-11-11,103.83000183105467,13.640000343322754,2075.0,99.01000213623048,2.338000059127808
2015-11-12,103.8499984741211,13.640000343322754,2045.969970703125,98.6500015258789,2.319000005722046
2015-11-13,103.55999755859376,13.59000015258789,2023.0400390625,98.98999786376952,2.2799999713897705
2015-11-16,103.70999908447266,13.600000381469728,2053.18994140625,99.44000244140624,2.2730000019073486
2015-11-17,102.33999633789062,13.550000190734863,2050.43994140625,99.62999725341795,2.260999917984009
2015-11-18,102.43000030517578,13.520000457763672,2083.580078125,99.6500015258789,2.2690000534057617
2015-11-19,103.55999755859376,13.619999885559082,2081.239990234375,98.98999786376952,2.247999906539917
2015-11-20,103.08999633789062,13.5,2089.169921875,99.56999969482422,2.26200008392334
2015-11-23,102.26000213623048,13.449999809265137,2086.590087890625,99.8000030517578,2.25
2015-11-24,102.94000244140624,13.510000228881836,2089.139892578125,99.52999877929688,2.243000030517578
2015-11-25,102.45999908447266,13.520000457763672,2088.8701171875,99.8000030517578,2.2320001125335693
2015-11-27,101.25,13.460000038146973,2090.110107421875,100.0199966430664,2.2249999046325684
2015-11-30,101.91999816894533,13.4399995803833,2080.409912109375,100.16999816894533,2.2179999351501465
2015-12-01,102.27999877929688,13.510000228881836,2102.6298828125,99.8000030517578,2.1549999713897705
2015-12-02,100.69000244140624,13.369999885559082,2079.510009765625,99.98999786376952,2.177999973297119
2015-12-03,101.76000213623048,13.460000038146973,2049.6201171875,97.62000274658205,2.3299999237060547
2015-12-04,104.0199966430664,13.869999885559082,2091.68994140625,98.3499984741211,2.275000095367432
2015-12-07,102.66999816894533,13.619999885559082,2077.070068359375,98.66000366210938,2.2249999046325684
2015-12-08,102.83999633789062,13.510000228881836,2063.590087890625,98.47000122070312,2.23799991607666
2015-12-09,102.63999938964844,13.489999771118164,2047.6199951171875,97.3499984741211,2.2079999446868896
2015-12-10,102.5500030517578,13.449999809265137,2052.22998046875,97.94000244140624,2.239000082015991
2015-12-11,103.11000061035156,13.300000190734863,2012.3699951171875,97.56999969482422,2.138999938964844
2015-12-14,101.79000091552734,13.0600004196167,2021.93994140625,97.5999984741211,2.2249999046325684
2015-12-15,101.5199966430664,13.109999656677246,2043.4100341796875,98.22000122070312,2.2679998874664307
2015-12-16,102.75,13.489999771118164,2073.070068359375,97.87000274658205,2.2869999408721924
2015-12-17,100.5,13.079999923706056,2041.8900146484373,99.2699966430664,2.23799991607666
2015-12-18,102.04000091552734,13.43000030517578,2005.550048828125,98.6999969482422,2.1989998817443848
2015-12-21,103.1500015258789,13.59000015258789,2021.1500244140625,98.45999908447266,2.197000026702881
2015-12-22,102.61000061035156,13.59000015258789,2038.969970703125,98.23999786376952,2.239000082015991
2015-12-23,102.30999755859376,13.619999885559082,2064.2900390625,98.33999633789062,2.263999938964844
2015-12-24,103.0500030517578,13.6899995803833,2060.989990234375,97.9800033569336,2.243000030517578
2015-12-28,102.2699966430664,13.289999961853027,2056.5,97.91999816894533,2.2249999046325684
2015-12-29,102.1999969482422,13.270000457763672,2078.360107421875,98.0999984741211,2.306999921798706
2015-12-30,101.41999816894533,13.210000038146973,2063.360107421875,98.2699966430664,2.302999973297119
2015-12-31,101.45999908447266,13.1899995803833,2043.93994140625,98.62999725341795,2.2690000534057617
2016-01-04,102.88999938964844,13.1899995803833,2012.6600341796875,98.87000274658205,2.244999885559082
2016-01-05,103.18000030517578,13.3100004196167,2016.7099609375,99.4000015258789,2.247999906539917
2016-01-06,104.66999816894533,13.359999656677246,1990.260009765625,99.18000030517578,2.177000045776367
2016-01-07,106.1500015258789,13.619999885559082,1943.0899658203125,98.22000122070312,2.1530001163482666
2016-01-08,105.68000030517578,13.300000190734863,1922.030029296875,98.54000091552734,2.130000114440918
2016-01-11,104.73999786376952,13.220000267028809,1923.6700439453125,98.7300033569336,2.157999992370605
2016-01-12,104.20999908447266,13.170000076293944,1938.6800537109373,98.97000122070312,2.101999998092652
2016-01-13,104.72000122070312,13.489999771118164,1890.280029296875,98.93000030517578,2.065999984741211
2016-01-14,103.0199966430664,13.1899995803833,1921.8399658203125,99.08999633789062,2.0980000495910645
2016-01-15,104.08000183105467,13.239999771118164,1880.3299560546875,98.95999908447266,2.032999992370605
2016-01-19,103.9800033569336,13.359999656677246,1881.3299560546875,98.98999786376952,2.0350000858306885
2016-01-20,105.37000274658205,13.479999542236328,1859.3299560546875,99.08999633789062,1.9839999675750728
2016-01-21,105.48999786376952,13.460000038146973,1868.989990234375,99.05999755859376,2.0190000534057617
2016-01-22,105.0,13.380000114440918,1906.9000244140625,99.56999969482422,2.0480000972747803
2016-01-25,106.08000183105467,13.579999923706056,1877.0799560546875,99.36000061035156,2.0220000743865967
2016-01-26,107.29000091552734,13.81999969482422,1903.6300048828125,99.36000061035156,1.99399995803833
2016-01-27,107.69000244140624,13.8100004196167,1882.949951171875,98.9000015258789,2.000999927520752
2016-01-28,106.54000091552734,13.56999969482422,1893.3599853515625,98.51000213623048,1.9850000143051147
2016-01-29,106.9499969482422,13.59000015258789,1940.239990234375,99.61000061035156,1.930999994277954
2016-02-01,108.0500030517578,13.670000076293944,1939.3800048828125,99.0,1.965999960899353
2016-02-02,108.08999633789062,13.619999885559082,1903.030029296875,98.87000274658205,1.8639999628067017
2016-02-03,109.25,13.949999809265137,1912.530029296875,97.29000091552734,1.88100004196167
2016-02-04,110.56999969482422,14.170000076293944,1915.449951171875,96.47000122070312,1.8639999628067017
2016-02-05,112.31999969482422,14.34000015258789,1880.050048828125,97.02999877929688,1.8480000495910645
2016-02-08,113.83000183105467,14.59000015258789,1853.43994140625,96.56999969482422,1.7350000143051147
2016-02-09,113.58000183105467,14.510000228881836,1852.2099609375,96.06999969482422,1.7289999723434448
2016-02-10,114.45999908447266,14.550000190734863,1851.8599853515625,95.88999938964844,1.7050000429153442
2016-02-11,119.05999755859376,14.949999809265137,1829.0799560546875,95.55999755859376,1.6440000534057615
2016-02-12,118.36000061035156,14.989999771118164,1864.780029296875,95.9800033569336,1.7480000257492063
2016-02-16,114.7699966430664,14.510000228881836,1895.5799560546875,96.87000274658205,1.777999997138977
2016-02-17,115.4800033569336,14.539999961853027,1926.8199462890625,96.79000091552734,1.819000005722046
2016-02-18,118.29000091552734,14.760000228881836,1917.8299560546875,96.9499969482422,1.758999943733215
2016-02-19,117.58000183105467,14.640000343322754,1917.780029296875,96.5999984741211,1.7480000257492063
2016-02-22,115.48999786376952,14.43000030517578,1945.5,97.37999725341795,1.7660000324249268
2016-02-23,117.22000122070312,14.539999961853027,1921.27001953125,97.4800033569336,1.7450000047683716
2016-02-24,117.61000061035156,14.520000457763672,1929.800048828125,97.45999908447266,1.7419999837875366
2016-02-25,117.91999816894533,14.40999984741211,1951.699951171875,97.29000091552734,1.6970000267028809
2016-02-26,117.11000061035156,14.020000457763672,1948.050048828125,98.1500015258789,1.7619999647140503
2016-02-29,118.63999938964844,14.199999809265137,1932.22998046875,98.20999908447266,1.7400000095367432
2016-03-01,117.7699966430664,14.170000076293944,1978.3499755859373,98.3499984741211,1.8339999914169312
2016-03-02,118.68000030517578,14.25,1986.449951171875,98.20999908447266,1.8480000495910645
2016-03-03,120.7300033569336,14.5,1993.4000244140625,97.56999969482422,1.830000042915344
2016-03-04,120.54000091552734,14.760000228881836,1999.989990234375,97.33999633789062,1.8830000162124636
2016-03-07,121.13999938964844,14.899999618530272,2001.760009765625,97.06999969482422,1.9019999504089355
2016-03-08,120.58000183105467,14.619999885559082,1979.260009765625,97.20999908447266,1.8320000171661377
2016-03-09,119.58000183105467,14.529999732971191,1989.260009765625,97.16999816894533,1.8919999599456787
2016-03-10,121.5,14.81999969482422,1989.5699462890625,96.06999969482422,1.9290000200271609
2016-03-11,119.41000366210938,14.720000267028809,2022.18994140625,96.16999816894533,1.9769999980926516
2016-03-14,117.87000274658205,14.579999923706056,2019.6400146484373,96.62000274658205,1.963000059127808
2016-03-15,117.95999908447266,14.539999961853027,2015.9300537109373,96.62999725341795,1.9589999914169312
2016-03-16,120.58999633789062,14.869999885559082,2027.219970703125,95.88999938964844,1.937999963760376
2016-03-17,120.12999725341795,15.15999984741211,2040.5899658203125,94.76000213623048,1.902999997138977
2016-03-18,119.8000030517578,15.029999732971191,2049.580078125,94.98999786376952,1.871000051498413
2016-03-21,118.95999908447266,15.0600004196167,2051.60009765625,95.29000091552734,1.9229999780654907
2016-03-22,119.30999755859376,15.119999885559082,2049.800048828125,95.6500015258789,1.934999942779541
2016-03-23,116.61000061035156,14.510000228881836,2036.7099609375,96.0500030517578,1.875
2016-03-24,116.33000183105467,14.43000030517578,2035.93994140625,96.13999938964844,1.899999976158142
2016-03-28,116.5999984741211,14.460000038146973,2037.050048828125,95.94000244140624,1.870000004768372
2016-03-29,118.76000213623048,14.600000381469728,2055.010009765625,95.16000366210938,1.8140000104904173
2016-03-30,117.0999984741211,14.489999771118164,2063.949951171875,94.83999633789062,1.830000042915344
2016-03-31,117.63999938964844,14.68000030517578,2059.739990234375,94.58999633789062,1.7860000133514404
2016-04-01,116.93000030517578,14.34000015258789,2072.780029296875,94.62000274658205,1.7920000553131104
2016-04-04,116.1500015258789,14.199999809265137,2066.1298828125,94.51000213623048,1.7790000438690186
2016-04-05,117.66000366210938,14.420000076293944,2045.1700439453125,94.62999725341795,1.7269999980926514
2016-04-06,116.94000244140624,14.34000015258789,2066.659912109375,94.43000030517578,1.7549999952316284
2016-04-07,118.61000061035156,14.479999542236328,2041.9100341796875,94.4800033569336,1.690999984741211
2016-04-08,118.43000030517578,14.619999885559082,2047.5999755859373,94.23999786376952,1.7200000286102295
2016-04-11,120.02999877929688,15.140000343322754,2041.989990234375,93.9499969482422,1.7239999771118164
2016-04-12,120.0500030517578,15.40999984741211,2061.719970703125,93.95999908447266,1.781000018119812
2016-04-13,118.7699966430664,15.4399995803833,2082.419921875,94.73999786376952,1.7619999647140503
2016-04-14,117.11000061035156,15.34000015258789,2082.780029296875,94.9000015258789,1.781000018119812
2016-04-15,117.91999816894533,15.460000038146973,2080.72998046875,94.6999969482422,1.7519999742507937
2016-04-18,117.73999786376952,15.420000076293944,2094.340087890625,94.48999786376952,1.7730000019073486
2016-04-19,119.58000183105467,16.1200008392334,2100.800048828125,93.9800033569336,1.7829999923706057
2016-04-20,118.97000122070312,16.139999389648438,2102.39990234375,94.48999786376952,1.8539999723434448
2016-04-21,119.41999816894533,16.209999084472656,2091.47998046875,94.5999984741211,1.870000004768372
2016-04-22,117.88999938964844,16.139999389648438,2091.580078125,95.12000274658205,1.888000011444092
2016-04-25,118.2300033569336,16.170000076293945,2087.7900390625,94.83999633789062,1.9019999504089355
2016-04-26,118.6999969482422,16.290000915527344,2091.699951171875,94.56999969482422,1.930999994277954
2016-04-27,119.04000091552734,16.3799991607666,2095.14990234375,94.38999938964844,1.8600000143051147
2016-04-28,121.29000091552734,16.770000457763672,2075.81005859375,93.76000213623048,1.838000059127808
2016-04-29,123.6500015258789,16.979999542236328,2065.300048828125,93.08000183105467,1.819000005722046
2016-05-02,123.23999786376952,16.639999389648438,2081.429931640625,92.62999725341795,1.8650000095367432
2016-05-03,122.95999908447266,16.56999969482422,2063.3701171875,92.94000244140624,1.7999999523162842
2016-05-04,122.20999908447266,16.489999771118164,2051.1201171875,93.18000030517578,1.784000039100647
2016-05-05,122.06999969482422,16.510000228881836,2050.6298828125,93.77999877929688,1.746999979019165
2016-05-06,123.18000030517578,16.6299991607666,2057.139892578125,93.88999938964844,1.7790000438690186
2016-05-09,120.6500015258789,16.1200008392334,2058.68994140625,94.1500015258789,1.7599999904632568
2016-05-10,120.9800033569336,16.280000686645508,2084.389892578125,94.29000091552734,1.7599999904632568
2016-05-11,122.12000274658205,16.559999465942383,2064.4599609375,93.81999969482422,1.7369999885559082
2016-05-12,121.16000366210938,16.219999313354492,2064.110107421875,94.13999938964844,1.756999969482422
2016-05-13,121.70999908447266,16.280000686645508,2046.6099853515625,94.61000061035156,1.7050000429153442
2016-05-16,121.8000030517578,16.31999969482422,2066.659912109375,94.56999969482422,1.753000020980835
2016-05-17,122.22000122070312,16.40999984741211,2047.2099609375,94.5500030517578,1.758999943733215
2016-05-18,120.0999984741211,16.0,2047.6300048828125,95.08000183105467,1.8799999952316284
2016-05-19,119.87000274658205,15.670000076293944,2040.0400390625,95.29000091552734,1.8450000286102293
2016-05-20,119.70999908447266,15.6899995803833,2052.320068359375,95.30999755859376,1.8489999771118164
2016-05-23,119.37000274658205,15.59000015258789,2048.0400390625,95.2300033569336,1.838000059127808
2016-05-24,117.3000030517578,15.420000076293944,2076.06005859375,95.56999969482422,1.8589999675750728
2016-05-25,116.9800033569336,15.5,2090.5400390625,95.3499984741211,1.870000004768372
2016-05-26,116.58000183105467,15.529999732971191,2090.10009765625,95.16999816894533,1.8229999542236328
2016-05-27,115.62000274658205,15.390000343322754,2099.06005859375,95.5199966430664,1.8509999513626096
2016-05-31,116.05999755859376,15.1899995803833,2096.949951171875,95.88999938964844,1.8339999914169312
2016-06-01,115.94000244140624,15.170000076293944,2099.330078125,95.45999908447266,1.8459999561309812
2016-06-02,115.66999816894533,15.220000267028809,2105.260009765625,95.55999755859376,1.8109999895095823
2016-06-03,118.87999725341795,15.609999656677246,2099.1298828125,94.02999877929688,1.7039999961853027
2016-06-06,118.91999816894533,15.68000030517578,2109.409912109375,93.9000015258789,1.7230000495910645
2016-06-07,118.81999969482422,15.600000381469728,2112.1298828125,93.83000183105467,1.7130000591278076
2016-06-08,120.58000183105467,16.209999084472656,2119.1201171875,93.58999633789062,1.7059999704360962
2016-06-09,121.25,16.469999313354492,2115.47998046875,94.0999984741211,1.6799999475479126
2016-06-10,121.73999786376952,16.489999771118164,2096.070068359375,94.5999984741211,1.6390000581741333
2016-06-13,122.63999938964844,16.579999923706055,2079.06005859375,94.37000274658205,1.616000056266785
2016-06-14,122.7699966430664,16.540000915527344,2075.320068359375,94.93000030517578,1.6109999418258667
2016-06-15,123.68000030517578,16.690000534057617,2071.5,94.61000061035156,1.5959999561309814
2016-06-16,122.37999725341795,16.309999465942383,2077.989990234375,94.56999969482422,1.5640000104904177
2016-06-17,123.9499969482422,16.600000381469727,2071.219970703125,94.20999908447266,1.618000030517578
2016-06-20,123.20999908447266,16.649999618530273,2083.25,93.61000061035156,1.6699999570846558
2016-06-21,120.83999633789062,16.3799991607666,2088.89990234375,94.0199966430664,1.6970000267028809
2016-06-22,120.9000015258789,16.420000076293945,2085.449951171875,93.72000122070312,1.684999942779541
2016-06-23,120.11000061035156,16.489999771118164,2113.320068359375,93.52999877929688,1.7389999628067017
2016-06-24,126.0,16.889999389648438,2037.4100341796875,95.4499969482422,1.5789999961853027
2016-06-27,126.68000030517578,16.8700008392334,2000.5400390625,96.54000091552734,1.4600000381469729
2016-06-28,125.31999969482422,16.90999984741211,2036.0899658203125,96.25,1.4609999656677246
2016-06-29,125.83999633789062,17.3700008392334,2070.77001953125,95.7699966430664,1.4769999980926514
2016-06-30,126.47000122070312,17.860000610351562,2098.860107421875,96.13999938964844,1.4880000352859497
2016-07-01,128.41000366210938,18.739999771118164,2102.949951171875,95.6500015258789,1.4559999704360962
2016-07-05,129.47000122070312,18.979999542236328,2088.550048828125,96.16999816894533,1.3669999837875366
2016-07-06,130.22999572753906,19.100000381469727,2099.72998046875,96.05999755859376,1.3849999904632568
2016-07-07,129.74000549316406,18.709999084472656,2097.89990234375,96.33000183105467,1.3869999647140503
2016-07-08,130.52000427246094,19.21999931335449,2129.89990234375,96.3000030517578,1.366000056266785
2016-07-11,129.2899932861328,19.299999237060547,2137.159912109375,96.56999969482422,1.434000015258789
2016-07-12,127.1500015258789,19.09000015258789,2152.139892578125,96.44000244140624,1.5130000114440918
2016-07-13,128.32000732421875,19.38999938964844,2152.429931640625,96.22000122070312,1.468000054359436
2016-07-14,127.33000183105467,19.25,2163.75,96.08000183105467,1.531000018119812
2016-07-15,126.83999633789062,19.07999992370605,2161.739990234375,96.58000183105467,1.593999981880188
2016-07-18,127.04000091552734,19.100000381469727,2166.889892578125,96.55999755859376,1.587000012397766
2016-07-19,127.20999908447266,18.920000076293945,2163.780029296875,97.0500030517578,1.5579999685287476
2016-07-20,125.38999938964844,18.420000076293945,2173.02001953125,97.1999969482422,1.5800000429153442
2016-07-21,127.3000030517578,18.8799991607666,2165.169921875,97.0,1.565000057220459
2016-07-22,126.3499984741211,18.670000076293945,2175.030029296875,97.47000122070312,1.5700000524520874
2016-07-25,125.47000122070312,18.540000915527344,2168.47998046875,97.29000091552734,1.5709999799728394
2016-07-26,126.0,18.65999984741211,2169.179931640625,97.16000366210938,1.562999963760376
2016-07-27,128.02999877929688,19.3700008392334,2166.580078125,97.0500030517578,1.5149999856948853
2016-07-28,127.66000366210938,19.209999084472656,2170.06005859375,96.73999786376952,1.5110000371932983
2016-07-29,128.97999572753906,19.350000381469727,2173.60009765625,95.52999877929688,1.4579999446868896
2016-08-01,129.22000122070312,19.43000030517578,2170.840087890625,95.70999908447266,1.496000051498413
2016-08-02,130.27000427246094,19.600000381469727,2157.030029296875,95.05999755859376,1.5369999408721924
2016-08-03,129.64999389648438,19.3799991607666,2163.7900390625,95.55999755859376,1.5420000553131104
2016-08-04,129.8699951171875,19.350000381469727,2164.25,95.76000213623048,1.503000020980835
2016-08-05,127.5500030517578,18.709999084472656,2182.8701171875,96.19000244140624,1.5820000171661377
2016-08-08,127.44000244140624,18.739999771118164,2180.889892578125,96.4000015258789,1.5829999446868896
2016-08-09,127.95999908447266,18.8700008392334,2181.739990234375,96.18000030517578,1.5449999570846558
2016-08-10,128.55999755859375,19.15999984741211,2175.489990234375,95.6500015258789,1.508999943733215
2016-08-11,127.66999816894533,18.959999084472656,2185.7900390625,95.86000061035156,1.5729999542236328
2016-08-12,127.4000015258789,18.71999931335449,2184.050048828125,95.72000122070312,1.5149999856948853
2016-08-15,127.83999633789062,18.82999992370605,2190.14990234375,95.62999725341795,1.5529999732971191
2016-08-16,128.47000122070312,18.81999969482422,2178.14990234375,94.79000091552734,1.5759999752044678
2016-08-17,128.5,18.68000030517578,2182.219970703125,94.72000122070312,1.5609999895095823
2016-08-18,129.11000061035156,18.770000457763672,2187.02001953125,94.16000366210938,1.5360000133514404
2016-08-19,127.97000122070312,18.350000381469727,2183.8701171875,94.51000213623048,1.5779999494552612
2016-08-22,127.77999877929688,17.969999313354492,2182.639892578125,94.5199966430664,1.5390000343322754
2016-08-23,127.76000213623048,17.93000030517578,2186.89990234375,94.54000091552734,1.5529999732971191
2016-08-24,126.33999633789062,17.6200008392334,2175.43994140625,94.79000091552734,1.559000015258789
2016-08-25,126.2300033569336,17.6299991607666,2172.469970703125,94.7699966430664,1.5770000219345093
2016-08-26,126.0500030517578,17.719999313354492,2169.0400390625,95.56999969482422,1.6349999904632568
2016-08-29,126.3000030517578,17.899999618530273,2180.3798828125,95.58000183105467,1.565999984741211
2016-08-30,125.02999877929688,17.670000076293945,2176.1201171875,96.0500030517578,1.5700000524520874
2016-08-31,124.77999877929688,17.719999313354492,2170.949951171875,96.0199966430664,1.5679999589920044
2016-09-01,125.29000091552734,17.940000534057617,2170.860107421875,95.6500015258789,1.5700000524520874
2016-09-02,126.56999969482422,18.440000534057617,2179.97998046875,95.87999725341795,1.5959999561309814
2016-09-06,128.7100067138672,19.049999237060547,2186.47998046875,94.81999969482422,1.5429999828338623
2016-09-07,128.27000427246094,18.780000686645508,2186.159912109375,94.95999908447266,1.5410000085830688
2016-09-08,127.58999633789062,18.6200008392334,2181.300048828125,95.02999877929688,1.616000056266785
2016-09-09,126.75,18.11000061035156,2127.81005859375,95.33999633789062,1.6720000505447388
2016-09-12,126.58999633789062,18.170000076293945,2159.0400390625,95.0999984741211,1.6720000505447388
2016-09-13,125.75,17.93000030517578,2127.02001953125,95.62999725341795,1.7339999675750732
2016-09-14,126.18000030517578,18.020000457763672,2125.77001953125,95.33000183105467,1.6890000104904177
2016-09-15,125.37000274658205,18.040000915527344,2147.260009765625,95.29000091552734,1.7029999494552612
2016-09-16,125.05999755859376,17.860000610351562,2139.159912109375,96.11000061035156,1.7009999752044678
2016-09-19,125.31999969482422,18.200000762939453,2139.1201171875,95.83999633789062,1.6959999799728394
2016-09-20,125.44000244140624,18.270000457763672,2139.760009765625,96.0199966430664,1.687999963760376
2016-09-21,127.2699966430664,18.850000381469727,2163.1201171875,95.66000366210938,1.6679999828338623
2016-09-22,127.56999969482422,18.899999618530277,2177.179931640625,95.4499969482422,1.631999969482422
2016-09-23,127.6500015258789,18.68000030517578,2164.68994140625,95.4800033569336,1.6150000095367432
2016-09-26,127.5500030517578,18.40999984741211,2146.10009765625,95.30999755859376,1.5889999866485596
2016-09-27,126.62000274658205,18.170000076293945,2159.929931640625,95.44000244140624,1.555999994277954
2016-09-28,126.22000122070312,18.209999084472656,2171.3701171875,95.43000030517578,1.5670000314712524
2016-09-29,126.06999969482422,18.11000061035156,2151.1298828125,95.54000091552734,1.5570000410079956
2016-09-30,125.63999938964844,18.200000762939453,2168.27001953125,95.45999908447266,1.6080000400543213
2016-10-03,125.31999969482422,17.8700008392334,2161.199951171875,95.75,1.621999979019165
2016-10-04,120.97000122070312,16.940000534057617,2150.489990234375,96.12000274658205,1.6829999685287476
2016-10-05,120.77999877929688,16.850000381469727,2159.72998046875,96.12999725341795,1.715999960899353
2016-10-06,119.66000366210938,16.440000534057617,2160.77001953125,96.66000366210938,1.7419999837875366
2016-10-07,119.73999786376952,16.600000381469727,2153.739990234375,96.5199966430664,1.7359999418258667
2016-10-11,119.5500030517578,16.559999465942383,2136.72998046875,97.6999969482422,1.758999943733215
2016-10-12,119.73999786376952,16.649999618530273,2139.179931640625,97.97000122070312,1.777999997138977
2016-10-13,120.02999877929688,16.610000610351562,2132.550048828125,97.5199966430664,1.7380000352859497
2016-10-14,119.36000061035156,16.559999465942383,2132.97998046875,98.0199966430664,1.7940000295639038
2016-10-17,119.68000030517578,16.56999969482422,2126.5,97.88999938964844,1.7660000324249268
2016-10-18,120.41999816894533,16.719999313354492,2139.60009765625,97.9000015258789,1.7489999532699585
2016-10-19,121.11000061035156,16.790000915527344,2144.2900390625,97.87000274658205,1.7519999742507937
2016-10-20,120.73999786376952,16.639999389648438,2141.340087890625,98.31999969482422,1.746999979019165
2016-10-21,120.83000183105467,16.649999618530273,2141.159912109375,98.6999969482422,1.7400000095367432
2016-10-24,120.55999755859376,16.700000762939453,2151.330078125,98.66999816894533,1.7630000114440918
2016-10-25,121.47000122070312,16.860000610351562,2143.159912109375,98.72000122070312,1.7580000162124634
2016-10-26,120.79000091552734,16.709999084472656,2139.429931640625,98.62999725341795,1.7899999618530271
2016-10-27,121.01000213623048,16.729999542236328,2133.0400390625,98.88999938964844,1.843000054359436
2016-10-28,121.58000183105467,16.8700008392334,2126.409912109375,98.3499984741211,1.8450000286102293
2016-10-31,121.94000244140624,16.969999313354492,2126.14990234375,98.4499969482422,1.8339999914169312
2016-11-01,122.7300033569336,17.40999984741211,2111.719970703125,97.6999969482422,1.8200000524520876
2016-11-02,123.63999938964844,17.559999465942383,2097.93994140625,97.4000015258789,1.7990000247955322
2016-11-03,124.3000030517578,17.420000076293945,2088.659912109375,97.16000366210938,1.812000036239624
2016-11-04,124.38999938964844,17.459999084472656,2085.179931640625,97.06999969482422,1.7829999923706057
2016-11-07,122.1500015258789,17.290000915527344,2131.52001953125,97.77999877929688,1.8279999494552608
2016-11-08,121.63999938964844,17.399999618530273,2139.56005859375,97.86000061035156,1.861999988555908
2016-11-09,121.55999755859376,17.450000762939453,2163.260009765625,98.5,2.072000026702881
2016-11-10,119.75,17.559999465942383,2167.47998046875,98.79000091552734,2.117000102996826
2016-11-14,116.11000061035156,16.0,2164.199951171875,100.11000061035156,2.2219998836517334
2016-11-15,117.12000274658205,16.190000534057617,2180.389892578125,100.19000244140624,2.23799991607666
2016-11-16,116.7699966430664,16.09000015258789,2176.93994140625,100.41000366210938,2.2230000495910645
2016-11-17,116.16999816894533,15.84000015258789,2187.1201171875,100.88999938964844,2.276000022888184
2016-11-18,115.1500015258789,15.729999542236328,2181.89990234375,101.20999908447266,2.3350000381469727
2016-11-21,115.58000183105467,15.720000267028809,2198.179931640625,101.0500030517578,2.33899998664856
2016-11-22,115.54000091552734,15.800000190734863,2202.93994140625,101.04000091552734,2.321000099182129
2016-11-23,113.25,15.520000457763672,2204.719970703125,101.6999969482422,2.3570001125335693
2016-11-25,112.61000061035156,15.630000114440918,2213.35009765625,101.48999786376952,2.371999979019165
2016-11-28,113.8000030517578,15.770000457763672,2201.719970703125,101.33000183105467,2.319999933242798
2016-11-29,113.2699966430664,15.779999732971191,2204.659912109375,100.93000030517578,2.302000045776367
2016-11-30,111.75,15.65999984741211,2198.81005859375,101.5,2.368000030517578
2016-12-01,111.54000091552734,15.65999984741211,2191.080078125,101.04000091552734,2.440999984741211
2016-12-02,112.13999938964844,15.829999923706056,2191.949951171875,100.7699966430664,2.390000104904175
2016-12-05,111.54000091552734,15.880000114440918,2204.7099609375,100.13999938964844,2.38700008392334
2016-12-06,111.43000030517578,15.850000381469728,2212.22998046875,100.48999786376952,2.3959999084472656
2016-12-07,111.83000183105467,16.229999542236328,2241.35009765625,100.2300033569336,2.3469998836517334
2016-12-08,111.56999969482422,16.139999389648438,2246.18994140625,101.06999969482422,2.38700008392334
2016-12-09,110.4000015258789,15.970000267028809,2259.530029296875,101.56999969482422,2.46399998664856
2016-12-12,110.81999969482422,16.190000534057617,2256.9599609375,100.95999908447266,2.4790000915527344
2016-12-13,110.4499969482422,16.040000915527344,2271.719970703125,101.02999877929688,2.4809999465942383
2016-12-14,108.83000183105467,15.93000030517578,2253.280029296875,102.0,2.525000095367432
2016-12-15,107.33999633789062,15.18000030517578,2262.030029296875,103.12999725341795,2.5799999237060547
2016-12-16,108.0500030517578,15.270000457763672,2258.070068359375,102.9499969482422,2.5969998836517334
2016-12-19,108.58999633789062,15.170000076293944,2262.530029296875,103.13999938964844,2.5420000553131104
2016-12-20,107.79000091552734,15.239999771118164,2270.760009765625,103.29000091552734,2.568000078201294
2016-12-21,107.8499984741211,15.119999885559082,2265.179931640625,103.0199966430664,2.5460000038146973
2016-12-22,107.58999633789062,14.979999542236328,2260.9599609375,103.08999633789062,2.552999973297119
2016-12-23,107.93000030517578,14.90999984741211,2263.7900390625,103.01000213623048,2.5429999828338623
2016-12-27,108.55999755859376,15.130000114440918,2268.8798828125,103.0199966430664,2.562999963760376
2016-12-28,108.86000061035156,15.199999809265137,2249.919921875,103.26000213623048,2.50600004196167
2016-12-29,110.29000091552734,15.31999969482422,2249.260009765625,102.68000030517578,2.476999998092652
2016-12-30,109.61000061035156,15.109999656677246,2238.830078125,102.38999938964844,2.446000099182129
2017-01-03,110.47000122070312,15.4399995803833,2257.830078125,103.20999908447266,2.450000047683716
2017-01-04,110.86000061035156,15.579999923706056,2270.75,102.6999969482422,2.45199990272522
2017-01-05,112.58000183105467,15.760000228881836,2269.0,101.5199966430664,2.368000030517578
2017-01-06,111.75,15.640000343322754,2276.97998046875,102.22000122070312,2.4179999828338623
2017-01-09,112.66999816894533,15.699999809265137,2268.89990234375,101.93000030517578,2.375999927520752
2017-01-10,113.1500015258789,15.90999984741211,2268.89990234375,102.01000213623048,2.378999948501587
2017-01-11,113.5,15.869999885559082,2275.320068359375,101.77999877929688,2.369999885559082
2017-01-12,113.91000366210938,15.90999984741211,2270.43994140625,101.3499984741211,2.361000061035156
2017-01-13,114.20999908447266,15.9399995803833,2274.639892578125,101.18000030517578,2.380000114440918
2017-01-17,115.8499984741211,16.280000686645508,2267.889892578125,100.33000183105467,2.32699990272522
2017-01-18,114.87000274658205,16.190000534057617,2271.889892578125,100.93000030517578,2.388999938964844
2017-01-19,114.7699966430664,16.1200008392334,2263.68994140625,101.1500015258789,2.4590001106262207
2017-01-20,115.0500030517578,16.190000534057617,2271.31005859375,100.73999786376952,2.4670000076293945
2017-01-23,115.79000091552734,16.290000915527344,2265.199951171875,100.16000366210938,2.4030001163482666
2017-01-24,115.2699966430664,16.219999313354492,2280.070068359375,100.3499984741211,2.470999956130981
2017-01-25,114.31999969482422,16.100000381469727,2298.3701171875,100.02999877929688,2.5230000019073486
2017-01-26,113.26000213623048,15.93000030517578,2296.679931640625,100.37999725341795,2.507999897003174
2017-01-27,113.48999786376952,16.219999313354492,2294.68994140625,100.52999877929688,2.4809999465942383
2017-01-30,113.97000122070312,16.229999542236328,2280.89990234375,100.43000030517578,2.4830000400543213
2017-01-31,115.5500030517578,16.6299991607666,2278.8701171875,99.51000213623048,2.450999975204468
2017-02-01,115.1999969482422,16.610000610351562,2279.550048828125,99.63999938964844,2.4739999771118164
2017-02-02,115.83999633789062,16.559999465942383,2280.85009765625,99.8499984741211,2.470000028610229
2017-02-03,116.12999725341795,16.56999969482422,2297.419921875,99.87000274658205,2.490999937057495
2017-02-06,117.6999969482422,16.81999969482422,2292.56005859375,99.91000366210938,2.4130001068115234
2017-02-07,117.45999908447266,16.790000915527344,2293.080078125,100.26000213623048,2.388999938964844
2017-02-08,118.19000244140624,16.84000015258789,2294.669921875,100.27999877929688,2.3510000705718994
2017-02-09,117.29000091552734,16.75,2307.8701171875,100.6500015258789,2.3949999809265137
2017-02-10,117.5999984741211,17.020000457763672,2316.10009765625,100.8000030517578,2.4089999198913574
2017-02-13,116.8000030517578,16.889999389648438,2328.25,100.95999908447266,2.434000015258789
2017-02-14,116.93000030517578,17.010000228881836,2337.580078125,101.25,2.470000028610229
2017-02-15,117.4499969482422,17.040000915527344,2349.25,101.18000030517578,2.502000093460083
2017-02-16,118.08000183105467,17.149999618530273,2347.219970703125,100.44000244140624,2.450000047683716
2017-02-17,117.68000030517578,17.059999465942383,2351.159912109375,100.9499969482422,2.424999952316284
2017-02-21,117.75,17.030000686645508,2365.3798828125,101.37000274658205,2.427000045776367
2017-02-22,117.91000366210938,17.110000610351562,2362.820068359375,101.33000183105467,2.4179999828338623
2017-02-23,118.94000244140624,17.239999771118164,2363.81005859375,101.0500030517578,2.388000011444092
2017-02-24,119.6999969482422,17.399999618530273,2367.340087890625,101.08999633789062,2.316999912261963
2017-02-27,119.12000274658205,17.270000457763672,2369.75,101.12999725341795,2.36899995803833
2017-02-28,119.2300033569336,17.3700008392334,2363.639892578125,101.12000274658205,2.3580000400543213
2017-03-01,119.05999755859376,17.440000534057617,2395.9599609375,101.77999877929688,2.463000059127808
2017-03-02,117.58000183105467,16.799999237060547,2381.919921875,102.1999969482422,2.489000082015991
2017-03-03,117.51000213623048,16.979999542236328,2383.1201171875,101.54000091552734,2.492000102996826
2017-03-06,116.72000122070312,16.829999923706055,2375.31005859375,101.63999938964844,2.49399995803833
2017-03-07,115.77999877929688,16.549999237060547,2368.389892578125,101.80999755859376,2.510999917984009
2017-03-08,115.05999755859376,16.31999969482422,2362.97998046875,102.06999969482422,2.552000045776367
2017-03-09,114.47000122070312,16.059999465942383,2364.8701171875,101.8499984741211,2.5980000495910645
2017-03-10,114.72000122070312,16.149999618530273,2372.60009765625,101.25,2.5820000171661377
2017-03-13,114.73999786376952,16.06999969482422,2373.469970703125,101.37999725341795,2.6080000400543213
2017-03-14,114.12000274658205,15.989999771118164,2365.449951171875,101.6999969482422,2.595000028610229
2017-03-15,116.25,16.43000030517578,2385.260009765625,100.73999786376952,2.507999897003174
2017-03-16,116.7300033569336,16.399999618530273,2381.3798828125,100.2699966430664,2.5220000743865967
2017-03-17,116.98999786376952,16.469999313354492,2378.25,100.3000030517578,2.500999927520752
2017-03-20,117.51000213623048,16.5,2373.469970703125,100.41000366210938,2.4730000495910645
2017-03-21,118.54000091552734,16.610000610351562,2344.02001953125,99.80999755859376,2.436000108718872
2017-03-22,118.83000183105467,16.6200008392334,2348.449951171875,99.68000030517578,2.3959999084472656
2017-03-23,118.66999816894533,16.670000076293945,2345.9599609375,99.76000213623048,2.4179999828338623
2017-03-24,118.86000061035156,16.809999465942383,2343.97998046875,99.62999725341795,2.400000095367432
2017-03-27,119.52999877929688,17.149999618530273,2341.590087890625,99.16999816894533,2.372999906539917
2017-03-28,119.04000091552734,17.18000030517578,2358.570068359375,99.70999908447266,2.4089999198913574
2017-03-29,119.33000183105467,17.25,2361.1298828125,100.0,2.385999917984009
2017-03-30,118.47000122070312,17.149999618530273,2368.06005859375,100.41000366210938,2.4159998893737797
2017-03-31,118.72000122070312,17.25,2362.719970703125,100.3499984741211,2.3959999084472656
2017-04-03,119.3499984741211,17.239999771118164,2358.840087890625,100.54000091552734,2.3499999046325684
2017-04-04,119.62000274658205,17.329999923706055,2360.159912109375,100.54000091552734,2.3499999046325684
2017-04-05,119.62000274658205,17.31999969482422,2352.949951171875,100.55999755859376,2.3570001125335693
2017-04-06,119.18000030517578,17.260000228881836,2357.489990234375,100.66999816894533,2.3429999351501465
2017-04-07,119.45999908447266,17.030000686645508,2355.5400390625,101.18000030517578,2.372999906539917
2017-04-10,119.45999908447266,17.0,2357.159912109375,101.0199966430664,2.361000061035156
2017-04-11,121.19000244140624,17.309999465942383,2353.780029296875,100.70999908447266,2.2980000972747803
2017-04-12,122.0199966430664,17.459999084472656,2344.929931640625,100.77999877929688,2.2960000038146973
2017-04-13,122.5999984741211,17.530000686645508,2328.949951171875,100.55999755859376,2.2320001125335693
2017-04-17,122.23999786376952,17.43000030517578,2349.010009765625,100.3000030517578,2.252000093460083
2017-04-18,122.81999969482422,17.34000015258789,2342.18994140625,99.5,2.178999900817871
2017-04-19,121.7300033569336,17.18000030517578,2338.169921875,99.73999786376952,2.20199990272522
2017-04-20,121.95999908447266,17.059999465942383,2355.840087890625,99.77999877929688,2.240999937057495
2017-04-21,122.30999755859376,17.020000457763672,2348.68994140625,99.9800033569336,2.236999988555908
2017-04-24,121.4800033569336,16.979999542236328,2374.14990234375,99.08999633789062,2.2730000019073486
2017-04-25,120.25,16.68000030517578,2388.610107421875,98.81999969482422,2.32699990272522
2017-04-26,120.83999633789062,16.56999969482422,2387.449951171875,98.95999908447266,2.311000108718872
2017-04-27,120.38999938964844,16.3700008392334,2388.77001953125,99.08000183105467,2.2960000038146973
2017-04-28,120.7699966430664,16.299999237060547,2384.199951171875,99.0500030517578,2.282000064849853
2017-05-01,119.66999816894533,15.989999771118164,2388.330078125,99.13999938964844,2.325000047683716
2017-05-02,119.6500015258789,15.93000030517578,2391.169921875,98.9800033569336,2.2960000038146973
2017-05-03,117.9800033569336,15.59000015258789,2388.1298828125,99.20999908447266,2.309000015258789
2017-05-04,116.79000091552734,15.43000030517578,2389.52001953125,98.76000213623048,2.3559999465942383
2017-05-05,117.01000213623048,15.5,2399.2900390625,98.6500015258789,2.351999998092652
2017-05-08,116.75,15.40999984741211,2399.3798828125,99.1500015258789,2.375999927520752
2017-05-09,116.0500030517578,15.300000190734863,2396.919921875,99.58999633789062,2.407000064849853
2017-05-10,116.04000091552734,15.350000381469728,2399.6298828125,99.66999816894533,2.4140000343322754
2017-05-11,116.5,15.449999809265137,2394.43994140625,99.62000274658205,2.400000095367432
2017-05-12,116.83000183105467,15.56999969482422,2390.89990234375,99.25,2.3350000381469727
2017-05-15,117.13999938964844,15.75,2402.320068359375,98.91000366210938,2.338000059127808
2017-05-16,117.6500015258789,15.93000030517578,2400.669921875,98.11000061035156,2.3289999961853027
2017-05-17,119.79000091552734,16.0,2357.030029296875,97.41999816894533,2.2160000801086426
2017-05-18,118.80999755859376,15.710000038146973,2365.719970703125,97.87999725341795,2.2330000400543213
2017-05-19,119.4000015258789,15.9399995803833,2381.72998046875,97.1500015258789,2.244999885559082
2017-05-22,119.9000015258789,16.229999542236328,2394.02001953125,96.9800033569336,2.253999948501587
2017-05-23,119.13999938964844,16.149999618530273,2398.419921875,97.3499984741211,2.2850000858306885
2017-05-24,119.61000061035156,16.280000686645508,2404.389892578125,97.23999786376952,2.2660000324249268
2017-05-25,119.4800033569336,16.229999542236328,2415.070068359375,97.25,2.255000114440918
2017-05-26,120.54000091552734,16.399999618530273,2415.820068359375,97.4000015258789,2.25
2017-05-30,120.13999938964844,16.469999313354492,2412.909912109375,97.27999877929688,2.2170000076293945
2017-05-31,120.62000274658205,16.389999389648438,2411.800048828125,96.91999816894533,2.196000099182129
2017-06-01,120.72000122070312,16.3799991607666,2430.06005859375,97.1999969482422,2.2170000076293945
2017-06-02,121.61000061035156,16.59000015258789,2439.070068359375,96.72000122070312,2.1589999198913574
2017-06-05,121.7300033569336,16.6299991607666,2436.10009765625,96.8000030517578,2.181999921798706
2017-06-06,123.0999984741211,16.760000228881836,2429.330078125,96.63999938964844,2.1470000743865967
2017-06-07,122.4499969482422,16.649999618530273,2433.139892578125,96.75,2.177999973297119
2017-06-08,121.6500015258789,16.489999771118164,2433.7900390625,96.91999816894533,2.194000005722046
2017-06-09,120.54000091552734,16.280000686645508,2431.77001953125,97.2699966430664,2.1989998817443848
2017-06-12,120.36000061035156,16.040000915527344,2429.389892578125,97.13999938964844,2.213000059127808
2017-06-13,120.4800033569336,15.949999809265137,2440.35009765625,96.9800033569336,2.2070000171661377
2017-06-14,119.81999969482422,15.949999809265137,2437.919921875,96.94000244140624,2.138000011444092
2017-06-15,119.31999969482422,15.880000114440918,2432.4599609375,97.43000030517578,2.1619999408721924
2017-06-16,119.33999633789062,15.789999961853027,2433.14990234375,97.16000366210938,2.157000064849853
2017-06-19,118.43000030517578,15.609999656677246,2453.4599609375,97.52999877929688,2.190000057220459
2017-06-20,118.18000030517578,15.59000015258789,2437.030029296875,97.75,2.1530001163482666
2017-06-21,118.5199966430664,15.539999961853027,2435.610107421875,97.55999755859376,2.1549999713897705
2017-06-22,118.91999816894533,15.68000030517578,2434.5,97.54000091552734,2.1530001163482666
2017-06-23,119.43000030517578,15.789999961853027,2438.300048828125,97.3000030517578,2.1440000534057617
2017-06-26,118.36000061035156,15.68000030517578,2439.070068359375,97.43000030517578,2.13700008392334
2017-06-27,118.80999755859376,15.789999961853027,2419.3798828125,96.47000122070312,2.197999954223633
2017-06-28,118.9000015258789,15.920000076293944,2440.68994140625,96.0500030517578,2.220999956130981
2017-06-29,118.31999969482422,15.729999542236328,2419.699951171875,95.62999725341795,2.2669999599456787
2017-06-30,118.0199966430664,15.710000038146973,2423.409912109375,95.66000366210938,2.302000045776367
2017-07-03,116.08999633789062,15.300000190734863,2429.010009765625,96.1999969482422,2.345999956130981
2017-07-05,116.5199966430664,15.18000030517578,2432.5400390625,96.29000091552734,2.3340001106262207
2017-07-06,116.47000122070312,15.149999618530272,2409.75,95.81999969482422,2.369999885559082
2017-07-07,115.27999877929688,14.729999542236328,2425.179931640625,96.01000213623048,2.3929998874664307
2017-07-10,115.47000122070312,14.829999923706056,2427.429931640625,96.0500030517578,2.371000051498413
2017-07-11,115.62000274658205,14.989999771118164,2425.530029296875,95.73999786376952,2.361999988555908
2017-07-12,116.02999877929688,15.050000190734863,2443.25,95.79000091552734,2.32699990272522
2017-07-13,115.81999969482422,14.869999885559082,2447.830078125,95.7300033569336,2.3480000495910645
2017-07-14,116.7699966430664,15.079999923706056,2459.27001953125,95.11000061035156,2.319000005722046
2017-07-17,117.29000091552734,15.220000267028809,2459.139892578125,95.12999725341795,2.309000015258789
2017-07-18,118.11000061035156,15.380000114440918,2460.610107421875,94.66000366210938,2.263000011444092
2017-07-19,118.08000183105467,15.399999618530272,2473.830078125,94.8000030517578,2.2679998874664307
2017-07-20,118.23999786376952,15.420000076293944,2473.449951171875,94.2699966430664,2.2660000324249268
2017-07-21,119.26000213623048,15.600000381469728,2472.5400390625,93.94000244140624,2.2320001125335693
2017-07-24,119.30999755859376,15.579999923706056,2469.909912109375,93.9800033569336,2.253999948501587
2017-07-25,118.91999816894533,15.59000015258789,2477.1298828125,94.0500030517578,2.325999975204468
2017-07-26,119.87999725341795,15.75,2477.830078125,93.66999816894533,2.282000064849853
2017-07-27,119.79000091552734,15.68000030517578,2475.419921875,93.86000061035156,2.309999942779541
2017-07-28,120.69000244140624,15.8100004196167,2472.10009765625,93.26000213623048,2.2890000343322754
2017-07-31,120.75,15.899999618530272,2470.300048828125,92.86000061035156,2.2920000553131104
2017-08-01,120.6500015258789,15.789999961853027,2476.35009765625,93.02999877929688,2.250999927520752
2017-08-02,120.4000015258789,15.670000076293944,2477.570068359375,92.83000183105467,2.26200008392334
2017-08-03,120.58999633789062,15.720000267028809,2472.159912109375,92.80999755859376,2.2279999256134038
2017-08-04,119.6500015258789,15.380000114440918,2476.830078125,93.54000091552734,2.2669999599456787
2017-08-07,119.51000213623048,15.329999923706056,2480.909912109375,93.43000030517578,2.256999969482422
2017-08-08,119.86000061035156,15.5600004196167,2474.919921875,93.63999938964844,2.282999992370605
2017-08-09,121.30999755859376,15.979999542236328,2474.02001953125,93.5199966430664,2.240999937057495
2017-08-10,122.20999908447266,16.18000030517578,2438.2099609375,93.4000015258789,2.211999893188477
2017-08-11,122.79000091552734,16.170000076293945,2441.320068359375,93.06999969482422,2.188999891281128
2017-08-14,121.91999816894533,16.1299991607666,2465.840087890625,93.45999908447266,2.219000101089477
2017-08-15,120.9800033569336,15.739999771118164,2464.610107421875,93.8499984741211,2.2660000324249268
2017-08-16,121.87000274658205,16.149999618530273,2468.110107421875,93.48999786376952,2.2260000705718994
2017-08-17,122.48999786376952,16.1200008392334,2430.010009765625,93.62000274658205,2.1989998817443848
2017-08-18,122.3000030517578,16.100000381469727,2425.550048828125,93.43000030517578,2.194000005722046
2017-08-21,122.76000213623048,16.06999969482422,2428.3701171875,93.0999984741211,2.180000066757202
2017-08-22,122.20999908447266,16.06999969482422,2452.510009765625,93.5500030517578,2.2149999141693115
2017-08-23,122.66999816894533,16.149999618530273,2444.0400390625,93.1500015258789,2.1710000038146973
2017-08-24,122.29000091552734,16.030000686645508,2438.969970703125,93.27999877929688,2.194000005722046
2017-08-25,122.73999786376952,16.110000610351562,2443.050048828125,92.73999786376952,2.1689999103546143
2017-08-28,124.69000244140624,16.5,2444.239990234375,92.20999908447266,2.1589999198913574
2017-08-29,124.41999816894533,16.420000076293945,2446.300048828125,92.3499984741211,2.135999917984009
2017-08-30,124.36000061035156,16.459999084472656,2457.590087890625,92.87999725341795,2.1429998874664307
2017-08-31,125.81999969482422,16.649999618530273,2471.64990234375,92.66999816894533,2.121000051498413
2017-09-01,126.05999755859376,16.729999542236328,2476.550048828125,92.80999755859376,2.157000064849853
2017-09-05,127.45999908447266,16.90999984741211,2457.85009765625,92.30999755859376,2.069999933242798
2017-09-06,126.80999755859376,16.8700008392334,2465.5400390625,92.29000091552734,2.1080000400543213
2017-09-07,128.1300048828125,17.100000381469727,2465.10009765625,91.52999877929688,2.061000108718872
2017-09-08,127.97000122070312,17.020000457763672,2461.429931640625,91.33000183105467,2.061000108718872
2017-09-11,126.19000244140624,16.770000457763672,2488.110107421875,91.86000061035156,2.125
2017-09-12,126.55999755859376,16.889999389648438,2496.47998046875,91.91000366210938,2.1710000038146973
2017-09-13,125.61000061035156,16.760000228881836,2498.3701171875,92.5199966430664,2.194999933242798
2017-09-14,126.16000366210938,16.770000457763672,2495.6201171875,92.12000274658205,2.197000026702881
2017-09-15,125.52999877929688,16.6200008392334,2500.22998046875,91.87000274658205,2.20199990272522
2017-09-18,124.36000061035156,16.270000457763672,2503.8701171875,92.0500030517578,2.2290000915527344
2017-09-19,124.62000274658205,16.360000610351562,2506.64990234375,91.79000091552734,2.243000030517578
2017-09-20,123.62000274658205,16.190000534057617,2508.239990234375,92.51000213623048,2.2769999504089355
2017-09-21,122.68000030517578,16.030000686645508,2500.60009765625,92.26000213623048,2.2780001163482666
2017-09-22,123.23999786376952,16.049999237060547,2502.219970703125,92.16999816894533,2.26200008392334
2017-09-25,124.52999877929688,16.209999084472656,2496.659912109375,92.6500015258789,2.220000028610229
2017-09-26,123.13999938964844,15.90999984741211,2496.840087890625,92.97000122070312,2.2290000915527344
2017-09-27,121.9800033569336,15.829999923706056,2507.0400390625,93.36000061035156,2.309000015258789
2017-09-28,122.20999908447266,15.920000076293944,2510.06005859375,93.08999633789062,2.309000015258789
2017-09-29,121.58000183105467,15.739999771118164,2519.360107421875,93.08000183105467,2.325999975204468
2017-10-02,120.7699966430664,15.670000076293944,2529.1201171875,93.55999755859376,2.336999893188477
2017-10-03,120.83000183105467,15.710000038146973,2534.580078125,93.56999969482422,2.3340001106262207
2017-10-04,121.16999816894533,15.6899995803833,2537.739990234375,93.45999908447266,2.3299999237060547
2017-10-05,120.5199966430664,15.6899995803833,2552.070068359375,93.95999908447266,2.3499999046325684
2017-10-06,121.08999633789062,15.850000381469728,2549.330078125,93.8000030517578,2.369999885559082
2017-10-09,122.08000183105467,16.020000457763672,2544.72998046875,93.73999786376952,2.361000061035156
2017-10-10,122.4000015258789,16.149999618530273,2550.639892578125,93.29000091552734,2.345000028610229
2017-10-11,122.79000091552734,16.25,2555.239990234375,92.95999908447266,2.345000028610229
2017-10-12,122.88999938964844,16.260000228881836,2550.929931640625,93.12000274658205,2.322999954223633
2017-10-13,123.81999969482422,16.40999984741211,2553.169921875,93.08999633789062,2.2799999713897705
2017-10-16,122.97000122070312,16.25,2557.639892578125,93.27999877929688,2.306999921798706
2017-10-17,122.12999725341795,16.09000015258789,2559.360107421875,93.48999786376952,2.2980000972747803
2017-10-18,121.66999816894533,16.059999465942383,2561.260009765625,93.36000061035156,2.33899998664856
2017-10-19,122.38999938964844,16.270000457763672,2562.10009765625,93.2699966430664,2.321000099182129
2017-10-20,121.61000061035156,16.079999923706055,2575.2099609375,93.6999969482422,2.38100004196167
2017-10-23,121.8000030517578,16.139999389648438,2564.97998046875,93.94000244140624,2.375999927520752
2017-10-24,121.33000183105467,16.020000457763672,2569.1298828125,93.95999908447266,2.4059998989105225
2017-10-25,121.3499984741211,16.010000228881836,2557.14990234375,93.70999908447266,2.444000005722046
2017-10-26,120.33000183105467,15.850000381469728,2560.39990234375,94.61000061035156,2.45199990272522
2017-10-27,120.9000015258789,15.90999984741211,2581.070068359375,94.91999816894533,2.427999973297119
2017-10-30,121.12999725341795,15.90999984741211,2572.830078125,94.48999786376952,2.369999885559082
2017-10-31,120.66999816894533,15.789999961853027,2575.260009765625,94.5500030517578,2.375999927520752
2017-11-01,121.11000061035156,16.18000030517578,2579.360107421875,94.81999969482422,2.375999927520752
2017-11-02,121.19000244140624,16.170000076293945,2579.85009765625,94.69000244140624,2.3469998836517334
2017-11-03,120.62000274658205,15.920000076293944,2587.840087890625,94.94000244140624,2.3429999351501465
2017-11-06,121.6500015258789,16.270000457763672,2591.1298828125,94.72000122070312,2.319999933242798
2017-11-07,121.20999908447266,16.010000228881836,2590.639892578125,94.91000366210938,2.306999921798706
2017-11-08,121.62999725341795,16.059999465942383,2594.3798828125,94.87000274658205,2.325000047683716
2017-11-09,122.12999725341795,16.06999969482422,2584.6201171875,94.44000244140624,2.3310000896453857
2017-11-10,121.12999725341795,15.949999809265137,2582.300048828125,94.38999938964844,2.400000095367432
2017-11-13,121.30999755859376,16.09000015258789,2584.840087890625,94.48999786376952,2.400000095367432
2017-11-14,121.55999755859376,16.079999923706055,2578.8701171875,93.83000183105467,2.38100004196167
2017-11-15,121.41000366210938,16.030000686645508,2564.6201171875,93.80999755859376,2.3350000381469727
2017-11-16,121.4000015258789,16.1200008392334,2585.639892578125,93.93000030517578,2.361000061035156
2017-11-17,122.86000061035156,16.309999465942383,2578.85009765625,93.66000366210938,2.3540000915527344
2017-11-20,121.30999755859376,15.979999542236328,2582.139892578125,94.08000183105467,2.371999979019165
2017-11-21,121.51000213623048,16.010000228881836,2599.030029296875,93.9499969482422,2.36299991607666
2017-11-22,122.62999725341795,16.170000076293945,2597.080078125,93.22000122070312,2.322000026702881
2017-11-24,122.31999969482422,16.079999923706055,2602.419921875,92.76000213623048,2.3399999141693115
2017-11-27,122.83000183105467,16.100000381469727,2601.419921875,92.9000015258789,2.328000068664551
2017-11-28,122.80999755859376,15.90999984741211,2627.0400390625,93.26000213623048,2.338000059127808
2017-11-29,122.04000091552734,15.640000343322754,2626.070068359375,93.26000213623048,2.375999927520752
2017-11-30,121.0999984741211,15.510000228881836,2647.580078125,93.01000213623048,2.4170000553131104
2017-12-01,121.58999633789062,15.529999732971191,2642.219970703125,92.9000015258789,2.361999988555908
2017-12-04,121.18000030517578,15.4399995803833,2639.43994140625,93.19000244140624,2.378999948501587
2017-12-05,120.31999969482422,15.229999542236328,2629.570068359375,93.37999725341795,2.3559999465942383
2017-12-06,120.06999969482422,15.100000381469728,2629.27001953125,93.61000061035156,2.3299999237060547
2017-12-07,118.48999786376952,14.869999885559082,2636.97998046875,93.8000030517578,2.375999927520752
2017-12-08,118.4800033569336,14.960000038146973,2651.5,93.9000015258789,2.382999897003174
2017-12-11,118.01000213623048,14.850000381469728,2659.989990234375,93.87000274658205,2.384999990463257
2017-12-12,118.1500015258789,14.859999656677246,2664.110107421875,94.0999984741211,2.4030001163482666
2017-12-13,119.16999816894533,15.149999618530272,2662.85009765625,93.43000030517578,2.3489999771118164
2017-12-14,118.93000030517578,15.020000457763672,2652.010009765625,93.48999786376952,2.345999956130981
2017-12-15,119.18000030517578,15.149999618530272,2675.81005859375,93.93000030517578,2.3550000190734863
2017-12-18,119.7300033569336,15.220000267028809,2690.159912109375,93.6999969482422,2.3919999599456787
2017-12-19,119.81999969482422,15.220000267028809,2681.469970703125,93.47000122070312,2.463000059127808
2017-12-20,120.13999938964844,15.25,2679.25,93.3499984741211,2.496999979019165
2017-12-21,120.30999755859376,15.220000267028809,2684.570068359375,93.27999877929688,2.4809999465942383
2017-12-22,120.94000244140624,15.399999618530272,2683.340087890625,93.3499984741211,2.484999895095825
2017-12-26,121.7699966430664,15.59000015258789,2680.5,93.26000213623048,2.4670000076293945
2017-12-27,122.2300033569336,15.729999542236328,2682.6201171875,93.02999877929688,2.4140000343322754
2017-12-28,122.8499984741211,15.880000114440918,2687.5400390625,92.5999984741211,2.431999921798706
2017-12-29,123.6500015258789,15.989999771118164,2673.610107421875,92.12000274658205,2.4049999713897705
2018-01-02,125.1500015258789,16.209999084472656,2695.81005859375,91.8499984741211,2.4649999141693115
2018-01-03,124.81999969482422,16.170000076293945,2713.06005859375,92.16000366210938,2.447000026702881
2018-01-04,125.45999908447266,16.229999542236328,2723.989990234375,91.8499984741211,2.453000068664551
2018-01-05,125.33000183105467,16.219999313354492,2743.14990234375,91.9499969482422,2.4760000705718994
2018-01-08,125.30999755859376,16.149999618530273,2747.7099609375,92.33000183105467,2.4800000190734863
2018-01-09,124.7300033569336,16.030000686645508,2751.2900390625,92.52999877929688,2.5460000038146973
2018-01-10,125.02999877929688,16.020000457763672,2748.22998046875,92.33000183105467,2.549999952316284
2018-01-11,125.44000244140624,16.010000228881836,2767.56005859375,91.8499984741211,2.5309998989105225
2018-01-12,126.95999908447266,16.270000457763672,2786.239990234375,90.97000122070312,2.552000045776367
2018-01-16,127.16999816894533,16.25,2776.419921875,90.38999938964844,2.5439999103546143
2018-01-17,126.13999938964844,16.059999465942383,2802.56005859375,90.54000091552734,2.578000068664551
2018-01-18,125.86000061035156,15.970000267028809,2798.030029296875,90.5,2.611000061035156
2018-01-19,126.41999816894533,16.049999237060547,2810.300048828125,90.56999969482422,2.63700008392334
2018-01-22,126.6500015258789,16.040000915527344,2832.969970703125,90.4000015258789,2.664999961853028
2018-01-23,127.27999877929688,16.079999923706055,2839.1298828125,90.12000274658205,2.624000072479248
2018-01-24,128.8300018310547,16.559999465942383,2837.5400390625,89.20999908447266,2.6540000438690186
2018-01-25,127.97000122070312,16.309999465942383,2839.25,89.38999938964844,2.621000051498413
2018-01-26,128.07000732421875,16.40999984741211,2872.8701171875,89.06999969482422,2.6619999408721924
2018-01-29,127.3499984741211,16.209999084472656,2853.530029296875,89.30999755859375,2.6989998817443848
2018-01-30,126.8000030517578,16.149999618530273,2822.429931640625,89.19000244140625,2.7260000705718994
2018-01-31,127.6500015258789,16.350000381469727,2823.81005859375,89.12999725341797,2.720000028610229
2018-02-01,128.07000732421875,16.25,2821.97998046875,88.66999816894531,2.7730000019073486
2018-02-02,126.38999938964844,15.65999984741211,2762.1298828125,89.19999694824219,2.8540000915527344
2018-02-05,126.70999908447266,15.739999771118164,2648.93994140625,89.55000305175781,2.7939999103546143
2018-02-06,125.37999725341795,15.649999618530272,2695.139892578125,89.58999633789062,2.7679998874664307
2018-02-07,124.79000091552734,15.40999984741211,2681.659912109375,90.26000213623048,2.844000101089477
2018-02-08,124.9800033569336,15.460000038146973,2581.0,90.2300033569336,2.8510000705718994
2018-02-09,124.7699966430664,15.390000343322754,2619.550048828125,90.44000244140624,2.8289999961853027
2018-02-12,125.37000274658205,15.56999969482422,2656.0,90.20999908447266,2.8570001125335693
2018-02-13,126.08000183105467,15.619999885559082,2662.93994140625,89.69999694824219,2.8399999141693115
2018-02-14,128.22999572753906,15.90999984741211,2698.6298828125,89.12000274658203,2.9130001068115234
2018-02-15,128.3800048828125,15.90999984741211,2731.199951171875,88.58999633789062,2.8910000324249268
2018-02-16,127.95999908447266,15.729999542236328,2732.219970703125,89.0999984741211,2.877000093460083
2018-02-20,126.23999786376952,15.539999961853027,2716.260009765625,89.72000122070312,2.8929998874664307
2018-02-21,125.66000366210938,15.539999961853027,2701.330078125,90.08000183105467,2.943000078201294
2018-02-22,126.3000030517578,15.65999984741211,2703.9599609375,89.75,2.9170000553131104
2018-02-23,126.13999938964844,15.59000015258789,2747.300048828125,89.87999725341797,2.871000051498413
2018-02-26,126.4499969482422,15.68000030517578,2779.60009765625,89.81999969482422,2.858999967575073
2018-02-27,125.12999725341795,15.479999542236328,2744.280029296875,90.36000061035156,2.907999992370605
2018-02-28,125.0,15.460000038146973,2713.830078125,90.61000061035156,2.868000030517578
2018-03-01,124.72000122070312,15.539999961853027,2677.669921875,90.31999969482422,2.803999900817871
2018-03-02,125.38999938964844,15.5600004196167,2691.25,89.94000244140625,2.8570001125335693
2018-03-05,125.18000030517578,15.489999771118164,2720.93994140625,90.08000183105467,2.88100004196167
2018-03-06,126.52999877929688,15.779999732971191,2728.1201171875,89.62000274658203,2.877000093460083
2018-03-07,125.72000122070312,15.529999732971191,2726.800048828125,89.63999938964844,2.882999897003174
2018-03-08,125.41999816894533,15.550000190734863,2738.969970703125,90.12000274658205,2.865999937057495
2018-03-09,125.54000091552734,15.630000114440918,2786.570068359375,90.08999633789062,2.8940000534057617
2018-03-12,125.54000091552734,15.609999656677246,2783.02001953125,89.9000015258789,2.869999885559082
2018-03-13,125.77999877929688,15.609999656677246,2765.31005859375,89.66000366210938,2.8480000495910645
2018-03-14,125.6999969482422,15.609999656677246,2749.47998046875,89.69999694824219,2.816999912261963
2018-03-15,124.9000015258789,15.449999809265137,2747.330078125,90.13999938964844,2.825999975204468
2018-03-16,124.5999984741211,15.390000343322754,2752.010009765625,90.2300033569336,2.8480000495910645
2018-03-19,124.87000274658205,15.390000343322754,2712.919921875,89.9000015258789,2.845000028610229
2018-03-20,124.30999755859376,15.279999732971191,2716.93994140625,90.37000274658205,2.878999948501587
2018-03-21,126.4800033569336,15.649999618530272,2711.929931640625,89.77999877929688,2.907000064849853
2018-03-22,125.9800033569336,15.4399995803833,2643.68994140625,89.86000061035156,2.8320000171661377
2018-03-23,127.61000061035156,15.579999923706056,2588.260009765625,89.44000244140625,2.8299999237060547
2018-03-26,128.27999877929688,15.720000267028809,2658.550048828125,89.02999877929688,2.8429999351501465
2018-03-27,127.48999786376952,15.56999969482422,2612.6201171875,89.37000274658203,2.7860000133514404
2018-03-28,125.7300033569336,15.359999656677246,2605.0,90.05999755859375,2.775000095367432
2018-03-29,125.79000091552734,15.40999984741211,2640.8701171875,90.1500015258789,2.740999937057495
2018-04-02,127.26000213623048,15.649999618530272,2581.8798828125,90.05000305175781,2.7320001125335693
2018-04-03,126.3000030517578,15.460000038146973,2614.449951171875,90.1999969482422,2.7839999198913574
2018-04-04,126.4499969482422,15.380000114440918,2644.68994140625,90.13999938964844,2.7880001068115234
2018-04-05,125.8000030517578,15.449999809265137,2662.840087890625,90.45999908447266,2.8320000171661377
2018-04-06,126.38999938964844,15.43000030517578,2604.469970703125,90.11000061035156,2.775000095367432
2018-04-09,126.81999969482422,15.5600004196167,2613.159912109375,89.83999633789062,2.7860000133514404
2018-04-10,127.12000274658205,15.619999885559082,2656.8701171875,89.58999633789062,2.796999931335449
2018-04-11,128.11000061035156,15.6899995803833,2642.18994140625,89.56999969482422,2.789999961853028
2018-04-12,126.62000274658205,15.520000457763672,2663.989990234375,89.75,2.8340001106262207
2018-04-13,127.4499969482422,15.68000030517578,2656.300048828125,89.80000305175781,2.8289999961853027
2018-04-16,127.62999725341795,15.720000267028809,2677.840087890625,89.43000030517578,2.8320000171661377
2018-04-17,127.75,15.800000190734863,2706.389892578125,89.5199966430664,2.813999891281128
2018-04-18,127.8499984741211,16.18000030517578,2708.639892578125,89.62000274658203,2.867000102996826
2018-04-19,127.5999984741211,16.260000228881836,2693.1298828125,89.94000244140625,2.9140000343322754
2018-04-20,126.62999725341795,16.1299991607666,2670.139892578125,90.31999969482422,2.950999975204468
2018-04-23,125.62000274658205,15.670000076293944,2670.2900390625,90.94000244140624,2.9730000495910645
2018-04-24,126.2300033569336,15.760000228881836,2634.56005859375,90.7699966430664,2.9830000400543213
2018-04-25,125.41000366210938,15.609999656677246,2639.39990234375,91.16999816894533,3.0239999294281006
2018-04-26,124.97000122070312,15.579999923706056,2666.93994140625,91.55999755859376,2.990000009536743
2018-04-27,125.5,15.56999969482422,2669.909912109375,91.54000091552734,2.9570000171661377
2018-04-30,124.58999633789062,15.380000114440918,2648.050048828125,91.83999633789062,2.936000108718872
2018-05-01,123.70999908447266,15.239999771118164,2654.800048828125,92.4499969482422,2.9760000705718994
2018-05-02,123.6500015258789,15.420000076293944,2635.669921875,92.51000213623048,2.96399998664856
2018-05-03,124.27999877929688,15.460000038146973,2629.72998046875,92.41000366210938,2.946000099182129
2018-05-04,124.54000091552734,15.539999961853027,2663.419921875,92.56999969482422,2.944000005722046
2018-05-07,124.56999969482422,15.520000457763672,2672.6298828125,92.75,2.950000047683716
2018-05-08,124.58999633789062,15.510000228881836,2671.919921875,93.12000274658205,2.969000101089477
2018-05-09,124.33000183105467,15.529999732971191,2697.7900390625,93.04000091552734,3.003999948501587
2018-05-10,125.18000030517578,15.739999771118164,2723.070068359375,92.6500015258789,2.970999956130981
2018-05-11,125.0,15.699999809265137,2727.719970703125,92.54000091552734,2.970999956130981
2018-05-14,124.48999786376952,15.5600004196167,2730.1298828125,92.58999633789062,2.994999885559082
2018-05-15,122.4800033569336,15.329999923706056,2711.449951171875,93.22000122070312,3.0799999237060547
2018-05-16,122.29000091552734,15.40999984741211,2722.4599609375,93.38999938964844,3.095000028610229
2018-05-17,122.36000061035156,15.470000267028809,2720.1298828125,93.47000122070312,3.108999967575073
2018-05-18,122.41000366210938,15.479999542236328,2712.969970703125,93.63999938964844,3.066999912261963
2018-05-21,122.4800033569336,15.539999961853027,2733.010009765625,93.68000030517578,3.065000057220459
2018-05-22,122.41000366210938,15.579999923706056,2724.43994140625,93.61000061035156,3.065000057220459
2018-05-23,122.54000091552734,15.5,2733.2900390625,94.01000213623048,3.003000020980835
2018-05-24,123.58999633789062,15.6899995803833,2727.760009765625,93.77999877929688,2.9809999465942383
2018-05-25,123.20999908447266,15.529999732971191,2721.330078125,94.19000244140624,2.930999994277954
2018-05-29,123.19000244140624,15.4399995803833,2689.860107421875,94.83000183105467,2.7679998874664307
2018-05-30,123.37000274658205,15.550000190734863,2724.010009765625,94.1500015258789,2.8420000076293945
2018-05-31,123.0999984741211,15.460000038146973,2705.27001953125,93.98999786376952,2.822000026702881
2018-06-01,122.48999786376952,15.4399995803833,2734.6201171875,94.19000244140624,2.8949999809265137
2018-06-04,122.37000274658205,15.449999809265137,2746.8701171875,94.0199966430664,2.937000036239624
2018-06-05,122.8499984741211,15.520000457763672,2748.800048828125,93.88999938964844,2.9189999103546143
2018-06-06,122.91999816894533,15.699999809265137,2772.35009765625,93.66000366210938,2.9749999046325684
2018-06-07,122.86000061035156,15.720000267028809,2770.3701171875,93.4000015258789,2.933000087738037
2018-06-08,123.01000213623048,15.779999732971191,2779.030029296875,93.5500030517578,2.937000036239624
2018-06-11,123.2300033569336,15.9399995803833,2782.0,93.58000183105467,2.9570000171661377
2018-06-12,122.81999969482422,15.869999885559082,2786.85009765625,93.8000030517578,2.9570000171661377
2018-06-13,123.19000244140624,16.079999923706055,2775.6298828125,93.70999908447266,2.976999998092652
2018-06-14,123.37999725341795,16.170000076293945,2782.489990234375,94.7699966430664,2.946000099182129
2018-06-15,121.33999633789062,15.600000381469728,2779.659912109375,94.79000091552734,2.924000024795532
2018-06-18,121.11000061035156,15.510000228881836,2773.75,94.75,2.9260001182556152
2018-06-19,120.8000030517578,15.359999656677246,2762.590087890625,95.08999633789062,2.8929998874664307
2018-06-20,120.26000213623048,15.34000015258789,2767.320068359375,95.05999755859376,2.927999973297119
2018-06-21,120.0500030517578,15.359999656677246,2749.760009765625,94.87000274658205,2.8970000743865967
2018-06-22,120.33999633789062,15.5,2754.8798828125,94.5199966430664,2.900000095367432
2018-06-25,119.88999938964844,15.369999885559082,2717.070068359375,94.27999877929688,2.875
2018-06-26,119.26000213623048,15.329999923706056,2723.06005859375,94.68000030517578,2.880000114440918
2018-06-27,118.58000183105467,15.119999885559082,2699.6298828125,95.29000091552734,2.82699990272522
2018-06-28,118.22000122070312,15.06999969482422,2716.31005859375,95.38999938964844,2.8469998836517334
2018-06-29,118.6500015258789,15.149999618530272,2718.3701171875,94.62999725341795,2.8489999771118164
2018-07-02,117.45999908447266,14.90999984741211,2726.7099609375,94.87000274658205,2.865999937057495
2018-07-03,118.6500015258789,15.029999732971191,2713.219970703125,94.58999633789062,2.838000059127808
2018-07-05,119.0500030517578,15.100000381469728,2736.610107421875,94.47000122070312,2.8399999141693115
2018-07-06,118.86000061035156,15.079999923706056,2759.820068359375,94.04000091552734,2.8310000896453857
2018-07-09,119.1500015258789,15.170000076293944,2784.169921875,94.08000183105467,2.859999895095825
2018-07-10,118.93000030517578,15.119999885559082,2793.840087890625,94.11000061035156,2.872999906539917
2018-07-11,117.63999938964844,14.859999656677246,2774.02001953125,94.72000122070312,2.8420000076293945
2018-07-12,118.12999725341795,15.0,2798.2900390625,94.80999755859376,2.8529999256134038
2018-07-13,117.61000061035156,14.880000114440918,2801.31005859375,94.75,2.8310000896453857
2018-07-16,117.5500030517578,14.850000381469728,2798.429931640625,94.51000213623048,2.8580000400543213
2018-07-17,116.27999877929688,14.670000076293944,2809.550048828125,94.97000122070312,2.864000082015991
2018-07-18,116.30999755859376,14.630000114440918,2815.6201171875,95.08000183105467,2.875
2018-07-19,115.80999755859376,14.420000076293944,2804.489990234375,95.16999816894533,2.8469998836517334
2018-07-20,116.55999755859376,14.59000015258789,2801.830078125,94.45999908447266,2.8949999809265137
2018-07-23,116.0,14.470000267028809,2806.97998046875,94.66999816894533,2.9649999141693115
2018-07-24,116.04000091552734,14.579999923706056,2820.39990234375,94.61000061035156,2.9489998817443848
2018-07-25,116.68000030517578,14.68000030517578,2846.070068359375,94.36000061035156,2.936000108718872
2018-07-26,115.7699966430664,14.489999771118164,2837.43994140625,94.75,2.9749999046325684
2018-07-27,115.83000183105467,14.56999969482422,2818.820068359375,94.68000030517578,2.9600000381469727
2018-07-30,115.6500015258789,14.579999923706056,2802.60009765625,94.36000061035156,2.9749999046325684
2018-07-31,115.98999786376952,14.609999656677246,2816.2900390625,94.48999786376952,2.96399998664856
2018-08-01,115.13999938964844,14.479999542236328,2813.360107421875,94.62000274658205,3.003000020980835
2018-08-02,114.5199966430664,14.43000030517578,2827.219970703125,95.16999816894533,2.986000061035156
2018-08-03,114.91999816894533,14.5,2840.35009765625,95.13999938964844,2.953000068664551
2018-08-06,114.33000183105467,14.399999618530272,2850.39990234375,95.36000061035156,2.937999963760376
2018-08-07,114.58999633789062,14.43000030517578,2858.449951171875,95.22000122070312,2.9730000495910645
2018-08-08,114.91000366210938,14.5,2857.699951171875,95.0999984741211,2.970999956130981
2018-08-09,114.73999786376952,14.520000457763672,2853.580078125,95.5,2.934999942779541
2018-08-10,114.69000244140624,14.40999984741211,2833.280029296875,96.36000061035156,2.8570001125335693
2018-08-13,112.95999908447266,14.100000381469728,2821.929931640625,96.38999938964844,2.877000093460083
2018-08-14,113.06999969482422,14.170000076293944,2839.9599609375,96.7300033569336,2.8949999809265137
2018-08-15,111.19000244140624,13.56999969482422,2818.3701171875,96.6999969482422,2.851999998092652
2018-08-16,111.0999984741211,13.770000457763672,2840.68994140625,96.6500015258789,2.871000051498413
2018-08-17,112.12999725341795,13.920000076293944,2850.1298828125,96.0999984741211,2.872999906539917
2018-08-20,112.69000244140624,13.880000114440918,2857.050048828125,95.9000015258789,2.822999954223633
2018-08-21,113.0199966430664,13.890000343322754,2862.9599609375,95.26000213623048,2.844000101089477
2018-08-22,113.2699966430664,13.880000114440918,2861.820068359375,95.1500015258789,2.822999954223633
2018-08-23,112.1999969482422,13.649999618530272,2856.97998046875,95.62000274658205,2.821000099182129
2018-08-24,114.16000366210938,13.920000076293944,2874.68994140625,95.1500015258789,2.825999975204468
2018-08-27,114.58999633789062,13.989999771118164,2896.739990234375,94.77999877929688,2.8480000495910645
2018-08-28,113.68000030517578,13.84000015258789,2897.52001953125,94.72000122070312,2.884000062942505
2018-08-29,114.1999969482422,13.869999885559082,2914.0400390625,94.5999984741211,2.884000062942505
2018-08-30,113.63999938964844,13.699999809265137,2901.1298828125,94.72000122070312,2.859999895095825
2018-08-31,113.51000213623048,13.649999618530272,2901.52001953125,95.13999938964844,2.8529999256134038
2018-09-04,112.93000030517578,13.3100004196167,2896.719970703125,95.41999816894533,2.9019999504089355
2018-09-05,113.31999969482422,13.350000381469728,2888.60009765625,95.12999725341795,2.9019999504089355
2018-09-06,113.54000091552734,13.3100004196167,2878.050048828125,95.0199966430664,2.878999948501587
2018-09-07,113.2300033569336,13.31999969482422,2871.679931640625,95.37000274658205,2.941999912261963
2018-09-10,113.1500015258789,13.3100004196167,2877.1298828125,95.1500015258789,2.937000036239624
2018-09-11,113.22000122070312,13.279999732971191,2887.889892578125,95.05999755859376,2.976999998092652
2018-09-12,114.16999816894533,13.390000343322754,2888.919921875,94.8000030517578,2.963000059127808
2018-09-13,113.76000213623048,13.350000381469728,2904.179931640625,94.54000091552734,2.963000059127808
2018-09-14,113.0199966430664,13.229999542236328,2904.97998046875,94.9800033569336,2.99399995803833
2018-09-17,113.61000061035156,13.3100004196167,2888.800048828125,94.51000213623048,3.000999927520752
2018-09-18,113.44000244140624,13.3100004196167,2904.31005859375,94.62000274658205,3.0480000972747803
2018-09-19,113.87999725341795,13.399999618530272,2907.949951171875,94.5500030517578,3.0829999446868896
2018-09-20,114.2699966430664,13.449999809265137,2930.75,93.91000366210938,3.078000068664551
2018-09-21,113.48999786376952,13.4399995803833,2929.669921875,94.22000122070312,3.068000078201294
2018-09-24,113.47000122070312,13.40999984741211,2919.3701171875,94.26000213623048,3.078000068664551
2018-09-25,113.6500015258789,13.59000015258789,2915.56005859375,94.12999725341795,3.101999998092652
2018-09-26,113.0500030517578,13.489999771118164,2905.969970703125,94.19000244140624,3.061000108718872
2018-09-27,112.0500030517578,13.40999984741211,2914.0,95.0,3.055999994277954
2018-09-28,112.76000213623048,13.729999542236328,2913.97998046875,95.19000244140624,3.055999994277954
2018-10-01,112.56999969482422,13.619999885559082,2924.590087890625,95.3000030517578,3.0799999237060547
2018-10-02,113.87000274658205,13.789999961853027,2923.429931640625,95.51000213623048,3.055999994277954
2018-10-03,113.41999816894533,13.779999732971191,2925.510009765625,95.76000213623048,3.1610000133514404
2018-10-04,113.4800033569336,13.710000038146973,2901.610107421875,95.75,3.197000026702881
2018-10-05,113.8000030517578,13.75,2885.570068359375,95.62000274658205,3.2249999046325684
2018-10-08,112.54000091552734,13.529999732971191,2884.429931640625,95.7699966430664,3.2330000400543213
2018-10-09,112.5999984741211,13.529999732971191,2880.340087890625,95.68000030517578,3.2079999446868896
2018-10-10,112.87999725341795,13.449999809265137,2785.679931640625,95.51000213623048,3.2249999046325684
2018-10-11,115.77999877929688,13.670000076293944,2728.3701171875,95.0199966430664,3.132999897003174
2018-10-12,115.2300033569336,13.739999771118164,2767.1298828125,95.22000122070312,3.1410000324249268
2018-10-15,116.0,13.800000190734863,2750.7900390625,95.06999969482422,3.1630001068115234
2018-10-16,115.8000030517578,13.779999732971191,2809.919921875,95.0500030517578,3.1559998989105225
2018-10-17,115.79000091552734,13.739999771118164,2809.2099609375,95.58000183105467,3.178999900817871
2018-10-18,115.91999816894533,13.699999809265137,2768.780029296875,95.9000015258789,3.174999952316284
2018-10-19,116.01000213623048,13.739999771118164,2767.780029296875,95.70999908447266,3.197999954223633
2018-10-22,115.70999908447266,13.68000030517578,2755.8798828125,96.01000213623048,3.196000099182129
2018-10-23,116.38999938964844,13.829999923706056,2740.68994140625,95.95999908447266,3.1659998893737797
2018-10-24,116.66000366210938,13.789999961853027,2656.10009765625,96.43000030517578,3.124000072479248
2018-10-25,116.4000015258789,13.739999771118164,2705.570068359375,96.68000030517578,3.135999917984009
2018-10-26,116.7699966430664,13.8100004196167,2658.68994140625,96.36000061035156,3.07699990272522
2018-10-29,116.30999755859376,13.59000015258789,2641.25,96.58000183105467,3.086999893188477
2018-10-30,115.8000030517578,13.609999656677246,2682.6298828125,97.01000213623048,3.109999895095825
2018-10-31,115.1500015258789,13.40999984741211,2711.739990234375,97.12999725341795,3.1589999198913574
2018-11-01,116.62999725341795,13.829999923706056,2740.3701171875,96.27999877929688,3.1440000534057617
2018-11-02,116.6500015258789,13.859999656677246,2723.06005859375,96.54000091552734,3.21399998664856
2018-11-05,116.37000274658205,13.760000228881836,2738.31005859375,96.3499984741211,3.200999975204468
2018-11-06,116.04000091552734,13.649999618530272,2755.449951171875,96.31999969482422,3.21399998664856
2018-11-07,116.02999877929688,13.670000076293944,2813.889892578125,96.0,3.213000059127808
2018-11-08,115.77999877929688,13.5600004196167,2806.830078125,96.63999938964844,3.233999967575073
2018-11-09,114.4800033569336,13.31999969482422,2781.010009765625,96.91000366210938,3.188999891281128
2018-11-12,113.66000366210938,13.170000076293944,2726.219970703125,97.54000091552734,3.186000108718872
2018-11-13,113.6999969482422,13.149999618530272,2722.179931640625,97.3000030517578,3.1449999809265137
2018-11-14,114.63999938964844,13.279999732971191,2701.580078125,96.8000030517578,3.119999885559082
2018-11-15,114.7699966430664,13.420000076293944,2730.199951171875,96.93000030517578,3.118000030517578
2018-11-16,115.62000274658205,13.529999732971191,2736.27001953125,96.47000122070312,3.0739998817443848
2018-11-19,115.66999816894533,13.550000190734863,2690.72998046875,96.19000244140624,3.056999921798706
2018-11-20,115.66999816894533,13.449999809265137,2641.889892578125,96.80999755859376,3.0480000972747803
2018-11-21,115.86000061035156,13.600000381469728,2649.929931640625,96.70999908447266,3.061000108718872
2018-11-23,115.7699966430664,13.420000076293944,2632.56005859375,96.91999816894533,3.053999900817871
2018-11-26,115.63999938964844,13.390000343322754,2673.449951171875,97.06999969482422,3.072000026702881
2018-11-27,114.9499969482422,13.289999961853027,2682.169921875,97.37000274658205,3.055000066757202
2018-11-28,115.37999725341795,13.43000030517578,2743.7900390625,96.79000091552734,3.0439999103546143
2018-11-29,115.73999786376952,13.43000030517578,2737.800048828125,96.77999877929688,3.0350000858306885
2018-11-30,115.54000091552734,13.31999969482422,2760.169921875,97.2699966430664,3.013000011444092
2018-12-03,116.41000366210938,13.489999771118164,2790.3701171875,97.04000091552734,2.992000102996826
2018-12-04,117.12000274658205,13.619999885559082,2700.06005859375,96.97000122070312,2.924000024795532
2018-12-06,117.13999938964844,13.600000381469728,2695.949951171875,96.80999755859376,2.875999927520752
2018-12-07,118.08999633789062,13.729999542236328,2633.080078125,96.51000213623048,2.8499999046325684
2018-12-10,117.68000030517578,13.649999618530272,2637.719970703125,97.22000122070312,2.8559999465942383
2018-12-11,117.54000091552734,13.65999984741211,2636.780029296875,97.38999938964844,2.878999948501587
2018-12-12,117.79000091552734,13.81999969482422,2651.070068359375,97.04000091552734,2.9059998989105225
2018-12-13,117.52999877929688,13.859999656677246,2650.5400390625,97.05999755859376,2.9110000133514404
2018-12-14,117.05999755859376,13.699999809265137,2599.949951171875,97.44000244140624,2.8910000324249268
2018-12-17,117.87000274658205,13.770000457763672,2545.93994140625,97.0999984741211,2.8570001125335693
2018-12-18,118.1500015258789,13.75,2546.159912109375,97.13999938964844,2.825000047683716
2018-12-19,117.43000030517578,13.6899995803833,2506.9599609375,97.04000091552734,2.7780001163482666
2018-12-20,119.23999786376952,13.850000381469728,2467.419921875,96.27999877929688,2.7890000343322754
2018-12-21,118.72000122070312,13.739999771118164,2416.6201171875,96.95999908447266,2.7920000553131104
2018-12-24,120.0199966430664,13.869999885559082,2351.10009765625,96.5500030517578,2.749000072479248
2018-12-26,119.66000366210938,14.109999656677246,2467.699951171875,97.0500030517578,2.796999931335449
2018-12-27,120.56999969482422,14.300000190734863,2488.830078125,96.4800033569336,2.743000030517578
2018-12-28,121.05999755859376,14.420000076293944,2485.739990234375,96.38999938964844,2.736000061035156
2018-12-31,121.25,14.520000457763672,2506.85009765625,96.16999816894533,2.686000108718872
2019-01-02,121.33000183105467,14.5600004196167,2510.030029296875,96.81999969482422,2.6610000133514404
2019-01-03,122.43000030517578,14.75,2447.889892578125,96.30999755859376,2.553999900817871
2019-01-04,121.44000244140624,14.729999542236328,2531.93994140625,96.19000244140624,2.6589999198913574
2019-01-07,121.86000061035156,14.670000076293944,2549.68994140625,95.70999908447266,2.681999921798706
2019-01-08,121.52999877929688,14.6899995803833,2574.409912109375,95.9000015258789,2.7160000801086426
2019-01-09,122.30999755859376,14.779999732971191,2584.9599609375,95.22000122070312,2.7279999256134038
2019-01-10,121.58999633789062,14.600000381469728,2596.639892578125,95.54000091552734,2.7309999465942383
2019-01-11,121.8000030517578,14.640000343322754,2596.260009765625,95.66999816894533,2.700999975204468
2019-01-14,122.08999633789062,14.65999984741211,2582.610107421875,95.58999633789062,2.7100000381469727
2019-01-15,121.87999725341795,14.600000381469728,2610.300048828125,95.97000122070312,2.7109999656677246
2019-01-16,122.2699966430664,14.630000114440918,2616.10009765625,96.05999755859376,2.7309999465942383
2019-01-17,122.11000061035156,14.56999969482422,2635.9599609375,96.06999969482422,2.749000072479248
2019-01-18,121.0199966430664,14.369999885559082,2670.7099609375,96.33999633789062,2.7839999198913574
2019-01-22,121.4499969482422,14.390000343322754,2632.89990234375,96.3000030517578,2.7300000190734863
2019-01-23,121.27999877929688,14.420000076293944,2638.699951171875,96.12000274658205,2.755000114440918
2019-01-24,121.08999633789062,14.359999656677246,2642.330078125,96.5999984741211,2.711999893188477
2019-01-25,122.86000061035156,14.739999771118164,2664.760009765625,95.79000091552734,2.753000020980835
2019-01-28,123.29000091552734,14.789999961853027,2643.85009765625,95.75,2.74399995803833
2019-01-29,123.9800033569336,14.880000114440918,2640.0,95.81999969482422,2.711999893188477
2019-01-30,124.69000244140624,15.050000190734863,2681.050048828125,95.33999633789062,2.694999933242798
2019-01-31,124.75,15.050000190734863,2704.10009765625,95.58000183105467,2.634999990463257
2019-02-01,124.5,14.920000076293944,2706.530029296875,95.58000183105467,2.690999984741211
2019-02-04,123.95999908447266,14.880000114440918,2724.8701171875,95.8499984741211,2.7239999771118164
2019-02-05,124.27999877929688,14.869999885559082,2737.699951171875,96.0999984741211,2.70199990272522
2019-02-06,123.44000244140624,14.68000030517578,2731.610107421875,96.41999816894533,2.70199990272522
2019-02-07,123.73999786376952,14.770000457763672,2706.050048828125,96.51000213623048,2.6519999504089355
2019-02-08,124.20999908447266,14.829999923706056,2707.8798828125,96.63999938964844,2.631999969482422
2019-02-11,123.5999984741211,14.720000267028809,2709.800048828125,97.05999755859376,2.6610000133514404
2019-02-12,123.86000061035156,14.729999542236328,2744.72998046875,96.70999908447266,2.684000015258789
2019-02-13,123.37000274658205,14.59000015258789,2753.030029296875,97.12999725341795,2.7079999446868896
2019-02-14,124.05999755859376,14.649999618530272,2745.72998046875,96.9800033569336,2.657000064849853
2019-02-15,124.8000030517578,14.81999969482422,2775.60009765625,96.91999816894533,2.6659998893737797
2019-02-19,126.6999969482422,15.020000457763672,2779.760009765625,96.5199966430664,2.6470000743865967
2019-02-20,126.4800033569336,15.06999969482422,2784.699951171875,96.4499969482422,2.6540000438690186
2019-02-21,125.0500030517578,14.829999923706056,2774.8798828125,96.61000061035156,2.687999963760376
2019-02-22,125.5,14.949999809265137,2792.669921875,96.51000213623048,2.6549999713897705
2019-02-25,125.37000274658205,14.899999618530272,2796.110107421875,96.41000366210938,2.6730000972747803
2019-02-26,125.58000183105467,14.9399995803833,2793.89990234375,96.0,2.635999917984009
2019-02-27,124.69000244140624,14.75,2792.3798828125,96.1500015258789,2.693000078201294
2019-02-28,123.98999786376952,14.630000114440918,2784.489990234375,96.16000366210938,2.7109999656677246
2019-03-01,121.87999725341795,14.199999809265137,2803.68994140625,96.52999877929688,2.755000114440918
2019-03-04,121.55999755859376,14.149999618530272,2792.81005859375,96.68000030517578,2.7219998836517334
2019-03-05,121.72000122070312,14.199999809265137,2789.64990234375,96.8499984741211,2.7219998836517334
2019-03-06,121.61000061035156,14.149999618530272,2771.449951171875,96.87000274658205,2.691999912261963
2019-03-07,121.51000213623048,14.09000015258789,2748.929931640625,97.66999816894533,2.635999917984009
2019-03-08,122.83999633789062,14.40999984741211,2743.070068359375,97.37000274658205,2.625
2019-03-11,122.23999786376952,14.369999885559082,2783.300048828125,97.22000122070312,2.6429998874664307
2019-03-12,122.9800033569336,14.479999542236328,2791.52001953125,96.94000244140624,2.6050000190734863
2019-03-13,123.83999633789062,14.510000228881836,2810.919921875,96.5500030517578,2.611000061035156
2019-03-14,122.41000366210938,14.239999771118164,2808.47998046875,96.79000091552734,2.630000114440918
2019-03-15,122.97000122070312,14.329999923706056,2822.47998046875,96.5999984741211,2.5929999351501465
2019-03-18,123.04000091552734,14.390000343322754,2832.93994140625,96.5199966430664,2.601999998092652
2019-03-19,123.37999725341795,14.399999618530272,2832.570068359375,96.37999725341795,2.614000082015991
2019-03-20,124.18000030517578,14.539999961853027,2824.22998046875,95.76000213623048,2.5350000858306885
2019-03-21,123.68000030517578,14.5,2854.8798828125,96.5,2.5369999408721924
2019-03-22,123.97000122070312,14.449999809265137,2800.7099609375,96.6500015258789,2.4549999237060547
2019-03-25,124.91999816894533,14.5600004196167,2798.360107421875,96.56999969482422,2.4200000762939453
2019-03-26,124.3000030517578,14.470000267028809,2818.4599609375,96.73999786376952,2.4140000343322754
2019-03-27,123.6500015258789,14.31999969482422,2805.3701171875,96.7699966430664,2.374000072479248
2019-03-28,121.9000015258789,14.06999969482422,2815.43994140625,97.1999969482422,2.388999938964844
2019-03-29,122.01000213623048,14.18000030517578,2834.39990234375,97.27999877929688,2.4140000343322754
2019-04-01,121.52999877929688,14.149999618530272,2867.18994140625,97.25,2.496999979019165
2019-04-02,121.9800033569336,14.15999984741211,2867.239990234375,97.36000061035156,2.4809999465942383
2019-04-03,121.8000030517578,14.199999809265137,2873.39990234375,97.08999633789062,2.5169999599456787
2019-04-04,122.11000061035156,14.220000267028809,2879.389892578125,97.30999755859376,2.51200008392334
2019-04-05,121.9800033569336,14.170000076293944,2892.739990234375,97.4000015258789,2.500999927520752
2019-04-08,122.51000213623048,14.3100004196167,2895.77001953125,97.0500030517578,2.5190000534057617
2019-04-09,123.1500015258789,14.279999732971191,2878.199951171875,97.01000213623048,2.499000072479248
2019-04-10,123.52999877929688,14.279999732971191,2888.2099609375,96.9499969482422,2.476999998092652
2019-04-11,121.9499969482422,14.020000457763672,2888.320068359375,97.18000030517578,2.503999948501587
2019-04-12,121.83000183105467,14.050000190734863,2907.409912109375,96.97000122070312,2.559999942779541
2019-04-15,121.5999984741211,14.0600004196167,2905.580078125,96.94000244140624,2.552999973297119
2019-04-16,120.51000213623048,14.06999969482422,2907.06005859375,97.04000091552734,2.5920000076293945
2019-04-17,120.27999877929688,14.050000190734863,2900.449951171875,97.01000213623048,2.5920000076293945
2019-04-18,120.37000274658205,14.0600004196167,2905.030029296875,97.47000122070312,2.559999942779541
2019-04-22,120.37000274658205,14.079999923706056,2907.969970703125,97.27999877929688,2.5899999141693115
2019-04-23,120.12000274658205,13.90999984741211,2933.679931640625,97.56999969482422,2.569999933242798
2019-04-24,120.47000122070312,14.0,2927.25,98.0999984741211,2.5220000743865967
2019-04-25,120.56999969482422,14.0,2926.169921875,98.1999969482422,2.5339999198913574
2019-04-26,121.37000274658205,14.100000381469728,2939.8798828125,98.01000213623048,2.505000114440918
2019-04-29,120.83000183105467,13.989999771118164,2943.030029296875,97.86000061035156,2.5360000133514404
2019-04-30,121.1999969482422,14.020000457763672,2945.830078125,97.4800033569336,2.509000062942505
2019-05-01,120.4000015258789,13.75,2923.72998046875,97.69000244140624,2.510999917984009
2019-05-02,119.94000244140624,13.710000038146973,2917.52001953125,97.83000183105467,2.552000045776367
2019-05-03,120.6500015258789,13.960000038146973,2945.639892578125,97.5199966430664,2.5309998989105225
2019-05-06,120.80999755859376,13.979999542236328,2932.469970703125,97.5199966430664,2.5
2019-05-07,121.20999908447266,13.979999542236328,2884.050048828125,97.62999725341795,2.447999954223633
2019-05-08,120.91000366210938,13.890000343322754,2879.419921875,97.62000274658205,2.4820001125335693
2019-05-09,121.1999969482422,13.829999923706056,2870.719970703125,97.37000274658205,2.4570000171661377
2019-05-10,121.43000030517578,13.84000015258789,2881.39990234375,97.33000183105467,2.4549999237060547
2019-05-13,122.66999816894533,13.84000015258789,2811.8701171875,97.31999969482422,2.4049999713897705
2019-05-14,122.45999908447266,13.859999656677246,2834.409912109375,97.52999877929688,2.4189999103546143
2019-05-15,122.38999938964844,13.850000381469728,2850.9599609375,97.56999969482422,2.378999948501587
2019-05-16,121.51000213623048,13.649999618530272,2876.320068359375,97.83999633789062,2.4049999713897705
2019-05-17,120.6500015258789,13.520000457763672,2859.530029296875,98.0,2.3929998874664307
2019-05-20,120.63999938964844,13.550000190734863,2840.22998046875,97.93000030517578,2.4159998893737797
2019-05-21,120.36000061035156,13.529999732971191,2864.360107421875,98.05999755859376,2.4260001182556152
2019-05-22,120.23999786376952,13.539999961853027,2856.27001953125,98.11000061035156,2.3929998874664307
2019-05-23,121.16999816894533,13.68000030517578,2822.239990234375,97.8499984741211,2.2960000038146973
2019-05-24,121.3000030517578,13.649999618530272,2826.06005859375,97.61000061035156,2.3239998817443848
2019-05-28,120.83000183105467,13.460000038146973,2802.389892578125,97.95999908447266,2.2679998874664307
2019-05-29,120.87000274658205,13.520000457763672,2783.02001953125,98.13999938964844,2.236000061035156
2019-05-30,121.69000244140624,13.600000381469728,2788.860107421875,98.13999938964844,2.226999998092652
2019-05-31,123.33000183105467,13.649999618530272,2752.06005859375,97.75,2.1419999599456787
2019-06-03,125.11000061035156,13.869999885559082,2744.449951171875,97.13999938964844,2.0810000896453857
2019-06-04,125.1500015258789,13.890000343322754,2803.27001953125,97.06999969482422,2.11899995803833
2019-06-05,125.47000122070312,13.880000114440918,2826.14990234375,97.37000274658205,2.122999906539917
2019-06-06,125.87999725341795,13.920000076293944,2843.489990234375,97.02999877929688,2.124000072479248
2019-06-07,126.58999633789062,14.0600004196167,2873.340087890625,96.61000061035156,2.0840001106262207
2019-06-10,125.33000183105467,13.779999732971191,2886.72998046875,96.76000213623048,2.1429998874664307
2019-06-11,125.18000030517578,13.8100004196167,2885.719970703125,96.69000244140624,2.140000104904175
2019-06-12,125.83000183105467,13.84000015258789,2879.840087890625,97.0,2.127000093460083
2019-06-13,126.5999984741211,13.960000038146973,2891.639892578125,97.01000213623048,2.0910000801086426
2019-06-14,126.55999755859376,13.90999984741211,2886.97998046875,97.56999969482422,2.0929999351501465
2019-06-17,126.4800033569336,13.899999618530272,2889.669921875,97.55999755859376,2.0859999656677246
2019-06-18,127.12000274658205,14.050000190734863,2917.75,97.63999938964844,2.059999942779541
2019-06-19,127.88999938964844,14.170000076293944,2926.4599609375,97.12000274658205,2.0290000438690186
2019-06-20,131.11000061035156,14.449999809265137,2954.179931640625,96.62999725341795,2.000999927520752
2019-06-21,131.97999572753906,14.359999656677246,2950.4599609375,96.22000122070312,2.068000078201294
2019-06-24,133.94000244140625,14.460000038146973,2945.35009765625,95.9800033569336,2.0209999084472656
2019-06-25,134.1999969482422,14.380000114440918,2917.3798828125,96.16000366210938,1.99399995803833
2019-06-26,132.97000122070312,14.31999969482422,2913.780029296875,96.20999908447266,2.049000024795532
2019-06-27,132.83999633789062,14.279999732971191,2924.919921875,96.19000244140624,2.005000114440918
2019-06-28,133.1999969482422,14.329999923706056,2941.760009765625,96.12999725341795,2.0
2019-07-01,130.6199951171875,14.18000030517578,2964.330078125,96.83999633789062,2.0339999198913574
2019-07-02,133.41000366210938,14.289999961853027,2973.010009765625,96.7300033569336,1.9759999513626096
2019-07-03,133.6300048828125,14.31999969482422,2995.820068359375,96.7699966430664,1.9529999494552608
2019-07-05,132.13999938964844,14.0600004196167,2990.409912109375,97.25,2.0480000972747803
2019-07-08,131.2899932861328,14.050000190734863,2975.949951171875,97.37999725341795,2.0339999198913574
2019-07-09,131.75,14.140000343322754,2979.6298828125,97.48999786376952,2.053999900817871
2019-07-10,133.8300018310547,14.260000228881836,2993.070068359375,97.0999984741211,2.061000108718872
2019-07-11,132.6999969482422,14.170000076293944,2999.909912109375,97.0500030517578,2.119999885559082
2019-07-12,133.52999877929688,14.260000228881836,3013.77001953125,96.80999755859376,2.1059999465942383
2019-07-15,133.52999877929688,14.420000076293944,3014.300048828125,96.93000030517578,2.0920000076293945
2019-07-16,132.39999389648438,14.539999961853027,3004.0400390625,97.4000015258789,2.121999979019165
2019-07-17,134.5800018310547,14.9399995803833,2984.419921875,97.22000122070312,2.061000108718872
2019-07-18,136.47999572753906,15.289999961853027,2995.110107421875,96.79000091552734,2.0380001068115234
2019-07-19,134.47000122070312,15.170000076293944,2976.610107421875,97.1500015258789,2.0480000972747803
2019-07-22,134.4499969482422,15.350000381469728,2985.030029296875,97.26000213623048,2.0429999828338623
2019-07-23,133.69000244140625,15.34000015258789,3005.469970703125,97.70999908447266,2.0739998817443848
2019-07-24,134.3699951171875,15.520000457763672,3019.56005859375,97.7300033569336,2.049999952316284
2019-07-25,133.4199981689453,15.359999656677246,3003.669921875,97.81999969482422,2.0739998817443848
2019-07-26,133.63999938964844,15.3100004196167,3025.860107421875,98.01000213623048,2.0810000896453857
2019-07-29,134.52999877929688,15.399999618530272,3020.969970703125,98.04000091552734,2.055000066757202
2019-07-30,134.97999572753906,15.5,3013.179931640625,98.0500030517578,2.061000108718872
2019-07-31,133.2100067138672,15.210000038146973,2980.3798828125,98.5199966430664,2.0209999084472656
2019-08-01,136.41000366210938,15.34000015258789,2953.56005859375,98.38999938964844,1.8940000534057615
2019-08-02,135.88999938964844,15.1899995803833,2932.050048828125,98.0999984741211,1.8550000190734863
2019-08-05,137.7899932861328,15.329999923706056,2844.739990234375,97.5,1.7350000143051147
2019-08-06,138.91000366210938,15.380000114440918,2881.77001953125,97.62999725341795,1.7389999628067017
2019-08-07,141.02000427246094,15.970000267028809,2883.97998046875,97.54000091552734,1.684000015258789
2019-08-08,141.72999572753906,15.890000343322754,2938.090087890625,97.62000274658205,1.715999960899353
2019-08-09,141.25999450683594,15.890000343322754,2918.64990234375,97.48999786376952,1.7339999675750732
2019-08-12,142.6300048828125,15.979999542236328,2882.699951171875,97.37999725341795,1.6390000581741333
2019-08-13,141.77999877929688,15.869999885559082,2926.320068359375,97.80999755859376,1.6799999475479126
2019-08-14,142.75,16.079999923706055,2840.60009765625,97.98999786376952,1.5809999704360962
2019-08-15,143.6999969482422,16.1299991607666,2847.60009765625,98.13999938964844,1.5290000438690186
2019-08-16,142.77999877929688,16.020000457763672,2888.679931640625,98.13999938964844,1.5390000343322754
2019-08-19,141.11000061035156,15.789999961853027,2923.64990234375,98.3499984741211,1.5980000495910645
2019-08-20,142.2100067138672,16.049999237060547,2900.510009765625,98.19000244140624,1.5609999895095823
2019-08-21,141.75999450683594,16.049999237060547,2924.429931640625,98.3000030517578,1.5770000219345093
2019-08-22,141.39999389648438,15.970000267028809,2922.949951171875,98.16999816894533,1.6100000143051147
2019-08-23,144.1699981689453,16.350000381469727,2847.110107421875,97.63999938964844,1.527999997138977
2019-08-26,144.19000244140625,16.520000457763672,2878.3798828125,98.08000183105467,1.5449999570846558
2019-08-27,145.57000732421875,17.030000686645508,2869.159912109375,98.0,1.4900000095367432
2019-08-28,145.16000366210938,17.170000076293945,2887.93994140625,98.20999908447266,1.465999960899353
2019-08-29,144.1199951171875,17.06999969482422,2924.580078125,98.51000213623048,1.5160000324249268
2019-08-30,143.75,17.149999618530273,2926.4599609375,98.91999816894533,1.50600004196167
2019-09-03,145.75,17.889999389648438,2906.27001953125,98.9499969482422,1.465999960899353
2019-09-04,146.66000366210938,18.34000015258789,2937.780029296875,98.4499969482422,1.4589999914169312
2019-09-05,143.13999938964844,17.40999984741211,2976.0,98.41000366210938,1.565000057220459
2019-09-06,141.9199981689453,16.8700008392334,2978.7099609375,98.38999938964844,1.5499999523162842
2019-09-09,141.38999938964844,16.829999923706055,2978.429931640625,98.27999877929688,1.621999979019165
2019-09-10,140.17999267578125,16.850000381469727,2979.389892578125,98.33000183105467,1.7020000219345093
2019-09-11,141.02999877929688,16.950000762939453,3000.929931640625,98.6500015258789,1.7330000400543213
2019-09-12,141.32000732421875,16.920000076293945,3009.570068359375,98.30999755859376,1.7910000085830688
2019-09-13,140.14999389648438,16.309999465942383,3007.389892578125,98.26000213623048,1.902999997138977
2019-09-16,141.32000732421875,16.739999771118164,2997.9599609375,98.6500015258789,1.840999960899353
2019-09-17,141.60000610351562,16.860000610351562,3005.699951171875,98.26000213623048,1.812000036239624
2019-09-18,140.7100067138672,16.549999237060547,3006.72998046875,98.5999984741211,1.7860000133514404
2019-09-19,141.27999877929688,16.6200008392334,3006.7900390625,98.2699966430664,1.77400004863739
2019-09-20,142.9499969482422,16.799999237060547,2992.070068359375,98.51000213623048,1.7549999952316284
2019-09-23,143.75,17.510000228881836,2991.780029296875,98.5999984741211,1.7079999446868896
2019-09-24,144.50999450683594,17.440000534057617,2966.60009765625,98.33999633789062,1.6349999904632568
2019-09-25,141.8300018310547,16.709999084472656,2984.8701171875,99.04000091552734,1.7319999933242798
2019-09-26,141.7899932861328,16.670000076293945,2977.6201171875,99.20999908447266,1.684999942779541
2019-09-27,141.05999755859375,16.360000610351562,2961.7900390625,99.11000061035156,1.6749999523162842
2019-09-30,138.8699951171875,15.920000076293944,2976.739990234375,99.37999725341795,1.6749999523162842
2019-10-01,139.6300048828125,16.149999618530273,2940.25,99.12999725341795,1.6440000534057615
2019-10-02,141.25999450683594,16.43000030517578,2887.610107421875,99.04000091552734,1.5959999561309814
2019-10-03,141.89999389648438,16.43000030517578,2910.6298828125,98.86000061035156,1.5360000133514404
2019-10-04,141.89999389648438,16.40999984741211,2952.010009765625,98.80999755859376,1.5149999856948853
2019-10-07,140.69000244140625,16.299999237060547,2938.7900390625,98.98999786376952,1.5529999732971191
2019-10-08,141.9199981689453,16.610000610351562,2893.06005859375,99.13999938964844,1.5369999408721924
2019-10-09,142.0500030517578,16.600000381469727,2919.39990234375,99.12000274658205,1.5889999866485596
2019-10-10,140.80999755859375,16.3700008392334,2938.1298828125,98.70999908447266,1.6579999923706057
2019-10-11,140.02999877929688,16.3700008392334,2970.27001953125,98.3000030517578,1.7519999742507937
2019-10-14,140.58999633789062,16.489999771118164,2966.14990234375,98.4499969482422,1.7330000400543213
2019-10-15,139.61000061035156,16.270000457763672,2995.679931640625,98.29000091552734,1.7710000276565552
2019-10-16,140.41000366210938,16.260000228881836,2989.68994140625,98.01000213623048,1.7480000257492063
2019-10-17,140.61000061035156,16.399999618530273,2997.949951171875,97.61000061035156,1.756999969482422
2019-10-18,140.4600067138672,16.40999984741211,2986.199951171875,97.27999877929688,1.746999979019165
2019-10-21,139.7899932861328,16.40999984741211,3006.719970703125,97.33000183105467,1.7920000553131104
2019-10-22,140.1999969482422,16.3700008392334,2995.989990234375,97.52999877929688,1.7680000066757202
2019-10-23,140.52999877929688,16.389999389648438,3004.52001953125,97.47000122070312,1.758999943733215
2019-10-24,141.52999877929688,16.649999618530273,3010.2900390625,97.62999725341795,1.7660000324249268
2019-10-25,141.86000061035156,16.889999389648438,3022.550048828125,97.83000183105467,1.8009999990463257
2019-10-28,140.63999938964844,16.68000030517578,3039.419921875,97.76000213623048,1.8530000448226929
2019-10-29,140.25,16.649999618530273,3036.889892578125,97.69000244140624,1.8350000381469729
2019-10-30,141.02000427246094,16.729999542236328,3046.77001953125,97.6500015258789,1.7979999780654907
2019-10-31,142.42999267578125,16.920000076293945,3037.56005859375,97.3499984741211,1.690999984741211
2019-11-01,142.55999755859375,16.920000076293945,3066.909912109375,97.23999786376952,1.7280000448226929
2019-11-04,142.14999389648438,16.850000381469727,3078.27001953125,97.51000213623048,1.7860000133514404
2019-11-05,139.85000610351562,16.440000534057617,3074.6201171875,97.9800033569336,1.866000056266785
2019-11-06,140.4499969482422,16.469999313354492,3076.780029296875,97.9499969482422,1.8140000104904173
2019-11-07,138.27000427246094,16.0,3085.179931640625,98.13999938964844,1.9259999990463257
2019-11-08,137.38999938964844,15.699999809265137,3093.080078125,98.3499984741211,1.932999968528748
2019-11-11,137.05999755859375,15.75,3087.010009765625,98.1999969482422,1.9429999589920044
2019-11-12,137.42999267578125,15.720000267028809,3091.840087890625,98.30999755859376,1.909000039100647
2019-11-13,137.97999572753906,15.829999923706056,3094.0400390625,98.37000274658205,1.870000004768372
2019-11-14,138.55999755859375,15.899999618530272,3096.6298828125,98.16000366210938,1.815000057220459
2019-11-15,138.2100067138672,15.850000381469728,3120.4599609375,98.0,1.8339999914169312
2019-11-18,138.6199951171875,15.920000076293944,3122.030029296875,97.79000091552734,1.807999968528748
2019-11-19,138.69000244140625,16.020000457763672,3120.179931640625,97.86000061035156,1.7860000133514404
2019-11-20,138.75999450683594,16.040000915527344,3108.4599609375,97.93000030517578,1.7380000352859497
2019-11-21,138.0,15.989999771118164,3103.5400390625,97.98999786376952,1.7719999551773071
2019-11-22,137.74000549316406,15.899999618530272,3110.2900390625,98.2699966430664,1.77400004863739
2019-11-25,137.0800018310547,15.779999732971191,3133.639892578125,98.31999969482422,1.7640000581741333
2019-11-26,137.74000549316406,15.989999771118164,3140.52001953125,98.25,1.7400000095367432
2019-11-27,137.00999450683594,15.84000015258789,3153.6298828125,98.41000366210938,1.7669999599456787
2019-11-29,137.86000061035156,15.920000076293944,3140.97998046875,98.2699966430664,1.7760000228881836
2019-12-02,137.7899932861328,15.800000190734863,3113.8701171875,97.86000061035156,1.8359999656677248
2019-12-03,139.11000061035156,16.049999237060547,3093.199951171875,97.73999786376952,1.7089999914169312
2019-12-04,138.9199981689453,15.760000228881836,3112.760009765625,97.6500015258789,1.781000018119812
2019-12-05,139.0,15.850000381469728,3117.429931640625,97.41000366210938,1.7970000505447388
2019-12-06,137.6199951171875,15.479999542236328,3145.909912109375,97.6999969482422,1.8420000076293943
2019-12-09,137.5800018310547,15.5,3135.9599609375,97.63999938964844,1.8289999961853027
2019-12-10,137.97000122070312,15.56999969482422,3132.52001953125,97.41000366210938,1.8329999446868896
2019-12-11,138.9199981689453,15.75,3141.6298828125,97.16000366210938,1.7899999618530271
2019-12-12,138.42999267578125,15.850000381469728,3168.570068359375,97.4000015258789,1.8969999551773071
2019-12-13,139.0500030517578,15.84000015258789,3168.800048828125,97.16999816894533,1.819000005722046
2019-12-16,139.0399932861328,15.90999984741211,3191.449951171875,97.06999969482422,1.8919999599456787
2019-12-17,139.00999450683594,15.880000114440918,3192.52001953125,97.20999908447266,1.8890000581741333
2019-12-18,139.02000427246094,15.899999618530272,3191.139892578125,97.41000366210938,1.924000024795532
2019-12-19,139.3800048828125,15.9399995803833,3205.3701171875,97.41999816894533,1.9079999923706052
2019-12-20,139.52000427246094,16.040000915527344,3221.219970703125,97.70999908447266,1.9170000553131104
2019-12-23,139.9499969482422,16.280000686645508,3224.010009765625,97.66000366210938,1.934999942779541
2019-12-24,141.27000427246094,16.579999923706055,3223.3798828125,97.6500015258789,1.909999966621399
2019-12-26,142.3800048828125,16.729999542236328,3239.909912109375,97.58999633789062,1.9049999713897705
2019-12-27,142.3300018310547,16.579999923706055,3240.02001953125,96.91999816894533,1.8739999532699585
2019-12-30,142.6300048828125,16.739999771118164,3221.2900390625,96.73999786376952,1.8949999809265137
2019-12-31,142.89999389648438,16.68000030517578,3230.780029296875,96.38999938964844,1.919000029563904
2020-01-02,143.9499969482422,16.809999465942383,3257.85009765625,96.8499984741211,1.8819999694824217
2020-01-03,145.86000061035156,16.84000015258789,3234.85009765625,96.83999633789062,1.787999987602234
2020-01-06,147.38999938964844,16.940000534057617,3246.280029296875,96.66999816894533,1.8109999895095823
2020-01-07,147.97000122070312,17.170000076293945,3237.179931640625,96.9800033569336,1.8270000219345093
2020-01-08,146.86000061035156,16.93000030517578,3253.050048828125,97.3000030517578,1.8739999532699585
2020-01-09,146.02999877929688,16.719999313354492,3274.699951171875,97.4499969482422,1.8580000400543213
2020-01-10,146.91000366210938,16.889999389648438,3265.35009765625,97.36000061035156,1.825000047683716
2020-01-13,145.82000732421875,16.780000686645508,3288.1298828125,97.3499984741211,1.8480000495910645
2020-01-14,145.69000244140625,16.6200008392334,3283.14990234375,97.37000274658205,1.8179999589920044
2020-01-15,146.5399932861328,16.809999465942383,3289.2900390625,97.2300033569336,1.787999987602234
2020-01-16,146.30999755859375,16.770000457763672,3316.81005859375,97.31999969482422,1.809000015258789
2020-01-17,146.5800018310547,16.81999969482422,3329.6201171875,97.61000061035156,1.8359999656677248
2020-01-21,146.74000549316406,16.639999389648438,3320.7900390625,97.52999877929688,1.7690000534057615
2020-01-22,146.7899932861328,16.65999984741211,3321.75,97.52999877929688,1.7690000534057615
2020-01-23,147.1199951171875,16.610000610351562,3325.5400390625,97.69000244140624,1.7400000095367432
2020-01-24,147.97999572753906,16.90999984741211,3295.469970703125,97.8499984741211,1.680999994277954
2020-01-27,148.99000549316406,16.889999389648438,3243.6298828125,97.95999908447266,1.6050000190734863
2020-01-28,147.66000366210938,16.31999969482422,3276.239990234375,98.0199966430664,1.6410000324249268
2020-01-29,148.4600067138672,16.40999984741211,3273.39990234375,97.98999786376952,1.593999981880188
2020-01-30,148.47000122070312,16.68000030517578,3283.659912109375,97.87000274658205,1.5579999685287476
2020-01-31,149.3300018310547,16.81999969482422,3225.52001953125,97.38999938964844,1.5199999809265137
2020-02-03,148.36000061035156,16.5,3248.919921875,97.8000030517578,1.5199999809265137
2020-02-04,146.42999267578125,16.450000762939453,3297.590087890625,97.95999908447266,1.6030000448226929
2020-02-05,146.61000061035156,16.459999084472656,3334.68994140625,98.2699966430664,1.64900004863739
2020-02-06,147.39999389648438,16.6299991607666,3345.780029296875,98.5,1.6440000534057615
2020-02-07,147.7899932861328,16.540000915527344,3327.7099609375,98.68000030517578,1.5779999494552612
2020-02-10,148.1699981689453,16.610000610351562,3352.090087890625,98.83000183105467,1.5470000505447388
2020-02-11,147.66000366210938,16.479999542236328,3357.75,98.72000122070312,1.590000033378601
2020-02-12,147.5399932861328,16.329999923706055,3379.449951171875,99.0500030517578,1.6299999952316284
2020-02-13,148.3800048828125,16.459999084472656,3373.93994140625,99.06999969482422,1.6169999837875366
2020-02-14,149.0,16.559999465942383,3380.159912109375,99.12000274658205,1.5880000591278076
2020-02-18,150.91000366210938,17.010000228881836,3370.2900390625,99.45999908447266,1.555999994277954
2020-02-19,151.7899932861328,17.229999542236328,3386.14990234375,99.5999984741211,1.5700000524520874
2020-02-20,152.41000366210938,17.139999389648438,3373.22998046875,99.87000274658205,1.524999976158142
2020-02-21,154.6999969482422,17.280000686645508,3337.75,99.26000213623048,1.4709999561309814
2020-02-24,156.08999633789062,17.399999618530273,3225.889892578125,99.29000091552734,1.3769999742507937
2020-02-25,153.3000030517578,16.709999084472656,3128.2099609375,98.97000122070312,1.3300000429153442
2020-02-26,153.97000122070312,16.68000030517578,3116.389892578125,99.0,1.309999942779541
2020-02-27,154.0,16.469999313354492,2978.760009765625,98.44000244140624,1.2990000247955322
2020-02-28,148.3800048828125,15.529999732971191,2954.219970703125,98.12999725341795,1.1269999742507937
2020-03-02,149.1999969482422,15.5600004196167,3090.22998046875,97.36000061035156,1.0880000591278076
2020-03-03,153.88999938964844,16.020000457763672,3003.3701171875,97.1500015258789,1.0099999904632568
2020-03-04,154.16000366210938,16.09000015258789,3130.1201171875,97.33999633789062,0.9919999837875366
2020-03-05,157.49000549316406,16.299999237060547,3023.93994140625,96.81999969482422,0.9259999990463256
2020-03-06,157.5500030517578,16.18000030517578,2972.3701171875,95.9499969482422,0.7059999704360962
2020-03-09,157.80999755859375,15.880000114440918,2746.56005859375,94.9000015258789,0.4990000128746032
2020-03-10,154.47999572753906,15.729999542236328,2882.22998046875,96.41000366210938,0.7480000257492065
2020-03-11,153.92999267578125,15.630000114440918,2741.3798828125,96.51000213623048,0.8199999928474426
2020-03-12,147.7899932861328,14.619999885559082,2480.639892578125,97.47000122070312,0.8489999771118164
2020-03-13,143.27999877929688,13.6899995803833,2711.02001953125,98.75,0.9509999752044678
2020-03-16,141.63999938964844,12.0,2386.1298828125,98.08999633789062,0.7279999852180481
2020-03-17,143.55999755859375,11.880000114440918,2529.18994140625,99.58000183105467,0.996999979019165
2020-03-18,140.6999969482422,11.210000038146973,2398.10009765625,101.16000366210938,1.2660000324249268
2020-03-19,138.0399932861328,11.31999969482422,2409.389892578125,102.76000213623048,1.11899995803833
2020-03-20,140.11000061035156,11.619999885559082,2304.919921875,102.81999969482422,0.9380000233650208
2020-03-23,146.3000030517578,12.3100004196167,2237.39990234375,102.48999786376952,0.7639999985694885
2020-03-24,153.39999389648438,13.289999961853027,2447.330078125,101.73999786376952,0.8159999847412109
2020-03-25,151.3000030517578,13.510000228881836,2475.56005859375,101.0500030517578,0.8579999804496765
2020-03-26,153.24000549316406,13.529999732971191,2630.070068359375,99.41999816894533,0.8109999895095825
2020-03-27,152.25,13.4399995803833,2541.469970703125,98.37000274658205,0.7490000128746033
2020-03-30,152.9199981689453,13.15999984741211,2626.64990234375,99.18000030517578,0.6700000166893005
2020-03-31,148.0500030517578,13.050000190734863,2584.590087890625,99.0500030517578,0.6980000138282776
2020-04-01,149.4499969482422,13.020000457763672,2470.5,99.66999816894533,0.6349999904632568
2020-04-02,151.89999389648438,13.529999732971191,2526.89990234375,100.18000030517578,0.6269999742507935
2020-04-03,152.64999389648438,13.460000038146973,2488.64990234375,100.58000183105467,0.5870000123977661
2020-04-06,156.8800048828125,14.029999732971191,2663.679931640625,100.69000244140624,0.6759999990463257
2020-04-07,156.0399932861328,13.989999771118164,2659.409912109375,99.9800033569336,0.7360000014305115
2020-04-08,154.64999389648438,13.9399995803833,2749.97998046875,100.12000274658205,0.7639999985694885
2020-04-09,158.69000244140625,14.34000015258789,2789.820068359375,99.5199966430664,0.7289999723434448
2020-04-13,161.41000366210938,14.399999618530272,2761.6298828125,99.3499984741211,0.7490000128746033
2020-04-14,162.67999267578125,14.649999618530272,2846.06005859375,98.88999938964844,0.7519999742507935
2020-04-15,161.85000610351562,14.489999771118164,2783.360107421875,99.45999908447266,0.6380000114440918
2020-04-16,161.7100067138672,14.510000228881836,2799.550048828125,100.02999877929688,0.609000027179718
2020-04-17,158.57000732421875,14.149999618530272,2874.56005859375,99.77999877929688,0.6539999842643738
2020-04-20,159.6999969482422,14.260000228881836,2823.159912109375,99.95999908447266,0.6259999871253967
2020-04-21,158.61000061035156,13.880000114440918,2736.56005859375,100.26000213623048,0.5709999799728394
2020-04-22,161.72999572753906,14.09000015258789,2799.31005859375,100.38999938964844,0.6190000176429749
2020-04-23,163.33999633789062,14.210000038146973,2797.800048828125,100.43000030517578,0.6129999756813049
2020-04-24,162.63999938964844,14.210000038146973,2836.739990234375,100.37999725341795,0.5960000157356262
2020-04-27,161.55999755859375,14.210000038146973,2878.47998046875,100.04000091552734,0.656000018119812
2020-04-28,160.83999633789062,14.100000381469728,2863.389892578125,99.87000274658205,0.6100000143051147
2020-04-29,161.72999572753906,14.279999732971191,2939.510009765625,99.56999969482422,0.6269999742507935
2020-04-30,158.8000030517578,13.979999542236328,2912.429931640625,99.0199966430664,0.621999979019165
2020-05-01,159.77999877929688,13.920000076293944,2830.7099609375,98.8000030517578,0.6420000195503235
2020-05-04,160.33999633789062,13.770000457763672,2842.739990234375,99.4800033569336,0.6370000243186951
2020-05-05,161.02000427246094,13.93000030517578,2868.43994140625,99.70999908447266,0.6570000052452087
2020-05-06,158.9499969482422,13.920000076293944,2848.419921875,100.08999633789062,0.7110000252723694
2020-05-07,161.38999938964844,14.260000228881836,2881.18994140625,99.88999938964844,0.6309999823570251
2020-05-08,160.4199981689453,14.4399995803833,2929.800048828125,99.7300033569336,0.6819999814033508
2020-05-11,159.4199981689453,14.4399995803833,2930.18994140625,100.23999786376952,0.7260000109672546
2020-05-12,160.0399932861328,14.420000076293944,2870.1201171875,99.93000030517578,0.6779999732971191
2020-05-13,161.5800018310547,14.550000190734863,2820.0,100.23999786376952,0.6489999890327454
2020-05-14,163.00999450683594,14.8100004196167,2852.5,100.47000122070312,0.6190000176429749
2020-05-15,163.92999267578125,15.510000228881836,2863.699951171875,100.4000015258789,0.6399999856948853
2020-05-18,162.69000244140625,15.789999961853027,2953.909912109375,99.66999816894533,0.7440000176429749
2020-05-19,164.25999450683594,16.170000076293945,2922.93994140625,99.37000274658205,0.7110000252723694
2020-05-20,164.64999389648438,16.360000610351562,2971.610107421875,99.12000274658205,0.6800000071525574
2020-05-21,162.25,15.960000038146973,2948.510009765625,99.37000274658205,0.6769999861717224
2020-05-22,163.2100067138672,16.040000915527344,2955.449951171875,99.86000061035156,0.6570000052452087
2020-05-26,160.88999938964844,15.970000267028809,2991.77001953125,98.91000366210938,0.6980000138282776
2020-05-27,161.17999267578125,16.149999618530273,3036.1298828125,99.05999755859376,0.6800000071525574
2020-05-28,161.72000122070312,16.190000534057617,3029.72998046875,98.37999725341795,0.7049999833106995
2020-05-29,162.91000366210938,16.65999984741211,3044.31005859375,98.33999633789062,0.6480000019073486
2020-06-01,163.66000366210938,17.100000381469727,3055.72998046875,97.83000183105467,0.6620000004768372
2020-06-02,162.60000610351562,16.84000015258789,3080.820068359375,97.66999816894533,0.6800000071525574
2020-06-03,159.60000610351562,16.479999542236328,3122.8701171875,97.27999877929688,0.7609999775886536
2020-06-04,161.27999877929688,16.540000915527344,3112.35009765625,96.68000030517578,0.8199999928474426
2020-06-05,158.00999450683594,16.200000762939453,3193.929931640625,96.94000244140624,0.9039999842643738
2020-06-08,159.72000122070312,16.59000015258789,3232.389892578125,96.62000274658205,0.8840000033378601
2020-06-09,161.25999450683594,16.420000076293945,3207.179931640625,96.31999969482422,0.8289999961853027
2020-06-10,163.57000732421875,16.959999084472656,3190.139892578125,95.95999908447266,0.7480000257492065
2020-06-11,162.38999938964844,16.440000534057617,3002.10009765625,96.7300033569336,0.652999997138977
2020-06-12,162.6199951171875,16.280000686645508,3041.31005859375,97.31999969482422,0.6990000009536743
2020-06-15,162.3300018310547,16.229999542236328,3066.590087890625,96.68000030517578,0.7020000219345093
2020-06-16,162.25,16.260000228881836,3124.739990234375,96.95999908447266,0.7559999823570251
2020-06-17,162.55999755859375,16.329999923706055,3113.489990234375,97.16000366210938,0.7329999804496765
2020-06-18,162.24000549316406,16.209999084472656,3115.340087890625,97.41999816894533,0.6940000057220459
2020-06-19,164.02999877929688,16.489999771118164,3097.739990234375,97.62000274658205,0.6970000267028809
2020-06-22,165.08999633789062,16.5,3117.860107421875,97.04000091552734,0.7039999961853027
2020-06-23,166.47999572753906,16.760000228881836,3131.2900390625,96.69000244140624,0.7089999914169312
2020-06-24,165.89999389648438,16.280000686645508,3050.330078125,97.1500015258789,0.6840000152587891
2020-06-25,165.8000030517578,16.59000015258789,3083.760009765625,97.43000030517578,0.6740000247955322
2020-06-26,166.5399932861328,16.6299991607666,3009.050048828125,97.5,0.6359999775886536
2020-06-29,166.6300048828125,16.649999618530273,3053.239990234375,97.54000091552734,0.6359999775886536
2020-06-30,167.3699951171875,17.010000228881836,3100.2900390625,97.38999938964844,0.652999997138977
2020-07-01,166.6199951171875,16.81999969482422,3115.860107421875,97.1999969482422,0.6819999814033508
2020-07-02,166.97999572753906,16.709999084472656,3130.010009765625,97.31999969482422,0.6690000295639038
2020-07-06,167.97999572753906,17.049999237060547,3179.719970703125,96.79000091552734,0.6840000152587891
2020-07-07,169.0399932861328,17.010000228881836,3145.320068359375,96.87999725341795,0.6499999761581421
2020-07-08,170.08999633789062,17.489999771118164,3169.93994140625,96.43000030517578,0.652999997138977
2020-07-09,169.6300048828125,17.3799991607666,3152.050048828125,96.6999969482422,0.6050000190734863
2020-07-10,169.19000244140625,17.43000030517578,3185.0400390625,96.6500015258789,0.6330000162124634
2020-07-13,169.39999389648438,17.729999542236328,3155.219970703125,96.45999908447266,0.6399999856948853
2020-07-14,170.19000244140625,17.969999313354492,3197.52001953125,96.26000213623048,0.6150000095367432
2020-07-15,170.33999633789062,18.170000076293945,3226.56005859375,96.08000183105467,0.6299999952316284
2020-07-16,168.72999572753906,17.780000686645508,3215.570068359375,96.3499984741211,0.6119999885559082
2020-07-17,170.1199951171875,18.010000228881836,3224.72998046875,95.94000244140624,0.628000020980835
2020-07-20,170.94000244140625,18.530000686645508,3251.840087890625,95.83000183105467,0.6200000047683716
2020-07-21,173.0,19.670000076293945,3257.300048828125,95.12000274658205,0.6069999933242798
2020-07-22,175.6300048828125,21.440000534057617,3276.02001953125,94.97000122070312,0.5950000286102295
2020-07-23,177.17999267578125,21.030000686645508,3235.659912109375,94.69000244140624,0.5820000171661377
2020-07-24,178.6999969482422,21.209999084472656,3215.6298828125,94.44000244140624,0.5889999866485596
2020-07-27,182.22999572753903,22.82999992370605,3239.409912109375,93.66999816894533,0.609000027179718
2020-07-28,183.75,22.770000457763672,3218.43994140625,93.76000213623048,0.5809999704360962
2020-07-29,185.1300048828125,22.56999969482422,3258.43994140625,93.26000213623048,0.5789999961853027
2020-07-30,183.75999450683597,21.76000022888184,3246.219970703125,93.0199966430664,0.5410000085830688
2020-07-31,185.42999267578125,22.649999618530277,3271.1201171875,93.48999786376952,0.5360000133514404
2020-08-03,185.63999938964844,22.739999771118164,3294.610107421875,93.5,0.5630000233650208
2020-08-04,189.58999633789065,24.25,3306.510009765625,93.37999725341795,0.5149999856948853
2020-08-05,191.3500061035156,25.049999237060547,3327.77001953125,92.83000183105467,0.5429999828338623
2020-08-06,193.88999938964844,26.8799991607666,3349.159912109375,92.79000091552734,0.5360000133514404
2020-08-07,190.80999755859372,26.190000534057617,3351.280029296875,93.44000244140624,0.5619999766349792
2020-08-10,190.1499938964844,27.0,3360.469970703125,93.58000183105467,0.5740000009536743
2020-08-11,179.94000244140625,23.32999992370605,3333.68994140625,93.62999725341795,0.6579999923706055
2020-08-12,179.10000610351562,23.420000076293945,3380.35009765625,93.44000244140624,0.6700000166893005
2020-08-13,183.3300018310547,25.450000762939453,3373.429931640625,93.33999633789062,0.7160000205039978
2020-08-14,182.5399932861328,24.57999992370605,3372.85009765625,93.0999984741211,0.7089999914169312
2020-08-17,186.5,25.6200008392334,3381.989990234375,92.8499984741211,0.6830000281333923
2020-08-18,188.17999267578125,25.8799991607666,3389.780029296875,92.2699966430664,0.6690000295639038
2020-08-19,182.2400054931641,24.8799991607666,3374.85009765625,92.88999938964844,0.675000011920929
2020-08-20,183.5,25.61000061035156,3385.510009765625,92.79000091552734,0.6439999938011169
2020-08-21,182.02999877929688,24.899999618530277,3397.159912109375,93.25,0.6399999856948853
2020-08-24,181.0,24.600000381469727,3431.280029296875,93.3000030517578,0.6460000276565552
2020-08-25,181.22000122070312,24.76000022888184,3443.6201171875,93.0199966430664,0.6819999814033508
2020-08-26,183.3600006103516,25.56999969482422,3478.72998046875,93.01000213623048,0.6869999766349792
2020-08-27,181.2400054931641,25.15999984741211,3484.550048828125,93.01000213623048,0.7459999918937683
2020-08-28,184.38999938964844,25.61000061035156,3508.010009765625,92.37000274658205,0.7289999723434448
2020-08-31,184.8300018310547,26.229999542236328,3500.31005859375,92.13999938964844,0.6930000185966492
2020-09-01,185.0500030517578,26.13999938964844,3526.64990234375,92.33999633789062,0.671999990940094
2020-09-02,182.6199951171875,25.549999237060547,3580.840087890625,92.8499984741211,0.6510000228881836
2020-09-03,181.13999938964844,24.739999771118164,3455.06005859375,92.73999786376952,0.621999979019165
2020-09-04,181.63999938964844,25.059999465942383,3426.9599609375,92.72000122070312,0.7210000157356262
2020-09-08,181.2899932861328,24.75,3331.840087890625,93.4800033569336,0.6840000152587891
2020-09-09,183.0500030517578,25.18000030517578,3398.9599609375,93.26000213623048,0.703000009059906
2020-09-10,182.4600067138672,24.86000061035156,3339.18994140625,93.33999633789062,0.6850000023841858
2020-09-11,182.4499969482422,24.899999618530277,3340.969970703125,93.33000183105467,0.6690000295639038
2020-09-14,183.88999938964844,25.290000915527344,3383.5400390625,93.06999969482422,0.6710000038146973
2020-09-15,183.4499969482422,25.229999542236328,3401.199951171875,93.0500030517578,0.6790000200271606
2020-09-16,183.97000122070312,25.229999542236328,3385.489990234375,93.20999908447266,0.6869999766349792
2020-09-17,182.9600067138672,25.229999542236328,3357.010009765625,92.97000122070312,0.6840000152587891
2020-09-18,183.1999969482422,24.93000030517578,3319.469970703125,92.93000030517578,0.6940000057220459
2020-09-21,179.52000427246094,23.030000686645508,3281.06005859375,93.54000091552734,0.6710000038146973
2020-09-22,178.64999389648438,22.790000915527344,3315.570068359375,93.98999786376952,0.6639999747276306
2020-09-23,174.7899932861328,21.170000076293945,3236.919921875,94.38999938964844,0.6759999990463257
2020-09-24,175.44000244140625,21.559999465942383,3246.590087890625,94.3499984741211,0.6660000085830688
2020-09-25,174.94000244140625,21.299999237060547,3298.4599609375,94.58000183105467,0.6589999794960022
2020-09-28,176.6999969482422,22.020000457763672,3351.60009765625,94.26000213623048,0.6629999876022339
2020-09-29,178.19000244140625,22.5,3335.469970703125,93.88999938964844,0.6449999809265137
2020-09-30,177.1199951171875,21.63999938964844,3363.0,93.88999938964844,0.6769999861717224
2020-10-01,178.6999969482422,22.09000015258789,3380.800048828125,93.70999908447266,0.6769999861717224
2020-10-02,178.5399932861328,22.1299991607666,3348.419921875,93.83999633789062,0.6959999799728394
2020-10-05,179.41000366210938,22.6200008392334,3408.60009765625,93.51000213623048,0.7620000243186951
2020-10-06,177.3000030517578,21.729999542236328,3360.969970703125,93.83000183105467,0.7419999837875366
2020-10-07,177.22000122070312,22.09000015258789,3419.43994140625,93.62999725341795,0.7850000262260437
2020-10-08,177.85000610351562,22.18000030517578,3446.830078125,93.61000061035156,0.7649999856948853
2020-10-09,181.0800018310547,23.40999984741211,3477.139892578125,93.05999755859376,0.7749999761581421
2020-10-12,180.55999755859372,23.32999992370605,3534.219970703125,93.06999969482422,0.7770000100135803
2020-10-13,177.72000122070312,22.489999771118164,3511.929931640625,93.52999877929688,0.7269999980926514
2020-10-14,178.27000427246094,22.540000915527344,3488.669921875,93.37999725341795,0.722000002861023
2020-10-15,178.9199981689453,22.59000015258789,3483.340087890625,93.86000061035156,0.7310000061988831
2020-10-16,178.3000030517578,22.420000076293945,3483.81005859375,93.68000030517578,0.7440000176429749
2020-10-19,178.38999938964844,22.57999992370605,3426.919921875,93.43000030517578,0.7609999775886536
2020-10-20,179.25,23.020000457763672,3443.1201171875,93.06999969482422,0.796999990940094
2020-10-21,180.6000061035156,23.290000915527344,3435.56005859375,92.61000061035156,0.8159999847412109
2020-10-22,178.8300018310547,22.959999084472656,3453.489990234375,92.9499969482422,0.8479999899864197
2020-10-23,178.63999938964844,22.940000534057617,3465.389892578125,92.7699966430664,0.8410000205039978
2020-10-26,178.5500030517578,22.61000061035156,3400.969970703125,93.0500030517578,0.8009999990463257
2020-10-27,179.02000427246094,22.729999542236328,3390.679931640625,92.94000244140624,0.777999997138977
2020-10-28,176.1300048828125,21.780000686645508,3271.030029296875,93.41000366210938,0.781000018119812
2020-10-29,175.39999389648438,21.709999084472656,3310.110107421875,93.95999908447266,0.8349999785423279
2020-10-30,176.1999969482422,21.989999771118164,3269.9599609375,94.04000091552734,0.8600000143051147
2020-11-02,177.91000366210938,22.40999984741211,3310.239990234375,94.0500030517578,0.8489999771118164
2020-11-03,178.9199981689453,22.440000534057617,3369.159912109375,93.5500030517578,0.8820000290870667
2020-11-04,178.82000732421875,22.239999771118164,3443.43994140625,93.41000366210938,0.7680000066757202
2020-11-05,182.92999267578125,23.61000061035156,3510.449951171875,92.52999877929688,0.7760000228881836
2020-11-06,183.19000244140625,23.790000915527344,3509.43994140625,92.2300033569336,0.8199999928474426
2020-11-09,175.0800018310547,22.5,3550.5,92.7300033569336,0.9580000042915344
2020-11-10,175.66000366210938,22.43000030517578,3545.530029296875,92.75,0.972000002861023
2020-11-11,174.89999389648438,22.520000457763672,3572.659912109375,93.04000091552734,0.9580000042915344
2020-11-12,175.9600067138672,22.549999237060547,3537.010009765625,92.95999908447266,0.8849999904632568
2020-11-13,177.16000366210938,22.899999618530277,3585.14990234375,92.76000213623048,0.8930000066757202
2020-11-16,177.14999389648438,23.020000457763672,3626.909912109375,92.56999969482422,0.906000018119812
2020-11-17,176.5,22.739999771118164,3609.530029296875,92.41999816894533,0.871999979019165
2020-11-18,175.49000549316406,22.549999237060547,3567.7900390625,92.31999969482422,0.8820000290870667
2020-11-19,175.16000366210938,22.420000076293945,3581.8701171875,92.29000091552734,0.8539999723434448
2020-11-20,175.69000244140625,22.489999771118164,3557.5400390625,92.38999938964844,0.8289999961853027
2020-11-23,172.22999572753906,21.93000030517578,3577.590087890625,92.51000213623048,0.8569999933242798
2020-11-24,169.58999633789062,21.6299991607666,3635.409912109375,92.2300033569336,0.8820000290870667
2020-11-25,169.50999450683594,21.71999931335449,3629.64990234375,91.98999786376952,0.878000020980835
2020-11-27,167.7899932861328,21.049999237060547,3638.35009765625,91.79000091552734,0.8420000076293945
2020-11-30,166.6699981689453,21.049999237060547,3621.6298828125,91.87000274658205,0.843999981880188
2020-12-01,170.17999267578125,22.299999237060547,3662.449951171875,91.30999755859376,0.9340000152587892
2020-12-02,171.4600067138672,22.32999992370605,3669.010009765625,91.12000274658205,0.9480000138282776
2020-12-03,172.80999755859375,22.43000030517578,3666.719970703125,90.70999908447266,0.9200000166893004
2020-12-04,172.32000732421875,22.479999542236328,3699.1201171875,90.6999969482422,0.968999981880188
2020-12-07,174.88999938964844,22.81999969482422,3691.9599609375,90.79000091552734,0.9279999732971193
2020-12-08,175.5,22.81999969482422,3702.25,90.97000122070312,0.912999987602234
2020-12-09,172.5,22.229999542236328,3672.820068359375,91.08999633789062,0.9409999847412108
2020-12-10,172.1699981689453,22.31999969482422,3668.10009765625,90.79000091552734,0.9079999923706056
2020-12-11,172.49000549316406,22.26000022888184,3663.4599609375,90.9800033569336,0.8930000066757202
2020-12-14,171.5399932861328,22.15999984741211,3647.489990234375,90.70999908447266,0.8920000195503235
2020-12-15,173.94000244140625,22.799999237060547,3694.6201171875,90.47000122070312,0.9229999780654908
2020-12-16,174.89999389648438,23.6200008392334,3701.169921875,90.4499969482422,0.9200000166893004
2020-12-17,176.74000549316406,24.149999618530277,3722.47998046875,89.81999969482422,0.9300000071525574
2020-12-18,176.44000244140625,23.959999084472656,3709.409912109375,90.0199966430664,0.9480000138282776
2020-12-21,175.8800048828125,24.3799991607666,3694.919921875,90.04000091552734,0.9409999847412108
2020-12-22,174.49000549316406,23.43000030517578,3687.260009765625,90.6500015258789,0.9179999828338624
2020-12-23,175.64999389648438,23.799999237060547,3690.010009765625,90.41000366210938,0.9549999833106996
2020-12-24,176.35000610351562,23.959999084472656,3703.06005859375,90.33000183105467,0.9279999732971193
2020-12-28,175.7100067138672,24.43000030517578,3735.360107421875,90.33999633789062,0.9330000281333924
2020-12-29,176.35000610351562,24.38999938964844,3727.0400390625,90.01000213623047,0.9350000023841858
2020-12-30,177.6999969482422,24.76000022888184,3732.0400390625,89.62999725341797,0.9259999990463256
2020-12-31,178.36000061035156,24.56999969482422,3756.070068359375,89.94000244140625,0.9169999957084656
2021-01-04,182.3300018310547,25.350000381469727,3700.64990234375,89.87999725341797,0.9169999957084656
2021-01-05,182.8699951171875,25.670000076293945,3726.860107421875,89.44000244140625,0.9549999833106996
2021-01-06,179.89999389648438,25.34000015258789,3748.139892578125,89.52999877929688,1.0420000553131104
2021-01-07,179.47999572753906,25.26000022888184,3803.7900390625,89.83000183105469,1.0709999799728394
2021-01-08,173.33999633789062,23.51000022888184,3824.679931640625,90.0999984741211,1.1050000190734863
2021-01-11,173.0,23.209999084472656,3799.610107421875,90.54000091552734,1.131999969482422
2021-01-12,174.1199951171875,23.71999931335449,3801.18994140625,90.05000305175781,1.1380000114440918
2021-01-13,173.3699951171875,23.440000534057617,3809.840087890625,90.31999969482422,1.0880000591278076
2021-01-14,173.27999877929688,23.709999084472656,3795.5400390625,90.23999786376952,1.128999948501587
2021-01-15,171.1300048828125,22.950000762939453,3768.25,90.77999877929688,1.097000002861023
2021-01-19,172.5800018310547,23.3799991607666,3798.909912109375,90.5,1.0920000076293943
2021-01-20,175.38999938964844,24.01000022888184,3851.85009765625,90.47000122070312,1.090000033378601
2021-01-21,175.27999877929688,24.149999618530277,3853.070068359375,90.12999725341795,1.1089999675750732
2021-01-22,173.89999389648438,23.65999984741211,3841.469970703125,90.23999786376952,1.090999960899353
2021-01-25,174.0500030517578,23.549999237060547,3855.360107421875,90.38999938964844,1.0399999618530271
2021-01-26,173.6199951171875,23.649999618530277,3849.6201171875,90.16999816894533,1.0399999618530271
2021-01-27,172.52000427246094,23.420000076293945,3750.77001953125,90.6500015258789,1.0140000581741333
2021-01-28,172.67999267578125,24.71999931335449,3787.3798828125,90.45999908447266,1.0570000410079956
2021-01-29,172.61000061035156,24.989999771118164,3714.239990234375,90.58000183105467,1.093000054359436
2021-02-01,174.22999572753906,26.76000022888184,3773.860107421875,91.0199966430664,1.0770000219345093
2021-02-02,172.11000061035156,24.540000915527344,3826.31005859375,91.1999969482422,1.1050000190734863
2021-02-03,171.85000610351562,24.93000030517578,3830.169921875,91.12000274658205,1.13100004196167
2021-02-04,168.14999389648438,24.479999542236328,3871.739990234375,91.52999877929688,1.1390000581741333
2021-02-05,169.80999755859375,24.950000762939453,3886.830078125,91.04000091552734,1.1699999570846558
2021-02-08,171.52000427246094,25.38999938964844,3915.590087890625,90.93000030517578,1.159999966621399
2021-02-09,172.0800018310547,25.280000686645508,3911.22998046875,90.44000244140624,1.156999945640564
2021-02-10,172.7100067138672,25.06999969482422,3909.8798828125,90.37000274658205,1.1330000162124634
2021-02-11,171.2100067138672,25.09000015258789,3916.3798828125,90.41999816894533,1.1579999923706057
2021-02-12,170.69000244140625,25.309999465942383,3934.830078125,90.4800033569336,1.2000000476837158
2021-02-16,168.24000549316406,25.26000022888184,3932.590087890625,90.51000213623048,1.2990000247955322
2021-02-17,166.3300018310547,25.399999618530277,3931.330078125,90.9499969482422,1.3009999990463257
2021-02-18,166.32000732421875,25.059999465942383,3913.969970703125,90.58999633789062,1.2869999408721924
2021-02-19,167.00999450683594,25.26000022888184,3906.7099609375,90.36000061035156,1.3450000286102295
2021-02-22,169.50999450683594,26.270000457763672,3876.5,90.01000213623047,1.3700000047683716
2021-02-23,169.1199951171875,25.709999084472656,3881.3701171875,90.16999816894533,1.3619999885559082
2021-02-24,169.0,25.940000534057617,3925.429931640625,90.18000030517578,1.3890000581741333
2021-02-25,165.82000732421875,25.399999618530277,3829.340087890625,90.12999725341795,1.5180000066757202
2021-02-26,161.80999755859375,24.65999984741211,3811.14990234375,90.93000030517578,1.4600000381469729
2021-03-01,161.52999877929688,24.600000381469727,3901.820068359375,91.04000091552734,1.4459999799728394
2021-03-02,162.41000366210938,24.799999237060547,3870.2900390625,90.79000091552734,1.4149999618530271
2021-03-03,160.6199951171875,24.280000686645508,3819.719970703125,90.9499969482422,1.4700000286102295
2021-03-04,159.0399932861328,23.559999465942383,3768.469970703125,91.62999725341795,1.5499999523162842
2021-03-05,159.13999938964844,23.36000061035156,3841.93994140625,91.9800033569336,1.5540000200271606
2021-03-08,157.49000549316406,23.31999969482422,3821.35009765625,92.30999755859376,1.5959999561309814
2021-03-09,160.83999633789062,24.049999237060547,3875.43994140625,91.95999908447266,1.5460000038146973
2021-03-10,161.66000366210938,24.31999969482422,3898.81005859375,91.79000091552734,1.5199999809265137
2021-03-11,161.52000427246094,24.25,3939.340087890625,91.41999816894533,1.5269999504089355
2021-03-12,161.49000549316406,24.030000686645508,3943.340087890625,91.68000030517578,1.6349999904632568
2021-03-15,162.1999969482422,24.32999992370605,3968.93994140625,91.83000183105467,1.6069999933242798
2021-03-16,162.35000610351562,24.100000381469727,3962.7099609375,91.87000274658205,1.621000051498413
2021-03-17,163.50999450683594,24.420000076293945,3974.1201171875,91.4000015258789,1.6410000324249268
2021-03-18,162.55999755859375,24.100000381469727,3915.4599609375,91.8499984741211,1.7300000190734863
2021-03-19,163.24000549316406,24.309999465942383,3913.10009765625,91.91999816894533,1.7319999933242798
2021-03-22,163.0,23.940000534057617,3940.590087890625,91.8000030517578,1.684000015258789
2021-03-23,161.80999755859375,23.21999931335449,3910.52001953125,92.33999633789062,1.6380000114440918
2021-03-24,162.3699951171875,23.239999771118164,3889.139892578125,92.52999877929688,1.6139999628067017
2021-03-25,161.77999877929688,23.290000915527344,3909.52001953125,92.87999725341795,1.6139999628067017
2021-03-26,162.24000549316406,23.229999542236328,3974.5400390625,92.7699966430664,1.659999966621399
2021-03-29,160.30999755859375,22.90999984741211,3971.090087890625,92.94000244140624,1.7209999561309814
2021-03-30,157.57000732421875,22.26000022888184,3958.550048828125,93.3000030517578,1.72599995136261
2021-03-31,159.9600067138672,22.700000762939453,3972.889892578125,93.2300033569336,1.746000051498413
2021-04-01,161.97999572753906,23.149999618530277,4019.8701171875,92.93000030517578,1.6790000200271606
2021-04-05,161.9199981689453,23.09000015258789,4077.909912109375,92.5999984741211,1.7200000286102295
2021-04-06,163.22000122070312,23.34000015258789,4073.93994140625,92.33999633789062,1.656000018119812
2021-04-07,162.75999450683594,23.32999992370605,4079.949951171875,92.45999908447266,1.652999997138977
2021-04-08,164.50999450683594,23.6200008392334,4097.169921875,92.05999755859376,1.631999969482422
2021-04-09,163.27000427246094,23.40999984741211,4128.7998046875,92.16000366210938,1.6660000085830688
2021-04-12,162.27999877929688,23.040000915527344,4127.990234375,92.13999938964844,1.6749999523162842
2021-04-13,163.42999267578125,23.51000022888184,4141.58984375,91.8499984741211,1.6230000257492063
2021-04-14,162.72000122070312,23.59000015258789,4124.66015625,91.69000244140624,1.6380000114440918
2021-04-15,165.35000610351562,24.030000686645508,4170.419921875,91.66999816894533,1.5299999713897705
2021-04-16,166.35000610351562,24.09000015258789,4185.47021484375,91.55999755859376,1.5729999542236328
2021-04-19,165.88999938964844,23.979999542236328,4163.259765625,91.06999969482422,1.60099995136261
2021-04-20,166.47999572753906,23.959999084472656,4134.93994140625,91.23999786376952,1.562000036239624
2021-04-21,168.1300048828125,24.700000762939453,4173.419921875,91.16000366210938,1.5640000104904177
2021-04-22,167.0399932861328,24.209999084472656,4134.97998046875,91.33000183105467,1.5540000200271606
2021-04-23,166.39999389648438,24.13999938964844,4180.169921875,90.86000061035156,1.5670000314712524
2021-04-26,166.83999633789062,24.299999237060547,4187.6201171875,90.80999755859376,1.5700000524520874
2021-04-27,166.4199981689453,24.38999938964844,4186.72021484375,90.91000366210938,1.621999979019165
2021-04-28,166.91000366210938,24.399999618530277,4183.18017578125,90.61000061035156,1.6200000047683716
2021-04-29,166.22000122070312,24.25,4211.47021484375,90.61000061035156,1.6399999856948853
2021-04-30,165.66000366210938,24.01000022888184,4181.169921875,91.27999877929688,1.63100004196167
2021-05-03,167.80999755859375,24.959999084472656,4192.66015625,90.9499969482422,1.6069999933242798
2021-05-04,166.5800018310547,24.56999969482422,4164.66015625,91.29000091552734,1.5920000076293943
2021-05-05,167.27000427246094,24.56999969482422,4167.58984375,91.30999755859376,1.5839999914169312
2021-05-06,170.05999755859375,25.3700008392334,4201.6201171875,90.9499969482422,1.5609999895095823
2021-05-07,171.58999633789062,25.46999931335449,4232.60009765625,90.2300033569336,1.5770000219345093
2021-05-10,172.11000061035156,25.350000381469727,4188.43017578125,90.20999908447266,1.6019999980926514
2021-05-11,172.13999938964844,25.670000076293945,4152.10009765625,90.13999938964844,1.6239999532699585
2021-05-12,170.42999267578125,25.09000015258789,4063.0400390625,90.70999908447266,1.6950000524520874
2021-05-13,171.1300048828125,25.15999984741211,4112.5,90.75,1.6679999828338623
2021-05-14,172.69000244140625,25.459999084472656,4173.85009765625,90.31999969482422,1.6349999904632568
2021-05-17,174.6999969482422,26.190000534057617,4163.2900390625,90.22000122070312,1.6399999856948853
2021-05-18,175.0399932861328,26.149999618530277,4127.830078125,89.75,1.6419999599456787
2021-05-19,175.16000366210938,25.729999542236328,4115.68017578125,90.19000244140624,1.6829999685287476
2021-05-20,175.9600067138672,25.790000915527344,4159.1201171875,89.80999755859375,1.633999943733215
2021-05-21,176.0399932861328,25.530000686645508,4155.85986328125,90.0199966430664,1.631999969482422
2021-05-24,176.35000610351562,25.75,4197.0498046875,89.83000183105469,1.6080000400543213
2021-05-25,177.9499969482422,25.989999771118164,4188.1298828125,89.63999938964844,1.5640000104904177
2021-05-26,177.63999938964844,25.670000076293945,4195.990234375,90.04000091552734,1.5740000009536743
2021-05-27,177.7100067138672,25.850000381469727,4200.8798828125,89.97000122070312,1.6100000143051147
2021-05-28,178.3800048828125,25.899999618530277,4204.10986328125,90.02999877929688,1.5809999704360962
2021-06-01,177.89999389648438,25.84000015258789,4202.0400390625,89.83000183105469,1.6150000095367432
2021-06-02,178.77000427246094,26.149999618530277,4208.1201171875,89.9000015258789,1.590999960899353
2021-06-03,175.27000427246094,25.459999084472656,4192.85009765625,90.5,1.625
2021-06-04,177.16000366210938,25.780000686645508,4229.89013671875,90.13999938964844,1.559999942779541
2021-06-07,177.8699951171875,25.899999618530277,4226.52001953125,89.94999694824219,1.569000005722046
2021-06-08,177.32000732421875,25.61000061035156,4227.259765625,90.08000183105467,1.527999997138977
2021-06-09,176.97999572753906,25.780000686645508,4219.5498046875,90.12000274658205,1.4889999628067017
2021-06-10,177.74000549316406,25.96999931335449,4239.18017578125,90.08000183105467,1.4589999914169312
2021-06-11,175.74000549316406,25.8700008392334,4247.43994140625,90.55999755859376,1.462000012397766
2021-06-14,174.7100067138672,25.84000015258789,4255.14990234375,90.5199966430664,1.5010000467300415
2021-06-15,174.0500030517578,25.649999618530277,4246.58984375,90.54000091552734,1.4989999532699585
2021-06-16,171.11000061035156,25.26000022888184,4223.7001953125,91.12999725341795,1.569000005722046
2021-06-17,165.85000610351562,24.049999237060547,4221.85986328125,91.88999938964844,1.5110000371932983
2021-06-18,164.92999267578125,23.8799991607666,4166.4501953125,92.2300033569336,1.4500000476837158
2021-06-21,166.9499969482422,24.07999992370605,4224.7900390625,91.86000061035156,1.4839999675750732
2021-06-22,166.25,23.850000381469727,4246.43994140625,91.7300033569336,1.472000002861023
2021-06-23,166.13999938964844,23.93000030517578,4241.83984375,91.8000030517578,1.4869999885559082
2021-06-24,166.0399932861328,24.040000915527344,4266.490234375,91.81999969482422,1.4869999885559082
2021-06-25,166.58999633789062,24.18000030517578,4280.7001953125,91.80999755859376,1.5360000133514404
2021-06-28,166.5800018310547,24.209999084472656,4290.60986328125,91.87999725341795,1.4780000448226929
2021-06-29,164.8300018310547,23.88999938964844,4291.7998046875,92.0500030517578,1.4800000190734863
2021-06-30,165.6300048828125,24.21999931335449,4297.5,92.44000244140624,1.4429999589920044
2021-07-01,166.1999969482422,24.11000061035156,4319.93994140625,92.5999984741211,1.4800000190734863
2021-07-02,167.2899932861328,24.549999237060547,4352.33984375,92.2300033569336,1.430999994277954
2021-07-06,168.1199951171875,24.229999542236328,4343.5400390625,92.5500030517578,1.3700000047683716
2021-07-07,168.75999450683594,24.239999771118164,4358.1298828125,92.63999938964844,1.3209999799728394
2021-07-08,168.64999389648438,24.01000022888184,4320.81982421875,92.36000061035156,1.287999987602234
2021-07-09,169.2100067138672,24.190000534057617,4369.5498046875,92.12999725341795,1.3559999465942385
2021-07-12,169.0,24.280000686645508,4384.6298828125,92.2300033569336,1.3630000352859497
2021-07-13,169.22000122070312,24.07999992370605,4369.2099609375,92.75,1.4149999618530271
2021-07-14,171.0399932861328,24.32999992370605,4374.2998046875,92.41000366210938,1.3559999465942385
2021-07-15,171.07000732421875,24.3799991607666,4360.02978515625,92.62000274658205,1.2970000505447388
2021-07-16,169.41000366210938,23.770000457763672,4327.16015625,92.69000244140624,1.2999999523162842
2021-07-19,169.61000061035156,23.290000915527344,4258.490234375,92.88999938964844,1.180999994277954
2021-07-20,169.38999938964844,23.13999938964844,4323.06005859375,92.97000122070312,1.2089999914169312
2021-07-21,168.75999450683594,23.420000076293945,4358.68994140625,92.75,1.2799999713897705
2021-07-22,169.08999633789062,23.559999465942383,4367.47998046875,92.81999969482422,1.2649999856948853
2021-07-23,168.55999755859375,23.350000381469727,4411.7900390625,92.91000366210938,1.2860000133514404
2021-07-26,168.16000366210938,23.36000061035156,4422.2998046875,92.6500015258789,1.2760000228881836
2021-07-27,168.44000244140625,22.959999084472656,4401.4599609375,92.43000030517578,1.2339999675750732
2021-07-28,169.2899932861328,23.170000076293945,4400.64013671875,92.31999969482422,1.2610000371932983
2021-07-29,171.1699981689453,23.71999931335449,4419.14990234375,91.86000061035156,1.2690000534057615
2021-07-30,169.82000732421875,23.6299991607666,4395.259765625,92.16999816894533,1.2389999628067017
2021-08-02,169.61000061035156,23.530000686645508,4387.16015625,92.0500030517578,1.1740000247955322
2021-08-03,169.49000549316406,23.68000030517578,4423.14990234375,92.08000183105467,1.1759999990463257
2021-08-04,169.52999877929688,23.540000915527344,4402.66015625,92.2699966430664,1.184000015258789
2021-08-05,168.86000061035156,23.299999237060547,4429.10009765625,92.23999786376952,1.2170000076293943
2021-08-06,164.63999938964844,22.520000457763672,4436.52001953125,92.8000030517578,1.2899999618530271
2021-08-09,161.72000122070312,21.75,4432.35009765625,92.9499969482422,1.3170000314712524
2021-08-10,161.77000427246094,21.6200008392334,4436.75,93.05999755859376,1.3420000076293943
2021-08-11,164.0,21.84000015258789,4442.41015625,92.91000366210938,1.3289999961853027
2021-08-12,164.0399932861328,21.5,4460.830078125,93.04000091552734,1.3669999837875366
2021-08-13,166.38999938964844,21.96999931335449,4468.0,92.5199966430664,1.2970000505447388
2021-08-16,167.22000122070312,22.100000381469727,4479.7099609375,92.62999725341795,1.256999969482422
2021-08-17,166.97000122070312,21.899999618530277,4448.080078125,93.12999725341795,1.2580000162124634
2021-08-18,167.10000610351562,21.76000022888184,4400.27001953125,93.13999938964844,1.2730000019073486
2021-08-19,166.61000061035156,21.51000022888184,4405.7998046875,93.56999969482422,1.2419999837875366
2021-08-20,166.6999969482422,21.350000381469727,4441.669921875,93.5,1.2599999904632568
2021-08-23,168.72999572753906,21.8799991607666,4479.52978515625,92.95999908447266,1.2549999952316284
2021-08-24,168.64999389648438,22.07999992370605,4486.22998046875,92.88999938964844,1.2899999618530271
2021-08-25,167.47999572753906,22.09000015258789,4496.18994140625,92.83000183105467,1.3420000076293943
2021-08-26,167.6699981689453,21.850000381469727,4470.0,93.05999755859376,1.3420000076293943
2021-08-27,170.19000244140625,22.32999992370605,4509.3701171875,92.69000244140624,1.312000036239624
2021-08-30,169.35000610351562,22.26000022888184,4528.7900390625,92.6500015258789,1.284999966621399
2021-08-31,169.69000244140625,22.13999938964844,4522.68017578125,92.62999725341795,1.3040000200271606
2021-09-01,169.6999969482422,22.3700008392334,4524.08984375,92.4499969482422,1.3020000457763672
2021-09-02,169.25,22.13999938964844,4536.9501953125,92.2300033569336,1.2940000295639038
2021-09-03,171.05999755859375,22.8799991607666,4535.43017578125,92.04000091552734,1.3220000267028809
2021-09-07,167.7100067138672,22.51000022888184,4520.02978515625,92.5199966430664,1.3700000047683716
2021-09-08,167.2899932861328,22.170000076293945,4514.06982421875,92.6500015258789,1.3339999914169312
2021-09-09,168.02999877929688,22.270000457763672,4493.27978515625,92.4800033569336,1.2990000247955322
2021-09-10,167.17999267578125,21.989999771118164,4458.580078125,92.58000183105467,1.340999960899353
2021-09-13,167.74000549316406,21.989999771118164,4468.72998046875,92.62000274658205,1.3240000009536743
2021-09-14,168.82000732421875,22.100000381469727,4443.0498046875,92.6500015258789,1.2769999504089355
2021-09-15,167.8300018310547,22.06999969482422,4480.7001953125,92.48999786376952,1.3040000200271606
2021-09-16,164.02999877929688,21.25,4473.75,92.86000061035156,1.3309999704360962
2021-09-17,163.77000427246094,20.739999771118164,4432.990234375,93.1999969482422,1.3700000047683716
2021-09-20,164.94000244140625,20.59000015258789,4357.72998046875,93.23999786376952,1.309000015258789
2021-09-21,166.0399932861328,20.84000015258789,4354.18994140625,93.1999969482422,1.3240000009536743
2021-09-22,165.4199981689453,20.989999771118164,4395.64013671875,93.45999908447266,1.3359999656677246
2021-09-23,163.50999450683594,20.90999984741211,4448.97998046875,93.0999984741211,1.409999966621399
2021-09-24,163.3000030517578,20.709999084472656,4455.47998046875,93.33000183105467,1.4600000381469729
2021-09-27,163.63999938964844,20.940000534057617,4443.10986328125,93.37999725341795,1.4839999675750732
2021-09-28,162.0500030517578,20.780000686645508,4352.6298828125,93.7699966430664,1.534000039100647
2021-09-29,161.32000732421875,19.950000762939453,4359.4599609375,94.33999633789062,1.5410000085830688
2021-09-30,164.22000122070312,20.520000457763672,4307.5400390625,94.25,1.5290000438690186
2021-10-01,164.58999633789062,20.82999992370605,4357.0400390625,94.04000091552734,1.4789999723434448
2021-10-04,165.36000061035156,20.979999542236328,4300.4599609375,93.80999755859376,1.4809999465942385
2021-10-05,164.58999633789062,20.920000076293945,4345.72021484375,93.9800033569336,1.5290000438690186
2021-10-06,165.02999877929688,20.959999084472656,4363.5498046875,94.2699966430664,1.52400004863739
2021-10-07,164.16000366210938,20.899999618530277,4399.759765625,94.22000122070312,1.5709999799728394
2021-10-08,164.22999572753906,20.950000762939453,4391.33984375,94.06999969482422,1.6050000190734863
2021-10-11,163.9199981689453,20.8799991607666,4361.18994140625,94.31999969482422,1.6139999628067017
2021-10-12,164.66000366210938,20.93000030517578,4350.64990234375,94.5199966430664,1.5800000429153442
2021-10-13,167.58999633789062,21.32999992370605,4363.7998046875,94.08000183105467,1.5490000247955322
2021-10-14,168.0,21.799999237060547,4438.259765625,93.95999908447266,1.5190000534057615
2021-10-15,165.3300018310547,21.57999992370605,4471.3701171875,93.94000244140624,1.5759999752044678
2021-10-18,164.9199981689453,21.489999771118164,4486.4599609375,93.9499969482422,1.5839999914169312
2021-10-19,165.4499969482422,21.88999938964844,4519.6298828125,93.79000091552734,1.6349999904632568
2021-10-20,166.89999389648438,22.530000686645508,4536.18994140625,93.55999755859376,1.6360000371932983
2021-10-21,166.75,22.350000381469727,4549.77978515625,93.7699966430664,1.6759999990463257
2021-10-22,167.77000427246094,22.540000915527344,4544.89990234375,93.61000061035156,1.6549999713897705
2021-10-25,168.92999267578125,22.739999771118164,4566.47998046875,93.80999755859376,1.6349999904632568
2021-10-26,167.67999267578125,22.3700008392334,4574.7900390625,93.9499969482422,1.61899995803833
2021-10-27,168.1199951171875,22.290000915527344,4551.68017578125,93.86000061035156,1.5290000438690186
2021-10-28,168.0800018310547,22.270000457763672,4596.419921875,93.3499984741211,1.5679999589920044
2021-10-29,166.64999389648438,22.09000015258789,4605.3798828125,94.12000274658205,1.5570000410079956
2021-11-01,167.52000427246094,22.229999542236328,4613.669921875,93.87999725341795,1.5750000476837158
2021-11-02,167.16000366210938,21.799999237060547,4630.64990234375,94.08999633789062,1.5490000247955322
2021-11-03,165.77000427246094,21.809999465942383,4660.56982421875,93.86000061035156,1.5789999961853027
2021-11-04,167.64999389648438,22.0,4680.06005859375,94.3499984741211,1.52400004863739
2021-11-05,169.83999633789062,22.350000381469727,4697.52978515625,94.31999969482422,1.4529999494552612
2021-11-08,170.4499969482422,22.649999618530277,4701.7001953125,94.0500030517578,1.496999979019165
2021-11-09,171.2899932861328,22.530000686645508,4685.25,93.95999908447266,1.4320000410079956
2021-11-10,173.14999389648438,22.8700008392334,4646.7099609375,94.8499984741211,1.559999942779541
2021-11-11,174.1199951171875,23.350000381469727,4649.27001953125,95.18000030517578,1.559999942779541
2021-11-12,174.4499969482422,23.420000076293945,4682.85009765625,95.12999725341795,1.5820000171661377
2021-11-15,174.17999267578125,23.239999771118164,4682.7998046875,95.41000366210938,1.6230000257492063
2021-11-16,172.9199981689453,22.959999084472656,4700.89990234375,95.91999816894533,1.633999943733215
2021-11-17,174.5,23.170000076293945,4688.669921875,95.83000183105467,1.6039999723434448
2021-11-18,173.94000244140625,22.959999084472656,4704.5400390625,95.54000091552734,1.5889999866485596
2021-11-19,172.61000061035156,22.75,4697.9599609375,96.06999969482422,1.5360000133514404
2021-11-22,168.74000549316406,22.34000015258789,4682.93994140625,96.5,1.625
2021-11-23,167.27999877929688,21.920000076293945,4690.7001953125,96.48999786376952,1.6670000553131104
2021-11-24,167.1199951171875,21.790000915527344,4701.4599609375,96.83999633789062,1.6449999809265137
2021-11-26,166.85000610351562,21.3700008392334,4594.6201171875,96.08999633789062,1.4819999933242798
2021-11-29,166.6199951171875,21.15999984741211,4655.27001953125,96.33999633789062,1.5299999713897705
2021-11-30,165.5,21.059999465942383,4567.0,95.98999786376952,1.4429999589920044
2021-12-01,166.16000366210938,20.56999969482422,4513.0400390625,96.0500030517578,1.434000015258789
2021-12-02,165.24000549316406,20.690000534057617,4577.10009765625,96.12999725341795,1.4479999542236328
2021-12-03,166.6300048828125,20.850000381469727,4538.43017578125,96.12000274658205,1.343000054359436
2021-12-06,166.22000122070312,20.709999084472656,4591.669921875,96.29000091552734,1.434000015258789
2021-12-07,166.80999755859375,20.809999465942383,4686.75,96.37000274658205,1.4800000190734863
2021-12-08,166.89999389648438,20.76000022888184,4701.2099609375,95.88999938964844,1.508999943733215
2021-12-09,165.8800048828125,20.299999237060547,4667.4501953125,96.2699966430664,1.4869999885559082
2021-12-10,166.5800018310547,20.5,4712.02001953125,96.0500030517578,1.4889999628067017
2021-12-13,167.0,20.61000061035156,4668.97021484375,96.31999969482422,1.4240000247955322
2021-12-14,165.44000244140625,20.309999465942383,4634.08984375,96.56999969482422,1.437999963760376
2021-12-15,166.14999389648438,20.40999984741211,4709.85009765625,96.51000213623048,1.4630000591278076
2021-12-16,168.16000366210938,20.790000915527344,4668.669921875,96.04000091552734,1.4220000505447388
2021-12-17,167.8000030517578,20.68000030517578,4620.64013671875,96.56999969482422,1.4019999504089355
2021-12-20,167.08999633789062,20.56999969482422,4568.02001953125,96.5500030517578,1.4190000295639038
2021-12-21,167.02000427246094,20.770000457763672,4649.22998046875,96.48999786376952,1.4869999885559082
2021-12-22,168.58999633789062,21.100000381469727,4696.56005859375,96.08000183105467,1.4570000171661377
2021-12-23,168.97000122070312,21.15999984741211,4725.7900390625,96.0199966430664,1.493000030517578
2021-12-27,169.3699951171875,21.32999992370605,4791.18994140625,96.08999633789062,1.4809999465942385
2021-12-28,168.63999938964844,21.270000457763672,4786.35009765625,96.1999969482422,1.4809999465942385
2021-12-29,168.58999633789062,21.11000061035156,4793.06005859375,95.93000030517578,1.5429999828338623
2021-12-30,169.8000030517578,21.34000015258789,4778.72998046875,95.97000122070312,1.5149999856948853
2021-12-31,170.9600067138672,21.51000022888184,4766.18017578125,95.66999816894533,1.5119999647140503
2022-01-03,168.3300018310547,21.18000030517578,4796.56005859375,96.23999786376952,1.628000020980835
2022-01-04,169.57000732421875,21.31999969482422,4793.5400390625,96.29000091552734,1.6679999828338623
2022-01-05,169.05999755859375,21.0,4700.580078125,96.19000244140624,1.7050000429153442
2022-01-06,166.99000549316406,20.51000022888184,4696.0498046875,96.25,1.7330000400543213
2022-01-07,167.75,20.6200008392334,4677.02978515625,95.73999786376952,1.7710000276565552
2022-01-10,168.25999450683594,20.76000022888184,4670.2900390625,95.98999786376952,1.7799999713897705
2022-01-11,170.2899932861328,21.049999237060547,4713.06982421875,95.62000274658205,1.746000051498413
2022-01-12,170.74000549316406,21.450000762939453,4726.35009765625,95.0,1.725000023841858
2022-01-13,170.16000366210938,21.32999992370605,4659.02978515625,94.79000091552734,1.7109999656677246
2022-01-14,169.6699981689453,21.200000762939453,4662.85009765625,95.16999816894533,1.7719999551773071
2022-01-18,169.38999938964844,21.690000534057617,4577.10986328125,95.7300033569336,1.8650000095367432
2022-01-19,172.0800018310547,22.3700008392334,4532.759765625,95.51000213623048,1.8270000219345093
2022-01-20,171.64999389648438,22.6200008392334,4482.72998046875,95.73999786376952,1.8329999446868896
2022-01-21,171.08999633789062,22.3799991607666,4397.93994140625,95.63999938964844,1.746999979019165
2022-01-24,172.02999877929688,22.11000061035156,4410.1298828125,95.91999816894533,1.7350000143051147
2022-01-25,172.5800018310547,22.020000457763672,4356.4501953125,95.9499969482422,1.7829999923706057
2022-01-26,169.7899932861328,21.71999931335449,4349.93017578125,96.48999786376952,1.8480000495910645
2022-01-27,167.60000610351562,21.020000457763672,4326.509765625,97.26000213623048,1.807000041007996
2022-01-28,167.10000610351562,20.709999084472656,4431.85009765625,97.2699966430664,1.781999945640564
2022-01-31,168.08999633789062,20.799999237060547,4515.5498046875,96.54000091552734,1.781999945640564
2022-02-01,168.22999572753906,20.940000534057617,4546.5400390625,96.38999938964844,1.7999999523162842
2022-02-02,168.83999633789062,20.93000030517578,4589.3798828125,95.94000244140624,1.7660000324249268
2022-02-03,168.60000610351562,20.709999084472656,4477.43994140625,95.37999725341795,1.8270000219345093
2022-02-04,168.86000061035156,20.790000915527344,4500.52978515625,95.4800033569336,1.9299999475479128
2022-02-07,170.11000061035156,21.270000457763672,4483.8701171875,95.4000015258789,1.9160000085830688
2022-02-08,170.6300048828125,21.450000762939453,4521.5400390625,95.63999938964844,1.9539999961853027
2022-02-09,171.2100067138672,21.530000686645508,4587.18017578125,95.48999786376952,1.9290000200271609
2022-02-10,170.55999755859375,21.420000076293945,4504.080078125,95.5500030517578,2.0309998989105225
2022-02-11,173.80999755859375,21.82999992370605,4418.64013671875,96.08000183105467,1.955000042915344
2022-02-14,174.74000549316406,22.049999237060547,4401.669921875,96.37000274658205,1.996000051498413
2022-02-15,173.0800018310547,21.61000061035156,4471.06982421875,95.98999786376952,2.0450000762939453
2022-02-16,174.86000061035156,21.8700008392334,4475.009765625,95.6999969482422,2.046999931335449
2022-02-17,177.25,22.040000915527344,4380.259765625,95.8000030517578,1.972000002861023
2022-02-18,177.1199951171875,22.1200008392334,4348.8701171875,96.04000091552734,1.932000041007996
2022-02-22,177.49000549316406,22.309999465942383,4304.759765625,96.02999877929688,1.9479999542236328
2022-02-23,178.2899932861328,22.729999542236328,4225.5,96.19000244140624,1.9769999980926516
2022-02-24,177.13999938964844,22.309999465942383,4288.7001953125,97.13999938964844,1.968999981880188
2022-02-25,176.5500030517578,22.399999618530277,4384.64990234375,96.62000274658205,1.9859999418258667
2022-02-28,178.3800048828125,22.6200008392334,4373.93994140625,96.70999908447266,1.83899998664856
2022-03-01,181.6199951171875,23.540000915527344,4306.259765625,97.41000366210938,1.7070000171661377
2022-03-02,179.72999572753906,23.3700008392334,4386.5400390625,97.38999938964844,1.8650000095367432
2022-03-03,180.8000030517578,23.290000915527344,4363.490234375,97.79000091552734,1.843999981880188
2022-03-04,183.67999267578125,23.63999938964844,4328.8701171875,98.6500015258789,1.7239999771118164
2022-03-07,186.41000366210935,23.700000762939453,4201.08984375,99.29000091552734,1.7510000467300415
2022-03-08,191.50999450683597,24.450000762939453,4170.7001953125,99.05999755859376,1.871999979019165
2022-03-09,185.82000732421875,23.799999237060547,4277.8798828125,97.97000122070312,1.9479999542236328
2022-03-10,186.3999938964844,24.01000022888184,4259.52001953125,98.51000213623048,2.010999917984009
2022-03-11,185.08999633789065,23.8700008392334,4204.31005859375,99.12000274658205,2.003999948501587
2022-03-14,182.3000030517578,23.15999984741211,4173.10986328125,99.05999755859376,2.140000104904175
2022-03-15,178.88999938964844,23.0,4262.4501953125,99.06999969482422,2.1600000858306885
2022-03-16,180.00999450683594,23.11000061035156,4357.85986328125,98.37999725341795,2.187999963760376
2022-03-17,180.88999938964844,23.32999992370605,4411.669921875,98.01000213623048,2.191999912261963
2022-03-18,179.3000030517578,23.020000457763672,4463.1201171875,98.2300033569336,2.1480000019073486
2022-03-21,180.6699981689453,23.280000686645508,4461.18017578125,98.5,2.315000057220459
2022-03-22,179.36000061035156,22.8799991607666,4511.60986328125,98.48999786376952,2.372999906539917
2022-03-23,181.80999755859372,23.239999771118164,4456.240234375,98.62000274658205,2.321000099182129
2022-03-24,183.1300048828125,23.61000061035156,4520.16015625,98.79000091552734,2.3410000801086426
2022-03-25,182.3800048828125,23.479999542236328,4543.06005859375,98.80999755859376,2.492000102996826
2022-03-28,179.05999755859375,22.93000030517578,4575.52001953125,99.08999633789062,2.476999998092652
2022-03-29,179.13999938964844,22.90999984741211,4631.60009765625,98.4000015258789,2.400000095367432
2022-03-30,180.5800018310547,22.940000534057617,4602.4501953125,97.79000091552734,2.3580000400543213
2022-03-31,180.6499938964844,22.8799991607666,4530.41015625,98.30999755859376,2.32699990272522
2022-04-01,179.5,22.739999771118164,4545.85986328125,98.62999725341795,2.377000093460083
2022-04-04,180.3699951171875,22.6299991607666,4582.64013671875,98.98999786376952,2.4119999408721924
2022-04-05,179.24000549316406,22.36000061035156,4525.1201171875,99.47000122070312,2.555999994277954
2022-04-06,179.66000366210938,22.56999969482422,4481.14990234375,99.5999984741211,2.608999967575073
2022-04-07,180.33999633789065,22.700000762939453,4500.2099609375,99.75,2.6519999504089355
2022-04-08,181.47000122070312,22.81999969482422,4488.27978515625,99.8000030517578,2.713000059127808
2022-04-11,182.3699951171875,23.149999618530277,4412.52978515625,99.93000030517578,2.7799999713897705
2022-04-12,183.7700042724609,23.46999931335449,4397.4501953125,100.29000091552734,2.7249999046325684
2022-04-13,184.6499938964844,23.75,4446.58984375,99.87999725341795,2.687000036239624
2022-04-14,184.0399932861328,23.63999938964844,4392.58984375,100.31999969482422,2.828000068664551
2022-04-18,184.6100006103516,23.8700008392334,4391.68994140625,100.77999877929688,2.861999988555908
2022-04-19,181.82000732421875,23.239999771118164,4462.2099609375,100.95999908447266,2.9130001068115234
2022-04-20,182.7100067138672,23.280000686645508,4459.4501953125,100.38999938964844,2.8399999141693115
2022-04-21,182.05999755859372,22.790000915527344,4393.66015625,100.58000183105467,2.9170000553131104
2022-04-22,180.2899932861328,22.309999465942383,4271.77978515625,101.22000122070312,2.9059998989105225
2022-04-25,177.0500030517578,21.82999992370605,4296.1201171875,101.75,2.825999975204468
2022-04-26,177.32000732421875,21.649999618530277,4175.2001953125,102.3000030517578,2.7720000743865967
2022-04-27,175.97999572753906,21.489999771118164,4183.9599609375,102.9499969482422,2.818000078201294
2022-04-28,176.92999267578125,21.420000076293945,4287.5,103.62000274658205,2.86299991607666
2022-04-29,176.91000366210938,21.040000915527344,4131.93017578125,102.95999908447266,2.88700008392334
2022-05-02,173.6300048828125,20.8700008392334,4155.3798828125,103.73999786376952,2.996000051498413
2022-05-03,174.08999633789062,20.82999992370605,4175.47998046875,103.47000122070312,2.9600000381469727
2022-05-04,175.8000030517578,21.280000686645508,4300.169921875,102.58999633789062,2.9170000553131104
2022-05-05,175.1300048828125,20.780000686645508,4146.8701171875,103.75,3.065999984741211
2022-05-06,175.4199981689453,20.65999984741211,4123.33984375,103.66000366210938,3.122999906539917
2022-05-09,172.8800048828125,20.030000686645508,3991.239990234375,103.6500015258789,3.0789999961853027
2022-05-10,171.4199981689453,19.549999237060547,4001.050048828125,103.91999816894533,2.993000030517578
2022-05-11,172.82000732421875,19.8700008392334,3935.179931640625,103.8499984741211,2.9210000038146973
2022-05-12,170.1699981689453,19.1200008392334,3930.080078125,104.8499984741211,2.816999912261963
2022-05-13,168.7899932861328,19.420000076293945,4023.889892578125,104.55999755859376,2.934999942779541
2022-05-16,170.39999389648438,19.93000030517578,4008.010009765625,104.19000244140624,2.877000093460083
2022-05-17,169.3300018310547,19.920000076293945,4088.85009765625,103.36000061035156,2.9679999351501465
2022-05-18,169.4199981689453,19.729999542236328,3923.679931640625,103.80999755859376,2.885999917984009
2022-05-19,171.91000366210938,20.270000457763672,3900.7900390625,102.72000122070312,2.8550000190734863
2022-05-20,172.02999877929688,20.06999969482422,3901.360107421875,103.1500015258789,2.7869999408721924
2022-05-23,172.8300018310547,20.100000381469727,3973.75,102.08000183105467,2.858999967575073
2022-05-24,174.1300048828125,20.38999938964844,3941.47998046875,101.86000061035156,2.759999990463257
2022-05-25,173.0800018310547,20.34000015258789,3978.72998046875,102.05999755859376,2.749000072479248
2022-05-26,172.75999450683594,20.309999465942383,4057.840087890625,101.83000183105467,2.75600004196167
2022-05-27,172.85000610351562,20.36000061035156,4158.240234375,101.66999816894533,2.743000030517578
2022-05-31,171.13999938964844,19.84000015258789,4132.14990234375,101.75,2.844000101089477
2022-06-01,172.22999572753906,20.1299991607666,4101.22998046875,102.5500030517578,2.930999994277954
2022-06-02,174.35000610351562,20.59000015258789,4176.81982421875,101.7699966430664,2.9130001068115234
2022-06-03,172.5800018310547,20.229999542236328,4108.5400390625,102.13999938964844,2.9570000171661377
2022-06-06,171.82000732421875,20.3700008392334,4121.43017578125,102.44000244140624,3.0380001068115234
2022-06-07,172.94000244140625,20.520000457763672,4160.68017578125,102.31999969482422,2.9719998836517334
2022-06-08,172.77999877929688,20.350000381469727,4115.77001953125,102.54000091552734,3.0290000438690186
2022-06-09,172.22999572753906,19.96999931335449,4017.820068359375,103.22000122070312,3.0439999103546143
2022-06-10,174.5399932861328,20.190000534057617,3900.860107421875,104.1500015258789,3.1559998989105225
2022-06-13,169.92999267578125,19.5,3749.6298828125,105.08000183105467,3.365999937057495
2022-06-14,168.57000732421875,19.3700008392334,3735.47998046875,105.5199966430664,3.4830000400543213
2022-06-15,170.77000427246094,19.959999084472656,3789.989990234375,105.16000366210938,3.3949999809265137
2022-06-16,172.69000244140625,20.239999771118164,3666.77001953125,103.62999725341795,3.306999921798706
2022-06-17,171.27000427246094,19.979999542236328,3674.840087890625,104.6999969482422,3.239000082015991
2022-06-21,170.6300048828125,19.979999542236328,3764.7900390625,104.44000244140624,3.306999921798706
2022-06-22,171.30999755859375,19.76000022888184,3759.889892578125,104.1999969482422,3.1559998989105225
2022-06-23,170.25999450683594,19.3700008392334,3795.72998046875,104.43000030517578,3.068000078201294
2022-06-24,170.08999633789062,19.51000022888184,3911.739990234375,104.19000244140624,3.125
2022-06-27,169.89999389648438,19.489999771118164,3900.110107421875,103.94000244140624,3.194000005722046
2022-06-28,169.6199951171875,19.190000534057617,3821.550048828125,104.51000213623048,3.2060000896453857
2022-06-29,169.49000549316406,19.13999938964844,3818.830078125,105.11000061035156,3.0929999351501465
2022-06-30,168.4600067138672,18.63999938964844,3785.3798828125,104.69000244140624,2.9719998836517334
2022-07-01,168.32000732421875,18.309999465942383,3825.330078125,105.13999938964844,2.888999938964844
2022-07-05,164.75,17.729999542236328,3831.389892578125,106.5,2.809000015258789
2022-07-06,162.13999938964844,17.690000534057617,3845.080078125,107.0999984741211,2.9130001068115234
2022-07-07,162.22999572753906,17.75,3902.6201171875,107.12999725341795,3.007999897003174
2022-07-08,162.3000030517578,17.790000915527344,3899.3798828125,107.01000213623048,3.1010000705718994
2022-07-11,161.42999267578125,17.579999923706055,3854.429931640625,108.0199966430664,2.990999937057495
2022-07-12,160.8300018310547,17.440000534057617,3818.800048828125,108.06999969482422,2.9579999446868896
2022-07-13,161.60000610351562,17.690000534057617,3801.780029296875,107.95999908447266,2.9040000438690186
2022-07-14,159.3300018310547,17.0,3790.3798828125,108.54000091552734,2.9600000381469727
2022-07-15,159.00999450683594,17.190000534057617,3863.159912109375,108.05999755859376,2.930000066757202
2022-07-18,159.16000366210938,17.219999313354492,3830.85009765625,107.37000274658205,2.9600000381469727
2022-07-19,159.5399932861328,17.290000915527344,3936.68994140625,106.68000030517578,3.0190000534057617
2022-07-20,158.0399932861328,17.190000534057617,3959.89990234375,107.08000183105467,3.0360000133514404
2022-07-21,160.27000427246094,17.399999618530273,3998.949951171875,106.91000366210938,2.9100000858306885
2022-07-22,160.6699981689453,17.139999389648438,3961.6298828125,106.7300033569336,2.782999992370605
2022-07-25,160.22999572753906,16.979999542236328,3966.840087890625,106.4800033569336,2.819999933242798
2022-07-26,160.0399932861328,17.15999984741211,3921.050048828125,107.19000244140624,2.7869999408721924
2022-07-27,161.6699981689453,17.600000381469727,4023.610107421875,106.4499969482422,2.733999967575073
2022-07-28,163.63999938964844,18.43000030517578,4072.429931640625,106.3499984741211,2.680999994277954
2022-07-29,164.10000610351562,18.700000762939453,4130.2900390625,105.9000015258789,2.6419999599456787
2022-08-01,165.02999877929688,18.790000915527344,4118.6298828125,105.4499969482422,2.6059999465942383
2022-08-02,164.0500030517578,18.40999984741211,4091.18994140625,106.23999786376952,2.740999937057495
2022-08-03,164.4499969482422,18.489999771118164,4155.169921875,106.51000213623048,2.747999906539917
2022-08-04,167.1699981689453,18.63999938964844,4151.93994140625,105.69000244140624,2.6760001182556152
2022-08-05,165.2899932861328,18.32999992370605,4145.18994140625,106.62000274658205,2.8399999141693115
2022-08-08,166.69000244140625,19.030000686645508,4140.06005859375,106.44000244140624,2.765000104904175
2022-08-09,167.1999969482422,18.93000030517578,4122.47021484375,106.37000274658205,2.796999931335449
2022-08-10,166.77999877929688,18.950000762939453,4210.240234375,105.1999969482422,2.7860000133514404
2022-08-11,166.33999633789062,18.670000076293945,4207.27001953125,105.08999633789062,2.888000011444092
2022-08-12,167.8699951171875,19.170000076293945,4280.14990234375,105.62999725341795,2.8489999771118164
2022-08-15,165.7100067138672,18.68000030517578,4297.14013671875,106.5500030517578,2.7909998893737797
2022-08-16,165.4199981689453,18.56999969482422,4305.2001953125,106.5,2.8239998817443848
2022-08-17,164.35000610351562,18.25,4274.0400390625,106.56999969482422,2.8929998874664307
2022-08-18,163.9199981689453,18.040000915527344,4283.740234375,107.4800033569336,2.880000114440918
2022-08-19,162.72000122070312,17.549999237060547,4228.47998046875,108.16999816894533,2.989000082015991
2022-08-22,161.63999938964844,17.5,4137.990234375,109.0500030517578,3.0369999408721924
2022-08-23,162.77000427246094,17.6200008392334,4128.72998046875,108.62000274658205,3.053999900817871
2022-08-24,163.25,17.6299991607666,4140.77001953125,108.68000030517578,3.1059999465942383
2022-08-25,163.75,17.729999542236328,4199.1201171875,108.47000122070312,3.026000022888184
2022-08-26,161.75999450683594,17.360000610351562,4057.659912109375,108.8000030517578,3.0350000858306885
2022-08-29,161.86000061035156,17.290000915527344,4030.610107421875,108.83999633789062,3.109999895095825
2022-08-30,160.50999450683594,16.959999084472656,3986.159912109375,108.7699966430664,3.109999895095825
2022-08-31,159.27000427246094,16.579999923706055,3955.0,108.6999969482422,3.132999897003174
2022-09-01,157.8699951171875,16.3799991607666,3966.85009765625,109.69000244140624,3.265000104904175
2022-09-02,159.25999450683594,16.56999969482422,3924.260009765625,109.52999877929688,3.193000078201294
2022-09-06,158.3300018310547,16.540000915527344,3908.18994140625,110.20999908447266,3.3399999141693115
2022-09-07,159.94000244140625,17.0,3979.8701171875,109.83999633789062,3.265000104904175
2022-09-08,158.97999572753906,17.030000686645508,4006.179931640625,109.70999908447266,3.2920000553131104
2022-09-09,159.82000732421875,17.31999969482422,4067.360107421875,109.0,3.321000099182129
2022-09-12,160.6300048828125,18.170000076293945,4110.41015625,108.33000183105467,3.361999988555908
2022-09-13,158.5399932861328,17.829999923706055,3932.68994140625,109.81999969482422,3.421999931335449
2022-09-14,157.92999267578125,18.0,3946.010009765625,109.66000366210938,3.4119999408721924
2022-09-15,154.97999572753906,17.6299991607666,3901.35009765625,109.73999786376952,3.4590001106262207
2022-09-16,155.83999633789062,17.989999771118164,3873.330078125,109.76000213623048,3.447999954223633
2022-09-19,155.9600067138672,17.989999771118164,3899.889892578125,109.73999786376952,3.490000009536743
2022-09-20,155.07000732421875,17.729999542236328,3855.929931640625,110.22000122070312,3.571000099182129
2022-09-21,155.7899932861328,18.059999465942383,3789.929931640625,110.63999938964844,3.509999990463257
2022-09-22,155.6999969482422,18.09000015258789,3757.989990234375,111.3499984741211,3.7079999446868896
2022-09-23,153.00999450683594,17.360000610351562,3693.22998046875,113.19000244140624,3.697000026702881
2022-09-26,151.22999572753906,16.920000076293945,3655.0400390625,114.0999984741211,3.878000020980835
2022-09-27,151.5399932861328,16.899999618530273,3647.2900390625,114.11000061035156,3.96399998664856
2022-09-28,154.69000244140625,17.450000762939453,3719.0400390625,112.5999984741211,3.704999923706055
2022-09-29,154.66000366210938,17.3700008392334,3640.469970703125,112.25,3.746999979019165
2022-09-30,154.6699981689453,17.5,3585.6201171875,112.12000274658205,3.803999900817871
2022-10-03,158.42999267578125,19.100000381469727,3678.429931640625,111.75,3.651000022888184
2022-10-04,160.6999969482422,19.36000061035156,3790.929931640625,110.06999969482422,3.617000102996826
2022-10-05,159.80999755859375,18.989999771118164,3783.280029296875,111.06999969482422,3.759000062942505
2022-10-06,159.6300048828125,19.040000915527344,3744.52001953125,112.26000213623048,3.825999975204468
2022-10-07,157.8800048828125,18.5,3639.659912109375,112.8000030517578,3.882999897003174
2022-10-10,155.47999572753906,18.09000015258789,3612.389892578125,113.13999938964844,3.888000011444092
2022-10-11,155.16000366210938,17.68000030517578,3588.840087890625,113.22000122070312,3.938999891281128
2022-10-12,155.99000549316406,17.59000015258789,3577.030029296875,113.31999969482422,3.901999950408936
2022-10-13,154.91000366210938,17.389999389648438,3669.909912109375,112.36000061035156,3.95199990272522
2022-10-14,152.97999572753906,16.809999465942383,3583.070068359375,113.30999755859376,4.010000228881836
2022-10-17,153.4199981689453,17.1200008392334,3677.949951171875,112.04000091552734,4.014999866485596
2022-10-18,153.75,17.229999542236328,3719.97998046875,112.12999725341795,3.997999906539917
2022-10-19,151.69000244140625,17.010000228881836,3695.159912109375,112.9800033569336,4.126999855041504
2022-10-20,151.4499969482422,17.170000076293945,3665.780029296875,112.87999725341795,4.22599983215332
2022-10-21,154.14999389648438,17.760000228881836,3752.75,112.01000213623048,4.2129998207092285
2022-10-24,153.64999389648438,17.68000030517578,3797.340087890625,111.98999786376952,4.234000205993652
2022-10-25,154.0,17.860000610351562,3859.110107421875,110.9499969482422,4.107999801635742
2022-10-26,154.97999572753906,17.979999542236328,3830.60009765625,109.6999969482422,4.014999866485596
2022-10-27,154.74000549316406,17.979999542236328,3807.300048828125,110.58999633789062,3.937000036239624
2022-10-28,153.16000366210938,17.739999771118164,3901.06005859375,110.66999816894533,4.010000228881836
2022-10-31,151.91000366210938,17.6200008392334,3871.97998046875,111.52999877929688,4.077000141143799
2022-11-01,153.4600067138672,18.049999237060547,3856.10009765625,111.4800033569336,4.052000045776367
2022-11-02,152.38999938964844,17.729999542236328,3759.68994140625,111.3499984741211,4.059000015258789
2022-11-03,151.80999755859375,17.940000534057617,3719.889892578125,112.93000030517578,4.124000072479248
2022-11-04,156.47000122070312,19.26000022888184,3770.550048828125,110.87999725341795,4.156000137329102
2022-11-07,155.85000610351562,19.149999618530277,3806.800048828125,110.12000274658205,4.214000225067139
2022-11-08,159.4499969482422,19.700000762939453,3828.110107421875,109.62000274658205,4.125999927520752
2022-11-09,158.64999389648438,19.36000061035156,3748.570068359375,110.5500030517578,4.151000022888184
2022-11-10,163.47999572753906,19.96999931335449,3956.3701171875,108.20999908447266,3.828999996185303
2022-11-11,164.55999755859375,19.950000762939453,3992.929931640625,106.29000091552734,3.812999963760376
2022-11-14,164.9199981689453,20.239999771118164,3957.25,106.66000366210938,3.865000009536743
2022-11-15,165.5,19.8799991607666,3991.72998046875,106.4000015258789,3.799000024795532
2022-11-16,165.1199951171875,19.739999771118164,3958.7900390625,106.27999877929688,3.691999912261963
2022-11-17,163.9199981689453,19.290000915527344,3946.56005859375,106.69000244140624,3.775000095367432
2022-11-18,162.7899932861328,19.25,3965.340087890625,106.93000030517578,3.818000078201294
2022-11-21,161.8800048828125,19.200000762939453,3949.93994140625,107.83999633789062,3.825000047683716
2022-11-22,162.07000732421875,19.43000030517578,4003.580078125,107.22000122070312,3.757999897003174
2022-11-23,163.0800018310547,19.809999465942383,4027.260009765625,106.08000183105467,3.7060000896453857
2022-11-25,163.22000122070312,19.71999931335449,4026.1201171875,105.95999908447266,3.690999984741211
2022-11-28,161.92999267578125,19.26000022888184,3963.93994140625,106.68000030517578,3.703000068664551
2022-11-29,162.72999572753906,19.559999465942383,3957.6298828125,106.81999969482422,3.747999906539917
2022-11-30,164.80999755859375,20.43000030517578,4080.110107421875,105.9499969482422,3.703000068664551
2022-12-01,167.83999633789062,20.979999542236328,4076.570068359375,104.7300033569336,3.5290000438690186
2022-12-02,167.25999450683594,21.290000915527344,4071.699951171875,104.5500030517578,3.50600004196167
2022-12-05,164.38999938964844,20.440000534057617,3998.840087890625,105.29000091552734,3.5989999771118164
2022-12-06,164.83999633789062,20.440000534057617,3941.260009765625,105.58000183105467,3.513000011444092
2022-12-07,166.3300018310547,20.920000076293945,3933.919921875,105.0999984741211,3.407999992370605
2022-12-08,166.47000122070312,21.209999084472656,3963.510009765625,104.7699966430664,3.490999937057495
2022-12-09,167.05999755859375,21.559999465942383,3934.3798828125,104.80999755859376,3.566999912261963
2022-12-12,165.67999267578125,21.459999084472656,3990.56005859375,105.12999725341795,3.611000061035156
2022-12-13,168.50999450683594,21.82999992370605,4019.64990234375,103.9800033569336,3.500999927520752
2022-12-14,168.10000610351562,21.989999771118164,3995.320068359375,103.7699966430664,3.503000020980835
2022-12-15,165.35000610351562,21.239999771118164,3895.75,104.55999755859376,3.450000047683716
2022-12-16,166.7899932861328,21.3700008392334,3852.360107421875,104.6999969482422,3.4820001125335693
2022-12-19,166.32000732421875,21.1200008392334,3817.659912109375,104.72000122070312,3.5810000896453857
2022-12-20,169.0800018310547,22.229999542236328,3821.6201171875,103.97000122070312,3.684000015258789
2022-12-21,168.8000030517578,22.06999969482422,3878.43994140625,104.16000366210938,3.684000015258789
2022-12-22,166.75999450683594,21.690000534057617,3822.389892578125,104.43000030517578,3.6689999103546143
2022-12-23,167.25999450683594,21.850000381469727,3844.820068359375,104.30999755859376,3.750999927520752
2022-12-27,168.6699981689453,22.11000061035156,3829.25,104.18000030517578,3.859999895095825
2022-12-28,167.91000366210938,21.600000381469727,3783.219970703125,104.45999908447266,3.88700008392334
2022-12-29,168.85000610351562,21.96999931335449,3849.280029296875,103.83999633789062,3.8350000381469727
2022-12-30,169.63999938964844,22.020000457763672,3839.5,103.5199966430664,3.878999948501587
2023-01-03,171.05999755859375,22.049999237060547,3824.139892578125,104.5199966430664,3.7929999828338623
2023-01-04,172.6699981689453,21.88999938964844,3852.969970703125,104.25,3.7090001106262207
2023-01-05,170.52000427246094,21.38999938964844,3808.10009765625,105.04000091552734,3.7200000286102295
2023-01-06,173.7100067138672,21.920000076293945,3895.080078125,103.87999725341795,3.569000005722046
2023-01-09,174.10000610351562,21.739999771118164,3892.090087890625,103.0,3.5169999599456787
2023-01-10,174.74000549316406,21.729999542236328,3919.25,103.23999786376952,3.621000051498413
2023-01-11,174.6199951171875,21.549999237060547,3969.610107421875,103.19000244140624,3.553999900817871
2023-01-12,176.63999938964844,21.8799991607666,3983.169921875,102.25,3.4489998817443848
2023-01-13,178.75999450683594,22.32999992370605,3999.090087890625,102.1999969482422,3.510999917984009
2023-01-17,177.58999633789062,22.01000022888184,3990.969970703125,102.38999938964844,3.5350000858306885
2023-01-18,177.0800018310547,21.56999969482422,3928.860107421875,102.36000061035156,3.375
2023-01-19,179.88999938964844,21.959999084472656,3898.85009765625,102.05999755859376,3.3970000743865967
2023-01-20,179.2899932861328,22.020000457763672,3972.610107421875,102.01000213623048,3.483999967575073
2023-01-23,179.6300048828125,21.57999992370605,4019.81005859375,102.13999938964844,3.525000095367432
2023-01-24,180.27999877929688,21.76000022888184,4016.949951171875,101.91999816894533,3.469000101089477
2023-01-25,181.1100006103516,21.96999931335449,4016.219970703125,101.63999938964844,3.461999893188477
2023-01-26,179.47000122070312,21.989999771118164,4060.429931640625,101.83999633789062,3.493000030517578
2023-01-27,179.22000122070312,21.68000030517578,4070.56005859375,101.93000030517578,3.5179998874664307
2023-01-30,178.75999450683594,21.65999984741211,4017.77001953125,102.27999877929688,3.5510001182556152
2023-01-31,179.41000366210938,21.82999992370605,4076.60009765625,102.0999984741211,3.5290000438690186
2023-02-01,181.6699981689453,22.07999992370605,4119.2099609375,101.22000122070312,3.3970000743865967
2023-02-02,177.89999389648438,21.56999969482422,4179.759765625,101.75,3.3959999084472656
2023-02-03,173.4600067138672,20.56999969482422,4136.47998046875,102.91999816894533,3.532000064849853
2023-02-06,173.82000732421875,20.479999542236328,4111.080078125,103.62000274658205,3.634000062942505
2023-02-07,173.97999572753906,20.3799991607666,4164.0,103.43000030517578,3.674000024795532
2023-02-08,174.41000366210938,20.479999542236328,4117.85986328125,103.41000366210938,3.6530001163482666
2023-02-09,173.02999877929688,20.18000030517578,4081.5,103.22000122070312,3.683000087738037
2023-02-10,173.36000061035156,20.239999771118164,4090.4599609375,103.62999725341795,3.74399995803833
2023-02-13,172.47999572753906,20.200000762939453,4137.2900390625,103.3499984741211,3.7170000076293945
2023-02-14,172.61000061035156,20.1200008392334,4136.1298828125,103.2300033569336,3.760999917984009
2023-02-15,170.88999938964844,19.88999938964844,4147.60009765625,103.91999816894533,3.809000015258789
2023-02-16,170.75,19.84000015258789,4090.409912109375,103.86000061035156,3.8429999351501465
2023-02-17,171.25999450683594,20.01000022888184,4079.090087890625,103.86000061035156,3.828000068664551
2023-02-21,170.6199951171875,20.06999969482422,3997.340087890625,104.18000030517578,3.954999923706055
2023-02-22,169.66000366210938,19.75,3991.050048828125,104.58999633789062,3.92300009727478
2023-02-23,169.57000732421875,19.6299991607666,4012.320068359375,104.5999984741211,3.878999948501587
2023-02-24,168.35000610351562,19.09000015258789,3970.0400390625,105.20999908447266,3.9489998817443848
2023-02-27,169.00999450683594,18.93000030517578,3982.239990234375,104.66999816894533,3.921999931335449
2023-02-28,169.77999877929688,19.21999931335449,3970.14990234375,104.87000274658205,3.9159998893737793
2023-03-01,170.75999450683594,19.290000915527344,3951.389892578125,104.4800033569336,3.99399995803833
2023-03-02,170.66000366210938,19.239999771118164,3981.35009765625,105.02999877929688,4.072999954223633
2023-03-03,172.49000549316406,19.549999237060547,4045.639892578125,104.5199966430664,3.96399998664856
2023-03-06,171.6199951171875,19.31999969482422,4048.419921875,104.3499984741211,3.983000040054321
2023-03-07,168.6199951171875,18.450000762939453,3986.3701171875,105.62000274658205,3.974999904632568
2023-03-08,168.5399932861328,18.399999618530277,3992.010009765625,105.66000366210938,3.9760000705718994
2023-03-09,170.1999969482422,18.440000534057617,3918.320068359375,105.30999755859376,3.924999952316284
2023-03-10,173.8699951171875,18.86000061035156,3861.590087890625,104.58000183105467,3.694999933242798
2023-03-13,177.86000061035156,20.0,3855.760009765625,103.5999984741211,3.515000104904175
2023-03-14,176.8300018310547,19.88999938964844,3919.2900390625,103.5999984741211,3.638000011444092
2023-03-15,178.2100067138672,20.0,3891.929931640625,104.6500015258789,3.492000102996826
2023-03-16,178.57000732421875,19.920000076293945,3960.280029296875,104.41999816894533,3.5850000381469727
2023-03-17,183.7700042724609,20.6299991607666,3916.639892578125,103.70999908447266,3.3949999809265137
2023-03-20,183.83999633789065,20.690000534057617,3951.570068359375,103.27999877929688,3.4809999465942383
2023-03-21,180.3699951171875,20.540000915527344,4002.8701171875,103.26000213623048,3.6059999465942383
2023-03-22,183.44000244140625,21.100000381469727,3936.969970703125,102.3499984741211,3.5
2023-03-23,185.7400054931641,21.280000686645508,3948.719970703125,102.52999877929688,3.4059998989105225
2023-03-24,183.6499938964844,21.21999931335449,3970.989990234375,103.12000274658205,3.380000114440918
2023-03-27,181.9499969482422,21.21999931335449,3977.530029296875,102.86000061035156,3.5280001163482666
2023-03-28,183.44000244140625,21.43000030517578,3971.27001953125,102.43000030517578,3.563999891281128
2023-03-29,182.52999877929688,21.440000534057617,4027.81005859375,102.63999938964844,3.565999984741211
2023-03-30,184.17999267578125,21.940000534057617,4050.830078125,102.13999938964844,3.5510001182556152
2023-03-31,183.22000122070312,22.1200008392334,4109.31005859375,102.51000213623048,3.49399995803833
2023-04-03,184.5399932861328,22.059999465942383,4124.509765625,102.08999633789062,3.430000066757202
2023-04-04,187.97999572753903,22.96999931335449,4100.60009765625,101.58999633789062,3.336999893188477
2023-04-05,187.8300018310547,22.940000534057617,4090.3798828125,101.8499984741211,3.2869999408721924
2023-04-06,186.4900054931641,22.88999938964844,4105.02001953125,101.81999969482422,3.2880001068115234
2023-04-10,185.1100006103516,22.8799991607666,4109.10986328125,102.58000183105467,3.414999961853028
2023-04-11,186.27999877929688,23.040000915527344,4108.93994140625,102.1999969482422,3.434000015258789
2023-04-12,187.19000244140625,23.43000030517578,4091.949951171875,101.5,3.4210000038146973
2023-04-13,189.72000122070312,23.739999771118164,4146.22021484375,101.01000213623048,3.45199990272522
2023-04-14,186.3600006103516,23.309999465942383,4137.64013671875,101.5500030517578,3.5220000743865967
2023-04-17,185.52999877929688,23.020000457763672,4151.31982421875,102.0999984741211,3.5910000801086426
2023-04-18,186.25,23.149999618530277,4154.8701171875,101.75,3.572000026702881
2023-04-19,185.3600006103516,23.229999542236328,4154.52001953125,101.97000122070312,3.601999998092652
2023-04-20,186.08999633789065,23.170000076293945,4129.7900390625,101.83999633789062,3.5450000762939453
2023-04-21,184.25,22.979999542236328,4133.52001953125,101.81999969482422,3.569999933242798
2023-04-24,184.80999755859372,23.07999992370605,4137.0400390625,101.3499984741211,3.515000104904175
2023-04-25,185.75,22.989999771118164,4071.6298828125,101.86000061035156,3.3959999084472656
2023-04-26,184.7400054931641,22.82999992370605,4055.989990234375,101.47000122070312,3.431999921798706
2023-04-27,184.75,22.88999938964844,4135.35009765625,101.5,3.5280001163482666
2023-04-28,184.8000030517578,23.0,4169.47998046875,101.66999816894533,3.45199990272522
2023-05-01,183.97000122070312,22.88999938964844,4167.8701171875,102.1500015258789,3.5739998817443848
2023-05-02,187.5200042724609,23.350000381469727,4119.580078125,101.95999908447266,3.438999891281128
2023-05-03,189.1100006103516,23.43000030517578,4090.75,101.33999633789062,3.4030001163482666
2023-05-04,190.44000244140625,23.940000534057617,4061.219970703125,101.4000015258789,3.3510000705718994
2023-05-05,187.4600067138672,23.56999969482422,4136.25,101.20999908447266,3.446000099182129
2023-05-08,187.69000244140625,23.489999771118164,4138.1201171875,101.37000274658205,3.5209999084472656
2023-05-09,189.0200042724609,23.479999542236328,4119.169921875,101.63999938964844,3.5209999084472656
2023-05-10,188.75,23.309999465942383,4137.64013671875,101.4800033569336,3.438999891281128
2023-05-11,187.1300048828125,22.200000762939453,4130.6201171875,102.05999755859376,3.3970000743865967
2023-05-12,186.80999755859372,22.020000457763672,4124.080078125,102.68000030517578,3.463000059127808
2023-05-15,187.2100067138672,22.100000381469727,4136.27978515625,102.43000030517578,3.507999897003174
2023-05-16,184.8699951171875,21.809999465942383,4109.89990234375,102.55999755859376,3.549000024795532
2023-05-17,184.22999572753903,21.81999969482422,4158.77001953125,102.87999725341795,3.5810000896453857
2023-05-18,181.83999633789065,21.559999465942383,4198.0498046875,103.58000183105467,3.6480000019073486
2023-05-19,183.63999938964844,21.86000061035156,4191.97998046875,103.1999969482422,3.691999912261963
2023-05-22,183.2100067138672,21.670000076293945,4192.6298828125,103.1999969482422,3.7190001010894775
2023-05-23,183.42999267578125,21.51000022888184,4145.580078125,103.48999786376952,3.697999954223633
2023-05-24,181.9499969482422,21.15999984741211,4115.240234375,103.88999938964844,3.7190001010894775
2023-05-25,180.1999969482422,20.86000061035156,4151.27978515625,104.20999908447266,3.813999891281128
2023-05-26,180.9199981689453,21.3799991607666,4205.4501953125,104.20999908447266,3.809999942779541
2023-05-30,182.0399932861328,21.299999237060547,4205.52001953125,104.16999816894533,3.700000047683716
2023-05-31,182.32000732421875,21.61000061035156,4179.830078125,104.31999969482422,3.63700008392334
2023-06-01,183.75999450683597,21.950000762939453,4221.02001953125,103.55999755859376,3.608000040054321
2023-06-02,181.0500030517578,21.690000534057617,4282.3701171875,104.0199966430664,3.690999984741211
2023-06-05,182.13999938964844,21.63999938964844,4273.7900390625,104.0,3.693000078201294
2023-06-06,182.33999633789065,21.649999618530277,4283.85009765625,104.12999725341795,3.6989998817443848
2023-06-07,180.1499938964844,21.51000022888184,4267.52001953125,104.0999984741211,3.783999919891357
2023-06-08,182.52999877929688,22.299999237060547,4293.93017578125,103.33999633789062,3.71399998664856
2023-06-09,182.0399932861328,22.270000457763672,4298.85986328125,103.55999755859376,3.744999885559082
2023-06-12,181.8800048828125,22.07999992370605,4338.93017578125,103.62999725341795,3.765000104904175
2023-06-13,180.5399932861328,21.739999771118164,4369.009765625,103.33999633789062,3.83899998664856
2023-06-14,180.63999938964844,21.96999931335449,4372.58984375,103.01000213623048,3.796000003814697
2023-06-15,181.91000366210935,21.940000534057617,4425.83984375,102.12000274658205,3.7279999256134033
2023-06-16,181.6300048828125,22.18000030517578,4409.58984375,102.3000030517578,3.7690000534057617
2023-06-20,179.75,21.26000022888184,4388.7099609375,102.54000091552734,3.7290000915527344
2023-06-21,179.49000549316406,20.84000015258789,4365.68994140625,102.06999969482422,3.723000049591065
2023-06-22,177.7100067138672,20.530000686645508,4381.89013671875,102.38999938964844,3.799000024795532
2023-06-23,178.1999969482422,20.57999992370605,4348.330078125,102.9000015258789,3.739000082015991
2023-06-26,178.50999450683594,20.899999618530277,4328.81982421875,102.69000244140624,3.7190001010894775
2023-06-27,177.69000244140625,20.979999542236328,4378.41015625,102.48999786376952,3.767999887466431
2023-06-28,177.27999877929688,20.84000015258789,4376.85986328125,102.91000366210938,3.7100000381469727
2023-06-29,177.08999633789062,20.71999931335449,4396.43994140625,103.33999633789062,3.8540000915527344
2023-06-30,178.27000427246094,20.88999938964844,4450.3798828125,102.91000366210938,3.819000005722046
2023-07-03,178.47000122070312,21.01000022888184,4455.58984375,102.98999786376952,3.858000040054321
2023-07-05,177.83999633789062,21.209999084472656,4446.81982421875,103.37000274658205,3.944999933242798
2023-07-06,177.30999755859375,20.82999992370605,4411.58984375,103.16999816894533,4.040999889373779
2023-07-07,178.63999938964844,21.18000030517578,4398.9501953125,102.2699966430664,4.050000190734863
2023-07-10,178.77999877929688,21.239999771118164,4409.52978515625,101.97000122070312,4.00600004196167
2023-07-11,179.4499969482422,21.200000762939453,4439.259765625,101.7300033569336,3.9800000190734863
2023-07-12,181.8800048828125,22.149999618530277,4472.16015625,100.5199966430664,3.861000061035156
2023-07-13,182.00999450683597,22.780000686645508,4510.0400390625,99.7699966430664,3.760999917984009
2023-07-14,181.42999267578125,22.86000061035156,4505.419921875,99.91000366210938,3.819000005722046
2023-07-17,181.55999755859372,22.790000915527344,4522.7900390625,99.83999633789062,3.796999931335449
2023-07-18,183.63999938964844,22.989999771118164,4554.97998046875,99.94000244140624,3.7890000343322754
2023-07-19,183.6699981689453,23.100000381469727,4565.72021484375,100.27999877929688,3.742000102996826
2023-07-20,182.7400054931641,22.68000030517578,4534.8701171875,100.87999725341795,3.8540000915527344
2023-07-21,182.17999267578125,22.56999969482422,4536.33984375,101.06999969482422,3.836999893188477
2023-07-24,181.3999938964844,22.32999992370605,4554.64013671875,101.3499984741211,3.857000112533569
2023-07-25,182.41000366210935,22.6200008392334,4567.4599609375,101.3499984741211,3.911999940872192
2023-07-26,183.3000030517578,22.90999984741211,4566.75,100.88999938964844,3.8510000705718994
2023-07-27,180.4199981689453,22.11000061035156,4537.41015625,101.7699966430664,4.01200008392334
2023-07-28,181.8600006103516,22.31999969482422,4582.22998046875,101.62000274658205,3.9690001010894775
2023-07-31,182.3500061035156,22.690000534057617,4588.9599609375,101.86000061035156,3.9590001106262207
2023-08-01,180.4600067138672,22.290000915527344,4576.72998046875,102.3000030517578,4.051000118255615
2023-08-02,179.60000610351562,21.75,4513.39013671875,102.58999633789062,4.078000068664551
2023-08-03,179.5399932861328,21.6299991607666,4501.89013671875,102.54000091552734,4.189000129699707
2023-08-04,180.19000244140625,21.65999984741211,4478.02978515625,102.0199966430664,4.059999942779541
2023-08-07,179.77999877929688,21.209999084472656,4518.43994140625,102.0500030517578,4.078000068664551
2023-08-08,178.63999938964844,20.899999618530277,4499.3798828125,102.52999877929688,4.026000022888184
2023-08-09,177.7899932861328,20.799999237060547,4467.7099609375,102.48999786376952,4.01200008392334
2023-08-10,177.60000610351562,20.82999992370605,4468.830078125,102.5199966430664,4.079999923706055
2023-08-11,177.60000610351562,20.799999237060547,4464.0498046875,102.83999633789062,4.168000221252441
2023-08-14,177.05999755859375,20.71999931335449,4489.72021484375,103.19000244140624,4.184000015258789
2023-08-15,176.58999633789062,20.670000076293945,4437.85986328125,103.20999908447266,4.2210001945495605
2023-08-16,175.57000732421875,20.559999465942383,4404.330078125,103.41999816894533,4.257999897003174
2023-08-17,175.3000030517578,20.799999237060547,4370.35986328125,103.44000244140624,4.308000087738037
2023-08-18,175.3300018310547,20.8700008392334,4369.7099609375,103.37999725341795,4.250999927520752
2023-08-21,175.80999755859375,21.36000061035156,4399.77001953125,103.33000183105467,4.3420000076293945
2023-08-22,176.10000610351562,21.459999084472656,4387.5498046875,103.55999755859376,4.328000068664551
2023-08-23,177.88999938964844,22.290000915527344,4436.009765625,103.36000061035156,4.197999954223633
2023-08-24,177.85000610351562,22.11000061035156,4376.31005859375,103.9800033569336,4.235000133514404
2023-08-25,177.6199951171875,22.21999931335449,4405.7099609375,104.08000183105467,4.238999843597412
2023-08-28,178.1300048828125,22.21999931335449,4433.31005859375,104.05999755859376,4.211999893188477
2023-08-29,179.8699951171875,22.709999084472656,4497.6298828125,103.5500030517578,4.122000217437744
2023-08-30,180.32000732421875,22.56999969482422,4514.8701171875,103.16000366210938,4.118000030517578
2023-08-31,180.02000427246094,22.38999938964844,4507.66015625,103.62000274658205,4.0929999351501465
2023-09-01,180.11000061035156,22.170000076293945,4515.77001953125,104.23999786376952,4.172999858856201
2023-09-05,178.63999938964844,21.59000015258789,4496.830078125,104.80999755859376,4.26800012588501
2023-09-06,177.8300018310547,21.239999771118164,4465.47998046875,104.86000061035156,4.289999961853027
2023-09-07,178.02000427246094,21.049999237060547,4451.14013671875,105.05999755859376,4.260000228881836
2023-09-08,178.0800018310547,21.01000022888184,4457.490234375,105.08999633789062,4.257999897003174
2023-09-11,178.41000366210938,21.15999984741211,4487.4599609375,104.56999969482422,4.288000106811523
2023-09-12,177.49000549316406,21.1299991607666,4461.89990234375,104.70999908447266,4.263999938964844
2023-09-13,177.0800018310547,20.93000030517578,4467.43994140625,104.7699966430664,4.249000072479248
2023-09-14,177.1699981689453,20.729999542236328,4505.10009765625,105.41000366210938,4.288000106811523
2023-09-15,178.33999633789062,21.11000061035156,4450.31982421875,105.31999969482422,4.322000026702881
2023-09-18,179.38999938964844,21.299999237060547,4453.52978515625,105.1999969482422,4.318999767303467
2023-09-19,179.22000122070312,21.270000457763672,4443.9501953125,105.1999969482422,4.364999771118164
2023-09-20,179.35000610351562,21.34000015258789,4402.2001953125,105.16000366210938,4.348999977111816
2023-09-21,178.0500030517578,21.440000534057617,4330.0,105.36000061035156,4.480000019073486
2023-09-22,178.6199951171875,21.57999992370605,4320.06005859375,105.58000183105467,4.438000202178955
2023-09-25,177.6999969482422,21.200000762939453,4337.43994140625,106.0,4.541999816894531
2023-09-26,176.27999877929688,20.959999084472656,4273.52978515625,106.2300033569336,4.558000087738037
2023-09-27,174.10000610351562,20.700000762939453,4274.509765625,106.66999816894533,4.625999927520752
2023-09-28,173.22999572753906,20.739999771118164,4299.7001953125,106.22000122070312,4.5970001220703125
2023-09-29,171.4499969482422,20.34000015258789,4288.0498046875,106.16999816894533,4.572999954223633
2023-10-02,169.64999389648438,19.420000076293945,4288.39013671875,106.9000015258789,4.683000087738037
2023-10-03,169.16000366210938,19.440000534057617,4229.4501953125,107.0,4.802000045776367
2023-10-04,169.13999938964844,19.309999465942383,4263.75,106.8000030517578,4.735000133514404
2023-10-05,168.8300018310547,19.25,4258.18994140625,106.33000183105467,4.7170000076293945
2023-10-06,169.6999969482422,19.729999542236328,4308.5,106.04000091552734,4.783999919891357
2023-10-09,172.82000732421875,20.059999465942383,4335.66015625,106.08000183105467,4.796999931335449
2023-10-10,172.52999877929688,19.979999542236328,4358.240234375,105.83000183105467,4.65500020980835
2023-10-11,173.7899932861328,20.18000030517578,4376.9501953125,105.81999969482422,4.59499979019165
2023-10-12,173.25999450683594,19.959999084472656,4349.60986328125,106.56999969482422,4.711999893188477
2023-10-13,178.8300018310547,20.780000686645508,4327.77978515625,106.6500015258789,4.629000186920166
2023-10-16,177.9600067138672,20.68000030517578,4373.6298828125,106.23999786376952,4.711999893188477
2023-10-17,178.2899932861328,20.920000076293945,4373.2001953125,106.25,4.8470001220703125
2023-10-18,180.8699951171875,20.950000762939453,4314.60009765625,106.56999969482422,4.90399980545044
2023-10-19,183.08999633789065,21.11000061035156,4278.0,106.25,4.98799991607666
2023-10-20,183.58999633789065,21.399999618530277,4224.16015625,106.16000366210938,4.923999786376953
2023-10-23,182.97000122070312,21.049999237060547,4217.0400390625,105.54000091552734,4.8379998207092285
2023-10-24,182.9499969482422,21.020000457763672,4247.68017578125,106.2699966430664,4.840000152587891
2023-10-25,183.72000122070312,20.940000534057617,4186.77001953125,106.52999877929688,4.953000068664551
2023-10-26,184.00999450683597,20.850000381469727,4137.22998046875,106.5999984741211,4.84499979019165
2023-10-27,186.1499938964844,21.18000030517578,4117.3701171875,106.55999755859376,4.84499979019165
2023-10-30,185.1000061035156,21.34000015258789,4166.81982421875,106.12000274658205,4.875
2023-10-31,184.08999633789065,20.979999542236328,4193.7998046875,106.66000366210938,4.875
2023-11-01,183.50999450683597,20.96999931335449,4237.85986328125,106.87999725341795,4.789000034332275
2023-11-02,184.1199951171875,20.8700008392334,4317.77978515625,106.12000274658205,4.669000148773193
2023-11-03,184.7899932861328,21.21999931335449,4358.33984375,105.0199966430664,4.558000087738037
2023-11-06,183.3500061035156,21.07999992370605,4365.97998046875,105.22000122070312,4.662000179290772
2023-11-07,182.58999633789065,20.729999542236328,4378.3798828125,105.54000091552734,4.571000099182129
2023-11-08,180.7700042724609,20.649999618530277,4382.77978515625,105.58999633789062,4.5229997634887695
2023-11-09,181.4900054931641,20.690000534057617,4347.35009765625,105.91000366210938,4.630000114440918
2023-11-10,179.50999450683594,20.34000015258789,4415.240234375,105.86000061035156,4.627999782562256
2023-11-13,180.50999450683597,20.43000030517578,4411.5498046875,105.66000366210938,4.631999969482422
2023-11-14,182.1199951171875,21.170000076293945,4495.7001953125,104.11000061035156,4.440999984741211
2023-11-15,181.63999938964844,21.450000762939453,4502.8798828125,104.38999938964844,4.534999847412109
2023-11-16,183.69000244140625,21.76000022888184,4508.240234375,104.37000274658205,4.445000171661377
2023-11-17,183.6699981689453,21.75,4514.02001953125,103.81999969482422,4.440999984741211
2023-11-20,183.3699951171875,21.479999542236328,4547.3798828125,103.47000122070312,4.421999931335449
2023-11-21,185.3500061035156,21.770000457763672,4538.18994140625,103.58999633789062,4.418000221252441
2023-11-22,184.55999755859372,21.670000076293945,4556.6201171875,103.91999816894533,4.415999889373779
2023-11-24,185.5200042724609,22.270000457763672,4559.33984375,103.4000015258789,4.4720001220703125
2023-11-27,186.7700042724609,22.559999465942383,4550.43017578125,103.1999969482422,4.388999938964844
2023-11-28,189.25999450683597,22.920000076293945,4554.89013671875,102.75,4.335999965667725
2023-11-29,189.5399932861328,22.8799991607666,4550.580078125,102.7699966430664,4.270999908447266
2023-11-30,188.75,23.1299991607666,4567.7998046875,103.5,4.352000236511231
2023-12-01,192.00999450683597,23.32999992370605,4594.6298828125,103.2699966430664,4.22599983215332
2023-12-04,187.8600006103516,22.459999084472656,4569.77978515625,103.63999938964844,4.288000106811523
2023-12-05,187.1499938964844,22.1200008392334,4567.18017578125,104.0500030517578,4.171000003814697
2023-12-06,187.83999633789065,21.93000030517578,4549.33984375,104.1500015258789,4.120999813079834
2023-12-07,188.1499938964844,21.790000915527344,4585.58984375,103.54000091552734,4.129000186920166
2023-12-08,185.63999938964844,21.100000381469727,4604.3701171875,104.01000213623048,4.244999885559082
2023-12-11,183.58999633789065,20.90999984741211,4622.43994140625,104.0999984741211,4.238999843597412
2023-12-12,183.4900054931641,20.84000015258789,4643.7001953125,103.87000274658205,4.205999851226807
2023-12-13,187.6300048828125,21.770000457763672,4707.08984375,102.87000274658205,4.0329999923706055
2023-12-14,188.72999572753903,22.149999618530277,4719.5498046875,101.95999908447266,3.930000066757202
2023-12-15,187.0,21.82999992370605,4719.18994140625,102.5500030517578,3.927999973297119
2023-12-18,187.8500061035156,21.799999237060547,4740.56005859375,102.51000213623048,3.953999996185303
2023-12-19,189.1300048828125,22.030000686645508,4768.3701171875,102.16999816894533,3.921999931335449
2023-12-20,188.1000061035156,22.040000915527344,4698.35009765625,102.41000366210938,3.877000093460083
2023-12-21,189.42999267578125,22.309999465942383,4746.75,101.83999633789062,3.8940000534057617
2023-12-22,190.2700042724609,22.1200008392334,4754.6298828125,101.6999969482422,3.901000022888184
2023-12-26,191.72000122070312,22.200000762939453,4774.75,101.47000122070312,3.885999917984009
2023-12-27,192.58999633789065,22.229999542236328,4781.580078125,100.98999786376952,3.7890000343322754
2023-12-28,191.47000122070312,21.989999771118164,4783.35009765625,101.2300033569336,3.849999904632568
2023-12-29,191.1699981689453,21.780000686645508,4769.830078125,101.33000183105467,3.865999937057495
2024-01-02,190.72000122070312,21.649999618530277,4742.830078125,102.1999969482422,3.946000099182129
2024-01-03,189.1300048828125,21.059999465942383,4704.81005859375,102.45999908447266,3.9070000648498535
2024-01-04,189.32000732421875,21.07999992370605,4688.68017578125,102.41999816894533,3.990999937057495
2024-01-05,189.3500061035156,21.209999084472656,4697.240234375,102.41000366210938,4.041999816894531
2024-01-08,187.8699951171875,21.1299991607666,4763.5400390625,102.20999908447266,4.001999855041504
2024-01-09,187.92999267578125,21.0,4756.5,102.56999969482422,4.019000053405762
2024-01-10,187.5,20.940000534057617,4783.4501953125,102.36000061035156,4.03000020980835
2024-01-11,187.8699951171875,20.81999969482422,4780.240234375,102.29000091552734,3.9769999980926514
2024-01-12,189.7100067138672,21.190000534057617,4783.830078125,102.4000015258789,3.950000047683716
2024-01-16,187.91000366210935,20.959999084472656,4765.97998046875,103.36000061035156,4.065999984741211
2024-01-17,185.83999633789065,20.649999618530277,4739.2099609375,103.4499969482422,4.105999946594238
2024-01-18,187.3699951171875,20.809999465942383,4780.93994140625,103.54000091552734,4.144000053405762
2024-01-19,187.92999267578125,20.670000076293945,4839.81005859375,103.29000091552734,4.145999908447266
2024-01-22,187.22000122070312,20.21999931335449,4850.43017578125,103.33000183105467,4.093999862670898
2024-01-23,187.9499969482422,20.530000686645508,4864.60009765625,103.62000274658205,4.142000198364258
2024-01-24,186.3999938964844,20.709999084472656,4868.5498046875,103.23999786376952,4.177999973297119
2024-01-25,187.13999938964844,20.940000534057617,4894.16015625,103.56999969482422,4.131999969482422
2024-01-26,187.00999450683597,20.86000061035156,4890.97021484375,103.47000122070312,4.159999847412109
2024-01-29,188.3300018310547,21.209999084472656,4927.93017578125,103.61000061035156,4.091000080108643
2024-01-30,188.58999633789065,21.190000534057617,4924.97021484375,103.4000015258789,4.059000015258789
2024-01-31,188.4499969482422,20.90999984741211,4845.64990234375,103.2699966430664,3.9670000076293945
2024-02-01,190.41000366210935,21.209999084472656,4906.18994140625,103.0500030517578,3.86299991607666
2024-02-02,188.6100006103516,20.75,4958.60986328125,103.91999816894533,4.0329999923706055
2024-02-05,187.57000732421875,20.46999931335449,4942.81005859375,104.4499969482422,4.164000034332275
2024-02-06,188.5500030517578,20.51000022888184,4954.22998046875,104.18000030517578,4.090000152587891
2024-02-07,188.5,20.32999992370605,4995.06005859375,104.04000091552734,4.110000133514404
2024-02-08,188.3300018310547,20.649999618530277,4997.91015625,104.1500015258789,4.170000076293945
2024-02-09,187.6000061035156,20.68000030517578,5026.60986328125,104.08000183105467,4.186999797821045
2024-02-12,187.1100006103516,20.76000022888184,5021.83984375,104.16999816894533,4.171999931335449
2024-02-13,184.52999877929688,20.200000762939453,4953.169921875,104.95999908447266,4.315999984741211
2024-02-14,184.4199981689453,20.440000534057617,5000.6201171875,104.72000122070312,4.267000198364258
2024-02-15,185.66000366210935,20.940000534057617,5029.72998046875,104.3000030517578,4.239999771118164
2024-02-16,186.33999633789065,21.38999938964844,5005.56982421875,104.27999877929688,4.295000076293945
2024-02-20,187.47000122070312,21.06999969482422,4975.509765625,104.08000183105467,4.275000095367432
2024-02-21,187.47999572753903,20.959999084472656,4981.7998046875,104.01000213623048,4.324999809265137
2024-02-22,187.55999755859372,20.81999969482422,5087.02978515625,103.95999908447266,4.327000141143799
2024-02-23,188.6199951171875,20.989999771118164,5088.7998046875,103.94000244140624,4.260000228881836
2024-02-26,188.1999969482422,20.6200008392334,5069.52978515625,103.83000183105467,4.298999786376953
2024-02-27,188.0,20.56999969482422,5078.18017578125,103.83000183105467,4.315000057220459
2024-02-28,188.33999633789065,20.549999237060547,5069.759765625,103.9800033569336,4.27400016784668
2024-02-29,189.30999755859372,20.729999542236328,5096.27001953125,104.16000366210938,4.251999855041504
2024-03-01,192.88999938964844,21.170000076293945,5137.080078125,103.86000061035156,4.179999828338623
2024-03-04,196.00999450683597,21.86000061035156,5130.9501953125,103.83000183105467,4.218999862670898
2024-03-05,197.19000244140625,21.670000076293945,5078.64990234375,103.8000030517578,4.13700008392334
2024-03-06,198.80999755859372,22.100000381469727,5104.759765625,103.37000274658205,4.104000091552734
2024-03-07,199.94000244140625,22.239999771118164,5157.35986328125,102.81999969482422,4.0920000076293945
2024-03-08,201.6300048828125,22.229999542236328,5123.68994140625,102.73999786376952,4.089000225067139
2024-03-11,202.0,22.350000381469727,5117.93994140625,102.87000274658205,4.104000091552734
2024-03-12,199.7899932861328,22.09000015258789,5175.27001953125,102.95999908447266,4.15500020980835
2024-03-13,201.19000244140625,22.790000915527344,5165.31005859375,102.79000091552734,4.191999912261963
2024-03-14,200.3500061035156,22.729999542236328,5150.47998046875,103.36000061035156,4.297999858856201
2024-03-15,199.7100067138672,23.030000686645508,5117.08984375,103.43000030517578,4.303999900817871
2024-03-18,200.02999877929688,22.90999984741211,5149.419921875,103.58000183105467,4.340000152587891
2024-03-19,199.8000030517578,22.790000915527344,5178.509765625,103.80999755859376,4.296999931335449
2024-03-20,202.17999267578125,23.290000915527344,5224.6201171875,103.41000366210938,4.2729997634887695
2024-03-21,201.97000122070312,22.649999618530277,5241.52978515625,104.0,4.270999908447266
2024-03-22,200.3500061035156,22.559999465942383,5234.18017578125,104.43000030517578,4.2179999351501465
2024-03-25,200.9900054931641,22.57999992370605,5218.18994140625,104.2300033569336,4.252999782562256
2024-03-26,201.63999938964844,22.34000015258789,5203.580078125,104.29000091552734,4.234000205993652
2024-03-27,203.1000061035156,22.51000022888184,5248.490234375,104.3499984741211,4.196000099182129
2024-03-28,205.72000122070312,22.75,5254.35009765625,104.5500030517578,4.205999851226807
2024-04-01,207.82000732421875,22.86000061035156,5243.77001953125,105.0199966430664,4.328999996185303
2024-04-02,210.88999938964844,23.84000015258789,5205.81005859375,104.81999969482422,4.364999771118164
2024-04-03,212.7400054931641,24.729999542236328,5211.490234375,104.25,4.355000019073486
2024-04-04,211.5200042724609,24.489999771118164,5147.2099609375,104.12000274658205,4.309000015258789
2024-04-05,215.13999938964844,25.030000686645508,5204.33984375,104.3000030517578,4.377999782562256
2024-04-08,216.47999572753903,25.399999618530277,5202.39013671875,104.13999938964844,4.423999786376953
2024-04-09,217.6699981689453,25.71999931335449,5209.91015625,104.1500015258789,4.366000175476074
2024-04-10,215.6100006103516,25.450000762939453,5160.64013671875,105.25,4.559999942779541
2024-04-11,219.8000030517578,26.01000022888184,5199.06005859375,105.27999877929688,4.576000213623047
2024-04-12,216.88999938964844,25.6299991607666,5123.41015625,106.04000091552734,4.499000072479248
2024-04-15,220.9499969482422,26.40999984741211,5061.81982421875,106.20999908447266,4.627999782562256
2024-04-16,221.22000122070312,25.799999237060547,5051.41015625,106.26000213623048,4.658999919891357
2024-04-17,219.58999633789065,25.850000381469727,5022.2099609375,105.9499969482422,4.585000038146973
2024-04-18,220.33999633789065,25.86000061035156,5011.1201171875,106.1500015258789,4.646999835968018
2024-04-19,221.02999877929688,26.200000762939453,4967.22998046875,106.1500015258789,4.614999771118164
2024-04-22,215.57000732421875,24.93000030517578,5010.60009765625,106.08000183105467,4.623000144958496
2024-04-23,215.0399932861328,24.989999771118164,5070.5498046875,105.69000244140624,4.5980000495910645
2024-04-24,214.63999938964844,24.899999618530277,5071.6298828125,105.86000061035156,4.651999950408936
2024-04-25,215.9199981689453,25.059999465942383,5048.419921875,105.5999984741211,4.705999851226807
2024-04-26,216.6199951171875,24.88999938964844,5099.9599609375,105.94000244140624,4.669000148773193
2024-04-29,216.17999267578125,24.82999992370605,5116.169921875,105.58000183105467,4.613999843597412
2024-04-30,211.8699951171875,24.049999237060547,5035.68994140625,106.22000122070312,4.685999870300293
2024-05-01,213.7899932861328,24.270000457763672,5018.39013671875,105.76000213623048,4.59499979019165
2024-05-02,213.1300048828125,24.36000061035156,5064.2001953125,105.3000030517578,4.571000099182129
2024-05-03,212.9600067138672,24.21999931335449,5127.7900390625,105.02999877929688,4.5
2024-05-06,215.1999969482422,25.06999969482422,5180.740234375,105.0500030517578,4.488999843597412
2024-05-07,214.2100067138672,24.920000076293945,5187.7001953125,105.41000366210938,4.4629998207092285
2024-05-08,213.5800018310547,24.950000762939453,5187.669921875,105.5500030517578,4.492000102996826
2024-05-09,216.9499969482422,25.86000061035156,5214.080078125,105.2300033569336,4.448999881744385
2024-05-10,218.7100067138672,25.770000457763672,5222.68017578125,105.30999755859376,4.504000186920166
2024-05-13,216.25999450683597,25.799999237060547,5221.419921875,105.22000122070312,4.480999946594238
2024-05-14,218.08999633789065,26.1299991607666,5246.68017578125,105.01000213623048,4.445000171661377
2024-05-15,220.88999938964844,27.1200008392334,5308.14990234375,104.3499984741211,4.355999946594238
2024-05-16,220.02999877929688,27.059999465942383,5297.10009765625,104.45999908447266,4.376999855041504
2024-05-17,223.66000366210935,28.790000915527344,5303.27001953125,104.4499969482422,4.420000076293945
2024-05-20,224.55999755859372,28.979999542236328,5308.1298828125,104.56999969482422,4.436999797821045
2024-05-21,224.22999572753903,29.270000457763672,5321.41015625,104.66000366210938,4.414000034332275
2024-05-22,220.1100006103516,28.21999931335449,5307.009765625,104.94000244140624,4.434000015258789
2024-05-23,215.72000122070312,27.549999237060547,5267.83984375,105.11000061035156,4.474999904632568
2024-05-24,215.9199981689453,27.739999771118164,5304.72021484375,104.72000122070312,4.4670000076293945
2024-05-28,218.19000244140625,29.239999771118164,5306.0400390625,104.61000061035156,4.541999816894531
2024-05-29,216.16000366210935,29.170000076293945,5266.9501953125,105.0999984741211,4.624000072479248
2024-05-30,216.57000732421875,28.420000076293945,5235.47998046875,104.72000122070312,4.553999900817871
2024-05-31,215.3000030517578,27.76000022888184,5277.509765625,104.66999816894533,4.513999938964844
2024-06-03,217.22000122070312,27.88999938964844,5283.39990234375,104.13999938964844,4.401999950408936
2024-06-04,215.2700042724609,27.020000457763672,5291.33984375,104.11000061035156,4.335999965667725
2024-06-05,217.82000732421875,27.399999618530277,5354.02978515625,104.2699966430664,4.289000034332275
2024-06-06,219.42999267578125,28.530000686645508,5352.9599609375,104.0999984741211,4.281000137329102
2024-06-07,211.6000061035156,26.670000076293945,5346.990234375,104.88999938964844,4.429999828338623
2024-06-10,213.5399932861328,27.1200008392334,5360.7900390625,105.1500015258789,4.468999862670898
2024-06-11,214.1499938964844,26.709999084472656,5375.31982421875,105.2300033569336,4.40399980545044
2024-06-12,214.72000122070312,27.030000686645508,5421.02978515625,104.6500015258789,4.295000076293945
2024-06-13,212.97000122070312,26.43000030517578,5433.740234375,105.1999969482422,4.23799991607666
2024-06-14,215.72999572753903,27.01000022888184,5431.60009765625,105.5500030517578,4.2129998207092285
2024-06-17,214.6100006103516,26.920000076293945,5473.22998046875,105.31999969482422,4.27899980545044
2024-06-18,215.47000122070312,26.959999084472656,5487.02978515625,105.26000213623048,4.2170000076293945
2024-06-20,218.16000366210935,28.0,5473.169921875,105.58999633789062,4.254000186920166
2024-06-21,214.77999877929688,26.979999542236328,5464.6201171875,105.8000030517578,4.256999969482422
2024-06-24,215.6300048828125,27.0,5447.8701171875,105.47000122070312,4.248000144958496
2024-06-25,214.55999755859372,26.399999618530277,5469.2998046875,105.61000061035156,4.23799991607666
2024-06-26,212.5800018310547,26.309999465942383,5477.89990234375,106.0500030517578,4.315999984741211
2024-06-27,214.9900054931641,26.450000762939453,5482.8701171875,105.91000366210938,4.288000106811523
2024-06-28,215.00999450683597,26.56999969482422,5460.47998046875,105.87000274658205,4.3429999351501465
2024-07-01,215.57000732421875,26.850000381469727,5475.08984375,105.9000015258789,4.479000091552734
2024-07-02,215.55999755859372,26.96999931335449,5509.009765625,105.72000122070312,4.435999870300293
2024-07-03,217.9900054931641,27.84000015258789,5537.02001953125,105.4000015258789,4.355000019073486
2024-07-05,220.92999267578125,28.479999542236328,5567.18994140625,104.87999725341795,4.271999835968018
2024-07-08,218.19000244140625,28.1299991607666,5572.85009765625,105.01000213623048,4.269000053405762
2024-07-09,218.55999755859372,28.1200008392334,5576.97998046875,105.12000274658205,4.300000190734863
2024-07-10,219.3600006103516,28.15999984741211,5633.91015625,105.0500030517578,4.28000020980835
2024-07-11,223.25,28.68000030517578,5584.5400390625,104.44000244140624,4.192999839782715
2024-07-12,223.1100006103516,28.1200008392334,5615.35009765625,104.08999633789062,4.189000129699707
2024-07-15,223.8300018310547,28.030000686645508,5631.22021484375,104.19000244140624,4.229000091552734
2024-07-16,228.2899932861328,28.61000061035156,5667.2001953125,104.2699966430664,4.166999816894531
2024-07-17,227.22999572753903,27.670000076293945,5588.27001953125,103.75,4.145999908447266
2024-07-18,225.77999877929688,27.200000762939453,5544.58984375,104.16999816894533,4.189000129699707
2024-07-19,221.72999572753903,26.690000534057617,5505.0,104.4000015258789,4.238999843597412
2024-07-22,221.8000030517578,26.6299991607666,5564.41015625,104.30999755859376,4.260000228881836
2024-07-23,222.5800018310547,26.68000030517578,5555.740234375,104.4499969482422,4.238999843597412
2024-07-24,221.8000030517578,26.43000030517578,5427.1298828125,104.38999938964844,4.285999774932861
2024-07-25,218.3300018310547,25.40999984741211,5399.22021484375,104.36000061035156,4.25600004196167
2024-07-26,220.6300048828125,25.479999542236328,5459.10009765625,104.31999969482422,4.199999809265137
2024-07-29,220.32000732421875,25.440000534057617,5463.5400390625,104.55999755859376,4.177999973297119
2024-07-30,222.5200042724609,25.82999992370605,5436.43994140625,104.5500030517578,4.14300012588501
2024-07-31,226.5500030517578,26.38999938964844,5522.2998046875,104.0999984741211,4.109000205993652
2024-08-01,225.7700042724609,26.030000686645508,5446.68017578125,104.41999816894533,3.9760000705718994
2024-08-02,225.33999633789065,26.040000915527344,5346.56005859375,103.20999908447266,3.7920000553131104
2024-08-05,222.47999572753903,24.86000061035156,5186.330078125,102.69000244140624,3.785000085830689
2024-08-06,220.6999969482422,24.63999938964844,5240.02978515625,102.97000122070312,3.888000011444092
2024-08-07,220.5500030517578,24.32999992370605,5199.5,103.1999969482422,3.9679999351501465
2024-08-08,224.00999450683597,25.01000022888184,5319.31005859375,103.20999908447266,3.996999979019165
2024-08-09,224.55999755859372,25.0,5344.16015625,103.13999938964844,3.941999912261963
2024-08-12,228.41000366210935,25.489999771118164,5344.39013671875,103.13999938964844,3.908999919891357
2024-08-13,228.05999755859372,25.420000076293945,5434.43017578125,102.55999755859376,3.8519999980926514
2024-08-14,226.1999969482422,25.1299991607666,5455.2099609375,102.56999969482422,3.819999933242798
2024-08-15,226.91000366210935,25.86000061035156,5543.22021484375,102.9800033569336,3.9260001182556152
2024-08-16,231.9900054931641,26.43000030517578,5554.25,102.45999908447266,3.891999959945679
2024-08-19,231.6100006103516,26.82999992370605,5608.25,101.88999938964844,3.867000102996826
2024-08-20,232.4600067138672,26.8700008392334,5597.1201171875,101.44000244140624,3.818000078201294
2024-08-21,232.1499938964844,26.950000762939453,5620.85009765625,101.04000091552734,3.7780001163482666
2024-08-22,229.3699951171875,26.38999938964844,5570.64013671875,101.51000213623048,3.861999988555908
2024-08-23,232.0200042724609,27.200000762939453,5634.60986328125,100.72000122070312,3.806999921798706
2024-08-26,232.75999450683597,27.31999969482422,5616.83984375,100.8499984741211,3.818000078201294
2024-08-27,233.38999938964844,27.36000061035156,5625.7998046875,100.5500030517578,3.8329999446868896
2024-08-28,231.75,26.690000534057617,5592.18017578125,101.08999633789062,3.8410000801086426
2024-08-29,232.9499969482422,26.809999465942383,5591.9599609375,101.33999633789062,3.867000102996826
2024-08-30,231.2899932861328,26.350000381469727,5648.39990234375,101.6999969482422,3.91100001335144
2024-09-03,230.2899932861328,25.57999992370605,5528.93017578125,101.83000183105467,3.8440001010894775
2024-09-04,230.42999267578125,25.68000030517578,5520.06982421875,101.36000061035156,3.767999887466431
2024-09-05,232.3500061035156,26.229999542236328,5503.41015625,101.11000061035156,3.7309999465942383
2024-09-06,230.6300048828125,25.479999542236328,5408.419921875,101.18000030517578,3.7100000381469727
2024-09-09,231.6000061035156,25.850000381469727,5471.0498046875,101.5500030517578,3.697000026702881
2024-09-10,232.6199951171875,25.940000534057617,5495.52001953125,101.62999725341795,3.6459999084472656
2024-09-11,232.25,26.1200008392334,5554.1298828125,101.68000030517578,3.6530001163482666
2024-09-12,236.3300018310547,27.270000457763672,5595.759765625,101.37000274658205,3.680000066757202
2024-09-13,238.67999267578125,28.020000457763672,5626.02001953125,101.11000061035156,3.650000095367432
2024-09-16,238.66000366210935,28.06999969482422,5633.08984375,100.76000213623048,3.621000051498413
2024-09-17,237.33999633789065,27.959999084472656,5634.580078125,100.88999938964844,3.641999959945679
2024-09-18,235.50999450683597,27.239999771118164,5618.259765625,100.5999984741211,3.684999942779541
2024-09-19,239.1699981689453,28.09000015258789,5713.64013671875,100.61000061035156,3.740000009536743
2024-09-20,242.2100067138672,28.40999984741211,5702.5498046875,100.72000122070312,3.7279999256134033
2024-09-23,242.67999267578125,27.979999542236328,5718.56982421875,100.91999816894533,3.739000082015991
2024-09-24,246.07000732421875,29.3799991607666,5732.93017578125,100.37000274658205,3.736000061035156
2024-09-25,245.72999572753903,29.059999465942383,5722.259765625,100.91999816894533,3.7809998989105225
2024-09-26,246.97999572753903,29.26000022888184,5745.3701171875,100.55999755859376,3.7909998893737793
2024-09-27,245.0200042724609,28.86000061035156,5738.169921875,100.41999816894533,3.749000072479248
2024-09-30,243.05999755859372,28.40999984741211,5762.47998046875,100.77999877929688,3.802000045776367
2024-10-01,245.6100006103516,28.57999992370605,5708.75,101.19000244140624,3.743000030517578
2024-10-02,245.66000366210935,29.0,5709.5400390625,101.68000030517578,3.785000085830689
2024-10-03,245.4900054931641,29.229999542236328,5699.93994140625,101.98999786376952,3.849999904632568
2024-10-04,245.0,29.36000061035156,5751.06982421875,102.5199966430664,3.9809999465942383
2024-10-07,244.1699981689453,28.93000030517578,5695.93994140625,102.54000091552734,4.026000022888184
2024-10-08,242.3699951171875,28.01000022888184,5751.1298828125,102.5500030517578,4.0329999923706055
2024-10-09,241.0500030517578,27.86000061035156,5792.0400390625,102.93000030517578,4.066999912261963
2024-10-10,242.82000732421875,28.3799991607666,5780.0498046875,102.98999786376952,4.0960001945495605
2024-10-11,245.47000122070312,28.799999237060547,5815.02978515625,102.88999938964844,4.072999954223633
2024-10-14,245.07000732421875,28.540000915527344,5859.85009765625,103.3000030517578,4.0980000495910645
2024-10-15,245.9199981689453,28.709999084472656,5815.259765625,103.26000213623048,4.038000106811523
2024-10-16,247.1499938964844,28.90999984741211,5842.47021484375,103.58999633789062,4.015999794006348
2024-10-17,248.6300048828125,28.88999938964844,5841.47021484375,103.83000183105467,4.0960001945495605
2024-10-18,251.2700042724609,30.63999938964844,5864.669921875,103.48999786376952,4.072999954223633
2024-10-21,251.22000122070312,30.850000381469727,5853.97998046875,104.01000213623048,4.182000160217285
2024-10-22,253.92999267578125,31.739999771118164,5851.2001953125,104.08000183105467,4.203999996185303
2024-10-23,250.8699951171875,30.709999084472656,5797.419921875,104.43000030517578,4.242000102996826
2024-10-24,252.8000030517578,30.690000534057617,5809.85986328125,104.05999755859376,4.199999809265137
2024-10-25,253.32000732421875,30.6299991607666,5808.1201171875,104.26000213623048,4.23199987411499
2024-10-28,253.3300018310547,30.729999542236328,5823.52001953125,104.31999969482422,4.277999877929688
2024-10-29,256.0899963378906,31.38999938964844,5832.919921875,104.27999877929688,4.27400016784668
2024-10-30,257.5,30.809999465942383,5813.669921875,103.98999786376952,4.265999794006348
2024-10-31,253.50999450683597,29.809999465942383,5705.4501953125,103.9800033569336,4.283999919891357
2024-11-01,252.47000122070312,29.540000915527344,5728.7998046875,104.27999877929688,4.361000061035156
2024-11-04,252.8300018310547,29.6299991607666,5712.68994140625,103.88999938964844,4.309000015258789
2024-11-05,253.3999938964844,29.75,5782.759765625,103.41999816894533,4.289000034332275
2024-11-06,245.6999969482422,28.43000030517578,5929.0400390625,105.08999633789062,4.426000118255615
2024-11-07,249.6499938964844,29.11000061035156,5973.10009765625,104.51000213623048,4.341000080108643
2024-11-08,247.9600067138672,28.479999542236328,5995.5400390625,105.0,4.306000232696533
2024-11-11,242.13999938964844,27.96999931335449,6001.35009765625,105.54000091552734,4.308000087738037
2024-11-12,240.0500030517578,28.06999969482422,5983.990234375,106.0199966430664,4.432000160217285
2024-11-13,237.6300048828125,27.61000061035156,5985.3798828125,106.4800033569336,4.451000213623047
2024-11-14,237.00999450683597,27.809999465942383,5949.169921875,106.66999816894533,4.418000221252441
2024-11-15,236.58999633789065,27.56999969482422,5870.6201171875,106.69000244140624,4.427999973297119
2024-11-18,241.08999633789065,28.3799991607666,5893.6201171875,106.27999877929688,4.414000034332275
2024-11-19,243.25,28.5,5916.97998046875,106.20999908447266,4.379000186920166
2024-11-20,244.6199951171875,28.100000381469727,5917.10986328125,106.68000030517578,4.406000137329102
2024-11-21,246.66000366210935,28.040000915527344,5948.7099609375,106.97000122070312,4.432000160217285
2024-11-22,249.83999633789065,28.46999931335449,5969.33984375,107.48999786376952,4.409999847412109
2024-11-25,242.47999572753903,27.6299991607666,5987.3701171875,106.81999969482422,4.264999866485596
2024-11-26,242.9499969482422,27.799999237060547,6021.6298828125,107.01000213623048,4.302000045776367
2024-11-27,243.4900054931641,27.450000762939453,5998.740234375,106.08000183105467,4.242000102996826
2024-11-29,245.58999633789065,27.920000076293945,6032.3798828125,105.73999786376952,4.177999973297119
2024-12-02,243.44000244140625,27.790000915527344,6047.14990234375,106.4499969482422,4.196000099182129
2024-12-03,243.92999267578125,28.280000686645508,6049.8798828125,106.37000274658205,4.2230000495910645
2024-12-04,244.6699981689453,28.530000686645508,6086.490234375,106.33999633789062,4.179999828338623
2024-12-05,242.8600006103516,28.559999465942383,6075.10986328125,105.70999908447266,4.179999828338623
2024-12-06,242.9499969482422,28.25,6090.27001953125,105.97000122070312,4.151000022888184
2024-12-09,245.3600006103516,28.979999542236328,6052.85009765625,106.1500015258789,4.198999881744385
2024-12-10,248.58999633789065,28.989999771118164,6034.91015625,106.4000015258789,4.2210001945495605
2024-12-11,250.9600067138672,29.040000915527344,6084.18994140625,106.70999908447266,4.270999908447266
2024-12-12,247.27999877929688,28.200000762939453,6051.25,106.95999908447266,4.323999881744385
2024-12-13,244.2899932861328,27.75,6051.08984375,107.0,4.39900016784668
2024-12-16,244.8800048828125,27.799999237060547,6074.080078125,106.86000061035156,4.396999835968018
2024-12-17,243.94000244140625,27.809999465942383,6050.60986328125,106.95999908447266,4.385000228881836
2024-12-18,239.25999450683597,26.850000381469727,5872.16015625,108.02999877929688,4.49399995803833
2024-12-19,239.6000061035156,26.520000457763672,5867.080078125,108.41000366210938,4.570000171661377
2024-12-20,242.1000061035156,26.920000076293945,5930.85009765625,107.62000274658205,4.52400016784668
2024-12-23,240.9600067138672,26.989999771118164,5974.06982421875,108.04000091552734,4.598999977111816
2024-12-24,241.44000244140625,27.020000457763672,6040.0400390625,108.26000213623048,4.591000080108643
2024-12-26,243.07000732421875,27.13999938964844,6037.58984375,108.12999725341795,4.578999996185303
2024-12-27,241.3999938964844,26.76000022888184,5970.83984375,108.0,4.61899995803833
2024-12-30,240.6300048828125,26.43000030517578,5906.93994140625,108.12999725341795,4.545000076293945
