Date,gold_cond_vol,silver_cond_vol
2006-05-02,1.9589366326424653,3.272690611878981
2006-05-03,1.9589118495177265,3.2788250895982474
2006-05-04,1.9009354732468933,3.261537592244262
2006-05-05,1.8758147011762538,3.1652323842529584
2006-05-08,1.8278612044477183,3.0695728056567297
2006-05-09,1.7801143548210339,2.9771475560657246
2006-05-10,1.8627948912251755,3.003435983212489
2006-05-11,1.821305045949789,2.9135607493594016
2006-05-12,1.7793288691217302,2.8766554122200096
2006-05-15,1.727189838047944,2.8612892735995605
2006-05-16,2.073172809998752,3.4324070274491465
2006-05-17,2.049655311068731,3.3719322087802723
2006-05-18,1.9945371774578293,3.3805319362890565
2006-05-19,1.9492971853918448,3.3960908595607795
2006-05-22,1.998402276879825,3.292688121595453
2006-05-23,1.941445075286523,3.1965845690601693
2006-05-24,1.9192530826888141,3.249602405808412
2006-05-25,2.031283299443029,3.2811592396075997
2006-05-26,1.9829411815453102,3.192409072222636
2006-05-30,1.9285987875066257,3.0959355879969346
2006-05-31,1.8713051215419305,3.102173068380636
2006-06-01,1.842699871619232,3.1272865298221824
2006-06-02,1.8868337519613299,3.231827762038875
2006-06-05,1.8611075336024827,3.144998290722712
2006-06-06,1.8078123560817636,3.054119663998646
2006-06-07,1.7753750442409328,3.0043980406702726
2006-06-08,1.7262451698036754,2.915030241333916
2006-06-09,1.7512753278041566,3.1071394356065714
2006-06-12,1.7090294580654946,3.0147082513687646
2006-06-13,1.667026902482399,2.9760447876253875
2006-06-14,2.2848814608588146,4.149225226149339
2006-06-15,2.2194450786707844,4.022410742271361
2006-06-16,2.2569042261488748,4.142176582799493
2006-06-19,2.193099571711529,4.014517905477015
2006-06-20,2.191969408160669,3.970609575990364
2006-06-21,2.15805199413103,3.928038802271134
2006-06-22,2.1309769029412156,3.8377599418089834
2006-06-23,2.080750240714111,3.7596976802700155
2006-06-26,2.02077089990385,3.6508737749034283
2006-06-27,1.963431845856001,3.5398797425819546
2006-06-28,1.9199284016682663,3.439598008674553
2006-06-29,1.8638738181126586,3.335546000374546
2006-06-30,1.9630130044661707,3.449794917448241
2006-07-03,2.008572712974026,3.431247908105613
2006-07-05,1.9788842385716958,3.364668063606025
2006-07-06,1.9231842480136445,3.2676656202376386
2006-07-07,1.875068688823273,3.1795790289762156
2006-07-10,1.8253413868412671,3.133627404489851
2006-07-11,1.785896880558839,3.08027729896141
2006-07-12,1.8480342381708648,3.153183616519642
2006-07-13,1.8346365034630396,3.05827948280315
2006-07-14,1.7933596253945876,2.968611185031364
2006-07-17,1.743399667247811,2.895570526384612
2006-07-18,1.8195086379625973,3.0783424616536195
2006-07-19,1.8062486373427613,3.0570659704484298
2006-07-20,1.7979527195664484,3.189979372170414
2006-07-21,1.8261842505412298,3.1346955163967993
2006-07-24,1.7987679878889726,3.0429071743280036
2006-07-25,1.758979337915391,2.9565262163157287
2006-07-26,1.7136817050974706,2.872516626468025
2006-07-27,1.6713304052800768,2.797419125796187
2006-07-28,1.6543780238572419,2.7716580872579932
2006-07-31,1.6078552472537369,2.689857680997255
2006-08-01,1.5613945970385474,2.6105295468585576
2006-08-02,1.5704650379841503,2.6287927117404535
2006-08-03,1.5322567869303696,2.67564095456224
2006-08-04,1.5054025924931995,2.602281278231679
2006-08-07,1.4633131680134892,2.5922214563299035
2006-08-08,1.4236222086808679,2.5197439679346685
2006-08-09,1.3966261065987298,2.4478464575285592
2006-08-10,1.3764461738986817,2.4267794191632595
2006-08-11,1.4261483659803242,2.4739777774424883
2006-08-14,1.4000640138228477,2.4336773577051263
2006-08-15,1.3714414306758782,2.3766683182907515
2006-08-16,1.3362388611278322,2.3107227436914997
2006-08-17,1.310231191978378,2.28379300126246
2006-08-18,1.3839406640756902,2.3224100306353104
2006-08-21,1.3451290237407962,2.2630768909859817
2006-08-22,1.40354946813762,2.30023823800525
2006-08-23,1.3719003960431913,2.2450217924282443
2006-08-24,1.3362135219368663,2.215541511856413
2006-08-25,1.2995122347715866,2.168398455172946
2006-08-28,1.2636686272323225,2.110208499300892
2006-08-29,1.2625885344480732,2.181135629109301
2006-08-30,1.2283421467462226,2.171058772208915
2006-08-31,1.2075565104340726,2.156818378910187
2006-09-01,1.2163629356073975,2.2209784977322102
2006-09-05,1.1849520908532762,2.159902482828633
2006-09-06,1.2330448522102782,2.099042842128982
2006-09-07,1.2136056539767,2.0403113311703907
2006-09-08,1.3212813619428616,2.1260137504445464
2006-09-11,1.305342189662263,2.2280075791813654
2006-09-12,1.5106900632433715,3.0383776240172278
2006-09-13,1.469371638529775,2.949299556688158
2006-09-14,1.4319770245698888,2.8826030684452757
2006-09-15,1.5016384678223922,2.982819280472483
2006-09-18,1.460872190704905,2.9015207970364956
2006-09-19,1.455267829382896,2.9247366510137707
2006-09-20,1.5067158887957444,2.951682961587617
2006-09-21,1.4694720912410595,2.8712305275434846
2006-09-22,1.452485180541234,2.857574013687169
2006-09-25,1.4268010677603422,2.773176412498058
2006-09-26,1.3865050320918915,2.69197361968218
2006-09-27,1.350501687333447,2.6423811862415505
2006-09-28,1.373896787472141,2.611965010415387
2006-09-29,1.335489688703576,2.5400160995315275
2006-10-02,1.3044860152254958,2.4723091409441906
2006-10-03,1.2747832638901475,2.400471509593717
2006-10-04,1.475709017228486,2.676935598444495
2006-10-05,1.4648048906597515,2.5979160315107945
2006-10-06,1.4394504099395549,2.591547978810725
2006-10-10,1.3989053754141199,2.51567915175222
2006-10-11,1.3595719616963375,2.442668674344751
2006-10-12,1.3226431216984393,2.3745933201680542
2006-10-13,1.307725308218575,2.3193216178250906
2006-10-16,1.3384201913999818,2.363132148698375
2006-10-17,1.3208046860451472,2.3318885966378966
2006-10-18,1.3004031512310887,2.285987605300958
2006-10-19,1.2648266302323146,2.2215757014061444
2006-10-20,1.2688546848373106,2.265444990851051
2006-10-23,1.2584115560351201,2.2325313463341385
2006-10-24,1.2881611713866716,2.219804324349594
2006-10-25,1.2623898431397553,2.177729118767183
2006-10-26,1.2482025005094606,2.126635865308087
2006-10-27,1.2304113091736346,2.1079289292721035
2006-10-30,1.1976128754114923,2.0568460912703226
2006-10-31,1.1800992895871911,2.0081867353336205
2006-11-01,1.1551878600320526,1.977640298097518
2006-11-02,1.1980732183834581,1.952298480970852
2006-11-03,1.1831487316666156,1.9035348333898625
2006-11-06,1.159267992212246,1.8530909112563076
2006-11-07,1.1389259604895094,1.8064937902007434
2006-11-08,1.109991310506005,1.758440646566737
2006-11-09,1.1352827733835447,1.743834629465191
2006-11-10,1.2916739674176445,2.0389574440642733
2006-11-13,1.2676565606931625,1.9851594629416836
2006-11-14,1.2381574050424973,1.9399151759032367
2006-11-15,1.2225843852075047,1.8928467231033905
2006-11-16,1.1916963367988935,1.8484725676689422
2006-11-17,1.1767539159918254,1.8092860746709911
2006-11-20,1.1576628638913162,1.761039325088052
2006-11-21,1.126926467785822,1.7177979830294021
2006-11-22,1.1116912232372036,1.7754126025967651
2006-11-24,1.0854982080635562,1.7283435148974076
2006-11-27,1.1155577393295524,1.8125137931092845
2006-11-28,1.0883880663796577,1.7702960495194264
2006-11-29,1.0613763628159094,1.772414217528108
2006-11-30,1.0451425145850344,1.7485134587973286
2006-12-01,1.1067337019885195,1.8345845417167097
2006-12-04,1.0824337549222367,1.7853619542003294
2006-12-05,1.054437592749537,1.7511049886003538
2006-12-06,1.033814925062906,1.7633637683747108
2006-12-07,1.0863454533818673,1.7671907058691605
2006-12-08,1.058242820178333,1.803801973259738
2006-12-11,1.0613880335119785,1.789906577310812
2006-12-12,1.0505523305159317,1.7577234378945334
2006-12-13,1.0239817413109613,1.7112992554224828
2006-12-14,0.998339848253148,1.6699287221352568
2006-12-15,0.9828695878071737,1.627717565391055
2006-12-18,1.0453921610490944,2.2483401009601898
2006-12-19,1.0188197816641855,2.2879448447166393
2006-12-20,1.0308808221598973,2.254879159405236
2006-12-21,1.0072748206537243,2.2186902152151697
2006-12-22,0.9864710401380579,2.1653496571729245
2006-12-26,0.9667625698522788,2.152040339783551
2006-12-27,0.9503044992562962,2.092278855619077
2006-12-28,0.9310223681048959,2.0544972741672014
2006-12-29,0.9404525830942738,1.9976543445293196
2007-01-03,0.9240493175376795,1.9458385900928992
2007-01-04,0.9642078589758112,1.974328104824006
2007-01-05,0.9695707101327541,1.9204145850877001
2007-01-08,1.0968769965158283,2.0187325738809596
2007-01-09,1.0742043798194527,1.9645588858934793
2007-01-10,1.055034554579673,1.9511678636179355
2007-01-11,1.0330494367502459,1.9000490958582916
2007-01-12,1.0069417884486813,1.854907936325657
2007-01-16,1.132436572167155,2.025465185992255
2007-01-17,1.1053108513385062,2.0175175588159826
2007-01-18,1.1027703531490562,1.9950490450102245
2007-01-19,1.0834149011146834,1.9556636102713072
2007-01-22,1.0877780364559904,1.9375316742472413
2007-01-23,1.0648079921275113,1.8893373511645113
2007-01-24,1.1673205215662923,1.9582847802113912
2007-01-25,1.1366232716911746,1.9059798177279819
2007-01-26,1.1111162902679521,1.8558033106836485
2007-01-29,1.0826016952555393,1.8156074927235553
2007-01-30,1.064679592962839,1.8117357234933682
2007-01-31,1.048856424329785,1.7990357868458053
2007-02-01,1.0434450316280757,1.7820244569131531
2007-02-02,1.0253712069889573,1.741700697050043
2007-02-05,1.0537178361652009,1.7353476050983936
2007-02-06,1.0267990299842535,1.691777808693906
2007-02-07,1.0142533786562522,1.675004590268645
2007-02-08,0.990648141043181,1.632053016755674
2007-02-09,1.0133142779355628,1.6142758298384803
2007-02-12,1.00839781469759,1.576410568231045
2007-02-13,0.9959863506005083,1.5782855426646518
2007-02-14,0.9727364977434324,1.5790851396113998
2007-02-15,0.9653046387340929,1.5844190223006696
2007-02-16,0.9417622474920199,1.5488759967706025
2007-02-20,0.9193357349130772,1.5127391730683921
2007-02-21,0.9693351337648531,1.4873619568463363
2007-02-22,1.1724062947948886,1.5955631368859065
2007-02-23,1.143366606397324,1.5552997324544486
2007-02-26,1.1287640955719367,1.6175776609033277
2007-02-27,1.105855711905135,1.6005479916076872
2007-02-28,1.4153959260742406,1.8948781600641385
2007-03-01,1.4227222126892825,1.849100760790344
2007-03-02,1.401675174687376,2.0536860370641867
2007-03-05,1.551851902102525,2.3158833825825202
2007-03-06,1.5337252791128884,2.329232752682581
2007-03-07,1.5508362851314408,2.3515130087691585
2007-03-08,1.5070436387065442,2.283709310868304
2007-03-09,1.465157558540946,2.218460625951147
2007-03-12,1.4260899877618172,2.1579786125134044
2007-03-13,1.3863295575925236,2.1036705681624026
2007-03-14,1.3677028491198229,2.097126090563034
2007-03-15,1.3315017263584277,2.048728075294275
2007-03-16,1.294563607270947,2.0059478831314568
2007-03-19,1.2781951081595018,1.9721980949654396
2007-03-20,1.243673089856422,1.9180003549942537
2007-03-21,1.2231971945087392,1.8859891413278387
2007-03-22,1.2044946496982027,1.8383105143845337
2007-03-23,1.1723044077797846,1.7931365307354454
2007-03-26,1.161230085433776,1.8076603657698793
2007-03-27,1.154402244916184,1.7988043825694275
2007-03-28,1.1249902348955945,1.7694880271848084
2007-03-29,1.1015492319700089,1.741160822628844
2007-03-30,1.0822178343382884,1.7002171698860267
2007-04-02,1.054557019554893,1.6651695568376863
2007-04-03,1.0281340370995222,1.6335486176517964
2007-04-04,1.0022199222727977,1.6010415042545445
2007-04-05,1.0316582560022545,1.6148719205954722
2007-04-09,1.0056259397411644,1.580855940395912
2007-04-10,0.987410958826067,1.5427779964281754
2007-04-11,0.985462542087174,1.5258776775624874
2007-04-12,0.9616168377518098,1.4934378683787248
2007-04-13,0.9388189442429924,1.4586068288818492
2007-04-16,0.9585272477339869,1.4558427665012328
2007-04-17,0.9527476001763817,1.4211277647951543
2007-04-18,0.9397478557631357,1.4078794047093928
2007-04-19,0.9252205237813756,1.3769635195826093
2007-04-20,0.948020123614331,1.4522018844918319
2007-04-23,1.0020621231216482,1.5154299988605016
2007-04-24,0.9885371485216843,1.4817748571980853
2007-04-25,0.9809391022158407,1.492861528798283
2007-04-26,0.9580099931646796,1.4579914804746044
2007-04-27,0.9972894841761735,1.6536633709920392
2007-04-30,0.9989353635381352,1.6609937897729938
2007-05-01,0.9875633006243605,1.6401320619423494
2007-05-02,0.9732500616067552,1.6188257475146164
2007-05-03,0.9494698318569159,1.5779459577543873
2007-05-04,0.9667866404560804,1.560595342850692
2007-05-07,0.9706823692075628,1.5262576146785574
2007-05-08,0.9470151927766512,1.4943262802498158
2007-05-09,0.9329150381916905,1.461145280897862
2007-05-10,0.9226167750604534,1.4321733693133998
2007-05-11,1.0288338305753635,1.5463837022453464
2007-05-14,1.013937544652254,1.5482995016655
2007-05-15,0.990470073339287,1.51958156246981
2007-05-16,0.9695959264992375,1.4882229925068875
2007-05-17,1.0007994991326041,1.5271610017189214
2007-05-18,0.9945398482844328,1.4984005985048867
2007-05-21,0.9821976193272357,1.4826404175219727
2007-05-22,0.9591358537209496,1.4572335505505523
2007-05-23,0.9506255682757317,1.4357447550367173
2007-05-24,0.9345257800671833,1.4062959907892354
2007-05-25,0.9539736398015103,1.4129775287702109
2007-05-29,0.9328869559907718,1.3953475030361906
2007-05-30,0.9114733625136233,1.41831129927787
2007-05-31,0.8989564595241984,1.3850703840766827
2007-06-01,0.9218582024801413,1.4431436748382056
2007-06-04,0.9501943122073102,1.4769162511884555
2007-06-05,0.9276645094212425,1.4414411875376423
2007-06-06,0.9076851235935025,1.4101875926616874
2007-06-07,0.8863872220147923,1.38117116651385
2007-06-08,0.9540507575331123,1.4307838239249124
2007-06-11,1.0012674870159695,1.5164035974286632
2007-06-12,0.9900581303061982,1.496126892314538
2007-06-13,0.9893254785685768,1.5132719748054533
2007-06-14,0.9759820533571922,1.4962308897529177
2007-06-15,0.9521979309289785,1.4598948699118695
2007-06-18,0.9328307219924132,1.4342462340673046
2007-06-19,0.9110112906439338,1.400331562312643
2007-06-20,0.9075403381224402,1.3799879303768583
2007-06-21,0.9272038087501853,1.3869961392218442
2007-06-22,0.906888929584389,1.3604537548986315
2007-06-25,0.8885553658248986,1.3295497369292049
2007-06-26,0.8772486705090358,1.3402941108185586
2007-06-27,0.9052691032779915,1.8287214494893356
2007-06-28,0.884119642325036,1.7842055660306606
2007-06-29,0.8876451843766398,1.7745960137633485
2007-07-02,0.8670920884968775,1.730023127215884
2007-07-03,0.885966074472753,1.7436734596330452
2007-07-05,0.8715035296950231,1.700863562062374
2007-07-06,0.859565566895496,1.6611819588839294
2007-07-09,0.8602374830948529,1.6678889871969687
2007-07-10,0.8526417285076591,1.6248531250794136
2007-07-11,0.8368774288832788,1.6218977516242572
2007-07-12,0.8208070791570757,1.5812144822363123
2007-07-13,0.8264543142088394,1.5683409480701198
2007-07-16,0.8083690982932894,1.5307336909311038
2007-07-17,0.7947343237491491,1.4980473229170357
2007-07-18,0.7784839196644838,1.4684670218192588
2007-07-19,0.817001159259097,1.5332795772049215
2007-07-20,0.8094796429230338,1.4986724207466293
2007-07-23,0.8140201390581665,1.466765919145396
2007-07-24,0.7975191449539578,1.4318503945893524
2007-07-25,0.7806412838180554,1.3981076001894457
2007-07-26,0.7893897612056363,1.4013654681169003
2007-07-27,0.8854629648293273,1.4892309777463693
2007-07-30,0.8694084663807357,1.4611961420094248
2007-07-31,0.8580218450071693,1.460381700934217
2007-08-01,0.8386570820895228,1.4256146109499843
2007-08-02,0.821240884720337,1.4015257167634447
2007-08-03,0.8035748268754199,1.3690438906020455
2007-08-06,0.8312516069595586,1.3580293611100929
2007-08-07,0.8153537145938708,1.3521562008388222
2007-08-08,0.7979286089034758,1.3499701631926944
2007-08-09,0.7866916925132023,1.3200186511516205
2007-08-10,0.8939838248569938,1.5396731261205086
2007-08-13,0.9510504440713365,1.5349795576328507
2007-08-14,0.9345415345932159,1.4998744569901565
2007-08-15,0.9121628462898913,1.4727638408389172
2007-08-16,0.8926078050054426,1.5044223969856643
2007-08-17,1.0086589333996239,1.8786463095481738
2007-08-20,0.9896595754530265,1.8421540915270993
2007-08-21,0.9657349196953688,1.7974812741482449
2007-08-22,0.942383842202906,1.8040509364314232
2007-08-23,0.9262720062599653,1.7604232163103726
2007-08-24,0.9048997814029351,1.7172540320000766
2007-08-27,0.9244841430336489,1.7619138915741381
2007-08-28,0.9038116335180856,1.7639997535647545
2007-08-29,0.8934763858036839,1.7200427768816422
2007-08-30,0.8874067299682863,1.7104205179629832
2007-08-31,0.8723048622534918,1.6812092782255372
2007-09-04,0.8861537048755983,1.7414201212563032
2007-09-05,0.918510881271385,1.735243311727462
2007-09-06,0.8974575719214666,1.6910774157388164
2007-09-07,0.9753447998932041,1.697831033684438
2007-09-10,0.966345246725967,1.6604165166219302
2007-09-11,0.9453590562384985,1.619606278797422
2007-09-12,0.96611217317881,1.6058024102144177
2007-09-13,0.9427919784377882,1.5700759076982829
2007-09-14,0.9288057664984076,1.542643176348689
2007-09-17,0.9072531239290231,1.5046014569710693
2007-09-18,0.9388974835735021,1.528156611056974
2007-09-19,0.9441858111538023,1.5199032590610018
2007-09-20,0.9257969679330894,1.4825800194936667
2007-09-21,0.9889050993887503,1.658998360724152
2007-09-24,0.9722559013633995,1.6258355083585698
2007-09-25,0.9486858359757782,1.5844854329165379
2007-09-26,0.9258078549012638,1.5480703394060518
2007-09-27,0.910196454525784,1.5109530392672041
2007-09-28,0.9143854861516496,1.4836043591944577
2007-10-01,0.9262748839741506,1.5021147368747758
2007-10-02,0.9115562530983186,1.4655502095344242
2007-10-03,1.0136882070559448,1.6024053972145285
2007-10-04,0.9989694137640941,1.5620385705642215
2007-10-05,1.019092092589736,1.5279875903213938
2007-10-08,1.006244440271384,1.4904771861536525
2007-10-09,1.018860104489369,1.4663377777713291
2007-10-10,1.0076751169079021,1.4775517580601234
2007-10-11,0.9856568404863125,1.4508532692599978
2007-10-12,0.9753414272926939,1.4414853190008492
2007-10-15,0.9728407899882507,1.4179212655824784
2007-10-16,0.96272294757649,1.387160000444826
2007-10-17,0.9392928169885532,1.3941344421533042
2007-10-18,0.9366781677783561,1.3624769442320164
2007-10-19,1.0179116359556806,1.366825090383293
2007-10-22,0.996772748467633,1.4009818213992276
2007-10-23,1.0285413064294355,1.3806337717917874
2007-10-24,1.0197092013378004,1.3638614869478325
2007-10-25,0.9974935435775086,1.3330530988203266
2007-10-26,0.9839018777296566,1.394002689227971
2007-10-29,1.0753784107062045,1.4987539683969722
2007-10-30,1.0545703808601963,1.5222773596244676
2007-10-31,1.0528220299715287,1.5521824413370144
2007-11-01,1.0888810124376993,1.5679131963528594
2007-11-02,1.0801403732522625,1.6380417696441718
2007-11-05,1.1835427288671025,1.8172413365553206
2007-11-06,1.152159426367418,1.7744346868970906
2007-11-07,1.2154512777211655,2.0956059252904686
2007-11-08,1.2028958505249094,2.0604706832739175
2007-11-09,1.1705163252195334,2.0179103813366734
2007-11-12,1.139429944155899,1.9627797703609249
2007-11-13,1.5631134563026872,2.4547618747492717
2007-11-14,1.5357196470039962,2.3952457413171797
2007-11-15,1.5267957560594818,2.415889607472406
2007-11-16,1.6283389897497609,2.4904280032166097
2007-11-19,1.582365656723496,2.4177734728226237
2007-11-20,1.5443787261001078,2.388895942224637
2007-11-21,1.6312608102495094,2.5121066272786385
2007-11-23,1.5843515659201317,2.490916124209651
2007-11-26,1.6271404289707787,2.4727705441154666
2007-11-27,1.579994465533948,2.4012911042203227
2007-11-28,1.5719995746532807,2.376230968397324
2007-11-29,1.5345475944084035,2.308810735617626
2007-11-30,1.5370031750810917,2.2654378812198344
2007-12-03,1.5197235078645634,2.2259355450730327
2007-12-04,1.5016862598198966,2.1701762236036037
2007-12-05,1.4930009660658368,2.135143839201068
2007-12-06,1.4678237575455138,2.0787443753993355
2007-12-07,1.4411908973799021,2.0611628967454783
2007-12-10,1.4184298325310791,2.010135317839196
2007-12-11,1.4341603772259799,2.0095563425738225
2007-12-12,1.433456299852571,1.9835652700606154
2007-12-13,1.468581913801821,1.955784751628331
2007-12-14,1.5372740998029706,2.0937057463953503
2007-12-17,1.4931642581108946,2.086953922967216
2007-12-18,1.4553066786403566,2.028935320804083
2007-12-19,1.4494123360509525,1.9985954304454698
2007-12-20,1.4083447356065615,1.9486044028308203
2007-12-21,1.37897239223947,1.9034430034110124
2007-12-24,1.3999252604051935,1.863420778538832
2007-12-26,1.3605737505538,1.858380447907286
2007-12-27,1.3768526464196513,1.8213688603921916
2007-12-28,1.338305065338224,1.7761250367583896
2007-12-31,1.3589993055832856,1.7410913765120508
2008-01-02,1.3298266274049588,1.6969070306858696
2008-01-03,1.445403616633488,1.8193977291640009
2008-01-04,1.4165263429467914,1.778239766474647
2008-01-07,1.3819170286586013,1.740346675477662
2008-01-08,1.3469325584208336,1.7035690850186807
2008-01-09,1.4114974753616658,1.8526879143322412
2008-01-10,1.373246518496607,1.8057011606965194
2008-01-11,1.4044273718327274,1.9334453297750138
2008-01-14,1.3672570686450691,1.8807058829693672
2008-01-15,1.3505297740158746,1.8535864629593395
2008-01-16,1.3725959298056083,1.9169698382033271
2008-01-17,1.3766641124051906,1.8835437071171852
2008-01-18,1.3393111945955583,1.8349885625725186
2008-01-22,1.3231879613631554,1.8451630537098964
2008-01-23,1.3003592636622872,1.8050900251593782
2008-01-24,1.2667977084185795,1.7569001483566251
2008-01-25,1.3508204889409086,1.807760733526073
2008-01-28,1.3141530983975183,1.7594716739864673
2008-01-29,1.3266794557003478,1.7508249931469302
2008-01-30,1.298941831060935,1.7047824829262643
2008-01-31,1.2822787383373238,1.672508750986794
2008-02-01,1.2582530474370222,1.641824479248071
2008-02-04,1.329312582558202,1.6235982920427579
2008-02-05,1.2942005228855713,1.5888930271433857
2008-02-06,1.311452910509597,1.6267985556040996
2008-02-07,1.3151370241553695,1.6138388452307453
2008-02-08,1.2981890330808168,1.628225662975754
2008-02-11,1.2939390123809256,1.6629587916833952
2008-02-12,1.260683854397536,1.6990350487137236
2008-02-13,1.3267268082781283,1.7281021854493017
2008-02-14,1.290133664891146,1.6884438661030552
2008-02-15,1.2562463724888944,1.6457048555942413
2008-02-19,1.230677152184001,1.6140271107626238
2008-02-20,1.3416566704737227,1.6780687968662604
2008-02-21,1.3651527044461507,1.6909699021444795
2008-02-22,1.3269988713220482,1.6470601586411049
2008-02-25,1.2905218453714038,1.6311582483027305
2008-02-26,1.265510351753029,1.5925912291264885
2008-02-27,1.2524576946790547,1.7393193011687687
2008-02-28,1.24428447533412,1.8194169518187924
2008-02-29,1.2431023345408194,1.8850813460809117
2008-03-03,1.209934772989389,1.8339441097348341
2008-03-04,1.2023287489821832,1.8781777898646406
2008-03-05,1.2684202511111795,1.9355446319456688
2008-03-06,1.3687252250377648,2.216179638846923
2008-03-07,1.3615424016157267,2.2426471114497515
2008-03-10,1.3273602318550677,2.178996496296657
2008-03-11,1.291763009490935,2.2203462940686105
2008-03-12,1.2564183220297076,2.157872321545271
2008-03-13,1.2445436552487399,2.1644904544190555
2008-03-14,1.2483258346378834,2.1639208654008706
2008-03-17,1.2169779002658865,2.1028034555316313
2008-03-18,1.1883711153279022,2.1064434360188287
2008-03-19,1.3137962131330676,2.168314628467621
2008-03-20,1.5247577703502133,2.5322184292585344
2008-03-24,1.6741345041708728,3.219863427116313
2008-03-25,1.6259480627637106,3.124768446517618
2008-03-26,1.7066474479859675,3.3149643761279752
2008-03-27,1.676406766491244,3.2677215245633815
2008-03-28,1.6298745197017737,3.171043181793883
2008-03-31,1.6302132374821579,3.1627994283566148
2008-04-01,1.6256437780696766,3.212169424679405
2008-04-02,1.823461388552474,3.1746514164765443
2008-04-03,1.8738934394525446,3.206869838036578
2008-04-04,1.81873217420657,3.109866557032308
2008-04-07,1.7769787054448087,3.0606491535359908
2008-04-08,1.7394374047227361,3.0015351117058677
2008-04-09,1.7013926251100757,2.9693933311724052
2008-04-10,1.7193046283040478,2.957937974162224
2008-04-11,1.67426906236109,2.88135923419588
2008-04-14,1.6299848420690857,2.8122125629684103
2008-04-15,1.5835566959043275,2.729728473900374
2008-04-16,1.543524976268483,2.6583427328469065
2008-04-17,1.54921180845787,2.6533609134448
2008-04-18,1.5151512342738953,2.5816901723131993
2008-04-21,1.5495860580283405,2.5448346332898057
2008-04-22,1.5081901346762487,2.528702020389864
2008-04-23,1.4650774898523322,2.471284214147435
2008-04-24,1.4487844425005343,2.4846277243567068
2008-04-25,1.500196797971188,2.4919971051683647
2008-04-28,1.457383996485297,2.4267195183606676
2008-04-29,1.4198695194962445,2.3664302296249726
2008-04-30,1.4662179702899585,2.3867958032584062
2008-05-01,1.4409076619992687,2.367161821524799
2008-05-02,1.5705318033147215,2.5227605188205455
2008-05-05,1.5330715593546071,2.4790127268812356
2008-05-06,1.5539571553203353,2.4494023569279424
2008-05-07,1.5119576546794957,2.388493594646298
2008-05-08,1.4847273162217032,2.341119589985671
2008-05-09,1.4885614057777834,2.2908965253495883
2008-05-12,1.4467428679023493,2.2256982029217136
2008-05-13,1.4105470908950635,2.211703737303166
2008-05-14,1.435304978345929,2.235724658568534
2008-05-15,1.3957887229344534,2.188175316549593
2008-05-16,1.435577847782622,2.1433689611161517
2008-05-19,1.4945729693153826,2.101208175048489
2008-05-20,1.4535798139852463,2.044615467594723
2008-05-21,1.4614039700333326,2.195836270486811
2008-05-22,1.4432414616807472,2.1867789026885394
2008-05-23,1.4240231787716755,2.127263745496615
2008-05-27,1.3850233605231665,2.091669432747167
2008-05-28,1.427219615998243,2.272501246562768
2008-05-29,1.388213337389215,2.207499126501431
2008-05-30,1.5125395872165734,2.406858825042834
2008-06-02,1.4888565835610728,2.3535896214450633
2008-06-03,1.4520129780818585,2.286070929092025
2008-06-04,1.4392548863423984,2.2218281388713144
2008-06-05,1.4000084142799563,2.1599903542379097
2008-06-06,1.3618227882466498,2.149627444255856
2008-06-09,1.4837311349196896,2.169659348932829
2008-06-10,1.4681243032103897,2.1977507039828934
2008-06-11,1.5642842702292605,2.2490862378403276
2008-06-12,1.5665245016703777,2.2160055262930483
2008-06-13,1.5675569747138247,2.2090574177730984
2008-06-16,1.5234563881383456,2.1463963809691298
2008-06-17,1.5109709398775741,2.2618361328092824
2008-06-18,1.468909848027766,2.1981063105666596
2008-06-19,1.4509503419874177,2.172289315494744
2008-06-20,1.4101628280053389,2.111309404249779
2008-06-23,1.3766945494010967,2.052880730892618
2008-06-24,1.422862764440889,2.1437332914790286
2008-06-25,1.3859091807831891,2.0921965876207467
2008-06-26,1.3471409358772015,2.042588937033476
2008-06-27,1.5390119985443345,2.0627486441960152
2008-06-30,1.5094934504997737,2.04839474451474
2008-07-01,1.4664977269430315,1.9932953520837744
2008-07-02,1.4573242951407042,2.117248655189155
2008-07-03,1.421044498229067,2.098416259955046
2008-07-07,1.4082965913629077,2.0580138498094467
2008-07-08,1.3846249223399378,2.0686663264889593
2008-07-09,1.3492507306276946,2.0127558004414308
2008-07-10,1.3207504189965502,1.9933069144546531
2008-07-11,1.3756105773345662,1.9510342503024136
2008-07-14,1.392079287228935,2.0104913725808955
2008-07-15,1.364076914485379,1.9898123436937225
2008-07-16,1.327182502683531,1.9565840386159512
2008-07-17,1.3557876026732152,1.9126028249073104
2008-07-18,1.3192058242080806,1.8820341511296454
2008-07-21,1.2827694064902093,1.8861976440741726
2008-07-22,1.2673267457867652,1.866088453649406
2008-07-23,1.3305304726039038,1.915155362255679
2008-07-24,1.434271587002511,2.012630840363668
2008-07-25,1.4059449193810267,1.9592704133543795
2008-07-28,1.3689948395220874,1.9054524087712983
2008-07-29,1.3307163479509163,1.8597230694042122
2008-07-30,1.3254430140317746,1.823908380951878
2008-07-31,1.3174631443688203,1.7902443509108363
2008-08-01,1.288287741548803,1.7578140011201602
2008-08-04,1.259897153146013,1.7438275370560787
2008-08-05,1.2799219949273544,1.853213254657412
2008-08-06,1.357149188074303,1.948447225862315
2008-08-07,1.3269619117347677,1.9074944036976014
2008-08-08,1.2987046232478365,1.9050952171416842
2008-08-11,1.3393189706962303,2.2746238091340008
2008-08-12,1.5877453896496814,2.5389207260814297
2008-08-13,1.5518752738389203,2.4645807164001585
2008-08-14,1.5342733122619512,2.47410289221782
2008-08-15,1.6169488891887684,2.6784972185883738
2008-08-18,1.6482360979979074,3.5271891067149403
2008-08-19,1.6349958134477376,3.4454962182534166
2008-08-20,1.6528247856114358,3.3530618013494413
2008-08-21,1.6084758382173616,3.2551736748367386
2008-08-22,1.6809959209451273,3.2802897844571413
2008-08-25,1.667675742570711,3.2671786272585823
2008-08-26,1.619792384968123,3.1705799349010135
2008-08-27,1.5748744916131197,3.0820586784222366
2008-08-28,1.529810079289278,2.9941910146663693
2008-08-29,1.502594731990243,2.9254206072702864
2008-09-02,1.4658574332762642,2.854904602644812
2008-09-03,1.5922535321985807,2.8733527971901127
2008-09-04,1.5490812550194752,2.8088021208572203
2008-09-05,1.5118884440904135,2.73403999342155
2008-09-08,1.4779581187998876,2.887378089647935
2008-09-09,1.436412851772282,2.8053527039678356
2008-09-10,1.5598718829142335,3.137333534348336
2008-09-11,1.6637381577702626,3.288414887959129
2008-09-12,1.6539698721530423,3.2494478320081632
2008-09-15,1.7721342725349594,3.2938635862555747
2008-09-16,1.8187770181353067,3.2233046898764455
2008-09-17,1.7801563585066023,3.3505288192038325
2008-09-18,2.974762048438864,4.533829965612313
2008-09-19,2.9722434458493874,4.392874768847741
2008-09-22,3.0037485093024747,4.396477647142425
2008-09-23,3.025830043680301,4.557803745823788
2008-09-24,2.941319398942786,4.426104357973865
2008-09-25,2.881985931410896,4.291576491367721
2008-09-26,2.7944971496730324,4.159874843820902
2008-09-29,2.709272124640244,4.0370085678330065
2008-09-30,2.7313615962317286,3.9286321097514585
2008-10-01,2.8961479767990617,4.338691100772756
2008-10-02,2.817016565378952,4.306505652926051
2008-10-03,2.9030890438889614,5.201823262662117
2008-10-06,2.814777536615112,5.0557723942076285
2008-10-07,2.766185237217172,4.924813846754319
2008-10-08,2.79436962602125,4.955121893507651
2008-10-09,2.7635470956470534,4.807867709735902
2008-10-10,2.681495887879765,4.7407074858519485
2008-10-13,3.136731050223601,6.536276640900972
2008-10-14,3.059285954499651,6.586835130405767
2008-10-15,2.9656270674358516,6.406596044201714
2008-10-16,2.8900879279617104,6.3411130253541526
2008-10-17,3.019222099444468,6.341428076958087
2008-10-20,2.9887149699706357,6.210148796642797
2008-10-21,2.920548137952704,6.161179966115747
2008-10-22,2.9233463724596165,5.988229266718978
2008-10-23,3.1306317633809417,5.938996113618227
2008-10-24,3.053423921025503,5.754828540427787
2008-10-27,2.999902883122236,5.609716712287525
2008-10-28,2.9077044928863005,5.482272381408436
2008-10-29,2.8617315352204886,5.336368390275248
2008-10-30,2.7746044682501503,5.398440285584156
2008-10-31,2.719702790045892,5.2293074549345775
2008-11-03,2.6722918374013878,5.071361731447795
2008-11-04,2.5919022710499218,4.913824599150494
2008-11-05,2.853141688558569,4.907062187009409
2008-11-06,2.885863663489749,4.758496888622678
2008-11-07,2.8034737973933157,4.666212976127173
2008-11-10,2.7188561521643253,4.521923448448091
2008-11-11,2.6563892557287745,4.390493821699551
2008-11-12,2.6197806592301953,4.3697466715826225
2008-11-13,2.6239409255679886,4.3929053891728636
2008-11-14,2.633597664761562,4.26949005965215
2008-11-17,2.5776516452317746,4.1400003209076655
2008-11-18,2.5075809256844277,4.03747630302944
2008-11-19,2.43175338864329,3.9852464643529864
2008-11-20,2.3593687886355297,3.9792053371168077
2008-11-21,2.3169843672656363,3.9067369653751824
2008-11-24,2.760919712761105,4.145387381054367
2008-11-25,2.7386198160104755,4.553285337328753
2008-11-26,2.65486784374639,4.445063511586744
2008-11-28,2.57770984897718,4.3069830309831225
2008-12-01,2.499243500799696,4.17449307422355
2008-12-02,2.778787850463538,4.775664052460953
2008-12-03,2.7206384771510552,4.692244878492947
2008-12-04,2.647649832357113,4.546361310260899
2008-12-05,2.5751923037374445,4.416621527312413
2008-12-08,2.514735484669639,4.279790437446922
2008-12-09,2.4891707937402066,4.315622521855665
2008-12-10,2.4137078334028406,4.2062426638676
2008-12-11,2.5410635064309166,4.196032813903915
2008-12-12,2.4763294997613117,4.070421208700098
2008-12-15,2.401383541605749,3.9470079552048074
2008-12-16,2.380036517809286,3.937195703652532
2008-12-17,2.3615509144551674,3.9565448296424837
2008-12-18,2.3041082385632046,3.873587901554457
2008-12-19,2.2740080063940065,3.8731335742602
2008-12-22,2.2317190955775454,3.7719387699451374
2008-12-23,2.1758009162499534,3.6584776000488617
2008-12-24,2.1229533142208195,3.7696806888890335
2008-12-26,2.071187512439446,3.664378960872504
2008-12-29,2.088388452369862,3.6431239182602657
2008-12-30,2.035016121757903,3.5431355802084146
2008-12-31,1.9780172398479159,3.436615117011079
2009-01-02,1.9256310731813338,3.4293338877465085
2009-01-05,1.870171850774544,3.3535316948613385
2009-01-06,1.8745451346734665,3.310672647071218
2009-01-07,1.8269210338961965,3.246228048530832
2009-01-08,1.887539965267209,3.3066351207845526
2009-01-09,1.888354844499521,3.2185370986247657
2009-01-12,1.8385199049300809,3.129971290301715
2009-01-13,1.9871694806662823,3.3026945725378685
2009-01-14,1.9281534661971103,3.210273510730679
2009-01-15,1.8967325527497734,3.1307660668667863
2009-01-16,1.8479222974381648,3.037645871265404
2009-01-20,1.9043601098751872,3.2404761582865955
2009-01-21,1.9108422473021343,3.1425389569871687
2009-01-22,1.8570486755126516,3.0536615861627197
2009-01-23,1.8055633940545655,2.9784334678183035
2009-01-26,2.0330093137352194,3.0755834564978928
2009-01-27,1.9749371157332425,2.9846429070274634
2009-01-28,1.9219838224525843,2.8966810000878733
2009-01-29,1.881872823199748,2.810174255218493
2009-01-30,1.9011677959037268,2.835962923527507
2009-02-02,1.8987899131826418,2.795500145124604
2009-02-03,1.9460349705929945,2.774928639400729
2009-02-04,1.890758947470519,2.7008555090707023
2009-02-05,1.8432277138584763,2.627948191416378
2009-02-06,1.8039367088969185,2.624165915114127
2009-02-09,1.756247073405714,2.5638747579545926
2009-02-10,1.736018140782475,2.5125614527282023
2009-02-11,1.7510336268793163,2.4852919022925537
2009-02-12,1.775269988473915,2.4972382322925455
2009-02-13,1.735941634674411,2.4243893408403463
2009-02-17,1.6922802272418067,2.3827358548044506
2009-02-18,1.7839631976870287,2.438280744459865
2009-02-19,1.7645317857717782,2.3866165447866416
2009-02-20,1.7343049884545179,2.3639560326496976
2009-02-23,1.7482214139531278,2.3734052895924926
2009-02-24,1.697082062668502,2.3096806949315836
2009-02-25,1.7945990544971988,2.5552588300499255
2009-02-26,1.784005652669706,2.4888604382279214
2009-02-27,1.7317393024520549,2.5854590531569275
2009-03-02,1.6845883039667664,2.5146838466067574
2009-03-03,1.6896589386826228,2.449283683569436
2009-03-04,1.6560656992589782,2.3881437723980574
2009-03-05,1.630494358569765,2.331629237371148
2009-03-06,1.7507935382110202,2.361997232675202
2009-03-09,1.7008590066715705,2.294480786557965
2009-03-10,1.7065283938468538,2.3480349159197114
2009-03-11,1.7693000310035683,2.3562181235449895
2009-03-12,1.7386974389522247,2.3034595562388325
2009-03-13,1.751563531133635,2.268010359768472
2009-03-16,1.700789701943025,2.253575181068958
2009-03-17,1.656150753395715,2.2390626945115426
2009-03-18,1.619777635681807,2.2030040505324417
2009-03-19,1.7429669130756569,2.163684506811382
2009-03-20,1.7183528299461366,2.4045142088473748
2009-03-23,1.6786356835496585,2.3583128871186547
2009-03-24,1.6719232721259838,2.304718836694537
2009-03-25,1.6479656670122276,2.2683766925507634
2009-03-26,1.6196456990449235,2.21069178384
2009-03-27,1.5728148112325997,2.147826682443881
2009-03-30,1.5591075252004627,2.1166572545254394
2009-03-31,1.5252278788376883,2.126628455856087
2009-04-01,1.4832334484463,2.0695519173542087
2009-04-02,1.452577786055985,2.0138954097305914
2009-04-03,1.520976028633291,1.9621197803170671
2009-04-06,1.5107492046368016,1.9335406543341762
2009-04-07,1.5905058317694123,2.2636610186150614
2009-04-08,1.5914021775678517,2.2137927573999656
2009-04-09,1.5459208062866465,2.155225524880074
2009-04-13,1.503812844105527,2.0951883415779653
2009-04-14,1.5157884259905994,2.1738799331119516
2009-04-15,1.4787203995564828,2.11300730070775
2009-04-16,1.436920468433672,2.053721182474482
2009-04-17,1.465987351367861,2.2033166186483184
2009-04-20,1.4333859496320336,2.2679196773218235
2009-04-21,1.4641550626181088,2.2427359008861427
2009-04-22,1.4227007221315298,2.1794855343530615
2009-04-23,1.3880099351763726,2.183079564380515
2009-04-24,1.396561601334407,2.2607106614826327
2009-04-27,1.3765454827323493,2.209597338539386
2009-04-28,1.350666292938533,2.1468324720825427
2009-04-29,1.353304160211333,2.1925791952346927
2009-04-30,1.3235281810920965,2.1824772203873213
2009-05-01,1.3165662478920175,2.2156978472568496
2009-05-04,1.283120018429068,2.161330805189428
2009-05-05,1.3205581243698497,2.314512274784147
2009-05-06,1.2882076934783278,2.317213475916114
2009-05-07,1.2941496975147813,2.3484552026096637
2009-05-08,1.2588443081278988,2.2850642262199212
2009-05-11,1.2315437536633786,2.243615583764798
2009-05-12,1.2006264652345378,2.1811678437581135
2009-05-13,1.1946562171093096,2.1720028148194404
2009-05-14,1.1662558850890141,2.139641661023829
2009-05-15,1.1353435261060167,2.0804765972101342
2009-05-18,1.1124092327106336,2.026667469204321
2009-05-19,1.1243735631191496,1.9968008240347974
2009-05-20,1.104470525578274,2.0582437643171185
2009-05-21,1.1208085796877172,2.0110483835510293
2009-05-22,1.1574832706780838,1.9954233916616322
2009-05-26,1.1287716693455356,1.95792407307804
2009-05-27,1.1034703147994707,1.9083939896076012
2009-05-28,1.0776264335094183,1.8746512031758393
2009-05-29,1.0662340136732795,1.9075102274652855
2009-06-01,1.1370918911180863,2.0349996272440154
2009-06-02,1.1130837547950583,1.98662637309878
2009-06-03,1.093514369435608,2.024472637979766
2009-06-04,1.1634059755573616,2.1745357722382748
2009-06-05,1.210824325074619,2.2418741481440505
2009-06-08,1.324954833379321,2.375007065628718
2009-06-09,1.2888547611039274,2.3394126297225144
2009-06-10,1.2548649170252189,2.3118549092176415
2009-06-11,1.2206056856575713,2.2456106920862227
2009-06-12,1.1883502591591326,2.1896751209742384
2009-06-15,1.2166142497449375,2.268152817089663
2009-06-16,1.2139515675017218,2.5668495601052297
2009-06-17,1.1981761724396924,2.506341955490961
2009-06-18,1.1701357761212665,2.4429733245234537
2009-06-19,1.154146921028533,2.3849291418255962
2009-06-22,1.1255203845237334,2.3162127769831686
2009-06-23,1.1482115057307227,2.376072021951247
2009-06-24,1.12145222945997,2.3116528376337446
2009-06-25,1.0994140383069306,2.247692447601965
2009-06-26,1.09076655905298,2.194977317189646
2009-06-29,1.0624937850408671,2.1382575422287036
2009-06-30,1.0373269675539645,2.117336100284775
2009-07-01,1.034096329014512,2.1138698435061682
2009-07-02,1.050051130261139,2.0759894210735923
2009-07-06,1.0624650170873506,2.1303513585106977
2009-07-07,1.0429053971264597,2.0730040717545872
2009-07-08,1.016513498031701,2.049997765048194
2009-07-09,1.0568604495219829,2.025956839585665
2009-07-10,1.0313527188026872,1.9699984099657273
2009-07-13,1.0053417020443007,1.941437268570108
2009-07-14,0.9915570716222087,1.9119925079005904
2009-07-15,0.9786739527295095,1.8632960684912663
2009-07-16,1.0166840391168523,1.9163299275998666
2009-07-17,0.9934977859099996,1.864882274540124
2009-07-20,0.9689759954785402,1.8202709037252973
2009-07-21,0.9999440123499844,1.8395408734049192
2009-07-22,0.9758904783029788,1.8021288816747256
2009-07-23,0.9545361205299528,1.7668566977084703
2009-07-24,0.9326073740361812,1.724547222940192
2009-07-27,0.9108484024422148,1.696969430947514
2009-07-28,0.8919960164852576,1.6815052322970176
2009-07-29,0.9566154482449354,1.7267453858636157
2009-07-30,0.9611843876226941,1.8222686943120239
2009-07-31,0.9430484209294354,1.7887365711851402
2009-08-03,1.011543249618838,1.9101643931370798
2009-08-04,0.9936543771567636,1.9407894913268238
2009-08-05,0.9875156052983737,1.9609136588727538
2009-08-06,0.9632746835541298,1.9272146400012788
2009-08-07,0.9409664204509383,1.9021905577493872
2009-08-10,0.9418267755628282,1.8540855699566274
2009-08-11,0.9414374519585118,1.8462623866463592
2009-08-12,0.9195830535142202,1.7991942003533954
2009-08-13,0.8984380329539737,1.799652271896276
2009-08-14,0.8962691730220848,1.896508800036417
2009-08-17,0.8935517249700997,1.9327396220405944
2009-08-18,0.9388220250236758,2.1934217249106647
2009-08-19,0.9224499924213089,2.1317330529885448
2009-08-20,0.9073472842528154,2.087397392933697
2009-08-21,0.8886382816395059,2.0414461998904616
2009-08-24,0.9294553402717113,2.0198927462274816
2009-08-25,0.9633374620530537,1.9640987007758417
2009-08-26,0.944972346856302,1.9247441690911333
2009-08-27,0.9221743376110145,1.8741019067055154
2009-08-28,0.9050635796539468,1.8234201995933035
2009-08-31,0.8982678956900526,1.9045641196905443
2009-09-01,0.8852277746824871,1.862989526421457
2009-09-02,0.8726031153761362,1.8266549002845007
2009-09-03,1.010336608938633,1.918700730586864
2009-09-04,1.0276940481458428,2.109429650366966
2009-09-08,1.001802858592021,2.055607860334274
2009-09-09,0.9772127101111913,2.015773833449059
2009-09-10,0.9570430706572147,1.964112060509174
2009-09-11,0.9442026297399242,1.9764447272423644
2009-09-14,0.953417166041746,1.926389414580562
2009-09-15,0.9501917576526174,1.8930231416825094
2009-09-16,0.9511490598420433,1.9591814948608681
2009-09-17,0.9552268903083598,1.9698613699309597
2009-09-18,0.9416362613299621,1.9330996502759603
2009-09-21,0.932428858048519,1.911846637120214
2009-09-22,0.9132635739344386,1.8731275238558727
2009-09-23,0.9394230912143795,1.884432325568181
2009-09-24,0.9376272590287364,1.893889869761799
2009-09-25,0.9630475123592108,2.005102455368982
2009-09-28,0.9488642695771058,1.9839251279778836
2009-09-29,0.925939401953267,1.9458434497833583
2009-09-30,0.9077906509562598,1.892677387846048
2009-10-01,0.9436986073939311,1.9750464518359354
2009-10-02,0.9482087638470257,1.9821138107572696
2009-10-05,0.931390445087561,1.9541151770448515
2009-10-06,0.9662780230175857,2.0690641317558054
2009-10-07,1.0902089009147093,2.2389449723303794
2009-10-08,1.0619991016728692,2.187679126720184
2009-10-09,1.071292052394136,2.1569840958181605
2009-10-12,1.0591345014881848,2.098663595290567
2009-10-13,1.0433921387762535,2.0405498103938906
2009-10-14,1.0276059382059595,1.9837581319896076
2009-10-15,1.0018857664564627,1.9321077750299813
2009-10-16,1.020065816869234,1.996953500447666
2009-10-19,0.9965811201017385,1.9488645625016288
2009-10-20,0.9975474260944421,1.928252254362685
2009-10-21,0.9894873225378051,1.9031244874707245
2009-10-22,0.9673541054515948,1.8642674549427118
2009-10-23,0.9442541245027374,1.8146342563596953
2009-10-26,0.9267241916861568,1.7695268326586362
2009-10-27,0.9752865411252465,1.9143510966846782
2009-10-28,0.951338806265105,1.9674725563175979
2009-10-29,0.9627257736724509,2.036412255038649
2009-10-30,1.0340770451995103,2.13597166525355
2009-11-02,1.0086605633749892,2.1325766529529844
2009-11-03,1.030373320500822,2.076758413640406
2009-11-04,1.1387030629420583,2.343721960648753
2009-11-05,1.116400135708838,2.2844682758912533
2009-11-06,1.087551661109928,2.219141789305439
2009-11-09,1.0632382883113005,2.1563293861221013
2009-11-10,1.0475433727678054,2.113368457270968
2009-11-11,1.021524011156504,2.084124884031892
2009-11-12,1.0260526039331697,2.057079240523638
2009-11-13,1.0424345321216693,2.0625434151593454
2009-11-16,1.0633322412600432,2.0301544773165774
2009-11-17,1.1045026230124126,2.2842582205519593
2009-11-18,1.077616731334555,2.224407470103616
2009-11-19,1.0510876519357433,2.165032689571763
2009-11-20,1.0242643937280977,2.104180295973438
2009-11-23,1.0061586489330385,2.0456983918735583
2009-11-24,1.0161847522750795,1.989829078189868
2009-11-25,0.9941047825071411,1.9350112490209874
2009-11-27,1.0362472518456856,1.9136965884974044
2009-11-30,1.0564200047677463,1.999950003970783
2009-12-01,1.0352007173280071,1.962199278937972
2009-12-02,1.0628861093426298,2.0701328245993644
2009-12-03,1.090210496417494,2.0170803638881427
2009-12-04,1.0662427938115946,1.989635016274802
2009-12-07,1.4215860058473362,2.024864042788712
2009-12-08,1.387792031800114,2.01468525181438
2009-12-09,1.4193200116154667,2.0776471935609253
2009-12-10,1.3795392515036895,2.0296121793739275
2009-12-11,1.3409081014957138,1.9748374969306632
2009-12-14,1.3407640510861132,1.943987793216126
2009-12-15,1.3166151044184775,1.9131570741468606
2009-12-16,1.2802082087247735,1.861053373289095
2009-12-17,1.2756554012549823,1.8481747107375084
2009-12-18,1.523965761700793,1.960649846879573
2009-12-21,1.5173479006703132,1.9199309771045734
2009-12-22,1.5338586390620172,1.901982879288044
2009-12-23,1.4995807401260384,1.8514786358989894
2009-12-24,1.45877648593949,1.8175625214757325
2009-12-28,1.466797162283535,1.8379958016495985
2009-12-29,1.4255471993476692,1.7899696236196168
2009-12-30,1.4044459686699575,1.8310828040678162
2009-12-31,1.3700678306385614,1.824510340122456
2010-01-04,1.3339088175724283,1.775675230454566
2010-01-05,1.395653861712921,1.9776734602580428
2010-01-06,1.3566656209546313,1.960387637662897
2010-01-07,1.3688401419221805,1.9627116799733972
2010-01-08,1.3384536114029832,1.909185280652603
2010-01-11,1.3056961546197239,1.8881319219167174
2010-01-12,1.3034429873200701,1.8385989306430877
2010-01-13,1.3566228569997538,1.8306551723418862
2010-01-14,1.3353929890119762,1.8422075029610498
2010-01-15,1.3017511797448351,1.7934392235511516
2010-01-19,1.2888460511779354,1.7772234506807891
2010-01-20,1.2601196571610427,1.8054626427688656
2010-01-21,1.3374413115363544,2.096967076568434
2010-01-22,1.3423777113252995,2.147041337343467
2010-01-25,1.3058561826211492,2.1243943519268464
2010-01-26,1.2712533233397556,2.065848367950907
2010-01-27,1.236470432119119,2.0853324846590477
2010-01-28,1.2232946231620345,2.0413073215276247
2010-01-29,1.1902557474833282,2.0449428348018355
2010-02-01,1.164048595025367,1.9881800340851403
2010-02-02,1.2390395035921058,2.0464588255850678
2010-02-03,1.2156854665655814,1.9894907535069635
2010-02-04,1.1865500453995175,1.9760839965267913
2010-02-05,1.4803392009483258,2.4698904217635476
2010-02-08,1.4395568073190261,2.4077611196108646
2010-02-09,1.4061528562760957,2.3497745845000773
2010-02-10,1.3974682401596739,2.3553789837233343
2010-02-11,1.3598314869507526,2.3025014749190644
2010-02-12,1.388538059274734,2.3295138667689304
2010-02-16,1.3497701403532882,2.271031633313074
2010-02-17,1.417295978334077,2.3744442902540053
2010-02-18,1.3797084044877792,2.3087748101710073
2010-02-19,1.3490341775430328,2.2522480604925263
2010-02-22,1.3160345846554533,2.1920558629096867
2010-02-23,1.2825884118754154,2.1322392640553063
2010-02-24,1.2723655119915926,2.1292695784900966
2010-02-25,1.2429149107649602,2.0707420065611553
2010-02-26,1.2247607223239878,2.025547371193206
2010-03-01,1.213356607874158,2.018766456587501
2010-03-02,1.1805872214486612,1.963689646075479
2010-03-03,1.1934501269808189,2.016744053959361
2010-03-04,1.167555521585113,1.9949627123447629
2010-03-05,1.1487130391718263,1.940222602254766
2010-03-08,1.1183056929283792,1.9119526095124992
2010-03-09,1.106397416570443,1.86703644974282
2010-03-10,1.0781583271776722,1.8170838606985034
2010-03-11,1.0830476984954658,1.8049422062253733
2010-03-12,1.0552645344353142,1.7695496547545317
2010-03-15,1.0378328207415064,1.7240142888883039
2010-03-16,1.0147721389449769,1.6790538024531148
2010-03-17,1.0741942923517245,1.6918228706913154
2010-03-18,1.0604421240166497,1.648448494496351
2010-03-19,1.0441209618023921,1.6061530668791273
2010-03-22,1.1053764522413323,1.6750835883042468
2010-03-23,1.082723129845959,1.6332064643529607
2010-03-24,1.060982659992366,1.6006623422707804
2010-03-25,1.1201481797041524,1.6748499135359123
2010-03-26,1.0951236569383376,1.632176747636185
2010-03-29,1.1312343504559585,1.6438279349682692
2010-03-30,1.10181345401553,1.7109850872565735
2010-03-31,1.0861114709992252,1.6707826014003595
2010-04-01,1.0767985338480683,1.6488444180348096
2010-04-05,1.082356857087266,1.6959040213853376
2010-04-06,1.061712782813209,1.6755874358906513
2010-04-07,1.0347600124645517,1.642552492757508
2010-04-08,1.0499091422756894,1.6147638279606906
2010-04-09,1.023492119556878,1.5750559273807614
2010-04-12,1.0163768943960805,1.5826043299073358
2010-04-13,0.9993987286357238,1.5668019530856692
2010-04-14,0.9769282705769101,1.5286290367707909
2010-04-15,0.9550342005999065,1.5213634983031155
2010-04-16,0.9394902754205078,1.4839829615000983
2010-04-19,1.0398517919324175,1.6896684968151874
2010-04-20,1.0136894805215575,1.6462510495332714
2010-04-21,0.9900005771985069,1.6098537395710706
2010-04-22,0.9799516414772342,1.6163224481533407
2010-04-23,0.9609699003000132,1.5844130300983488
2010-04-26,0.9750136232933583,1.5856237370734434
2010-04-27,0.9555652016169416,1.5459988469111965
2010-04-28,1.0033051135301965,1.5089844146012823
2010-04-29,0.9806136658079971,1.4817620150503146
2010-04-30,0.9564949968385876,1.5338965292677569
2010-05-03,0.9563388339447136,1.5042181566234747
2010-05-04,0.935585406167291,1.4820064799389536
2010-05-05,0.9294980652761122,1.804580573211457
2010-05-06,0.9081336027075113,1.8717392847454832
2010-05-07,1.1029381211192353,1.8437634154831046
2010-05-10,1.075184146313059,2.009679916183066
2010-05-11,1.0566361869214813,1.9593767619958342
2010-05-12,1.183640657193382,2.1832703047345707
2010-05-13,1.1597283737806523,2.131906304277492
2010-05-14,1.1404361680274655,2.077848081250316
2010-05-17,1.1110253738492504,2.0210013085606224
2010-05-18,1.0994877669238825,2.0272450298019735
2010-05-19,1.0710436579500036,1.9716364691834662
2010-05-20,1.1813271039965267,2.117711456229232
2010-05-21,1.1605856502592529,2.1709172202870937
2010-05-24,1.1367328223777409,2.1109453417826742
2010-05-25,1.1499244813368423,2.083949034085029
2010-05-26,1.1235735734825394,2.025746472067763
2010-05-27,1.113847549543934,1.987649822545146
2010-05-28,1.0853364696278267,1.9962177431442336
2010-06-01,1.0577031728415758,1.9444091343404144
2010-06-02,1.0482061917226593,1.8911286813343287
2010-06-03,1.0218872264060548,1.84044314562817
2010-06-04,1.0563911793677783,1.8455664045697344
2010-06-07,1.0549166048437313,1.9643207247274805
2010-06-08,1.1138719435236277,2.16795188352149
2010-06-09,1.0889531365395073,2.1093310550843194
2010-06-10,1.064271579312267,2.0570198677966616
2010-06-11,1.0810074121619475,2.004108843413304
2010-06-14,1.0705876915419499,1.9486619282353117
2010-06-15,1.0462428520602207,1.8952568801903162
2010-06-16,1.05162883051032,1.893583131006238
2010-06-17,1.0327910502076572,1.847452008999324
2010-06-18,1.0474546352616212,1.8267050292908915
2010-06-21,1.0344737762493026,1.8560551429518601
2010-06-22,1.108008100544562,1.8819405865693186
2010-06-23,1.0964256457652977,1.834649314558552
2010-06-24,1.0723882405492213,1.8113138215439957
2010-06-25,1.0465410439597373,1.7660246856497843
2010-06-28,1.0542191317087304,1.7970777684481873
2010-06-29,1.0744886408278482,1.7868788936344016
2010-06-30,1.0471868008089,1.768396815621814
2010-07-01,1.0230389476605246,1.7247974381086841
2010-07-02,1.3340631576340205,1.9605728559541582
2010-07-06,1.3257914454181357,1.9068938460509994
2010-07-07,1.3457381056309448,1.8566166646540574
2010-07-08,1.328641229762942,1.837641769072595
2010-07-09,1.2960121662090858,1.7889754824548223
2010-07-12,1.2788338144386997,1.7488514791926757
2010-07-13,1.2598095568790681,1.7088244005446602
2010-07-14,1.240299860318097,1.6855012090122723
2010-07-15,1.20666207907435,1.6522643380279822
2010-07-16,1.1742606448396167,1.6098590277451483
2010-07-19,1.1830566051379583,1.6823004320585107
2010-07-20,1.1665986660697885,1.6650207140063351
2010-07-21,1.1489365593224035,1.624239649152343
2010-07-22,1.1299440241857717,1.5830654651153966
2010-07-23,1.1168915274703306,1.6343725249829444
2010-07-26,1.0985126565206473,1.5926877684656513
2010-07-27,1.0761878554195068,1.554664639846264
2010-07-28,1.1230163464522858,1.645475490650471
2010-07-29,1.0946332665860732,1.6143308428070566
2010-07-30,1.0705800552172657,1.577267764848287
2010-08-02,1.0686018927061705,1.605106601053841
2010-08-03,1.041123843703322,1.6435789967988665
2010-08-04,1.0181067166851985,1.6034835020972065
2010-08-05,1.002035211756229,1.5671585168579223
2010-08-06,0.9781279374247394,1.5285489058665087
2010-08-09,0.967652083381605,1.4979552332579174
2010-08-10,0.9481846420959262,1.468289225713717
2010-08-11,0.9271516517564382,1.4330836450963909
2010-08-12,0.9085426254591458,1.5144098557115162
2010-08-13,0.9274204509368282,1.492901626184864
2010-08-16,0.9053575960100516,1.4582423193153125
2010-08-17,0.9030214607654347,1.464202191802582
2010-08-18,0.8818594218254633,1.4377862063156734
2010-08-19,0.8656612569501906,1.4095126566056397
2010-08-20,0.8464363980395591,1.3825578908733025
2010-08-23,0.831756074633667,1.4186906710230756
2010-08-24,0.8144543774354499,1.3856892078197076
2010-08-25,0.803766071034033,1.444127529865755
2010-08-26,0.8076712708664596,1.5778387699207537
2010-08-27,0.7943268223367416,1.5396415496654976
2010-08-30,0.7775853168587863,1.5081054169194699
2010-08-31,0.7618830427436482,1.4737463274659097
2010-09-01,0.776553832760017,1.486797474106926
2010-09-02,0.764429299655241,1.4513088508171597
2010-09-03,0.7565534508102195,1.470663903612397
2010-09-07,0.7461700158427763,1.445534865684167
2010-09-08,0.7469513953592205,1.4129137335472393
2010-09-09,0.7322067328328796,1.3904202464304976
2010-09-10,0.7504447494351147,1.3752373472426749
2010-09-13,0.7360506494925073,1.3493391405442798
2010-09-14,0.7222030127378406,1.3269903807990966
2010-09-15,0.8333688569419997,1.4322050626434029
2010-09-16,0.815222999500876,1.4055631458575477
2010-09-17,0.8067967593774128,1.3888439981621743
2010-09-20,0.7897949662233962,1.3584114890656498
2010-09-21,0.775222758560302,1.3275646496849822
2010-09-22,0.7855958601913536,1.3434227652638269
2010-09-23,0.7697789362756206,1.3204690467667632
2010-09-24,0.7541759248787968,1.2923407007992687
2010-09-27,0.7420126195670594,1.3248623239242163
2010-09-28,0.7274771118652461,1.2955565544314545
2010-09-29,0.7402418499888848,1.3108516450683247
2010-09-30,0.725904290333848,1.2878603820760985
2010-10-01,0.7121615272038244,1.2636507919715738
2010-10-04,0.7198266253172129,1.291907217983353
2010-10-05,0.7112027428729508,1.2726957259055467
2010-10-06,0.8239891599647883,1.530881724600397
2010-10-07,0.8175811277017496,1.5375177889307494
2010-10-08,0.8390820365642838,1.6552466153681942
2010-10-12,0.84917227410958,1.7771001590082725
2010-10-13,0.8315015806603376,1.7337951253670347
2010-10-14,0.8874479759858573,1.8128272178957727
2010-10-15,0.8738919692368826,1.843760001979558
2010-10-18,0.8737444067898096,1.81475881581805
2010-10-19,0.8592530400294034,1.778489631326661
2010-10-20,1.1061201053698484,2.0624225702207517
2010-10-21,1.096666854492541,2.066264309570055
2010-10-22,1.1168281753996394,2.1453919298369866
2010-10-25,1.0883296236686533,2.0924295525112035
2010-10-26,1.0770906607806385,2.063663365247035
2010-10-27,1.0492836002478143,2.0144793111646266
2010-10-28,1.0506002382033752,1.9698976075040964
2010-10-29,1.0653660116980588,1.9501872684633106
2010-11-01,1.0637782813718357,2.0328501032996624
2010-11-02,1.0439093359854172,1.9786222474798745
2010-11-03,1.0216132140829581,1.9383488313247355
2010-11-04,1.0090431375430937,1.886084410605525
2010-11-05,1.2380259164012628,2.2489897050593006
2010-11-08,1.2055677277897041,2.245360329089054
2010-11-09,1.1948673868998803,2.336566429568485
2010-11-10,1.2195348424302577,2.4236802067418473
2010-11-11,1.2168413386998551,2.4020002613765468
2010-11-12,1.185714522813316,2.357358793088757
2010-11-15,1.3333639235855557,2.6916570872397014
2010-11-16,1.315007784958435,2.6686249812961687
2010-11-17,1.3036214005502873,2.5898177014055164
2010-11-18,1.2721215450021441,2.5146369749207724
2010-11-19,1.271023445639171,2.7361208198865064
2010-11-22,1.2362705527802902,2.6775507139039996
2010-11-23,1.221579443559842,2.625548614524563
2010-11-24,1.1983188175810187,2.5612792776066353
2010-11-26,1.1668844500612316,2.4869681827564083
2010-11-29,1.1509117750358877,2.5177776533499725
2010-11-30,1.1221968441132557,2.4729466359439525
2010-12-01,1.1379766981845765,2.523049882104067
2010-12-02,1.1079843395598499,2.469599091322071
2010-12-03,1.0795900836095995,2.399876837162031
2010-12-06,1.1527290915328463,2.396283842258544
2010-12-07,1.1343192027925986,2.4407833979724254
2010-12-08,1.186602810852124,2.6398451676645456
2010-12-09,1.1907231262576674,2.5816202478574386
2010-12-10,1.1624823818381629,2.5213931683639195
2010-12-13,1.1315441081258344,2.447981166360816
2010-12-14,1.1064896718378934,2.4883322842918614
2010-12-15,1.0777337132449256,2.416193596610477
2010-12-16,1.0797770476677244,2.4215925162878116
2010-12-17,1.0631940373079765,2.3573606371047457
2010-12-20,1.0377318566861533,2.297381644643225
2010-12-21,1.0222858239744799,2.2376316592455723
2010-12-22,0.9970040530839216,2.1745116490449816
2010-12-23,0.9734744152828152,2.1136513040639553
2010-12-27,0.952150131195587,2.0545338618917692
2010-12-28,0.9307632637122134,1.9972888577986134
2010-12-29,0.9780187844209567,2.0858230433809215
2010-12-30,0.9569987857688659,2.045392304401797
2010-12-31,0.940993603621107,1.9902159425835177
2011-01-03,0.958222950413254,1.9633213678188821
2011-01-04,0.942891109887759,1.91550866097349
2011-01-05,1.0694041026606187,1.994953536712676
2011-01-06,1.0441295199948546,1.9766926476042423
2011-01-07,1.0220453460062398,1.9283798090621649
2011-01-10,0.9973966725500212,1.8940684699425872
2011-01-11,0.9764710547134748,1.8495477259722637
2011-01-12,0.9611193814730784,1.866394183228385
2011-01-13,0.9417983263540556,1.8182308291880127
2011-01-14,0.9503717343291118,1.9507363769260686
2011-01-18,0.9568390155836055,1.9095300079039972
2011-01-19,0.9414759634356713,1.889496049867685
2011-01-20,0.9199012054190722,1.8390522583079623
2011-01-21,0.9982633331233715,2.0741611950790078
2011-01-24,0.9740029282847258,2.0162186963611988
2011-01-25,0.9577150665802828,2.0032174828227287
2011-01-26,0.9357404161565577,1.9510954495088184
2011-01-27,0.9307878008579792,1.9856875648747887
2011-01-28,1.072482751870409,2.001553654086938
2011-01-31,1.121818899328977,2.138530973403778
2011-02-01,1.0949960900973426,2.0797421370339007
2011-02-02,1.0780777265584942,2.062630463692564
2011-02-03,1.0522549780616546,2.010635820951198
2011-02-04,1.0677372544674688,2.0190917998059312
2011-02-07,1.0448127958549942,1.9652820677659757
2011-02-08,1.018209065296729,1.923367786028169
2011-02-09,1.0225471567917654,2.0311020386374428
2011-02-10,0.9969137791454935,1.9768395760436122
2011-02-11,0.9730217277508941,1.9228897123152684
2011-02-14,0.953887775792677,1.880790088182407
2011-02-15,0.9364543038010762,1.9246769776457482
2011-02-16,0.9294575654368807,1.8723832478431768
2011-02-17,0.9074284537695172,1.8219403302700796
2011-02-18,0.8993728921531976,1.9557755026919572
2011-02-22,0.8802432075379657,1.9855457577562994
2011-02-23,0.8717067873394052,1.9615673706624877
2011-02-24,0.8744255112972907,1.9354689588513114
2011-02-25,0.8721224750142124,2.183601159060486
2011-02-28,0.8643744946909856,2.3468141554239543
2011-03-01,0.8457815831869196,2.313141353094415
2011-03-02,0.9111669659107502,2.3093641370806473
2011-03-03,0.8899619845881769,2.2430963762373
2011-03-04,0.92060350094976,2.1984056332162623
2011-03-07,0.9210757767412603,2.3090134628833856
2011-03-08,0.9009281501964146,2.2721029612890162
2011-03-09,0.8820961916486645,2.2072883675330845
2011-03-10,0.8617713518150684,2.1454407349771607
2011-03-11,0.8853253420555983,2.1725854593387406
2011-03-14,0.8676543035309898,2.1595752225337006
2011-03-15,0.8538151394526421,2.098553368322775
2011-03-16,0.9395188498444631,2.252244197283395
2011-03-17,0.9169762432357021,2.1941953492867983
2011-03-18,0.9028475150401228,2.1342737001680825
2011-03-21,0.9102448596454706,2.140321632328056
2011-03-22,0.8970542229296019,2.1935564939176335
2011-03-23,0.8763357761634509,2.137375785045126
2011-03-24,0.8804302683155426,2.1642877609692754
2011-03-25,0.8800724764826534,2.1149711535041416
2011-03-28,0.8598228236567504,2.063101024213537
2011-03-29,0.8491879918614247,2.0095233432086395
2011-03-30,0.8322352939021951,1.953879682914291
2011-03-31,0.8169976576313993,1.9146318486163663
2011-04-01,0.8214242744190772,1.8689073053238783
2011-04-04,0.8112707117494277,1.819331348189612
2011-04-05,0.8000342834047066,1.8283678585344456
2011-04-06,0.8581803607057362,1.840799936077676
2011-04-07,0.8401892516472557,1.7996048952646657
2011-04-08,0.8217038725256806,1.752971284512209
2011-04-11,0.8232524969026442,1.8359954265882545
2011-04-12,0.8222322245270417,1.8273631624099087
2011-04-13,0.8218364171247474,1.7797153277225166
2011-04-14,0.8050348306865636,1.756313058431792
2011-04-15,0.8425887472423809,1.9207664971994245
2011-04-18,0.8455334174256676,1.9189373131909158
2011-04-19,0.8372598581047853,1.8946497833746598
2011-04-20,0.8187445409569634,1.8708459866408291
2011-04-21,0.8053663429864727,1.918228068354384
2011-04-25,0.7888277678753988,2.009181739183484
2011-04-26,0.7724591533889621,1.9593504564785547
2011-04-27,0.7608606161949792,2.1237392887580566
2011-04-28,0.8597928334979799,2.5711979471868514
2011-04-29,0.8451185137843528,2.4992062847651892
2011-05-02,0.9087621744984848,2.43345384871227
2011-05-03,0.9360851245249473,3.172622439702363
2011-05-04,0.917524694198643,3.3261171027636784
2011-05-05,0.9553686952066923,3.505023038297136
2011-05-06,1.1467957522221035,4.511002436759787
2011-05-09,1.1517389882681954,4.4021720855845015
2011-05-10,1.1653907277460898,4.57137638586273
2011-05-11,1.1368509875123616,4.4423552332816785
2011-05-12,1.1273270156129203,4.763816784480472
2011-05-13,1.0976732753483018,4.6741384398701635
2011-05-16,1.0800573844346515,4.589194437944755
2011-05-17,1.0530997366214727,4.573917424708836
2011-05-18,1.031333458846023,4.434985256062008
2011-05-19,1.0135964954504222,4.370456766734807
2011-05-20,0.9881728135563199,4.2348841522615555
2011-05-23,1.0036383810339817,4.104042868132547
2011-05-24,0.979752678305218,3.977681245361135
2011-05-25,0.9621360115999595,3.9843339654945336
2011-05-26,0.9386890951848691,3.9325068811545436
2011-05-27,0.9180564952864765,3.8201371325220634
2011-05-31,0.923122134294446,3.717659501568428
2011-06-01,0.9012716488043889,3.621537831763506
2011-06-02,0.8809332208203181,3.7040661373001775
2011-06-03,0.8632145815381648,3.6030614928183318
2011-06-06,0.8500887618607995,3.4929404243830913
2011-06-07,0.8317686902342688,3.3952618526495475
2011-06-08,0.8135769044729068,3.3029340601354784
2011-06-09,0.8018578547491423,3.203143267093246
2011-06-10,0.792296598800544,3.1338225749758086
2011-06-13,0.8020344824343542,3.176647591860742
2011-06-14,0.8176521770257005,3.219262184103407
2011-06-15,0.810954860682317,3.169815932046616
2011-06-16,0.7960929249150345,3.0773570368003687
2011-06-17,0.7797381467838388,2.988572418419151
2011-06-20,0.7768237578390792,2.9060591919272407
2011-06-21,0.7608566008207823,2.820779520751096
2011-06-22,0.7529607154060745,2.751180652215346
2011-06-23,0.738568902928331,2.6695488332101336
2011-06-24,0.8302152638205302,2.698948983660002
2011-06-27,0.8744769550014626,2.7103890092811542
2011-06-28,0.8588406757280826,2.68045402294838
2011-06-29,0.8427656547357514,2.6148686212329593
2011-06-30,0.835970306379027,2.6351621294349665
2011-07-01,0.838605011713781,2.5601060682824204
2011-07-05,0.837711435720906,2.553532302767439
2011-07-06,0.917918606897308,2.7253870762333983
2011-07-07,0.9163723737093166,2.6637259838671605
2011-07-08,0.8952604528183044,2.5989348610000893
2011-07-11,0.8893246540412723,2.52802816404742
2011-07-12,0.8907468321103643,2.5176651671709624
2011-07-13,0.8867965525808453,2.4524679914714325
2011-07-14,0.8886254427521351,2.721241711518802
2011-07-15,0.8697327824015848,2.6431449933322813
2011-07-18,0.8548827748572893,2.616768510837625
2011-07-19,0.8580655002976559,2.6466882943844534
2011-07-20,0.8850829273814552,2.7158442537380743
2011-07-21,0.8861553289136052,2.7210684072506095
2011-07-22,0.8837836006524785,2.6852984178604506
2011-07-25,0.8827182882268242,2.6467167162691445
2011-07-26,0.8793669657932434,2.5727947552875015
2011-07-27,0.8610629558687353,2.5210986783191713
2011-07-28,0.8461550227813893,2.484023564255583
2011-07-29,0.8273902814538301,2.423965448992267
2011-08-01,0.8204446135980346,2.354291786316385
2011-08-02,0.8072246710129242,2.3112852956972794
2011-08-03,0.9543265240500675,2.4265320260206633
2011-08-04,0.9312020020288984,2.394697024255844
2011-08-05,0.9173681948366397,2.918364303095196
2011-08-08,0.9084046690913415,2.83671696411006
2011-08-09,1.1527706263500304,2.782120098772178
2011-08-10,1.139321700955061,2.8928436559739397
2011-08-11,1.3586980106771953,3.106813674801036
2011-08-12,1.414909093890205,3.0384675439913584
2011-08-15,1.3792738483570501,2.953844043391074
2011-08-16,1.3616635371303867,2.885198223475715
2011-08-17,1.3516337654960167,2.80758955157092
2011-08-18,1.3153523214135079,2.7300849372364766
2011-08-19,1.3463417128636306,2.6565695003431578
2011-08-22,1.3381196065005287,2.8301796425890657
2011-08-23,1.4214802992144482,2.796679987160765
2011-08-24,1.6329998870618303,2.9374642724505047
2011-08-25,1.7698122651024204,3.0405365465947822
2011-08-26,1.7201354594222682,3.030663075291982
2011-08-29,1.794836765538617,2.9494239648688207
2011-08-30,1.8034072606406617,2.8891263044792024
2011-08-31,1.8723855671390746,2.831234810650674
2011-09-01,1.8258416594367484,2.7470447361488786
2011-09-02,1.772034787139476,2.6658924214326825
2011-09-06,1.845898988823404,2.7540031466484765
2011-09-07,1.7919652150066703,2.7466472193974303
2011-09-08,1.8892465321486736,2.6816537132763836
2011-09-09,1.926902536903518,2.6326749361884643
2011-09-12,1.8751488694185632,2.5861660726545073
2011-09-13,1.8913595809162351,2.6378524226328857
2011-09-14,1.8502070636628547,2.5968960249629234
2011-09-15,1.8039351800670012,2.525455231234608
2011-09-16,1.7888335515801383,2.49863759889186
2011-09-19,1.7484478948547508,2.452581812658444
2011-09-20,1.7344353574792517,2.4220417636135587
2011-09-21,1.7131247304676174,2.3543800979856067
2011-09-22,1.687920717389594,2.292156162334006
2011-09-23,1.746952163244604,3.2182094476543135
2011-09-26,2.124926522736099,4.746078711157479
2011-09-27,2.0860901577998647,4.601022540435196
2011-09-28,2.0688309125364484,4.586817287336579
2011-09-29,2.105180659503362,4.7932564082492775
2011-09-30,2.0527525659562706,4.724841288270344
2011-10-03,1.9919061971972665,4.653081389698993
2011-10-04,1.9750888401811009,4.53242189692039
2011-10-05,1.9747466424195015,4.4029916641191065
2011-10-06,1.9329350420103302,4.290731282904252
2011-10-07,1.8808340353197133,4.324526532356419
2011-10-10,1.835023638889918,4.255016927978527
2011-10-11,1.8701237820449892,4.197809757397211
2011-10-12,1.8224923218815563,4.06888980167566
2011-10-13,1.7757157681471516,3.9539618093579643
2011-10-14,1.7290563542053938,3.8816843964697627
2011-10-17,1.6850153918345612,3.774366720286606
2011-10-18,1.639774396362551,3.6652023982801905
2011-10-19,1.5962084606995535,3.559659881969072
2011-10-20,1.5755580170482701,3.550685298096391
2011-10-21,1.5601012812305048,3.4640483727159266
2011-10-24,1.5350077016204924,3.409213198129762
2011-10-25,1.5053896569595797,3.318991733256974
2011-10-26,1.5924038265873575,3.420356260913552
2011-10-27,1.5652493403802687,3.316561671002349
2011-10-28,1.5466648335598232,3.408383508475771
2011-10-31,1.5022410105678614,3.306704087198621
2011-11-01,1.4921712932737305,3.2570852373200796
2011-11-02,1.4496097364626412,3.255567647903888
2011-11-03,1.4259136993002235,3.2251883774825423
2011-11-04,1.4290675509312623,3.138439623281898
2011-11-07,1.393827496393325,3.057721488937949
2011-11-08,1.4573187205373928,3.0289347334698924
2011-11-09,1.429069400103641,2.9383408758312837
2011-11-10,1.4024556776513548,2.9185160687888803
2011-11-11,1.3689329009689388,2.8313465653900316
2011-11-14,1.380119790068909,2.779358126984353
2011-11-15,1.3454450284382047,2.7117419787820136
2011-11-16,1.3080845652056239,2.6417721204005105
2011-11-17,1.2958353827512363,2.63104763332146
2011-11-18,1.3936000063511953,3.018773237742592
2011-11-21,1.3560602389388812,2.9843302517377985
2011-11-22,1.4357044114730302,2.9344421423459544
2011-11-23,1.4164854898060626,2.9703104970802525
2011-11-25,1.3783379226243155,2.968577591685099
2011-11-28,1.3548689608558904,2.9331387617421023
2011-11-29,1.3884655104953452,2.9607933227530174
2011-11-30,1.3498198860875565,2.877574244508634
2011-12-01,1.3817928831889876,2.8840317293070723
2011-12-02,1.3449404298552226,2.7996813011246378
2011-12-05,1.307661445993815,2.720694886727619
2011-12-06,1.3163954646984448,2.6776457911004656
2011-12-07,1.2848291748817513,2.6804689558816586
2011-12-08,1.2596399786318613,2.611770406938713
2011-12-09,1.311174523929399,2.625335130162779
2011-12-12,1.27601221322776,2.592578572045467
2011-12-13,1.3843852222138138,2.5953592628463444
2011-12-14,1.4373811818992965,2.571993437967848
2011-12-15,1.6168487330505799,2.870374512314585
2011-12-16,1.572467806906728,2.7875775034854855
2011-12-19,1.584721852777742,2.754241386709986
2011-12-20,1.5400483197560404,2.7711734199284472
2011-12-21,1.5261161162259487,2.7715638798103335
2011-12-22,1.4825449219275144,2.6927134304037796
2011-12-23,1.4499199292057083,2.6203850250169904
2011-12-27,1.409245259632297,2.544042953537667
2011-12-28,1.385325276959886,2.4928795530670054
2011-12-29,1.4659425790370724,2.7882814431619845
2011-12-30,1.4283940212816226,2.7959341061491236
2012-01-03,1.4091659303069985,2.7150317412959866
2012-01-04,1.4851002187709768,3.078597498186184
2012-01-05,1.4469835124342925,3.0073091553156113
2012-01-06,1.4139486028122272,2.9187189677832794
2012-01-09,1.3769030701290579,2.874632366159372
2012-01-10,1.342499154869913,2.7950056655450024
2012-01-11,1.3399791944442465,2.8155555176722395
2012-01-12,1.3104598568284318,2.732744011355345
2012-01-13,1.2778521249896941,2.6553577092331855
2012-01-17,1.25346178861742,2.6068497962308084
2012-01-18,1.2312469598746074,2.548050091726509
2012-01-19,1.207242192772555,2.500753817786502
2012-01-20,1.176106124105358,2.4288380008028767
2012-01-23,1.1504167636657714,2.6199887577578056
2012-01-24,1.1295978043641965,2.546148238057719
2012-01-25,1.1121388567122938,2.4822986848166044
2012-01-26,1.2403837411399636,2.5926422177414676
2012-01-27,1.2117429308035736,2.5168597519212823
2012-01-30,1.2002805271271841,2.473024640437648
2012-01-31,1.1752896339538448,2.420375281377369
2012-02-01,1.1561087331432491,2.356942076407989
2012-02-02,1.1257743320713465,2.3163763090985703
2012-02-03,1.1132051889014472,2.2887826520062897
2012-02-06,1.1780507469476973,2.273082735500563
2012-02-07,1.1484865459199114,2.2080191542672725
2012-02-08,1.1671255546879353,2.1849813135076763
2012-02-09,1.147987855594243,2.1285712160041803
2012-02-10,1.1197097650459542,2.0709187572694163
2012-02-13,1.0973035921037528,2.032083718379762
2012-02-14,1.0697259860457724,1.9833023466519561
2012-02-15,1.0437653152346065,1.9343064278025541
2012-02-16,1.025413473047828,1.882411807266262
2012-02-17,0.9997236743246063,1.8335146720705517
2012-02-21,0.9791834463514436,1.7963150418217249
2012-02-22,1.0723033221389786,1.9178850452197056
2012-02-23,1.07388271424064,1.8660658344978824
2012-02-24,1.0462120223638887,1.9339395579639056
2012-02-27,1.0252816042819584,1.8810986850742288
2012-02-28,1.0021704685620336,1.8301081078514472
2012-02-29,1.004055148706861,2.035137370470836
2012-03-01,1.579941463537584,2.507321288989647
2012-03-02,1.5660887771754712,2.5108808111244563
2012-03-05,1.5215509075897384,2.4815888861601865
2012-03-06,1.4812707787458108,2.462756013500531
2012-03-07,1.4968794826100256,2.5010812537678095
2012-03-08,1.459504285048546,2.445717636126728
2012-03-09,1.4355129388620957,2.3958655558238675
2012-03-12,1.4025284540272998,2.3415209903026595
2012-03-13,1.375389902026525,2.3121849427744614
2012-03-14,1.3921009054810676,2.2613654974519406
2012-03-15,1.4078501849162042,2.314512406509139
2012-03-16,1.3841015506720522,2.256546626634569
2012-03-19,1.345545656007189,2.1925581172774353
2012-03-20,1.3085812782965394,2.1499766340861197
2012-03-21,1.2896682765566698,2.177819024851739
2012-03-22,1.2541885859402475,2.116646482010365
2012-03-23,1.2236589202639532,2.1186607140683034
2012-03-26,1.2212852786859683,2.1271140383220333
2012-03-27,1.2521491394599515,2.1320917399779526
2012-03-28,1.2291095016318203,2.087813602253813
2012-03-29,1.220818499442898,2.055481988895845
2012-03-30,1.1883411218085287,2.00394478381818
2012-04-02,1.1620093013349704,1.9486276427034535
2012-04-03,1.1364215479986255,1.9594249637844279
2012-04-04,1.188120948062816,1.9278797739027498
2012-04-05,1.2195404960547183,2.1238152047313092
2012-04-09,1.1964544491013867,2.0859903422967836
2012-04-10,1.1735176570858685,2.0299005592932433
2012-04-11,1.167207482701184,1.9795690574089524
2012-04-12,1.1361283349388944,1.9278285222486358
2012-04-13,1.1285843465512997,1.9640047355964954
2012-04-16,1.1300917296041548,2.019671043789053
2012-04-17,1.1019380335756368,1.963655405308126
2012-04-18,1.0737542714897925,1.9186449288048102
2012-04-19,1.055113402584463,1.8701294376864785
2012-04-20,1.0282018546588036,1.8237772778161012
2012-04-23,1.002284135499103,1.7752588548356367
2012-04-24,0.9798829882930883,1.8295537295966533
2012-04-25,0.9561561513026355,1.7806962690404484
2012-04-26,0.9338251756427486,1.7342174013407103
2012-04-27,0.9320867099400759,1.707399867922707
2012-04-30,0.9108880157800062,1.6695593791592127
2012-05-01,0.8918414898650272,1.6386541065770366
2012-05-02,0.8750675605601156,1.5971565445318558
2012-05-03,0.8617191438705671,1.571930865210132
2012-05-04,0.8742007260403772,1.5806932503006577
2012-05-07,0.8567903860398899,1.544115327340623
2012-05-08,0.8396148270572312,1.5141020579927207
2012-05-09,0.9351785161571534,1.54460172304713
2012-05-10,0.940787483447694,1.5222880437423258
2012-05-11,0.9189998797599342,1.4886172277771703
2012-05-14,0.9155662980238607,1.4592035986784881
2012-05-15,0.9550315735578948,1.528880338094906
2012-05-16,0.9632450580295315,1.5671334416971425
2012-05-17,0.9409046460959732,1.5872473506816602
2012-05-18,1.0440292288216473,1.725436992399499
2012-05-21,1.0486385568249204,1.7450010408829355
2012-05-22,1.0219424980925447,1.7014827256744336
2012-05-23,1.0678095529011973,1.6819742189870992
2012-05-24,1.0429136697135812,1.6570667743615042
2012-05-25,1.01701281595279,1.6494274449875024
2012-05-29,1.0085667858770417,1.6145992658803627
2012-05-30,1.0151884604321109,1.6349567490193777
2012-05-31,0.9980488348666774,1.5932940145609553
2012-06-01,0.974380165784924,1.5591149829987425
2012-06-04,1.2807232187087614,1.623415925439584
2012-06-05,1.2459113603800216,1.587753744728463
2012-06-06,1.2123490227527889,1.5637963232646284
2012-06-07,1.1796212058313285,1.6619874682113291
2012-06-08,1.2153393845057008,1.7260277382748441
2012-06-11,1.1828537243631503,1.6810901615009046
2012-06-12,1.1545128755686507,1.63794565524985
2012-06-13,1.1345795526801368,1.620259268544179
2012-06-14,1.1084004283534945,1.5815928173056149
2012-06-15,1.0828828107798578,1.54989035494069
2012-06-18,1.0548950655667075,1.5114060816509831
2012-06-19,1.0279490013845065,1.4753562884664726
2012-06-20,1.0085856738412624,1.4525682661611945
2012-06-21,0.9991121821556908,1.4541431934542461
2012-06-22,1.1369702581941805,1.7362666833004878
2012-06-25,1.1104415450297835,1.6908959937397858
2012-06-26,1.0933760176525484,1.7209670317432284
2012-06-27,1.0789561604321167,1.7143037225292335
2012-06-28,1.0514202171830667,1.6762328909546587
2012-06-29,1.0595739822999608,1.6940357156909531
2012-07-02,1.198538123176666,1.8879745176984828
2012-07-03,1.166448947169955,1.838153680959733
2012-07-05,1.185039930623187,1.9065384960474694
2012-07-06,1.182723357908027,1.9272784990572103
2012-07-09,1.1878112176471125,1.942609920730639
2012-07-10,1.1567986014642577,1.9015825440588439
2012-07-11,1.1614221081190415,1.8982516558329656
2012-07-12,1.1369171057859704,1.854668823303967
2012-07-13,1.1087444956756591,1.8069539619767534
2012-07-16,1.1029157645261434,1.760610782003172
2012-07-17,1.0741696804783178,1.714707430807041
2012-07-18,1.0526089727759977,1.6699707622366151
2012-07-19,1.027871172875096,1.6274020091847612
2012-07-20,1.0028874023250356,1.5859113770523805
2012-07-23,0.9786179557993446,1.5470063706846142
2012-07-24,0.9596468181373813,1.527321746918983
2012-07-25,0.9387485814894327,1.4897473244175523
2012-07-26,0.9675240792860296,1.4799258407139726
2012-07-27,0.9565359896300948,1.4530963683108105
2012-07-30,0.9393644231288935,1.435477943788598
2012-07-31,0.9170033859519061,1.4439668114304405
2012-08-01,0.9062077630406481,1.424412636321665
2012-08-02,0.9074406189431539,1.4797122373725364
2012-08-03,0.8991388485694151,1.4580382333151034
2012-08-06,0.9014132078868494,1.5347841856000473
2012-08-07,0.8865138515656908,1.5027103862832376
2012-08-08,0.8660362360042414,1.4727472277382838
2012-08-09,0.8467023608211435,1.4381372825513816
2012-08-10,0.8306929887520733,1.405849021675309
2012-08-13,0.812759321931766,1.3732710024504027
2012-08-14,0.8146464917861554,1.3732765133910498
2012-08-15,0.8075456070622542,1.3423280346759916
2012-08-16,0.7932065793783472,1.3121863421656226
2012-08-17,0.7874172874909491,1.329464183641648
2012-08-20,0.771176855540219,1.3051695352284838
2012-08-21,0.7589683003784111,1.4166534057268176
2012-08-22,0.7758057985928811,1.4275138445228124
2012-08-23,0.7963563862684178,1.46547981212616
2012-08-24,0.8012780679135492,1.5314414254039586
2012-08-27,0.7842605462848276,1.4979190904793827
2012-08-28,0.7731800195516794,1.461460957386865
2012-08-29,0.7581148792161749,1.4344713147536343
2012-08-30,0.7583215113705337,1.40745277573108
2012-08-31,0.743222366822576,1.3960193796988407
2012-09-04,0.890749365876356,1.7233996376386476
2012-09-05,0.8706408718860733,1.7330749017621405
2012-09-06,0.8512220543098166,1.6888365686155904
2012-09-07,0.8355450742074166,1.6721885653814939
2012-09-10,0.9469588784827692,1.7769144740636005
2012-09-11,0.9377923154126023,1.747853598819471
2012-09-12,0.918596137073427,1.7041318458522654
2012-09-13,0.896823163191362,1.6658761692946522
2012-09-14,0.984211823963127,1.9063508873043804
2012-09-17,0.9617946529729533,1.8544348810883016
2012-09-18,0.9573820077774201,1.8544003921298864
2012-09-19,0.9495461532712867,1.8746883509810923
2012-09-20,0.9265681158594751,1.8264250506248438
2012-09-21,0.9053703330968685,1.777467461696919
2012-09-24,0.8861687621171231,1.7316341277979304
2012-09-25,0.8746168666328371,1.7298970081682592
2012-09-26,0.8555932360030215,1.6937506653687797
2012-09-27,0.8467180035196861,1.6555042308756713
2012-09-28,0.8915161295267964,1.689675708844807
2012-10-01,0.8731368034305674,1.6472088999547503
2012-10-02,0.8545269890581194,1.6095097205552864
2012-10-03,0.8358183530138639,1.572060355266411
2012-10-04,0.8181594537802267,1.5327284577209304
2012-10-05,0.814882151346124,1.5235971427832151
2012-10-08,0.8084735143411497,1.5227771855684997
2012-10-09,0.7951056683399592,1.5230696264168304
2012-10-10,0.791629686973505,1.4888285922726205
2012-10-11,0.7753668613882094,1.4553738741038387
2012-10-12,0.7617102441232462,1.4209968082875943
2012-10-15,0.7658539604632849,1.4242311079152294
2012-10-16,0.7858232058125365,1.5052717012265058
2012-10-17,0.7819222643026718,1.4822590574090844
2012-10-18,0.7657732015220774,1.453304104018329
2012-10-19,0.7575264634764226,1.4468467789792976
2012-10-22,0.7833798884572165,1.4880242818809886
2012-10-23,0.7710646713012348,1.4685060468763125
2012-10-24,0.8116771557664345,1.5296448209895674
2012-10-25,0.7984931096529561,1.492148641073057
2012-10-26,0.796703584068116,1.4892309588445691
2012-10-31,0.7800264469707001,1.4533848936486693
2012-11-01,0.7729675084191383,1.4260933023732774
2012-11-02,0.7647677863463251,1.39294459965333
2012-11-05,0.891606146398031,1.6722165292024913
2012-11-06,0.8748674326613397,1.638261100343717
2012-11-07,0.9516113642899323,1.7222245930870075
2012-11-08,0.928799955315588,1.6825103465061448
2012-11-09,0.9282050502162127,1.6911152009789903
2012-11-12,0.9064683780855533,1.6516670853148558
2012-11-13,0.8868451629938768,1.6140671449878374
2012-11-14,0.8678750095787714,1.573278395813217
2012-11-15,0.8481111059490886,1.5444842419025826
2012-11-16,0.8421327031253787,1.508297305907346
2012-11-19,0.8240727885021141,1.4904169931452205
2012-11-20,0.8488445704680505,1.5829195142130985
2012-11-21,0.8327404585047854,1.5438255781105672
2012-11-23,0.8146097983264666,1.5114508887819338
2012-11-26,0.8419354170388904,1.556321257244806
2012-11-27,0.8237112825156269,1.5178812864253455
2012-11-28,0.812043293227234,1.481928720620808
2012-11-29,0.8481211882874337,1.4627004603415696
2012-11-30,0.8331189255752524,1.473815804475111
2012-12-03,0.8299823538813625,1.5396985974641857
2012-12-04,0.8117781377781672,1.5062147390036924
2012-12-05,0.8294922208840634,1.5366126044273425
2012-12-06,0.8125760518083373,1.4997081117160223
2012-12-07,0.7965102248602988,1.4655349149150763
2012-12-10,0.7844326933949346,1.4323486780929027
2012-12-11,0.7725918660019366,1.4009331577830502
2012-12-12,0.7571593579069806,1.3784225929848355
2012-12-13,0.7420691556018177,1.3884896139138785
2012-12-14,0.7536689866821874,1.4891617611153438
2012-12-17,0.7395854937316264,1.4774173474407792
2012-12-18,0.7261687210832715,1.4419803085260054
2012-12-19,0.7859978684306983,1.4676577781023146
2012-12-20,0.7718518929517818,1.49125401483218
2012-12-21,0.8065733472732969,1.699926073918513
2012-12-24,0.7934117135062428,1.655675927682023
2012-12-26,0.777552556963877,1.613772043234538
2012-12-27,0.7617156327061099,1.5739018881812252
2012-12-28,0.7479480750108262,1.54586943569309
2012-12-31,0.7388856109975688,1.5115692126505893
2013-01-02,0.7525732300027477,1.4907128125605964
2013-01-03,0.7538935668193664,1.5188646745655292
2013-01-04,0.790083188326177,1.5930087960480166
2013-01-07,0.7815118148279397,1.5536543496062607
2013-01-08,0.7794026900059295,1.5157099853746039
2013-01-09,0.778999461034744,1.4874376339281676
2013-01-10,0.7630193386186104,1.4515562096596513
2013-01-11,0.7752191547977514,1.4579334439100384
2013-01-14,0.7709280371946112,1.4423929151717545
2013-01-15,0.757783280439018,1.476344202976085
2013-01-16,0.7553423314964562,1.4623855840319746
2013-01-17,0.7402774603708896,1.429127563361039
2013-01-18,0.7317462672233376,1.4058456366029555
2013-01-22,0.718800176879767,1.377380773377214
2013-01-23,0.7093679302513181,1.3664608178279176
2013-01-24,0.6995969680584819,1.3364077877679648
2013-01-25,0.7325600363139562,1.3685553934701513
2013-01-28,0.7272446694194654,1.3791115810680474
2013-01-29,0.7154904928236993,1.376012648329027
2013-01-30,0.708429560320948,1.3940563221410782
2013-01-31,0.7144383930447299,1.4379230281882063
2013-02-01,0.7155958936973171,1.4504901339954825
2013-02-04,0.7028843195953667,1.440074815697734
2013-02-05,0.6938834578105566,1.4074892282191904
2013-02-06,0.6815395109069331,1.375763918717684
2013-02-07,0.6719915031178991,1.3448067767577998
2013-02-08,0.6655573927996465,1.3411341355713238
2013-02-11,0.6557913405072506,1.311164848492223
2013-02-12,0.6987302431855954,1.32447874704415
2013-02-13,0.6864657656611982,1.2970535958035792
2013-02-14,0.6856653922214351,1.2928885872548421
2013-02-15,0.6816679748325609,1.2879702148782137
2013-02-19,0.7693076858526401,1.3574544355329625
2013-02-20,0.7565858234369185,1.3621790165210041
2013-02-21,0.9410825408520825,1.5124078431623649
2013-02-22,0.9343233034163954,1.4803196689766922
2013-02-25,0.9131719324595958,1.4471478948207974
2013-02-26,0.9132820511470775,1.4272946894963696
2013-02-27,0.9317386468185792,1.4224011503726863
2013-02-28,0.9419311806051651,1.427725754547073
2013-03-01,0.9490446830461576,1.4488896580339081
2013-03-04,0.9302163638526911,1.4161167584505328
2013-03-05,0.9083387983128958,1.3829997635809645
2013-03-06,0.8869985896041649,1.3573157060532155
2013-03-07,0.8749791949274516,1.3591665934662698
2013-03-08,0.859094482263656,1.3375346894322935
2013-03-11,0.8396841161946702,1.3103734365605324
2013-03-12,0.8218968009984408,1.281556295458358
2013-03-13,0.8223496902682718,1.2631252826194967
2013-03-14,0.8086526035739309,1.2548342604200422
2013-03-15,0.7913012401719671,1.2337525833030651
2013-03-18,0.7758490736369793,1.2081377156211357
2013-03-19,0.7852131489929078,1.1905675097460768
2013-03-20,0.7749966411323664,1.1669153058484494
2013-03-21,0.7666708311227447,1.1484751161690092
2013-03-22,0.7611901753092696,1.1690398599336362
2013-03-25,0.7533607792823259,1.2010144577447617
2013-03-26,0.7400046184078684,1.1794020282201236
2013-03-27,0.7300090862339326,1.158501960136029
2013-03-28,0.7215278349862108,1.1362675293990845
2013-04-01,0.7211424421185003,1.1452030340715518
2013-04-02,0.7080634217571182,1.1582887854870156
2013-04-03,0.7716491954707189,1.3075683188020821
2013-04-04,0.7989126556836363,1.2994270641242789
2013-04-05,0.7851557106847443,1.274063610330756
2013-04-08,0.8543519157211209,1.2977759218668632
2013-04-09,0.8412279421850825,1.2708677156929082
2013-04-10,0.8400782710584838,1.392566826216304
2013-04-11,0.9096348118016092,1.3937876687746207
2013-04-12,0.8891423005959943,1.3616373187016084
2013-04-15,1.3986147534486182,1.8462205863531056
2013-04-16,2.4920157639682654,3.636684493167339
2013-04-17,2.4292672230943966,3.577668503928031
2013-04-18,2.35552414464013,3.476305744396123
2013-04-19,2.2965763379029576,3.370459606333678
2013-04-22,2.2354396336224913,3.267913740844054
2013-04-23,2.204386427377052,3.17723739926222
2013-04-24,2.1449564602084643,3.1151165847557993
2013-04-25,2.094432492718946,3.0318455938755973
2013-04-26,2.098055198446183,3.1381867815242943
2013-04-29,2.0386874802157537,3.0683921543379005
2013-04-30,1.9897434300633363,3.0090356902963746
2013-05-01,1.9317019699600657,2.9196711035347827
2013-05-02,1.893602255476636,2.8963185646130256
2013-05-03,1.8417455542052932,2.8146228296090983
2013-05-06,1.7874904600311936,2.7447000711792904
2013-05-07,1.7349144689163793,2.66551226571748
2013-05-08,1.7086419581624825,2.588015806147481
2013-05-09,1.6910483756659442,2.512080318943335
2013-05-10,1.663540636146823,2.4497155677317135
2013-05-13,1.6274849851717863,2.3803309982707397
2013-05-14,1.5923200695161346,2.3164584654710216
2013-05-15,1.5499735413012452,2.265597578072597
2013-05-16,1.5972843798470215,2.3611054705642194
2013-05-17,1.5540661504981967,2.3021875483405423
2013-05-20,1.5967760748644777,2.3134194522272624
2013-05-21,1.695482114432345,2.43850647729823
2013-05-22,1.6900852711452097,2.469877740071599
2013-05-23,1.6490967169995685,2.400806594065196
2013-05-24,1.6631882197298242,2.365700721235456
2013-05-28,1.6215669300665954,2.315503154443777
2013-05-29,1.575382962282137,2.250542940834696
2013-05-30,1.546004737329612,2.195164466584748
2013-05-31,1.5328463817710505,2.152752748494823
2013-06-03,1.5614205686937757,2.17122021633101
2013-06-04,1.5762636253718134,2.18952382141398
2013-06-05,1.5462747475270586,2.1390693374605685
2013-06-06,1.502505218335922,2.0787875056331724
2013-06-07,1.468768400983506,2.0271950256812667
2013-06-10,1.5296187844643028,2.292637613934485
2013-06-11,1.4896618432083628,2.2522476291643394
2013-06-12,1.452282164608919,2.2053345614942574
2013-06-13,1.4207258909350065,2.14631353684083
2013-06-14,1.3836121827912833,2.0858767450880316
2013-06-17,1.3494905125598897,2.0530616875563834
2013-06-18,1.3170055686484587,2.011686962003865
2013-06-19,1.3116931040380813,1.9710619591253613
2013-06-20,1.3037426685244913,1.9424192971615517
2013-06-21,1.7817580823202015,2.701789587503297
2013-06-24,1.748813221644683,2.6721026614699483
2013-06-25,1.7102791474220027,2.643149041317459
2013-06-26,1.6626622310115204,2.5662309456830052
2013-06-27,1.8875860303717629,2.809096677474625
2013-06-28,1.8879461404858247,2.7254851124008357
2013-07-01,1.930043025143869,2.9817858235264265
2013-07-02,1.9102621283013654,2.8926964126534003
2013-07-03,1.8651593660116028,2.823279092618198
2013-07-05,1.8143270637118432,2.771995666782927
2013-07-08,1.8325767313502108,2.8761110048709835
2013-07-09,1.798361862366462,2.8033567216216273
2013-07-10,1.7574389093151823,2.726734974601378
2013-07-11,1.7068339452006833,2.648297514771538
2013-07-12,1.7636875032278099,2.8581867552220714
2013-07-15,1.712078116928493,2.793342756700853
2013-07-16,1.662036558846296,2.711678277565186
2013-07-17,1.6185028912757065,2.6321455336737496
2013-07-18,1.5983931084067742,2.6846084341624485
2013-07-19,1.5569916197444267,2.606402570378
2013-07-22,1.5248362360144747,2.537767271344992
2013-07-23,1.6222840493029045,2.690865095081926
2013-07-24,1.5822300311373667,2.6112949664127436
2013-07-25,1.5872157663916637,2.559413792310825
2013-07-26,1.5551418939411328,2.484659310550996
2013-07-29,1.5104940698058624,2.4217952739808664
2013-07-30,1.4684910690994872,2.3615494531939025
2013-07-31,1.4282846351215246,2.297232176372212
2013-08-01,1.3883166848106652,2.2355354364854074
2013-08-02,1.3714053877484362,2.1816465384629216
2013-08-05,1.3339407568336399,2.128032449791202
2013-08-06,1.3027174548807594,2.072389709231964
2013-08-07,1.3062342659021235,2.0265423282111077
2013-08-08,1.2704690460378163,1.9702554295520898
2013-08-09,1.3275271749572466,2.135162198406708
2013-08-12,1.2906996726147988,2.083921570760717
2013-08-13,1.316689222095233,2.259611111492302
2013-08-14,1.3043907477590941,2.197492787639816
2013-08-15,1.2869984908052796,2.1776962067516643
2013-08-16,1.3347004697925602,2.4094747677724553
2013-08-19,1.3060628981408426,2.3483731804890975
2013-08-20,1.274084774837527,2.2806610223402326
2013-08-21,1.2411732920549716,2.2208034879772933
2013-08-22,1.2094024021451801,2.158176975513463
2013-08-23,1.1831036808903066,2.1018069678264695
2013-08-26,1.2033421745472497,2.2368235856546312
2013-08-27,1.1742154346058227,2.195625548396384
2013-08-28,1.1623817755460202,2.1373583876819082
2013-08-29,1.1314988863593312,2.0830607458640764
2013-08-30,1.111084340216976,2.070389553741159
2013-09-03,1.102985979763293,2.053744099435649
2013-09-04,1.114467926482398,2.1538171543074434
2013-09-05,1.1256898998617422,2.210308885201228
2013-09-06,1.1747165064672758,2.1712497389791237
2013-09-09,1.1893521786606946,2.196898776273929
2013-09-10,1.1583144488142236,2.1385372937762788
2013-09-11,1.1882278379798978,2.205589495927523
2013-09-12,1.1564104039436855,2.149725641219548
2013-09-13,1.3304715243211829,2.476128162856666
2013-09-16,1.2937234357211789,2.436967978075501
2013-09-17,1.2824475537688729,2.4246835303294465
2013-09-18,1.2472129847948077,2.3544336217947244
2013-09-19,1.548627128308028,2.716281768946362
2013-09-20,1.5049302926616814,2.6382957457927225
2013-09-23,1.6066349669733468,2.872262330146289
2013-09-24,1.5620661363600818,2.7972411516480062
2013-09-25,1.5171830339687336,2.716955159496143
2013-09-26,1.4866625133329054,2.6385006807089413
2013-09-27,1.4556119121162503,2.5615531783464753
2013-09-30,1.4289510149940094,2.4868734521398257
2013-10-01,1.3959958838608066,2.4152123986736806
2013-10-02,1.5038434754699186,2.4097966186975945
2013-10-03,1.525925937645601,2.411006819562094
2013-10-04,1.4823017080428391,2.3411066206139846
2013-10-07,1.4451228663905078,2.273687122749092
2013-10-08,1.4174757134194844,2.306574669838598
2013-10-09,1.3783015099225848,2.240711447031026
2013-10-10,1.3601800819711538,2.2297532803396147
2013-10-11,1.364654235811665,2.179946406616395
2013-10-14,1.362542135451718,2.146824753171082
2013-10-15,1.3250255241077715,2.0863296137226466
2013-10-16,1.2983169151728282,2.0291241000340094
2013-10-17,1.2631229483476727,1.9738607578466592
2013-10-18,1.412443949646632,2.0181049843123158
2013-10-21,1.3767338242317129,1.963330782884435
2013-10-22,1.3383057618617669,1.93817656919479
2013-10-23,1.365125283638351,1.9504752285061255
2013-10-24,1.33226741134671,1.90118448512012
2013-10-25,1.3118296508717238,1.8540990155241754
2013-10-28,1.2789432281065445,1.8120979487377709
2013-10-29,1.2438920972679053,1.763908075542964
2013-10-30,1.21833166392435,1.7173009976050073
2013-10-31,1.185867240135183,1.6851213056865926
2013-11-01,1.2009553039262668,1.8481612007200918
2013-11-04,1.1775984690798795,1.7984894240303777
2013-11-05,1.146488153279182,1.7690498557482144
2013-11-06,1.1172122671760558,1.7231889695359763
2013-11-07,1.093468025624461,1.6819349954576184
2013-11-08,1.0819751620496283,1.6491759996200468
2013-11-11,1.1089863147176129,1.6144114343215872
2013-11-12,1.0829126088354235,1.5766003335393144
2013-11-13,1.0878851366288265,1.6853397069621106
2013-11-14,1.0619569794628811,1.6616850945062684
2013-11-15,1.0659597504603988,1.6502387258792366
2013-11-18,1.0385766680860824,1.608863653207951
2013-11-19,1.0463067316223393,1.615405662834449
2013-11-20,1.0196578881361789,1.5759082698965596
2013-11-21,1.1276559515756994,1.6376577808038357
2013-11-22,1.0986575716739868,1.600612449753081
2013-11-25,1.0700838701059419,1.5657543951285329
2013-11-26,1.0470829184983923,1.5364310592502888
2013-11-27,1.0280498604384964,1.5079488024951393
2013-11-29,1.0047060895196052,1.4856210673849717
2013-12-02,1.006197329160446,1.4903706683640165
2013-12-03,1.1491166217256816,1.7472830293395227
2013-12-04,1.1207727243062064,1.7019475940583124
2013-12-05,1.1545888885603457,1.8109824101349978
2013-12-06,1.1687202849624025,1.8038638073426043
2013-12-09,1.1383829026481405,1.758015545197715
2013-12-10,1.129612952730316,1.7692419975058735
2013-12-11,1.1669422677658092,1.8428842502507075
2013-12-12,1.1506220995775969,1.7979631020197016
2013-12-13,1.223346224211078,1.9692732692891697
2013-12-16,1.207496832952968,1.9231350174756583
2013-12-17,1.1761880124822717,1.900182042772059
2013-12-18,1.1624947620072341,1.8509614791457076
2013-12-19,1.1498096891458176,1.8020473697404367
2013-12-20,1.246666283992693,1.906400141712731
2013-12-23,1.2317326226736438,1.861933815949288
2013-12-24,1.2007619019061393,1.8161422843372408
2013-12-26,1.1726524407447394,1.7683129321854933
2013-12-27,1.147659728737366,1.7519025077577777
2013-12-30,1.1194040533987726,1.7333603902476278
2013-12-31,1.1423994576654184,1.7646057914208166
2014-01-02,1.1207920509770224,1.7265860589147746
2014-01-03,1.1491510603411352,1.8008666586734097
2014-01-06,1.1446034415432809,1.768220613259673
2014-01-07,1.1148776304992942,1.7214048854771447
2014-01-08,1.0938939693174365,1.7126540471221727
2014-01-09,1.0744184914364003,1.7081739802997151
2014-01-10,1.0484723087217718,1.6636749678819391
2014-01-13,1.0760546839853702,1.7519228412037293
2014-01-14,1.0573879009484723,1.7438026964958588
2014-01-15,1.0529524339692864,1.7259370476637523
2014-01-16,1.0271645334570216,1.6808492982980041
2014-01-17,1.0014268449894441,1.6383610861345081
2014-01-21,0.9988639618117394,1.608350838386391
2014-01-22,1.0022400409047547,1.6203855161027034
2014-01-23,0.9824723641497088,1.58826544169587
2014-01-24,1.0739548517615987,1.5741001530413734
2014-01-27,1.049999264477303,1.539344462489104
2014-01-28,1.053875895799085,1.5372661234656886
2014-01-29,1.0269520398914533,1.5000164210407452
2014-01-30,1.0391188376950662,1.4788552749705006
2014-01-31,1.1338876498408066,1.5872374922879966
2014-02-03,1.1054126585709387,1.54805600906637
2014-02-04,1.1001628526349951,1.5234424623437617
2014-02-05,1.0735448569817405,1.4965944710762005
2014-02-06,1.0471480956323458,1.5137438836663344
2014-02-07,1.0205494273774918,1.4819269846117247
2014-02-10,1.0090878432734132,1.451421697686444
2014-02-11,0.9929628952334238,1.4170549949161835
2014-02-12,1.0025385989470172,1.3976172936851652
2014-02-13,0.9775637596851767,1.365346051731566
2014-02-14,0.9718526256985607,1.3854876062613624
2014-02-18,0.9924362209454954,1.718773550458755
2014-02-19,0.9686412809024342,1.7591136042965185
2014-02-20,0.967219432805579,1.8017446130564487
2014-02-21,0.9719474640894251,1.8030653504783423
2014-02-24,0.9481380950675701,1.7552313663988905
2014-02-25,0.9570602309475005,1.7251017054033044
2014-02-26,0.9344170267344372,1.6890682958724312
2014-02-27,0.9333368903621371,1.7791398212812077
2014-02-28,0.9110590127146423,1.7325813846785125
2014-03-03,0.896022645982743,1.6916735077273422
2014-03-04,0.9910693564566153,1.676885165062532
2014-03-05,1.0080376494575378,1.6580106478183165
2014-03-06,0.9833577899397773,1.6153765226665602
2014-03-07,0.9839155240740909,1.6117570861031736
2014-03-10,0.9789023202851993,1.7061428103632874
2014-03-11,0.9547964052407273,1.6635706331027622
2014-03-12,0.9397532890137097,1.6211262467298158
2014-03-13,0.9730263873471776,1.6571467821714192
2014-03-14,0.951937454616298,1.6192927050610966
2014-03-17,0.9405391313120317,1.6063343489000141
2014-03-18,0.9525526165332484,1.600073934757713
2014-03-19,0.9468833637712664,1.6029253333702533
2014-03-20,1.026879638623736,1.5834010950794555
2014-03-21,1.0019680715461063,1.576443547282616
2014-03-24,0.9824477148649363,1.5369160501039143
2014-03-25,1.0431452853205379,1.5447301074914932
2014-03-26,1.017272175409566,1.5065021847327427
2014-03-27,1.0087272621589125,1.4896956310709202
2014-03-28,0.9953418709220546,1.453735579963419
2014-03-31,0.9706553370299823,1.4210679578623255
2014-04-01,0.9634566654510621,1.3878538025063074
2014-04-02,0.9410081321135753,1.3560659999978921
2014-04-03,0.933217035041113,1.3351277096928194
2014-04-04,0.9141629474478923,1.3146848847055768
2014-04-07,0.9402197731458668,1.291696026003762
2014-04-08,0.9259331858597054,1.2640921177540234
2014-04-09,0.9276761690406251,1.2434217934966751
2014-04-10,0.9062981688225734,1.2259599484242603
2014-04-11,0.8929866655622113,1.2168482737839525
2014-04-14,0.8724218767073284,1.1957760907807904
2014-04-15,0.8672418086319328,1.1721052700839754
2014-04-16,0.9489729157745008,1.218227034472352
2014-04-17,0.9260268302504723,1.193281417274786
2014-04-21,0.9159297105723845,1.16942040371472
2014-04-22,0.899540223479067,1.1757674108960867
2014-04-23,0.882966320178748,1.1538606007792642
2014-04-24,0.8626367485665849,1.1319691601631086
2014-04-25,0.8549072868464895,1.14781279012993
2014-04-28,0.8496315778554886,1.12627999798547
2014-04-29,0.8370980785132616,1.1108117574626566
2014-04-30,0.8186170343374914,1.0961709791584666
2014-05-01,0.8099370027395163,1.1404236493641466
2014-05-02,0.7966830466737149,1.1273848817140741
2014-05-05,0.8116986674945971,1.188077689034017
2014-05-06,0.8202399288570148,1.1797840922200333
2014-05-07,0.8038189153348373,1.1574971261995053
2014-05-08,0.8540929356585217,1.1708330644864704
2014-05-09,0.8348947292102553,1.159422412959895
2014-05-12,0.816645263512306,1.1372901429131772
2014-05-13,0.8126571430969309,1.2055408227510545
2014-05-14,0.7978917139148276,1.1811888218407134
2014-05-15,0.8099710083819475,1.1930933238939194
2014-05-16,0.8156462533210729,1.2125212599087554
2014-05-19,0.7997994129451641,1.1987030093330127
2014-05-20,0.7828798024804894,1.1749212026456217
2014-05-21,0.7667606463452855,1.1521877235574167
2014-05-22,0.753481798926315,1.1301863656778486
2014-05-23,0.7399188114903941,1.115080739234453
2014-05-27,0.7262484323686905,1.0980487425757504
2014-05-28,0.8670104244941932,1.142788766161827
2014-05-29,0.8565573410985957,1.1256362177603496
2014-05-30,0.8389316607663823,1.1051265740876335
2014-06-02,0.8264402645547051,1.1211325925631375
2014-06-03,0.8207858693987572,1.1030872860181067
2014-06-04,0.8047621641880875,1.0884302631949543
2014-06-05,0.789266710319604,1.070424721728938
2014-06-06,0.7902174684916267,1.0838598721466783
2014-06-09,0.7737554699718786,1.065270854023126
2014-06-10,0.757868836922548,1.0485421979834808
2014-06-11,0.7546872533264393,1.046950563137051
2014-06-12,0.7396061315064972,1.0297223896423005
2014-06-13,0.7590321287079709,1.0823165189431694
2014-06-16,0.7457715675338491,1.0823289608897497
2014-06-17,0.7384670119854388,1.066824105848599
2014-06-18,0.7247210646527611,1.0548257932127303
2014-06-19,0.7141617468061625,1.0463614523318585
2014-06-20,1.0423350444224948,1.470022084745899
2014-06-23,1.0192225176636813,1.4406638682114181
2014-06-24,0.9952856864984642,1.406712204424732
2014-06-25,0.9707331532675644,1.3743990386301117
2014-06-26,0.9469405023920988,1.349200887868333
2014-06-27,0.9254625066776231,1.320102300944797
2014-06-30,0.9035782576745558,1.2932600006977093
2014-07-01,0.9147982898242254,1.268677133414636
2014-07-02,0.8955145688788088,1.2423584227673385
2014-07-03,0.8746601373966408,1.2210140623150234
2014-07-07,0.8605156309435766,1.1959831915210395
2014-07-08,0.8415607214124037,1.179983358669005
2014-07-09,0.8228707780956603,1.1577242498004159
2014-07-10,0.8157778512063072,1.1376881924234414
2014-07-11,0.8070144095355407,1.1532594002801886
2014-07-14,0.790637495371838,1.1327112040748297
2014-07-15,0.9494212680529219,1.2357835931767713
2014-07-16,0.952233736662268,1.2368680274983557
2014-07-17,0.9322176091904261,1.2116981335385015
2014-07-18,0.9849429606411685,1.2679208309111363
2014-07-21,0.9766606745739825,1.2794957352578287
2014-07-22,0.9532189704297728,1.2555824070015107
2014-07-23,0.9368618080452052,1.229033672460902
2014-07-24,0.9147458681876031,1.2038068755051987
2014-07-25,0.9234868707815825,1.3185299424299533
2014-07-28,0.9373509730643468,1.3352112733782118
2014-07-29,0.915822361659308,1.3071311598587747
2014-07-30,0.8971437763311145,1.2788429240111012
2014-07-31,0.879129485583105,1.2513078736420093
2014-08-01,0.8996214157335043,1.2475146070695757
2014-08-04,0.8962064091598047,1.2233043602549114
2014-08-05,0.8785758308897527,1.2065836240358252
2014-08-06,0.8587886353278018,1.2561922459243944
2014-08-07,0.8992999061713013,1.2496265219137679
2014-08-08,0.8826249036261778,1.225398297392907
2014-08-11,0.8622750122638125,1.200435758427022
2014-08-12,0.8439787996310293,1.1773646563426383
2014-08-13,0.8251789062741065,1.156392019380319
2014-08-14,0.8078338325881158,1.1450361587049165
2014-08-15,0.7906637185140355,1.1258695225327138
2014-08-18,0.7892174206196986,1.1435666928854566
2014-08-19,0.778939436092345,1.1219965486569914
2014-08-20,0.7648291021679144,1.121172932804733
2014-08-21,0.7544933568700105,1.1008519797359368
2014-08-22,0.7806643022028649,1.08170132482401
2014-08-25,0.7662953105095773,1.0628509862426916
2014-08-26,0.7557910453899875,1.0507636633004365
2014-08-27,0.7484955534469709,1.0341251174018231
2014-08-28,0.733747223424463,1.0182830602324933
2014-08-29,0.7295532491169564,1.0076419460366521
2014-09-02,0.7161884199718411,0.9929209305928672
2014-09-03,0.8150045088619144,1.048421030467276
2014-09-04,0.8022960597647375,1.0314907719906743
2014-09-05,0.7957582599994729,1.024370385716995
2014-09-08,0.785799597047412,1.0165368590648256
2014-09-09,0.8098926446652345,1.0210381009666911
2014-09-10,0.7927900055801201,1.0072223503793336
2014-09-11,0.7851919946571203,0.9957594965767007
2014-09-12,0.7840674984645383,1.0452100273831073
2014-09-15,0.796547178971475,1.0319475169352452
2014-09-16,0.7810139054047789,1.0162730290924036
2014-09-17,0.7654782811134735,1.00135808422328
2014-09-18,0.7911308115556616,1.013750751220619
2014-09-19,0.7756360999092091,0.9981043760406916
2014-09-22,0.772037752374852,1.2527138156021451
2014-09-23,0.7579321873718459,1.2352385100626473
2014-09-24,0.7559160418581877,1.2096135847973093
2014-09-25,0.7490126406524106,1.1899556288883817
2014-09-26,0.7367339345273143,1.1867729552718709
2014-09-29,0.7256445273205911,1.1674424363279978
2014-09-30,0.7118936494125006,1.1565485967476454
2014-10-01,0.7176368245395451,1.2864153052487217
2014-10-02,0.711889637595201,1.2725092343278899
2014-10-03,0.6987452421885327,1.2490679023855975
2014-10-06,0.8055112911682268,1.2916557049311341
2014-10-07,0.8348228228115692,1.4398965984173508
2014-10-08,0.8185955481907528,1.4157531535856556
2014-10-09,0.8281336119963225,1.411659509585129
2014-10-10,0.810475756341769,1.3811026149478423
2014-10-13,0.7931723119545556,1.3496668302467496
2014-10-14,0.7957704582929331,1.3254375842840842
2014-10-15,0.7790045669171175,1.2977370369129742
2014-10-16,0.7662744716451889,1.270177562282791
2014-10-17,0.7517303233855384,1.244183077490671
2014-10-20,0.7383517293088705,1.2245007798979932
2014-10-21,0.7392346795173241,1.218120139843674
2014-10-22,0.7257718420571704,1.1986141899670764
2014-10-23,0.72430917231274,1.2731806389909341
2014-10-24,0.7285076562976587,1.2472826239663493
2014-10-27,0.7155140778963079,1.2210879885931059
2014-10-28,0.7046986469710342,1.2012376474428594
2014-10-29,0.6918055885226775,1.18143208266627
2014-10-30,0.7559407340074155,1.1683973976941884
2014-10-31,0.7797509251803619,1.4052801637684653
2014-11-03,0.9171841289534944,1.453115311529951
2014-11-04,0.9018727768309934,1.4187131205149472
2014-11-05,0.8808095451161291,1.397109093555752
2014-11-06,0.995688672712955,1.7478046491316508
2014-11-07,0.9710418350033351,1.7210123693579706
2014-11-10,1.1345810429915684,1.7330624794277723
2014-11-11,1.2183742195296512,1.7104973909607364
2014-11-12,1.2272412257933423,1.692461383226504
2014-11-13,1.1993945725230268,1.6530291748789794
2014-11-14,1.1675078510774053,1.6131656685634723
2014-11-17,1.2656357151915367,1.87093909082549
2014-11-18,1.2341158587830243,1.8306013916277495
2014-11-19,1.2160957730116966,1.7831587217623381
2014-11-20,1.215004455384756,1.7388792678534002
2014-11-21,1.2042884723484715,1.7030509225166273
2014-11-24,1.1760941050952904,1.6831754150563816
2014-11-25,1.1462064244848311,1.6396072580029812
2014-11-26,1.116920491217961,1.6251234818544555
2014-11-28,1.0886889695915427,1.5917697009318046
2014-12-01,1.224952198738337,2.2200384314130974
2014-12-02,1.4827710855330616,2.6037522524962595
2014-12-03,1.4687056338002378,2.5275317571020026
2014-12-04,1.4451724449584042,2.453740706197841
2014-12-05,1.4072642067361736,2.383151274742216
2014-12-08,1.3980445464553541,2.326333547364105
2014-12-09,1.3836868573411691,2.2644948527311564
2014-12-10,1.4222801007001795,2.3750994250731163
2014-12-11,1.3829880735910771,2.30763477971912
2014-12-12,1.3453917797967718,2.2420311805425635
2014-12-15,1.3092339152253558,2.1784427351441784
2014-12-16,1.405388134376966,2.445029668035106
2014-12-17,1.3699613601565397,2.4478123684777366
2014-12-18,1.3388703628391243,2.3768621512955463
2014-12-19,1.3126331741906905,2.3199839021809323
2014-12-22,1.2787893831433472,2.2636425995535348
2014-12-23,1.3216966773525953,2.2834518712634457
2014-12-24,1.2855120052433504,2.2194686837582767
2014-12-26,1.2501615798887022,2.1577749562637516
2014-12-29,1.2820842228473475,2.1351370437894728
2014-12-30,1.2687476150943335,2.107251988788879
2014-12-31,1.2696486994880118,2.1711565797464787
2015-01-02,1.2770640623208078,2.254208619207838
2015-01-05,1.2456546326203002,2.191261127747336
2015-01-06,1.2571614553708559,2.211984690008325
2015-01-07,1.2486388215472,2.2056360072996704
2015-01-08,1.2224607752419465,2.1431841329290053
2015-01-09,1.1935584811336195,2.1057678377579276
2015-01-12,1.1885824030148506,2.0560277089132515
2015-01-13,1.1824858451369695,2.004329542915011
2015-01-14,1.153672042634924,2.04353648787256
2015-01-15,1.1237969426415646,1.9998371349726596
2015-01-16,1.2289849794090593,1.9447639711338252
2015-01-20,1.230297133827087,2.206485507995246
2015-01-21,1.235019790787769,2.16726832850653
2015-01-22,1.201466162710409,2.1219480739623866
2015-01-23,1.1824979005328293,2.0875370738412617
2015-01-26,1.1658047151219582,2.03331001761226
2015-01-27,1.1582016324179023,2.04214214133433
2015-01-28,1.155693949181139,2.0041685026000047
2015-01-29,1.1399132171872868,1.9532636625414594
2015-01-30,1.2166263081852493,2.3514695297045165
2015-02-02,1.2831372049560887,2.324057665636758
2015-02-03,1.2629261929250644,2.2592950897870674
2015-02-04,1.2555173578075662,2.1977643683364128
2015-02-05,1.224894145963037,2.138464055882238
2015-02-06,1.1922080277594844,2.079292264353377
2015-02-09,1.3055562282412336,2.1697244611393653
2015-02-10,1.2731702554450879,2.15026914146022
2015-02-11,1.245925579733369,2.0977628631753147
2015-02-12,1.2425714556930767,2.045012390109605
2015-02-13,1.2096929601079918,1.990778713150218
2015-02-17,1.183040392877169,2.015675003104208
2015-02-18,1.2144303276770259,2.212590155151083
2015-02-19,1.1831361151314679,2.1528227392207966
2015-02-20,1.1544010637687274,2.093265148652879
2015-02-23,1.1317023194276203,2.0484694440449998
2015-02-24,1.102168521876268,1.9961394868323517
2015-02-25,1.074100906560528,1.943689034302122
2015-02-26,1.049611203749503,1.933442049828876
2015-02-27,1.0250842702452392,1.8806063578425727
2015-03-02,0.9993077778503591,1.8302191304598316
2015-03-03,0.9793687668747123,1.8079315793704835
2015-03-04,0.9563306301094614,1.7635883848093354
2015-03-05,0.9361170583167411,1.7221470159444794
2015-03-06,0.9140312219792381,1.678226492847362
2015-03-09,1.0936972118878843,1.714635135301764
2015-03-10,1.0654249467647041,1.6754603712459226
2015-03-11,1.0445228458439209,1.6367240426420673
2015-03-12,1.027676587319153,1.6193841105111277
2015-03-13,1.0017715977958221,1.5834018621237638
2015-03-16,0.9772008825089493,1.5438822067154103
2015-03-17,0.9533408627094921,1.5124322535674486
2015-03-18,0.938918574884532,1.4819460848707848
2015-03-19,1.0146781729901906,1.613381272322937
2015-03-20,0.9894218213754128,1.5773081404806817
2015-03-23,0.9974318602016228,1.7511853030907343
2015-03-24,0.982482938355916,1.76033651863913
2015-03-25,0.9595963188983228,1.7140215158549774
2015-03-26,0.9366241831946236,1.6701627832077053
2015-03-27,0.9253158999793268,1.6294517561750093
2015-03-30,0.9074636647606201,1.591916446729135
2015-03-31,0.9246457690999035,1.5902313874380882
2015-04-01,0.9029116117567145,1.5518114338824776
2015-04-02,0.9599089379024369,1.5758486646847072
2015-04-06,0.9389430676832566,1.566005840049573
2015-04-07,0.9556833548924343,1.5699877067302128
2015-04-08,0.9398309178944899,1.5402882680752392
2015-04-09,0.9263624672495265,1.5822393763063314
2015-04-10,0.9186960777436303,1.6060186009381432
2015-04-13,0.9314382012324283,1.6137079212358987
2015-04-14,0.9244291583549501,1.5928190184114384
2015-04-15,0.913641643783451,1.558393052408124
2015-04-16,0.9122622848427925,1.5305350208380568
2015-04-17,0.8946084831897053,1.4953901430761445
2015-04-20,0.8803879545784061,1.4590876032081477
2015-04-21,0.8782915312626948,1.4815880080939667
2015-04-22,0.8672639808409173,1.4465744096513764
2015-04-23,0.9028322338260604,1.4483181456957404
2015-04-24,0.8961376102056795,1.4225039058745892
2015-04-27,0.9336795603851276,1.4080192393740303
2015-04-28,1.0156559250918058,1.6537114305806615
2015-04-29,1.0084716092749433,1.6416411470342938
2015-04-30,0.9969590727550245,1.6019530625466571
2015-05-01,1.0545052540929478,1.6617294132552738
2015-05-04,1.0308454074355857,1.6201465555263264
2015-05-05,1.0243249461708634,1.6168959055097114
2015-05-06,1.000237365311688,1.584516967475387
2015-05-07,0.9754508618012023,1.5457375156928201
2015-05-08,0.9705733543552377,1.528338306753467
2015-05-11,0.9526188947193589,1.5101176340462739
2015-05-12,0.9340764774177363,1.499996684228326
2015-05-13,0.9309831618298422,1.507311165955913
2015-05-14,0.9920651317254884,1.6692316632160096
2015-05-15,0.9746021035789544,1.6816877302721855
2015-05-18,0.952756571755491,1.6443213780384773
2015-05-19,0.9296743749625745,1.614294212377967
2015-05-20,0.9626241446413398,1.7290137522357178
2015-05-21,0.9397096345598911,1.683709959342914
2015-05-22,0.9206588545990851,1.6403608427809653
2015-05-26,0.8990744383728372,1.599884559926687
2015-05-27,0.9410228986088371,1.6263907345049808
2015-05-28,0.9184120002871264,1.5872627123611343
2015-05-29,0.8969010518926334,1.5474066604299104
2015-06-01,0.8760558284084975,1.509334647354136
2015-06-02,0.8563089913228435,1.4725210055092415
2015-06-03,0.8415086224867332,1.4408637845965502
2015-06-04,0.8396796199366742,1.449761920644198
2015-06-05,0.8373976545862184,1.5085260117487376
2015-06-08,0.8284003737289949,1.4777946456596665
2015-06-09,0.8126154193697124,1.4459341393212002
2015-06-10,0.7964217526692267,1.4122203363538388
2015-06-11,0.8018623182238683,1.3800197939238645
2015-06-12,0.7922291568944181,1.3483998346619221
2015-06-15,0.7756296691402506,1.3234690429695122
2015-06-16,0.7656365339241405,1.3146484746742277
2015-06-17,0.7550391608330678,1.2912018308266284
2015-06-18,0.7468574238881069,1.278933771775065
2015-06-19,0.7861802939886019,1.2515128190032212
2015-06-22,0.7710083956540912,1.2265380403720614
2015-06-23,0.8118495957187584,1.206110918613308
2015-06-24,0.8092671318671936,1.2967287163981915
2015-06-25,0.7945333997610797,1.270926550285505
2015-06-26,0.7785392301617944,1.244057069262825
2015-06-29,0.762700431381154,1.2213803165164487
2015-06-30,0.7536879485255362,1.2025408364100991
2015-07-01,0.7527961943772138,1.1782758650194376
2015-07-02,0.742479836097719,1.1725386415099543
2015-07-06,0.7295723346758187,1.152417027681096
2015-07-07,0.7177930994666475,1.1322137570174113
2015-07-08,0.7539517951644079,1.4241766740051216
2015-07-09,0.7415863278292599,1.39158450917727
2015-07-10,0.7288292338707848,1.442912569336096
2015-07-13,0.715205126844773,1.421673399643425
2015-07-14,0.7098520604736898,1.3924841387950881
2015-07-15,0.6989346326413495,1.3732711341366757
2015-07-16,0.6973162719842174,1.405043585471918
2015-07-17,0.6902394427504723,1.378276283833684
2015-07-20,0.7175362870469794,1.360638466575295
2015-07-21,0.943900881546572,1.3623490770021174
2015-07-22,0.9242153096911173,1.3399781960388468
2015-07-23,0.9111759562644822,1.309890551430936
2015-07-24,0.8960272252271196,1.3017592718085174
2015-07-27,0.9014550396747735,1.273757286523003
2015-07-28,0.8872186300953372,1.257411293779499
2015-07-29,0.8672063696802421,1.242474285458006
2015-07-30,0.8479292948334629,1.2359749281115515
2015-07-31,0.8525964703715831,1.2141870087660267
2015-08-03,0.844904398123036,1.189502962379716
2015-08-04,0.8464241286748461,1.2173139389288332
2015-08-05,0.8285533472738962,1.1955424126810734
2015-08-06,0.8150584835340583,1.1727623769502284
2015-08-07,0.8031664641505266,1.151886991555577
2015-08-10,0.7877586471602029,1.1478508083825867
2015-08-11,0.8037822949202001,1.3291878689925631
2015-08-12,0.7944407611279511,1.3097165627515461
2015-08-13,0.83769419540206,1.3130341264661594
2015-08-14,0.841468371103655,1.2956141845519895
2015-08-17,0.8227959067659785,1.2926533003881544
2015-08-18,0.8067321355005278,1.2712771306976995
2015-08-19,0.7895063980277888,1.410467309035894
2015-08-20,0.8285617674875883,1.491729680475876
2015-08-21,0.8980680895903357,1.4942021735033193
2015-08-24,0.8877088434503012,1.4825410117780409
2015-08-25,0.8764317674359151,1.6442666219694961
2015-08-26,0.9032254006622412,1.6187595055801016
2015-08-27,0.9369864929800259,1.738376794420707
2015-08-28,0.9145308354998614,1.742493031060144
2015-08-31,0.9147903743525287,1.7090062079355124
2015-09-01,0.8934025020868891,1.6687175862946553
2015-09-02,0.8758060287336585,1.627708119386563
2015-09-03,0.8648337529601677,1.5920554936507154
2015-09-04,0.8616997797000558,1.5519242958044825
2015-09-08,0.845801069579204,1.5224005146775839
2015-09-09,0.8269288613618684,1.5226848198098408
2015-09-10,0.8624985186034511,1.518421745162246
2015-09-11,0.8443690545984256,1.4847288434510544
2015-09-14,0.8271494665129637,1.4502491920172274
2015-09-15,0.8090786671120046,1.4409121799405646
2015-09-16,0.7950526380865012,1.407080508617156
2015-09-17,0.8324866092165056,1.5686854142724036
2015-09-18,0.8451698975237335,1.5646011351806133
2015-09-21,0.8421113563828649,1.527805651670337
2015-09-22,0.8362430143365958,1.4905711319711896
2015-09-23,0.8331823092977583,1.5626266177695904
2015-09-24,0.8193329844590869,1.5239503655090576
2015-09-25,0.9273316401304591,1.5720288958936142
2015-09-28,0.9166642332171452,1.5333818323575235
2015-09-29,0.9418065055424794,1.6772973495214907
2015-09-30,0.9241936802585976,1.6347480136853827
2015-10-01,0.9338019173716469,1.6016400354939586
2015-10-02,0.9119959058462078,1.562030927778723
2015-10-05,1.0072624969477988,1.863752470632817
2015-10-06,0.9833574737300501,1.893224223657961
2015-10-07,0.9843696279540622,1.8635500598153751
2015-10-08,0.9607822984829488,1.8451888204406637
2015-10-09,0.9450805303498859,1.854170850466886
2015-10-12,0.987246918730811,1.8157392016849312
2015-10-13,0.966598315124236,1.7672421079229927
2015-10-14,0.9490525095764437,1.7211478857741067
2015-10-15,1.0038955306278614,1.7234028608104943
2015-10-16,0.9848041161158373,1.6788308509388028
2015-10-19,0.9745613919826307,1.6437943838698952
2015-10-20,0.9557982467898871,1.6226896656466834
2015-10-21,0.9428584353236359,1.5863900657004757
2015-10-22,0.9430232274762297,1.576998824279592
2015-10-23,0.9203817051909927,1.5490424147830033
2015-10-26,0.8995671336372882,1.5106812202518154
2015-10-27,0.8787395039304777,1.4737795436085839
2015-10-28,0.8597933538983589,1.438657576996796
2015-10-29,0.8611088136945522,1.4191229547878401
2015-10-30,0.8705214272006095,1.5059313325614163
2015-11-02,0.8555470818659728,1.4744063343208322
2015-11-03,0.8500190894367256,1.4442969629933502
2015-11-04,0.8990471554486156,1.427342787831404
2015-11-05,0.9050731803527442,1.4303771915033847
2015-11-06,0.8870196434152527,1.4025263199193487
2015-11-09,0.9298825174466888,1.4167873282693872
2015-11-10,0.9097032529167278,1.4193156235936366
2015-11-11,0.8898139348195787,1.4030980519415184
2015-11-12,0.8729162892737257,1.3854294159816791
2015-11-13,0.8529498794083253,1.3534779067167346
2015-11-16,0.8365414761126821,1.325497060919046
2015-11-17,0.818536335862417,1.2961523916098199
2015-11-18,0.8572485114249798,1.270684175520119
2015-11-19,0.8380548468821242,1.2444913416895584
2015-11-20,0.8551597330169255,1.2309168621837407
2015-11-23,0.8428011267355157,1.2228052622700183
2015-11-24,0.8451656160701906,1.2006657469788056
2015-11-25,0.8390951924336398,1.181295083922892
2015-11-27,0.8278895383775504,1.1581215371644262
2015-11-30,0.8547933548135553,1.1403963872273537
2015-12-01,0.8480687547882841,1.119352702872268
2015-12-02,0.832536448505064,1.1057516511278733
2015-12-03,0.8901313528047694,1.1124828646092857
2015-12-04,0.9007545216878134,1.1038054888516875
2015-12-07,1.0087630635765323,1.2935761564018906
2015-12-08,1.028449578012985,1.3347312504513025
2015-12-09,1.0030059035522538,1.3183442014663276
2015-12-10,0.9791830779407625,1.289564373976077
2015-12-11,0.9553723794032937,1.263381510415611
2015-12-14,0.9397423780391528,1.2637322242331854
2015-12-15,0.9639158550295579,1.3078229420042855
2015-12-16,0.9426018258439297,1.2823569132822625
2015-12-17,0.9583287336444927,1.4234825672210152
2015-12-18,1.0634036385528822,1.5662511195703186
2015-12-21,1.090603983849013,1.6487646545762589
2015-12-22,1.0892770613297396,1.6306648627828235
2015-12-23,1.0681767770689123,1.5890492402147283
2015-12-24,1.0431077887657871,1.5499687010699554
2015-12-28,1.0289292770382115,1.5164148456652844
2015-12-29,1.01837384922352,1.6337061749378958
2015-12-30,0.9929643556916611,1.5923186625852102
2015-12-31,0.984572840932811,1.555667284365114
2016-01-04,0.9602571887014543,1.517312740991912
2016-01-05,0.9877585474732775,1.4800911988057555
2016-01-06,0.9651406377324626,1.4601892201385127
2016-01-07,0.9946843432092058,1.4280698249592874
2016-01-08,1.019528075442077,1.4665170741482059
2016-01-11,0.9994117644557342,1.5353422998204203
2016-01-12,0.9962711573302985,1.5038861822627103
2016-01-13,0.9788171511131525,1.4697537274764092
2016-01-14,0.9606096736821571,1.5417731803722647
2016-01-15,1.0096638933534094,1.5927478427765567
2016-01-19,1.0103809297191044,1.5552464025661343
2016-01-20,0.9854221804287994,1.531534030605986
2016-01-21,1.005828018471196,1.5087065397594945
2016-01-22,0.9809260056444116,1.4721848279774028
2016-01-25,0.9630428122545588,1.44332748004666
2016-01-26,0.9667273991702395,1.4518969281712728
2016-01-27,0.9763767519720417,1.476233931893843
2016-01-28,0.9557154895137939,1.4407087307170334
2016-01-29,0.964886496439238,1.4648123203617835
2016-02-01,0.9449390116937704,1.4301350358602292
2016-02-02,0.9498185871350813,1.4033559923911145
2016-02-03,0.9268367923162368,1.373235493060655
2016-02-04,0.935433017801885,1.4553812172234064
2016-02-05,0.951505195253016,1.4677962766227064
2016-02-08,0.9928277026115091,1.4599992067978933
2016-02-09,1.0131346399737242,1.482177614680249
2016-02-10,0.9892133425417088,1.4518913550168584
2016-02-11,0.9796791681502156,1.418827842218121
2016-02-12,1.305230879023146,1.5254822988781052
2016-02-16,1.27667843558133,1.4893496236414911
2016-02-17,1.426805322659311,1.6405563242519317
2016-02-18,1.3931014448076673,1.5993609520948493
2016-02-19,1.4579777137298806,1.5987223100471766
2016-02-22,1.4235902053324299,1.5697944722722252
2016-02-23,1.4432048953373473,1.5671376426893657
2016-02-24,1.4412746915637265,1.5385668874663774
2016-02-25,1.4022635891993322,1.5008142313547856
2016-02-26,1.3639336007283067,1.4748095885082364
2016-02-29,1.3355290079046058,1.5757431647683424
2016-03-01,1.3303906300011765,1.5655243001710204
2016-03-02,1.3047535671251393,1.5271568813918952
2016-03-03,1.2800781052010373,1.4955803526398275
2016-03-04,1.3027846756720791,1.5157442839437754
2016-03-07,1.2674578697281937,1.5368098318560737
2016-03-08,1.2374846334254084,1.5154066990458588
2016-03-09,1.2088122495274094,1.5431712058753122
2016-03-10,1.1919729846556668,1.5116874147257207
2016-03-11,1.2136022138888471,1.5464707479113668
2016-03-14,1.2460592725263526,1.5162238186954398
2016-03-15,1.2483963684349773,1.495616141730546
2016-03-16,1.2144328398132134,1.4605769757429334
2016-03-17,1.281359207126577,1.520431492085237
2016-03-18,1.2494801578544068,1.5513708775731616
2016-03-21,1.2172442174770106,1.5259635270160037
2016-03-22,1.1956274478716917,1.4892044798525763
2016-03-23,1.1651491877302274,1.456217515410935
2016-03-24,1.2491154865260081,1.7173802304757484
2016-03-28,1.216486764894404,1.6773270529829651
2016-03-29,1.1845756995085566,1.6347224189408638
2016-03-30,1.2241901990463704,1.6092057926471255
2016-03-31,1.2342149744664852,1.5781748131451787
2016-04-01,1.2048396810975377,1.5690491118502592
2016-04-04,1.1809015291252762,1.6248416231098588
2016-04-05,1.1598605120369976,1.599778424624573
2016-04-06,1.165293254278321,1.60098949208741
2016-04-07,1.143307729986174,1.5657828554581714
2016-04-08,1.1573658835288785,1.543900306932038
2016-04-11,1.127281401686192,1.5227780486554339
2016-04-12,1.1378592955534053,1.6976016152266533
2016-04-13,1.1078155890678243,1.7051556820019707
2016-04-14,1.1069028750738383,1.661393129512339
2016-04-15,1.125522648760243,1.625564686094569
2016-04-18,1.106405565956391,1.594899363968626
2016-04-19,1.0782228924133996,1.5557622909558186
2016-04-20,1.1062825869653248,1.8412882826526829
2016-04-21,1.0841035094200657,1.7920296954869794
2016-04-22,1.059152876573414,1.747401822896033
2016-04-25,1.0738577156958422,1.7042636852180848
2016-04-26,1.0479407196511035,1.6604771963582179
2016-04-27,1.0247964127956493,1.6272214707502715
2016-04-28,1.000771092115295,1.5911689232817525
2016-04-29,1.0624611243071418,1.6470703827282223
2016-05-02,1.1219511380110738,1.631542632777531
2016-05-03,1.095395975389249,1.6585685258678335
2016-05-04,1.0683801456101765,1.6187797792302503
2016-05-05,1.0506968009970106,1.5815459760640584
2016-05-06,1.0243241546355644,1.5421224633299158
2016-05-09,1.018492152079669,1.51373286723592
2016-05-10,1.1006758436863202,1.6465729733191214
2016-05-11,1.0735383572473762,1.62129564575464
2016-05-12,1.0663988259815775,1.6304103682479887
2016-05-13,1.0550517684962382,1.661030485187514
2016-05-16,1.0327524608637122,1.620685832212543
2016-05-17,1.0066764190457682,1.580579043010233
2016-05-18,0.9842678172975338,1.5464602259320772
2016-05-19,1.0404359469837976,1.6199037124480606
2016-05-20,1.0151262544227175,1.6520275648772684
2016-05-23,0.9902476877040625,1.6099133266484456
2016-05-24,0.9681613851754463,1.5760425950283043
2016-05-25,1.026119257320756,1.5575544557384031
2016-05-26,1.0024170957380643,1.5237730875778077
2016-05-27,0.9808534945024298,1.487055061548494
2016-05-31,0.9757348602909505,1.4661828934298735
2016-06-01,0.9552481630297394,1.4630611497717498
2016-06-02,0.9324649712265111,1.4282728469484254
2016-06-03,0.9119502787259629,1.3968405540381998
2016-06-06,1.0829419272267116,1.4887677085176079
2016-06-07,1.0549225325164768,1.4566114557625678
2016-06-08,1.0282088868370554,1.4266663059095186
2016-06-09,1.0548557587168779,1.6595108169525812
2016-06-10,1.035001243512427,1.6597997130639859
2016-06-13,1.0125130551217445,1.6173597526693602
2016-06-14,1.0004291817616804,1.581589215005035
2016-06-15,0.975695819042197,1.5428247739162098
2016-06-16,0.965575669073981,1.5197321870217841
2016-06-17,0.9730798325193298,1.5770606876040951
2016-06-20,0.990959034790875,1.5926748484079247
2016-06-21,0.9765088861779253,1.554218644435428
2016-06-22,1.0512718415281672,1.5627997544671457
2016-06-23,1.0244487693007593,1.5249553688611184
2016-06-24,1.0102769631603215,1.4909202956769234
2016-06-27,1.4626359972850618,1.5603671789174125
2016-06-28,1.4259530836850622,1.521678322579996
2016-06-29,1.407910020971473,1.4854044509096407
2016-06-30,1.371185949761631,1.5811182136170299
2016-07-01,1.3372553143746295,1.6746810745698641
2016-07-05,1.3440065067862534,1.9847165102226163
2016-07-06,1.3192085438012604,1.953216307607972
2016-07-07,1.289067935957912,1.9054952053778036
2016-07-08,1.2568106770667642,1.9151951470667745
2016-07-11,1.2295321056441753,1.9675458342515602
2016-07-12,1.216084430234357,1.9159816001161376
2016-07-13,1.243630912033055,1.8810029599761808
2016-07-14,1.226732421937652,1.8666238259866734
2016-07-15,1.2069823146602208,1.8238987277942527
2016-07-18,1.1780210656820747,1.7869180297587193
2016-07-19,1.1469446159600971,1.7396087600019012
2016-07-20,1.1168696804591083,1.7080869228265614
2016-07-21,1.1369125667700772,1.7774512700120493
2016-07-22,1.157479979313693,1.8251439900215458
2016-07-25,1.1401230079600373,1.7951731918156841
2016-07-26,1.1218895537832025,1.7548238839845351
2016-07-27,1.0962277315082525,1.715386796918127
2016-07-28,1.1261425376754406,1.8872752863101414
2016-07-29,1.0987627961282433,1.8461086663266613
2016-08-01,1.0943521327019998,1.8046604102696835
2016-08-02,1.0665736511179318,1.7592692564076282
2016-08-03,1.0544793756770472,1.7251873404078648
2016-08-04,1.033666600034615,1.7003908713880718
2016-08-05,1.008054976534137,1.6564749422826661
2016-08-08,1.0661633506761596,1.7954627221372526
2016-08-09,1.0390390380206975,1.7480816590021502
2016-08-10,1.016460953450402,1.7099295287321943
2016-08-11,0.9961247668079226,1.7037442934794975
2016-08-12,0.9847687786277312,1.6771934084843798
2016-08-15,0.9618652302616685,1.6605222499782755
2016-08-16,0.9413045143680758,1.6237744735287658
2016-08-17,0.9248617555402524,1.5824551510181974
2016-08-18,0.902842347065193,1.5523647496073794
2016-08-19,0.8876803327201042,1.5181238007265458
2016-08-22,0.8911556248021603,1.5724197480338502
2016-08-23,0.8712969964168316,1.6090640928860418
2016-08-24,0.8514327162909989,1.5690772325092335
2016-08-25,0.87136822203794,1.5830408869635122
2016-08-26,0.8518069098238207,1.5433337994511802
2016-08-29,0.8335014521830763,1.5099944609452731
2016-08-30,0.8161334543541556,1.4923554554909055
2016-08-31,0.8319456778306229,1.4869456022372738
2016-09-01,0.8151586819171035,1.4525316182755306
2016-09-02,0.8023859296676986,1.4475424462763677
2016-09-06,0.8171905108392793,1.5541422576268493
2016-09-07,0.8834058708337772,1.697861561063457
2016-09-08,0.866915571778159,1.6868246016172073
2016-09-09,0.8563569579994632,1.6550240878296545
2016-09-12,0.8511438561168003,1.7383019470614345
2016-09-13,0.8327100012658306,1.6944814978369394
2016-09-14,0.8290639321213613,1.6792536748850808
2016-09-15,0.8141498374550518,1.6401501111324053
2016-09-16,0.8106574243738173,1.5984181682670757
2016-09-19,0.7955309063105526,1.5753796185090763
2016-09-20,0.7798918819184446,1.598916934569873
2016-09-21,0.763935429129412,1.5612433077598113
2016-09-22,0.815588703763168,1.690554097542427
2016-09-23,0.7994507211029437,1.6479108910255598
2016-09-26,0.7825411838908034,1.6285960979562502
2016-09-27,0.766599123499891,1.6229413789315803
2016-09-28,0.7700941298660454,1.6108874608090586
2016-09-29,0.7581928772643152,1.5709479148865104
2016-09-30,0.7436242941579815,1.5368909390590608
2016-10-03,0.7336052679346686,1.5035714001804992
2016-10-04,0.722122345430173,1.5277987412589666
2016-10-05,1.072791547204236,1.946011919311114
2016-10-06,1.045911686891146,1.8966228882096328
2016-10-07,1.0418396245608237,1.9327842807244626
2016-10-11,1.015403538765479,1.893831909279049
2016-10-12,0.9907313439784168,1.8431728025678158
2016-10-13,0.9666863335681177,1.798225471413053
2016-10-14,0.944393144411014,1.7511320617678112
2016-10-17,0.9309282367022307,1.7063330807040304
2016-10-18,0.9104137075452848,1.66191947106032
2016-10-19,0.8992076586535963,1.6331281775026203
2016-10-20,0.8870686105978067,1.5945642167810792
2016-10-21,0.8696760506699336,1.5682396683391269
2016-10-24,0.8499309207583131,1.529114858755305
2016-10-25,0.8327179087536519,1.4931887664575785
2016-10-26,0.831144321819013,1.4743103936666828
2016-10-27,0.8234718892948384,1.4536700342585744
2016-10-28,0.8063505409509903,1.4192875534724119
2016-10-31,0.7956771199204714,1.399980140466708
2016-11-01,0.781377353175234,1.374662366081634
2016-11-02,0.7782321133456559,1.4721258904234027
2016-11-03,0.779407549521717,1.4510098040736543
2016-11-04,0.7720873222293638,1.4285245526653978
2016-11-07,0.756359988076242,1.3959491589101336
2016-11-08,0.8502258100712289,1.382395517414152
2016-11-09,0.8370837347350291,1.3589694095439724
2016-11-10,0.8187921676826511,1.329912324426221
2016-11-14,0.8720130204711763,1.308810060013246
2016-11-15,1.1055774944719918,2.52818096927938
2016-11-16,1.0937006993695062,2.4700246155257823
2016-11-17,1.0677289545055562,2.402342312263389
2016-11-18,1.047311853104007,2.361156047222851
2016-11-21,1.0408847381957589,2.298664026167833
2016-11-22,1.017585561047672,2.2327312344353407
2016-11-23,0.9920813102644287,2.1724692898222484
2016-11-25,1.070579804479178,2.1518078350840315
2016-11-28,1.0514529117751723,2.0977543967175527
2016-11-29,1.0509743490238093,2.0498286500839304
2016-11-30,1.0300610580849998,1.992774424960518
2016-12-01,1.0510174626259934,1.945767247958813
2016-12-02,1.025262622295737,1.8924072495839666
2016-12-05,1.006246090702585,1.8586278153611293
2016-12-06,0.9891639875216258,1.8100585449241815
2016-12-07,0.9650346651023333,1.7621899309800593
2016-12-08,0.9445877591311325,1.8040245499756962
2016-12-09,0.9235737421051642,1.7605554889593287
2016-12-12,0.9339062635052588,1.731622897788285
2016-12-13,0.9151865265293162,1.716848167633188
2016-12-14,0.8971435561278766,1.685879524074542
2016-12-15,0.9396903591514245,1.6498666239230408
2016-12-16,0.9703525908059606,1.9644238711040451
2016-12-19,0.9576256667506581,1.9155656302227304
2016-12-20,0.9406275366155908,1.869494648094621
2016-12-21,0.9339889292641579,1.8222552138450836
2016-12-22,0.9116498928890125,1.782876099145774
2016-12-23,0.8921116968637653,1.7489112999625036
2016-12-27,0.8739628780461757,1.7062212892417317
2016-12-28,0.8634300435029454,1.6973144980719266
2016-12-29,0.8458459095834125,1.6568445802678222
2016-12-30,0.8768545243814378,1.624976501004198
2017-01-03,0.868861135259071,1.6159094209222882
2017-01-04,0.8664656524117306,1.6550465161858436
2017-01-05,0.8501167153520944,1.6266194528458295
2017-01-06,0.8997275663734096,1.608255014384795
2017-01-09,0.8954169214931259,1.5774772852377539
2017-01-10,0.89319290282838,1.5406546635957252
2017-01-11,0.8772551964613087,1.534938930212298
2017-01-12,0.8596233656867746,1.49810664982846
2017-01-13,0.8437434779966618,1.4629195525519474
2017-01-17,0.8267988488649017,1.428598341361499
2017-01-18,0.8693073089577865,1.480866744211474
2017-01-19,0.8720463862391633,1.4507305653387315
2017-01-20,0.8524576618240993,1.41963582400924
2017-01-23,0.8348630388337765,1.39017586641885
2017-01-24,0.8285150885509425,1.3659168799603236
2017-01-25,0.8173131175000555,1.3384182673268978
2017-01-26,0.8223543721586235,1.319657071074506
2017-01-27,0.8328483040802941,1.3138116975906688
2017-01-30,0.8155616778010037,1.3533774539195154
2017-01-31,0.8031288429888381,1.3228398332922708
2017-02-01,0.8441274542035325,1.4147960815923952
2017-02-02,0.8285625703471209,1.3818988918586592
2017-02-03,0.8194059809191111,1.3518304604305655
2017-02-06,0.8033124860565501,1.3213529045608152
2017-02-07,0.8415162450215736,1.3394953935712133
2017-02-08,0.8243771072448233,1.3100288220314116
2017-02-09,0.8177783323105589,1.2831980351027878
2017-02-10,0.8195621461340563,1.2615436390278367
2017-02-13,0.8036734586836366,1.2910801939901053
2017-02-14,0.8024815579536746,1.2754703418586795
2017-02-15,0.7856601707774657,1.2593595238637658
2017-02-16,0.7752579466855332,1.2334144304061752
2017-02-17,0.7682471375080483,1.2174732922608233
2017-02-21,0.756974388431767,1.198710277567959
2017-02-22,0.7418504089190486,1.1752625164207953
2017-02-23,0.7277992323207945,1.1576278280341348
2017-02-24,0.7394625738459429,1.1494671754637162
2017-02-27,0.738433821539021,1.1485775929869686
2017-02-28,0.7330617459971586,1.1400115354500107
2017-03-01,0.7191032458055262,1.126934346880441
2017-03-02,0.7065237493249951,1.1102165015929726
2017-03-03,0.7509983132832615,1.3977210225881063
2017-03-06,0.7362933988756106,1.388353193958909
2017-03-07,0.7389625910610816,1.3718366862059548
2017-03-08,0.7485010881869031,1.396413911581404
2017-03-09,0.7480497530891932,1.4024632839848319
2017-03-10,0.7431713831033638,1.4201098046486909
2017-03-13,0.7299766949447244,1.3931364251409952
2017-03-14,0.7159631839602131,1.3656656559206128
2017-03-15,0.7140029447241639,1.339459521775756
2017-03-16,0.8143404102786639,1.4569439956429227
2017-03-17,0.8017105595636344,1.4226930017338653
2017-03-20,0.7859948139036432,1.3929738029972443
2017-03-21,0.7755698662985235,1.361451890340472
2017-03-22,0.7838559493790974,1.3398270122319926
2017-03-23,0.7692290223098165,1.3098447150672397
2017-03-24,0.7543392463736311,1.2830619992332466
2017-03-27,0.7399588028172436,1.2709146703400906
2017-03-28,0.7358725697095904,1.3302108152792405
2017-03-29,0.728170282610157,1.3012406521413664
2017-03-30,0.7160366599418497,1.2764924678920315
2017-03-31,0.7225450523296374,1.2562482893807432
2017-04-03,0.7101825821091597,1.2374461313355334
2017-04-04,0.7065595151901409,1.2117250658880896
2017-04-05,0.6951547855654465,1.1935463835992215
2017-04-06,0.6826944553271118,1.1697274418519525
2017-04-07,0.6765283240394514,1.1496355114849364
2017-04-10,0.666683153497018,1.1702102408733839
2017-04-11,0.6555154097851393,1.1480313686297152
2017-04-12,0.7206130793897899,1.2040568057861867
2017-04-13,0.7228213653267431,1.1973218934490166
2017-04-17,0.716578767573398,1.1772027340138327
2017-04-18,0.7067390885212428,1.161576610758715
2017-04-19,0.7013410663039359,1.145339824981922
2017-04-20,0.7189109252943013,1.144040068784857
2017-04-21,0.7064253324571566,1.1340263300729736
2017-04-24,0.6960876254684685,1.114047430071076
2017-04-25,0.7017834795431601,1.0949995186332786
2017-04-26,0.7280544576969943,1.153185235176432
2017-04-27,0.7220330340719519,1.1414018735800397
2017-04-28,0.7139399115616715,1.1549699428416498
2017-05-01,0.7038302388048641,1.1370611143504943
2017-05-02,0.7227377235391012,1.2023782521631416
2017-05-03,0.7090881166311533,1.1812567552778412
2017-05-04,0.7673658575341349,1.2628288229853772
2017-05-05,0.7874182873817274,1.2590272626917418
2017-05-08,0.771898616126088,1.2370805696218738
2017-05-09,0.7580727122994725,1.2187613748376513
2017-05-10,0.7560730323738438,1.205264148217184
2017-05-11,0.740959714358145,1.1834961656186513
2017-05-12,0.7314595606049673,1.1702988881673015
2017-05-15,0.7198631019439384,1.162045161256772
2017-05-16,0.7084827208537516,1.171513894834093
2017-05-17,0.7017513305510985,1.1796169882327558
2017-05-18,0.7988827536556318,1.161109135465541
2017-05-19,0.8048576670726706,1.2160670966829177
2017-05-22,0.795020456686701,1.2396299207394732
2017-05-23,0.7834607538988613,1.2860372488920724
2017-05-24,0.781423666536721,1.2633307534268832
2017-05-25,0.7698987131925844,1.2509940221230667
2017-05-26,0.7547296730222339,1.2266391771669698
2017-05-30,0.7651451882243929,1.2263688890176765
2017-05-31,0.7538533597557355,1.2053968823527714
2017-06-01,0.7437965283553124,1.1863122594642648
2017-06-02,0.7293249316188773,1.1628182337751687
2017-06-05,0.733488435216301,1.1793433313653807
2017-06-06,0.7195456256077277,1.1575769159546538
2017-06-07,0.7487385486504524,1.1502286255841427
2017-06-08,0.7443954080045123,1.1385029140340661
2017-06-09,0.7456373774837327,1.1393751703346382
2017-06-12,0.7611515845397732,1.1570669448751227
2017-06-13,0.7467773574022198,1.1864471917721626
2017-06-14,0.7322612759495697,1.1701111935575843
2017-06-15,0.7296418300562737,1.1472683924444855
2017-06-16,0.7224930508057992,1.1299645218773315
2017-06-19,0.7088068767192286,1.1166433526293518
2017-06-20,0.7181363182179671,1.1281931955525375
2017-06-21,0.7065829111598045,1.107571318044312
2017-06-22,0.6962517300639166,1.0899936132562031
2017-06-23,0.6875069246264787,1.0916441063981337
2017-06-26,0.6816982668497116,1.085124107689983
2017-06-27,0.7015353280379832,1.0783289856218734
2017-06-28,0.6935961623646835,1.0725746950494672
2017-06-29,0.6813107095797065,1.0719327280606192
2017-06-30,0.6793199019934125,1.0899788362286404
2017-07-03,0.6704325041959758,1.071103140697161
2017-07-05,0.7599541722001193,1.2208246117537238
2017-07-06,0.748870957450596,1.2096216679021523
2017-07-07,0.7341756450460891,1.1858735808023473
2017-07-10,0.7580844810358046,1.3353379450546727
2017-07-11,0.7435869115010942,1.3153119921992351
2017-07-12,0.7294119368971331,1.311057459605568
2017-07-13,0.719432738757409,1.285745583619075
2017-07-14,0.707345875310091,1.2887269708275324
2017-07-17,0.7174891609548428,1.3035220413467716
2017-07-18,0.710584073890991,1.2936038618740857
2017-07-19,0.714130346626288,1.2894103959237142
2017-07-20,0.7008857772590148,1.2618499412755757
2017-07-21,0.6886566344182025,1.2354623691052657
2017-07-24,0.7027504952213306,1.240494507838179
2017-07-25,0.6899551739557879,1.2149102194587187
2017-07-26,0.682265411391526,1.1902303135913082
2017-07-27,0.6935786417002054,1.1912673510489689
2017-07-28,0.6815124660122786,1.171970323942046
2017-07-31,0.6897584905358575,1.1656085014385147
2017-08-01,0.677560846984955,1.1509416279249673
2017-08-02,0.6662851784389499,1.1403291228496566
2017-08-03,0.6571390882726159,1.1326948755232922
2017-08-04,0.6471560691433863,1.114172289256794
2017-08-07,0.6623438382333102,1.2072120063161218
2017-08-08,0.6520970394581882,1.185070177589505
2017-08-09,0.644567947269065,1.2135725209578687
2017-08-10,0.688804251738247,1.3439915389262886
2017-08-11,0.6960197811943121,1.3462087097678606
2017-08-14,0.6912161683109281,1.315920328537771
2017-08-15,0.6988409548967501,1.2880452429916238
2017-08-16,0.7094034947375045,1.3838642518531499
2017-08-17,0.7148455138842688,1.4813037923534826
2017-08-18,0.710169244336923,1.446096058196364
2017-08-21,0.6981512893213556,1.4119529434418996
2017-08-22,0.6902776624224551,1.3795520607195297
2017-08-23,0.6862975784658379,1.3478400605264869
2017-08-24,0.6790429614953918,1.3227557464633617
2017-08-25,0.6714727658110123,1.3048733853651475
2017-08-28,0.6647660854150441,1.2817704557659697
2017-08-29,0.7429143551013622,1.374781302122177
2017-08-30,0.7303077018649924,1.34791297240097
2017-08-31,0.7164443194242922,1.3188258991270776
2017-09-01,0.7496546112686232,1.3178526800663344
2017-09-05,0.7358124341492834,1.2937637849885062
2017-09-06,0.7623425255755184,1.2906715096145729
2017-09-07,0.7565707561632625,1.2637658120766728
2017-09-08,0.7763891484225726,1.2775367640828093
2017-09-11,0.7610903158086483,1.2547000448866208
2017-09-12,0.8123149119646633,1.2757155547447059
2017-09-13,0.7972231177955014,1.2597505829798141
2017-09-14,0.7997914549082092,1.2459633918195085
2017-09-15,0.7885089016432193,1.2199298772151637
2017-09-18,0.7809542269578437,1.2129839759710601
2017-09-19,0.7948897843143113,1.288061705147141
2017-09-20,0.779292979095544,1.2669825691594285
2017-09-21,0.7857750059877932,1.2635128159576747
2017-09-22,0.789591257069895,1.2579852772898616
2017-09-25,0.7793276834035356,1.231732204230848
2017-09-26,0.7976019777708536,1.2288462762797663
2017-09-27,0.8225418518105975,1.2800052268922752
2017-09-28,0.833905232097933,1.2577901597941852
2017-09-29,0.8164134247932727,1.2385382668338503
2017-10-02,0.8079481851835528,1.241245787672896
2017-10-03,0.8058714457398477,1.2196154617584305
2017-10-04,0.7886635923069891,1.196212419767202
2017-10-05,0.7744168593092331,1.1725497769851476
2017-10-06,0.7689565851402493,1.1495993042523924
2017-10-09,0.7602194281398783,1.1529489064016814
2017-10-10,0.7663956739860192,1.1586868310959355
2017-10-11,0.752822340745375,1.1524071619496352
2017-10-12,0.7409221146754913,1.1398575863773175
2017-10-13,0.7265687596905904,1.1184816299907854
2017-10-16,0.7319060220483528,1.1192891214837468
2017-10-17,0.7355638168162485,1.1220632296094202
2017-10-18,0.7388109968124402,1.1251194466878858
2017-10-19,0.729982856218425,1.1050687619676447
2017-10-20,0.7275652385042214,1.1276998382546988
2017-10-23,0.7291301639030039,1.1400189688086104
2017-10-24,0.7158241575089769,1.1220879576646292
2017-10-25,0.7084434192281642,1.11488075585222
2017-10-26,0.6953767496327705,1.0945802244346625
2017-10-27,0.7104209767352294,1.1001920118560582
2017-10-30,0.7047961134610262,1.0842947600621728
2017-10-31,0.6929712535678231,1.0653246483120584
2017-11-01,0.6866127344029532,1.0618295580209012
2017-11-02,0.6790307367979412,1.1915293475614284
2017-11-03,0.6673671934700822,1.1678084981461991
2017-11-06,0.6655321729004086,1.201335687837257
2017-11-07,0.6809843627068144,1.2837509003600052
2017-11-08,0.6747289292647196,1.3110067842217368
2017-11-09,0.6672960234186609,1.2843281132327649
2017-11-10,0.662042059273911,1.2566713800647948
2017-11-13,0.6784761060815352,1.2422759147212206
2017-11-14,0.6673956839115058,1.2338042940826657
2017-11-15,0.6575399715008017,1.2082494521768576
2017-11-16,0.6475915069838902,1.1858567036680645
2017-11-17,0.6373252893290305,1.1699565382404606
2017-11-20,0.6818286570674035,1.1800880766765056
2017-11-21,0.7309637330046496,1.2514185661799693
2017-11-22,0.7176631780309064,1.2259137544778178
2017-11-24,0.7330451601630029,1.223492556643785
2017-11-27,0.7215513601020447,1.2052185453683137
2017-11-28,0.7135960623553296,1.181249695236239
2017-11-29,0.700348124722758,1.1904312887396626
2017-11-30,0.7031903236003715,1.233150708631534
2017-12-01,0.7133804161540538,1.222989615324252
2017-12-04,0.7054986873030303,1.1982734275227471
2017-12-05,0.6972856325619633,1.18183662400225
2017-12-06,0.7045365797483271,1.2016186670239333
2017-12-07,0.6935646597805147,1.1940821902574486
2017-12-08,0.7462567356501894,1.2236953519881384
2017-12-11,0.7315649115049376,1.2070932646570396
2017-12-12,0.7236870470457575,1.1949244101237324
2017-12-13,0.710303587679146,1.1711268275028812
2017-12-14,0.7227176552833067,1.2352858734302867
2017-12-15,0.7107921139958203,1.2260285703334108
2017-12-18,0.69895721197516,1.2179978686085953
2017-12-19,0.693558369765767,1.1981452368023822
2017-12-20,0.6812721368737241,1.1740718259136573
2017-12-21,0.6717667483368435,1.1520662051971777
2017-12-22,0.6609293273406182,1.1308804395179088
2017-12-26,0.659936391476914,1.144056014388954
2017-12-27,0.6663256677837825,1.159172272409456
2017-12-28,0.6601580854881948,1.1563815457091802
2017-12-29,0.6585814017476986,1.1562019946608848
2018-01-02,0.663320992239037,1.14578016050365
2018-01-03,0.7055940114564967,1.1694142348143448
2018-01-04,0.6956317124496633,1.1479581115017714
2018-01-05,0.6921846770741238,1.1296096223674619
2018-01-08,0.6804169483076595,1.1086399849570723
2018-01-09,0.6686553981880435,1.093073032258392
2018-01-10,0.6664611798759036,1.0875143728822383
2018-01-11,0.6571977104672088,1.0684668383979676
2018-01-12,0.6502126106434432,1.0503028097322809
2018-01-16,0.6939354951929835,1.1006017199970508
2018-01-17,0.6823167219821696,1.0812104789994028
2018-01-18,0.696511348555176,1.0970833825623276
2018-01-19,0.6861692104675218,1.0852993620263058
2018-01-22,0.6809364051022173,1.07293900971087
2018-01-23,0.6701140350837114,1.0545663520109643
2018-01-24,0.667584990535219,1.0387443427242877
2018-01-25,0.7097553007063044,1.234214660300187
2018-01-26,0.7139529612872804,1.2595496541834512
2018-01-29,0.7007682967079102,1.2413885362364183
2018-01-30,0.7006428771541383,1.2485276614114298
2018-01-31,0.695528443218079,1.2252195789490767
2018-02-01,0.698695387062662,1.2347136512530676
2018-02-02,0.6896313787669476,1.2173395894798122
2018-02-05,0.742442288411264,1.473358063929381
2018-02-06,0.7298088861086749,1.4430084144999484
2018-02-07,0.7561565976617244,1.4149368735799974
2018-02-08,0.7493377517151645,1.4280089285992552
2018-02-09,0.7351015356672879,1.396520001105494
2018-02-12,0.7221202494595936,1.3680987967087843
2018-02-13,0.7160970850531031,1.3648234609894077
2018-02-14,0.7134871317013524,1.3359525643736607
2018-02-15,0.7962062721459888,1.3761400828119619
2018-02-16,0.7796836119614989,1.344567325105395
2018-02-20,0.7675895474788795,1.3406917354668293
2018-02-21,0.8138565635297306,1.3407638283181598
2018-02-22,0.8036947425787283,1.3106437322601834
2018-02-23,0.7943112228969635,1.294709888589014
2018-02-26,0.7782618679459048,1.270682765120859
2018-02-27,0.7638991221981494,1.2510327919320265
2018-02-28,0.7867005330007708,1.2606451910597913
2018-03-01,0.770770994354467,1.2342011732880191
2018-03-02,0.7570253549416349,1.2148287713394892
2018-03-05,0.7510255656344069,1.1904667193335945
2018-03-06,0.7373233569813057,1.17132022421339
2018-03-07,0.7614186297743791,1.228839370153076
2018-03-08,0.7609927028135884,1.259756311520693
2018-03-09,0.7479412471779214,1.233451728124991
2018-03-12,0.7333526929474767,1.2140445009519485
2018-03-13,0.7192056184165629,1.1896052417020886
2018-03-14,0.7067342883157273,1.1659050666251105
2018-03-15,0.6939992151732172,1.143248267576922
2018-03-16,0.6977188252120411,1.146891414165662
2018-03-19,0.6876616846971946,1.1286036121526257
2018-03-20,0.6769989909080778,1.1076128765662439
2018-03-21,0.6737914964332645,1.100186382683752
2018-03-22,0.7675889307357565,1.2185381400133621
2018-03-23,0.7578411403507044,1.2343817219088535
2018-03-26,0.7961952082366962,1.2275130339867686
2018-03-27,0.7877017339079231,1.2207105410741437
2018-03-28,0.7846449529177889,1.2162312080332038
2018-03-29,0.8321454011469656,1.2326674325092142
2018-04-02,0.8138518865826738,1.2096386278363134
2018-04-03,0.8373650991429699,1.2398961627814034
2018-04-04,0.8375654760313612,1.246881072844436
2018-04-05,0.8193345649534093,1.226543095133604
2018-04-06,0.8106669875497792,1.206140539984992
2018-04-09,0.7997221555241182,1.1820546477300011
2018-04-10,0.7860997003042319,1.1756376046846808
2018-04-11,0.7712550879971247,1.1562478526682372
2018-04-12,0.774691165272169,1.139056274665938
2018-04-13,0.8052754212399191,1.1459627663807566
2018-04-16,0.8010652957521537,1.150095419527449
2018-04-17,0.7845123430777166,1.1298358669628095
2018-04-18,0.7683516878193577,1.1153927024095283
2018-04-19,0.7528055301566805,1.2297114722470492
2018-04-20,0.7394176441457574,1.2100191996797947
2018-04-23,0.7464010472473107,1.1999558995908155
2018-04-24,0.7549539615193579,1.3565484246578294
2018-04-25,0.7473356117328547,1.332782194679928
2018-04-26,0.7482181007825159,1.321799809692282
2018-04-27,0.7382238566823084,1.2931784372706159
2018-04-30,0.7296182962241412,1.2651040542215704
2018-05-01,0.7354112209408131,1.2707222169329655
2018-05-02,0.7398341378551145,1.261532250234501
2018-05-03,0.7255562165694678,1.265542077745278
2018-05-04,0.720312713214429,1.2401644754794778
2018-05-07,0.7080271295339439,1.2205069182379948
2018-05-08,0.6949793562408124,1.1957904281081717
2018-05-09,0.6825130076696666,1.1718897854736003
2018-05-10,0.6726054600432158,1.1494221319963223
2018-05-11,0.6779736313205925,1.1712659121022126
2018-05-14,0.6673044274953899,1.1498114015322614
2018-05-15,0.6632453734609665,1.1468822861180306
2018-05-16,0.7516283156124101,1.1774204801976964
2018-05-17,0.7377432928179497,1.1609191927226843
2018-05-18,0.7234425383847057,1.1422971797907204
2018-05-21,0.7097309889187152,1.120822650276572
2018-05-22,0.6966592856473338,1.1040947992547754
2018-05-23,0.6843381759166013,1.086009994077256
2018-05-24,0.6726375617954113,1.073532543045674
2018-05-25,0.6876832312234609,1.0936403799652867
2018-05-29,0.6796136259400726,1.10035162658328
2018-05-30,0.6678893451942601,1.0889426888407119
2018-05-31,0.6572776620926956,1.0829702747408758
2018-06-01,0.6487895722353333,1.0724665772005484
2018-06-04,0.6490828895772295,1.0544199887556074
2018-06-05,0.6392716200416704,1.036982855083471
2018-06-06,0.6349936099115665,1.0259427301521107
2018-06-07,0.6253474137400056,1.0458662476050034
2018-06-08,0.6162979297871729,1.029184552381429
2018-06-11,0.6079337485267835,1.0169208487726742
2018-06-12,0.6006171355405104,1.0292015944409967
2018-06-13,0.5979494606667256,1.0178464760891741
2018-06-14,0.5934757053446631,1.0490060109616317
2018-06-15,0.5865797711260643,1.040223882960899
2018-06-18,0.6941434008542525,1.323708784143441
2018-06-19,0.6833634350256962,1.3011690028896574
2018-06-20,0.6743268245469389,1.2925739387522541
2018-06-21,0.6712209808209338,1.264778416094016
2018-06-22,0.6612995239964994,1.2382686132164606
2018-06-25,0.6523064852475368,1.2313675425910318
2018-06-26,0.6479835901203845,1.221587529062053
2018-06-27,0.6495946465674861,1.1979481399809475
2018-06-28,0.6531188279787339,1.217089412077476
2018-06-29,0.6467396201369356,1.194583413878233
2018-07-02,0.6412332972866299,1.1774600412538572
2018-07-03,0.6728716608602708,1.2128883962466024
2018-07-05,0.698363386738962,1.2032941745387826
2018-07-06,0.6895043291878565,1.1842203846542276
2018-07-09,0.678502106763621,1.161115422481585
2018-07-10,0.6687145768532884,1.1474536914626525
2018-07-11,0.6590694482160989,1.128131566598947
2018-07-12,0.6954067133827733,1.178819741670068
2018-07-13,0.688804711942894,1.1767402204794584
2018-07-16,0.6846331333670663,1.1685457062988438
2018-07-17,0.6728223350749394,1.146661520437218
2018-07-18,0.7073047978562655,1.1601396110510607
2018-07-19,0.6942897582609645,1.139419652492257
2018-07-20,0.689459144333794,1.1676333081182473
2018-07-23,0.6919607654353075,1.1779442650815173
2018-07-24,0.6890647540644609,1.170540486194071
2018-07-25,0.6768722710678363,1.1616723116807435
2018-07-26,0.6760153599398883,1.150728541259572
2018-07-27,0.6888786690120763,1.1688216235085553
2018-07-30,0.6767257291617468,1.1535292171953693
2018-07-31,0.6662670217025721,1.1315666727255844
2018-08-01,0.6580449093917173,1.111581345700413
2018-08-02,0.6695256481437679,1.110914108337746
2018-08-03,0.6703280085528109,1.093579705299398
2018-08-06,0.6631928110092368,1.0803877587088486
2018-08-07,0.663328415168074,1.073615409024372
2018-08-08,0.6539976453800281,1.0563670698538903
2018-08-09,0.646084511698182,1.0451123737309473
2018-08-10,0.636992277486777,1.0285464093960734
2018-08-13,0.6273568972658705,1.0274189396001132
2018-08-14,0.7098040478585044,1.1315560942096163
2018-08-15,0.6969002820678164,1.116714099091689
2018-08-16,0.7850434550782905,1.4924651976493442
2018-08-17,0.7690125617070155,1.4966076958623906
2018-08-20,0.7806772915390919,1.4825185147105153
2018-08-21,0.7721609218944008,1.4481437634307939
2018-08-22,0.7588632677324669,1.4137888973002686
2018-08-23,0.7450052622295206,1.3807649224600318
2018-08-24,0.7626604258560484,1.404196151696962
2018-08-27,0.8421131497573282,1.4470760831197942
2018-08-28,0.8273468287019644,1.4177064829117934
2018-08-29,0.8301546057144787,1.4069664226519025
2018-08-30,0.817939754539358,1.3751581009846285
2018-08-31,0.8085538129663788,1.3739646979010574
2018-09-04,0.7917882316069224,1.3450815898128838
2018-09-05,0.7844625274639085,1.440907074718389
2018-09-06,0.7716516012502265,1.4085819943156077
2018-09-07,0.756882294386407,1.377381653882831
2018-09-10,0.7446754615456822,1.3459014404137615
2018-09-11,0.7303108027123143,1.315658691156157
2018-09-12,0.7163469244276369,1.2875805190070362
2018-09-13,0.7268848136354358,1.2747763866155393
2018-09-14,0.7181749966385329,1.2492657569932928
2018-09-17,0.7209749852732276,1.2408275834600544
2018-09-18,0.7164279232218321,1.2233587660624194
2018-09-19,0.7040550809497725,1.1981914594835632
2018-09-20,0.6961924394868015,1.184994528734791
2018-09-21,0.6875690861277841,1.164937549732582
2018-09-24,0.6940707380854034,1.1424242176381834
2018-09-25,0.6816966847414682,1.1219379682909891
2018-09-26,0.6705700289804909,1.1453847596897881
2018-09-27,0.6708564638264113,1.136592550864336
2018-09-28,0.6908829456624289,1.1236709763578407
2018-10-01,0.6926539487038249,1.2348127964200881
2018-10-02,0.6816282957832263,1.223456833328261
2018-10-03,0.7170105927619803,1.2336103536800538
2018-10-04,0.7098462750144399,1.20809137902349
2018-10-05,0.6967582432073062,1.1893840996304401
2018-10-08,0.6867884323390611,1.1678199709878367
2018-10-09,0.7219509256237348,1.2052957632599721
2018-10-10,0.7083297103617189,1.180910919011008
2018-10-11,0.6972021002418392,1.1656658981466963
2018-10-12,0.891394996517401,1.2053885451342687
2018-10-15,0.8779187743308549,1.187276791619423
2018-10-16,0.8701923435540748,1.168345559958643
2018-10-17,0.8514497970816953,1.1460224924946316
2018-10-18,0.8323711387084058,1.1261867794751734
2018-10-19,0.8143146864562323,1.107286878033478
2018-10-22,0.796836945221107,1.0895449915525235
2018-10-23,0.7825268607224652,1.0750407603123373
2018-10-24,0.7769572002761665,1.0875284475791
2018-10-25,0.7624492722323346,1.0704318761583138
2018-10-26,0.7490598522090551,1.0553763343936302
2018-10-29,0.7373205584510358,1.0448191600476542
2018-10-30,0.729064593063162,1.0938185783496357
2018-10-31,0.7226254254025198,1.0750322006934283
2018-11-01,0.7211315059848944,1.1114319125656704
2018-11-02,0.762823183987926,1.3104054447478255
2018-11-05,0.7473944096694627,1.282637807316197
2018-11-06,0.7349918968662753,1.2660991213721429
2018-11-07,0.7240385742278665,1.2530047624921996
2018-11-08,0.7103130351877388,1.2271063786504446
2018-11-09,0.6992006515043563,1.2162965008160822
2018-11-12,0.7343040611603959,1.2622188458705248
2018-11-13,0.7393141501262446,1.2631791022571957
2018-11-14,0.7249034796609547,1.2367596346040257
2018-11-15,0.7341053156930958,1.2332043511872084
2018-11-16,0.7202262928050849,1.232839515047818
2018-11-19,0.7251761697072392,1.222690089936728
2018-11-20,0.7113925386658884,1.1981145420607
2018-11-21,0.6982089494362783,1.186518335890247
2018-11-23,0.6863816023870255,1.192163152205383
2018-11-26,0.6746619704429168,1.208878954103297
2018-11-27,0.6637878274903813,1.1854067540513606
2018-11-28,0.6676136209060521,1.1748018917371927
2018-11-29,0.661275856508529,1.1781364678564492
2018-11-30,0.6537054885852817,1.1549397805352062
2018-12-03,0.6446021539611144,1.1487218033542215
2018-12-04,0.6557262557735698,1.1659801468002096
2018-12-06,0.6587139959088698,1.1656552821734014
2018-12-07,0.6478991796915622,1.1434648220088774
2018-12-10,0.6621707873857107,1.144203543945506
2018-12-11,0.6565016649606171,1.1305921740105056
2018-12-12,0.6465530001360721,1.1096778759496826
2018-12-13,0.6378073153289795,1.123782998887493
2018-12-14,0.6303339554097991,1.1052222950389123
2018-12-17,0.6281223147080744,1.1184266061439596
2018-12-18,0.6371319808164304,1.1046165990274073
2018-12-19,0.6292676178317022,1.0851824958434773
2018-12-20,0.6361278568325158,1.0708906784632737
2018-12-21,0.7138739691402096,1.0877951860414348
2018-12-24,0.7081762974834124,1.0845414254686265
2018-12-26,0.7362239246900917,1.0886485345030397
2018-12-27,0.7255744699476564,1.1434343748448188
2018-12-28,0.7311709046544174,1.1654050018917708
2018-12-31,0.7224302657034096,1.1598213027896982
2019-01-02,0.7094304032785336,1.1492294518505206
2019-01-03,0.6963993407236421,1.1292812087551805
2019-01-04,0.7125854733454654,1.1497951196703882
2019-01-07,0.7243068489357378,1.1282429617047254
2019-01-08,0.7143707707969879,1.111216183506213
2019-01-09,0.7041340501569773,1.0915431631291461
2019-01-10,0.7054248543762134,1.082051882001107
2019-01-11,0.7061702877998065,1.1007956487393595
2019-01-14,0.6940726807973578,1.083097277075836
2019-01-15,0.6834419456960197,1.0647283443934943
2019-01-16,0.6729000786528495,1.0508825129458477
2019-01-17,0.6649215495081997,1.0346895283468198
2019-01-18,0.6547094997505747,1.0223944203014355
2019-01-22,0.6767614863246775,1.0566182833457725
2019-01-23,0.6694471056469881,1.0395146515185711
2019-01-24,0.6591317877806374,1.0239059513957687
2019-01-25,0.6495289826284691,1.0123010781128015
2019-01-28,0.7168757437844627,1.1710805834642244
2019-01-29,0.7074028829611704,1.151086789894781
2019-01-30,0.7050426372245778,1.1382880361031065
2019-01-31,0.7033373946084541,1.1487060330143595
2019-02-01,0.690527687986928,1.126813667823659
2019-02-04,0.6800951147292582,1.1240847025458096
2019-02-05,0.676190566702934,1.1049719009917955
2019-02-06,0.6667666774955257,1.0851364959898337
2019-02-07,0.6744032761333524,1.107399686822198
2019-02-08,0.6647973446868681,1.0970602382664223
2019-02-11,0.6587686694645712,1.0818789592030622
2019-02-12,0.6582651852984918,1.0769241143305657
2019-02-13,0.6489125876044116,1.0584468563535236
2019-02-14,0.6454814860870957,1.0640659608711887
2019-02-15,0.646902602352273,1.0506507368354907
2019-02-19,0.6498644669928623,1.0686435576370128
2019-02-20,0.7234027288243875,1.0970670040123593
2019-02-21,0.7110288762253336,1.0804798282830625
2019-02-22,0.7455095724218135,1.1257796517032566
2019-02-25,0.7348716620751305,1.1213317596558758
2019-02-26,0.7211858579057443,1.1033191259753063
2019-02-27,0.7083508362689618,1.0854228475374552
2019-02-28,0.7147640672383037,1.1072788649578136
2019-03-01,0.7137477923088835,1.1036404146377714
2019-03-04,0.8034924458606075,1.288909763480979
2019-03-05,0.788957299266657,1.2635225248687196
2019-03-06,0.7728423019662706,1.2395435929559935
2019-03-07,0.7573982872975773,1.2163521404863396
2019-03-08,0.7425595729519043,1.1954716424650313
2019-03-11,0.7673112701884894,1.285376220012942
2019-03-12,0.7605075866466174,1.259144419179701
2019-03-13,0.756856655512413,1.2456640078567307
2019-03-14,0.7574226616572365,1.2205894817454905
2019-03-15,0.7890630619294219,1.2734078167793783
2019-03-18,0.7788545805156448,1.2550870966081709
2019-03-19,0.7627934952692134,1.232632546612258
2019-03-20,0.7496250974224064,1.2072046015740454
2019-03-21,0.7483845868451768,1.2047172698175932
2019-03-22,0.7398181259193272,1.1820084231506713
2019-03-25,0.7270091443308729,1.161322282857355
2019-03-26,0.7328072901710834,1.1530075443741223
2019-03-27,0.728173414202267,1.1399655309992816
2019-03-28,0.7248072759309431,1.1444063888460192
2019-03-29,0.7828920715018481,1.1955689034700403
2019-04-01,0.766781467031877,1.1860927479754
2019-04-02,0.7570200701026578,1.1635164149547625
2019-04-03,0.7460752252761402,1.1411167555491077
2019-04-04,0.7323458146828219,1.121643379859759
2019-04-05,0.7201981559125854,1.1015258602470466
2019-04-08,0.7071901400222018,1.0847525601043901
2019-04-09,0.700500539676211,1.0908792819761006
2019-04-10,0.6971279601459256,1.0726380680664858
2019-04-11,0.6876861332270733,1.0542076725259584
2019-04-12,0.7376933127249445,1.121856174171773
2019-04-15,0.7238385712883324,1.102408122280613
2019-04-16,0.7116652993203934,1.0827677698967078
2019-04-17,0.7289466120744124,1.0640323123829964
2019-04-18,0.7165704590255739,1.0464666526774595
2019-04-22,0.703256111652014,1.0294312212070649
2019-04-23,0.6904337336789014,1.013652448083457
2019-04-24,0.6801292781576367,1.0373047276123526
2019-04-25,0.6711614086635999,1.0319978525783913
2019-04-26,0.659930320735995,1.0154780432655932
2019-04-29,0.6651789616141006,1.0139449299977932
2019-04-30,0.6625270268263233,1.0146670077199065
2019-05-01,0.6547614319765942,1.0003467182551893
2019-05-02,0.6624251606913213,1.0849133315974788
2019-05-03,0.6577960817068066,1.067966510709869
2019-05-06,0.6598413493501133,1.1329034983378674
2019-05-07,0.6494800443838953,1.1122906715851626
2019-05-08,0.6429755318033377,1.0920383606456994
2019-05-09,0.635791467357246,1.0830582958174224
2019-05-10,0.6280355169936569,1.0687765853650497
2019-05-13,0.619863941429121,1.05069703592022
2019-05-14,0.6513415907025565,1.033292384041731
2019-05-15,0.6423288357201234,1.017346148175264
2019-05-16,0.632517631608764,1.001633858684233
2019-05-17,0.6452061468289326,1.0432108508680096
2019-05-20,0.6562329815643454,1.049967364056646
2019-05-21,0.6455637226997677,1.034012470865721
2019-05-22,0.6379238068943693,1.017914036970877
2019-05-23,0.628663248160231,1.002254259648941
2019-05-24,0.6422519406171099,1.0167328447126112
2019-05-28,0.6325182089129141,1.0021572751397865
2019-05-29,0.6297569386767498,1.0397196925337655
2019-05-30,0.6203096206984905,1.0283571956031627
2019-05-31,0.6291821286524185,1.0217185242569558
2019-06-03,0.6881824373159726,1.009548749518057
2019-06-04,0.7481670090638675,1.0632537251975314
2019-06-05,0.7333709347072382,1.0458758003712274
2019-06-06,0.7211957341894482,1.0288019907343926
2019-06-07,0.7109771920178525,1.0148242553932165
2019-06-10,0.7085777711562184,1.0268198765750673
2019-06-11,0.7329502223878963,1.1143782246633889
2019-06-12,0.7195005247425471,1.0953192018751445
2019-06-13,0.7149366372775218,1.0771462053359042
2019-06-14,0.7142512218208474,1.078105172419583
2019-06-17,0.7010231391333112,1.0625902223948325
2019-06-18,0.6885417678422339,1.0447296749111314
2019-06-19,0.6852572620338894,1.0585096237062355
2019-06-20,0.6861485870347164,1.0600877152568882
2019-06-21,0.8760221095245991,1.139694910220463
2019-06-24,0.8682206916852901,1.1274914686398987
2019-06-25,0.91031861023418,1.118771126867443
2019-06-26,0.8897485825951983,1.1056570762976474
2019-06-27,0.8948877553660506,1.0899358657602052
2019-06-28,0.8744518256286566,1.0725838309334537
2019-07-01,0.856319959655634,1.057505149558604
2019-07-02,0.949368687865361,1.068183754747433
2019-07-03,1.0410156689237848,1.0658553464727156
2019-07-05,1.0150884593084022,1.0489949744407994
2019-07-08,1.0228606990545392,1.1168016976324784
2019-07-09,1.0084166846169498,1.0964391032707608
2019-07-10,0.986031896985428,1.087570524441161
2019-07-11,1.023639443874677,1.0870720716543085
2019-07-12,1.0170375418800153,1.0779569239362337
2019-07-15,1.0008957006788868,1.0699368191334095
2019-07-16,0.9759577120428562,1.0842272953300502
2019-07-17,0.9721623722833299,1.0832357681267422
2019-07-18,1.0164665026891957,1.241264657986256
2019-07-19,1.039338745315505,1.33206600531031
2019-07-22,1.0687642551524246,1.3150554594289379
2019-07-23,1.041295394366506,1.315880385111635
2019-07-24,1.0234982992426334,1.2868577793323108
2019-07-25,1.003810158655903,1.2888338933383556
2019-07-26,0.9926165166350517,1.283691676545867
2019-07-29,0.9685437289870443,1.2581488716459015
2019-07-30,0.9560612025201819,1.2393787820045028
2019-07-31,0.9355510946165185,1.2232483272682848
2019-08-01,0.9623162213178864,1.2766348219186292
2019-08-02,1.080041721409793,1.2653815062609441
2019-08-05,1.0560563322473706,1.2592941472350283
2019-08-06,1.074845426645615,1.2516005228800047
2019-08-07,1.0623390208040477,1.2277329835236617
2019-08-08,1.088700903725309,1.4930528792854003
2019-08-09,1.0660984004385534,1.4613699768850121
2019-08-12,1.0417567983832574,1.4263608366474527
2019-08-13,1.037670646799193,1.3992421430347435
2019-08-14,1.0209754185843503,1.3760488831591307
2019-08-15,1.006537451709989,1.3798656935788285
2019-08-16,0.9921759363343542,1.350221549882647
2019-08-19,0.9791300488729128,1.3291793854269374
2019-08-20,0.9927823955034968,1.3425426684149238
2019-08-21,0.9832462311786614,1.3677217133665676
2019-08-22,0.9620012463905265,1.3364931462403256
2019-08-23,0.940592098735252,1.311605808878675
2019-08-26,1.0160439469396545,1.3971203348061065
2019-08-27,0.9905228416161977,1.3864695779737854
2019-08-28,0.9888718424959004,1.5317688603970188
2019-08-29,0.9668032072936752,1.5065457476884752
2019-08-30,0.9579136674865194,1.475922296999326
2019-09-03,0.9367127291518937,1.444666394115613
2019-09-04,0.9650135691924557,1.7248656426689521
2019-09-05,0.9513140821554803,1.7785889435864597
2019-09-06,1.0817130966795032,2.117216174306422
2019-09-09,1.0722752758242426,2.1856613038030925
2019-09-10,1.0484543067733272,2.124357468932395
2019-09-11,1.0409774256868645,2.0647781822153632
2019-09-12,1.0231553823133293,2.0120561031652895
2019-09-13,0.9982558113801241,1.9566880348488953
2019-09-16,0.9923493452674265,2.0878945913686624
2019-09-17,0.9850849091269139,2.1198325614243005
2019-09-18,0.9615908218168798,2.067173286129695
2019-09-19,0.9496569367535855,2.0555845372663972
2019-09-20,0.9307718523125814,2.000808828736092
2019-09-23,0.9455642646840134,1.9620670711530228
2019-09-24,0.9307869718373846,2.1419211863210372
2019-09-25,0.9158049370021779,2.0835222127157658
2019-09-26,0.9917056956823393,2.2590095768363194
2019-09-27,0.9671678347174808,2.1951025202682484
2019-09-30,0.9512970030864276,2.1773368539551505
2019-10-01,0.9953500956096472,2.2095803299718555
2019-10-02,0.9779233473430821,2.173292632353881
2019-10-03,0.9883313023088257,2.150302097607868
2019-10-04,0.9688399617989549,2.089581132672881
2019-10-07,0.9451266893522431,2.0311995145041375
2019-10-08,0.9434641746568393,1.9808670019728756
2019-10-09,0.940726674438125,1.9767543453122332
2019-10-10,0.9182342192584113,1.9223044063148371
2019-10-11,0.9192273317369034,1.8978586502199568
2019-10-14,0.9068515952277751,1.8462485195001894
2019-10-15,0.88971305312021,1.8048892825999687
2019-10-16,0.8842414623984323,1.7843594682003832
2019-10-17,0.8728429610465521,1.7369838804373443
2019-10-18,0.8533342528124199,1.703503654709786
2019-10-21,0.8346460757428134,1.659198366568237
2019-10-22,0.8239910022748741,1.6164931626418355
2019-10-23,0.8083867888296807,1.5763832333898808
2019-10-24,0.7925546206863536,1.5371646649553319
2019-10-25,0.7914740597404255,1.544465309830426
2019-10-28,0.7763457241588128,1.543604074521753
2019-10-29,0.786283488665239,1.5332858655838935
2019-10-30,0.7728073975636588,1.4959741089418246
2019-10-31,0.7663672201598722,1.4640809723266555
2019-11-01,0.782694018965929,1.4536987201132066
2019-11-04,0.7665967374192083,1.4189954862198744
2019-11-05,0.7542383601778191,1.3889429039237555
2019-11-06,0.8285671455059443,1.4739245391354585
2019-11-07,0.8156752609230782,1.4391151022962667
2019-11-08,0.8751381978555767,1.5595911169025707
2019-11-11,0.8680049223735797,1.583609871243874
2019-11-12,0.850281892978764,1.5457086981209196
2019-11-13,0.8331585111130954,1.5079758203379552
2019-11-14,0.8193406789097131,1.4804225592790243
2019-11-15,0.8066627182368412,1.4485115514905673
2019-11-18,0.7918061515711751,1.4158328652796095
2019-11-19,0.7776898693527141,1.3866668336950168
2019-11-20,0.7616631484633213,1.362834928200145
2019-11-21,0.7463166180703473,1.3321750246245996
2019-11-22,0.742876246321,1.3043477939131523
2019-11-25,0.7298300178561192,1.2823729537132924
2019-11-26,0.7247416839456623,1.2669117117583966
2019-11-27,0.7185961245267187,1.2785919480140329
2019-11-29,0.7160640499122983,1.2700807634690985
2019-12-02,0.715669441888539,1.2487233192460878
2019-12-03,0.7024639272938861,1.2349769651893296
2019-12-04,0.7214510644517613,1.2647568693045068
2019-12-05,0.7086959777753749,1.30893235503408
2019-12-06,0.6956713371484546,1.2873056349512169
2019-12-09,0.7210741253081603,1.3750475352048765
2019-12-10,0.7075356743441387,1.3439088549620868
2019-12-11,0.6970762140993052,1.3180754235280685
2019-12-12,0.7010138731439916,1.317232736989173
2019-12-13,0.6934517313132962,1.2968604705736346
2019-12-16,0.6879154394933293,1.2686288065653564
2019-12-17,0.6757933824906173,1.246004098701452
2019-12-18,0.6642591012489263,1.2205898070251369
2019-12-19,0.6531939249594936,1.1959592436662565
2019-12-20,0.6449189657354892,1.1735694608490927
2019-12-23,0.6350119518874281,1.1601586674046682
2019-12-24,0.6287139255489643,1.1905232974151205
2019-12-26,0.6534557182219387,1.2436520398533513
2019-12-27,0.6657728361402002,1.2361693570106769
2019-12-30,0.6547492494690994,1.228381466146905
2019-12-31,0.6455736874642094,1.2243023860028581
2020-01-02,0.6365341440893117,1.2018992220311533
2020-01-03,0.6472555381905257,1.1919855846887921
2020-01-06,0.7017601478134317,1.1690061717993423
2020-01-07,0.7270716930373727,1.1548522817795004
2020-01-08,0.7181901000493841,1.1766055230071184
2020-01-09,0.7261414904103882,1.1992187554084905
2020-01-10,0.7245976656975697,1.2105077150823786
2020-01-13,0.7229401530801347,1.209823430917772
2020-01-14,0.7301023854857424,1.194836817638845
2020-01-15,0.7165074179740882,1.1918783499098087
2020-01-16,0.7145514329970327,1.1986003002744305
2020-01-17,0.7023567972423369,1.1757342519835388
2020-01-21,0.6905731786302574,1.154885907752674
2020-01-22,0.6786084962128862,1.1600297722875497
2020-01-23,0.6668888880903674,1.1380351619024955
2020-01-24,0.6573436767100895,1.1187093973492113
2020-01-27,0.6590926750703207,1.1764634727271799
2020-01-28,0.6653509010433993,1.1536231290220984
2020-01-29,0.6864303154470236,1.3875792886616602
2020-01-30,0.6846135973442178,1.3618672027161498
2020-01-31,0.6726197579993206,1.3854295738896367
2020-02-03,0.6731687431639839,1.367910616220625
2020-02-04,0.6789706886989649,1.4098896077696996
2020-02-05,0.7321333754675963,1.378674712118888
2020-02-06,0.7184081751606842,1.3470964936176373
2020-02-07,0.7146183349435671,1.3389774581632192
2020-02-10,0.7034709878314388,1.3148992819951526
2020-02-11,0.6927182022524544,1.2898264942540543
2020-02-12,0.6853504693074467,1.2749103230109906
2020-02-13,0.6737051162009667,1.2654827823706305
2020-02-14,0.6737707162940606,1.2527186256452474
2020-02-18,0.6683693345973042,1.234740894078632
2020-02-19,0.7160277573728369,1.3638564602223915
2020-02-20,0.7140881094921544,1.3669203714008116
2020-02-21,0.7062776198090721,1.3411664766231217
2020-02-24,0.7694715409394146,1.3251516161917862
2020-02-25,0.7794416690083549,1.306072889741397
2020-02-26,0.8680874093814368,1.5901440256828492
2020-02-27,0.8535589293178006,1.5506015596921026
2020-02-28,0.8343705692133804,1.540596877995331
2020-03-02,1.1764586153423309,2.03759251227391
2020-03-03,1.1513405206861493,1.9814733374360698
2020-03-04,1.3201023567996708,2.045137602184752
2020-03-05,1.2840148873845236,1.990919186799706
2020-03-06,1.337875928190769,1.9600008873405557
2020-03-09,1.3006837868639356,1.9137940587496653
2020-03-10,1.2652250342152116,1.9121751609004554
2020-03-11,1.3238523425664563,1.8730628653579482
2020-03-12,1.2899705910204435,1.828318152315316
2020-03-13,1.5601338928801907,2.3694988062315105
2020-03-16,1.672172772071572,2.7685970978032386
2020-03-17,1.645037931367765,4.093377103779623
2020-03-18,1.6253559038409309,3.9737280386229568
2020-03-19,1.6441296414340856,4.084085876119233
2020-03-20,1.655182140389424,3.9646161971863263
2020-03-23,1.6412200162899833,3.8913574035399607
2020-03-24,1.8686894972664128,4.007606227026551
2020-03-25,2.105678505261335,4.280302702853994
2020-03-26,2.0669807454346265,4.165670010533564
2020-03-27,2.025187685094489,4.036935240032993
2020-03-30,1.9705167598209983,3.9153197842900482
2020-03-31,1.914197585963247,3.8263982972427586
2020-04-01,1.9987739384382095,3.7138014794595806
2020-04-02,1.9503839341713138,3.600198026800239
2020-04-03,1.9271192975559375,3.6050279132541823
2020-04-06,1.872949124109488,3.4967065535857027
2020-04-07,1.9188829223396395,3.5273822656474243
2020-04-08,1.866182670995015,3.420214894041085
2020-04-09,1.8227983968167785,3.3170161458665954
2020-04-13,1.8618114455329267,3.2844380370543718
2020-04-14,1.846475427689551,3.186342508746341
2020-04-15,1.8002795407505963,3.1165101719446033
2020-04-16,1.7514121228598423,3.0332607225620833
2020-04-17,1.700209812494558,2.9422449372584825
2020-04-20,1.710570199890192,2.913883752000457
2020-04-21,1.6679414760344664,2.8326756998970386
2020-04-22,1.6272432238061982,2.8198647537310895
2020-04-23,1.6394737146211886,2.758740871177415
2020-04-24,1.6070404877933941,2.6843876367819193
2020-04-27,1.5638670162319461,2.605039598794462
2020-04-28,1.526788162177072,2.528418284359185
2020-04-29,1.486800143686069,2.461043201477141
2020-04-30,1.4494589443432482,2.408122028646314
2020-05-01,1.4693884972440217,2.390329839448138
2020-05-04,1.4339899251673354,2.3232497756035615
2020-05-05,1.3954501493633458,2.2704461894531414
2020-05-06,1.3593235567456095,2.222316952690972
2020-05-07,1.354526292629514,2.159089501895153
2020-05-08,1.3601956168744114,2.1736332874694577
2020-05-11,1.3297251142339557,2.1327740941199336
2020-05-12,1.3010567642474837,2.072677738260121
2020-05-13,1.2679144002451546,2.0149590502194217
2020-05-14,1.2514058468756775,1.970597329009626
2020-05-15,1.2328493648763208,1.9613064705682377
2020-05-18,1.2056846402932608,2.1946024332052203
2020-05-19,1.186402492633645,2.1736300726352744
2020-05-20,1.1741465414140335,2.1850484135777464
2020-05-21,1.1438483414197083,2.140975813836314
2020-05-22,1.163583009492611,2.159518775131403
2020-05-26,1.1399663500005535,2.1018640615250286
2020-05-27,1.1576118992949904,2.0453392746700545
2020-05-28,1.1274365353088274,2.005960961437324
2020-05-29,1.1000951560087129,1.9513436842304683
2020-06-01,1.0835909635277128,2.0137129466398327
2020-06-02,1.0602446194825434,2.051790722039717
2020-06-03,1.044154647985475,2.0263365467159846
2020-06-04,1.1034361069377527,2.033692712131658
2020-06-05,1.0996329038830421,1.9790769938543213
2020-06-08,1.169162589328708,1.9846976146308768
2020-06-09,1.162946976317641,2.0095698633814396
2020-06-10,1.1518893426858579,1.9685150521307082
2020-06-11,1.1655883778502047,2.060095648041078
2020-06-12,1.146996878960259,2.130929955554231
2020-06-15,1.116962483181091,2.083332512724323
2020-06-16,1.0886101090356095,2.0262129612618986
2020-06-17,1.060490830890275,1.9704611265286773
2020-06-18,1.034031441560699,1.9189631032364385
2020-06-19,1.0090274207444168,1.8743847009639438
2020-06-22,1.0136780234811182,1.8678183163868456
2020-06-23,0.9983464045848436,1.8173834784422518
2020-06-24,0.991052137627433,1.8067940985182853
2020-06-25,0.9700849883104085,1.885246292183
2020-06-26,0.9464865546716705,1.8872155861534028
2020-06-29,0.9286596789441149,1.836930119097979
2020-06-30,0.906525348977753,1.7878178778531704
2020-07-01,0.8904221962530452,1.811757976435714
2020-07-02,0.8762270767889462,1.7825838219732295
2020-07-06,0.8572852054948223,1.7418559880526439
2020-07-07,0.8481221843743592,1.7611860264955999
2020-07-08,0.8405972765116863,1.7154495624001935
2020-07-09,0.8331108652306585,1.7943899006011503
2020-07-10,0.8174084965737367,1.752677458681366
2020-07-13,0.8021975464717461,1.7078573110968553
2020-07-14,0.785470312956151,1.7112985004404377
2020-07-15,0.7756992519808016,1.6965963932617385
2020-07-16,0.7598833568879628,1.6730749435030206
2020-07-17,0.7763415265890208,1.70682649431566
2020-07-20,0.7817329951675133,1.6898161178935738
2020-07-21,0.7726203783554046,1.7770188682599624
2020-07-22,0.8025734899819823,2.2270556601663674
2020-07-23,0.8550070490739623,2.9622479815485803
2020-07-24,0.858171000662103,2.908576622325304
2020-07-27,0.8598917124898134,2.8288057611142836
2020-07-28,0.9482813923744541,3.243549514794645
2020-07-29,0.9434576218661539,3.1458174924052082
2020-07-30,0.9354271164039557,3.0576718540176047
2020-07-31,0.9292172946829166,3.086469334435649
2020-08-03,0.9289758567997662,3.1383090688538595
2020-08-04,0.9070442256650946,3.0450361660668968
2020-08-05,1.004133552298688,3.3171466471580833
2020-08-06,1.0003211665217993,3.305758136776471
2020-08-07,1.0189209750211845,3.6079076532926098
2020-08-10,1.0591169288217999,3.5498776936366556
2020-08-11,1.0353106930075604,3.5151689303063365
2020-08-12,1.611146532576114,4.831444540321338
2020-08-13,1.5684152910394182,4.6816327050140485
2020-08-14,1.6111623817491871,4.938005901623215
2020-08-17,1.567875441624418,4.852523487048151
2020-08-18,1.597271787741762,4.800990784048448
2020-08-19,1.5638189867951011,4.657396287611051
2020-08-20,1.685911862152071,4.605637126357179
2020-08-21,1.6437738947303673,4.513882922987754
2020-08-24,1.6069323403170113,4.422672885168326
2020-08-25,1.5661113939276141,4.29460778552544
2020-08-26,1.521190490408944,4.164321329223068
2020-08-27,1.5006460690484331,4.105892700998719
2020-08-28,1.4822501296031205,3.9967816081246546
2020-08-31,1.4909544264146586,3.8959300070241216
2020-09-01,1.4492843622348595,3.81770175481766
2020-09-02,1.408382943021653,3.701114830221328
2020-09-03,1.4021157735951921,3.626991864221253
2020-09-04,1.3757096657487151,3.595744804698993
2020-09-08,1.3384463418443824,3.498884438654216
2020-09-09,1.3021184268668748,3.4044127234577575
2020-09-10,1.2842496633450773,3.3256286951851353
2020-09-11,1.2513536066806283,3.2383113130192798
2020-09-14,1.2172294504841228,3.1404433148975315
2020-09-15,1.1970065848087241,3.0676065369792744
2020-09-16,1.1662978750332766,2.975711552845852
2020-09-17,1.136791109699616,2.8864405276235607
2020-09-18,1.1143097623432285,2.800196938269589
2020-09-21,1.0854234257997815,2.731120262251344
2020-09-22,1.1548825453018334,3.2362603630479825
2020-09-23,1.1300436768558133,3.1476487132060598
2020-09-24,1.2084768442334846,3.507497139678327
2020-09-25,1.1785761752146473,3.427499996168515
2020-09-28,1.1491345927892176,3.335031284571331
2020-09-29,1.1406095865927786,3.3268694452037657
2020-09-30,1.1259356497451076,3.2655312859173873
2020-10-01,1.1053593974651057,3.2952258705691277
2020-10-02,1.0943805456485856,3.231784514688109
2020-10-05,1.0662202471609945,3.134199677594237
2020-10-06,1.0441922825858267,3.0830408212733307
2020-10-07,1.053521125738505,3.1342502392336953
2020-10-08,1.0266958547680882,3.064235225630895
2020-10-09,1.0036576571940683,2.9735707462090257
2020-10-12,1.0586206059765781,3.150849865129578
2020-10-13,1.0338485752592719,3.0566672788733213
2020-10-14,1.0713707406035524,3.086325734835464
2020-10-15,1.0458384273600498,2.9938080491768595
2020-10-16,1.0221847975930838,2.9044279168245843
2020-10-19,0.9998938700453878,2.823005688533537
2020-10-20,0.9750091889145668,2.7441246819383442
2020-10-21,0.95678834592672,2.7012967523445255
2020-10-22,0.9481264591925878,2.635822586531715
2020-10-23,0.9528284528483015,2.5796739095823886
2020-10-26,0.9301594459467879,2.5039927663586674
2020-10-27,0.9080711536445115,2.4542130345385873
2020-10-28,0.8884260279207722,2.386153016888988
2020-10-29,0.9448071919431806,2.5234312288555363
2020-10-30,0.9272695699279784,2.4507247947960056
2020-11-02,0.9105292897589474,2.3986221397186354
2020-11-03,0.9146052299966543,2.371456978792818
2020-11-04,0.9015492304853641,2.303180150814713
2020-11-05,0.8806111219879891,2.246688992901829
2020-11-06,1.0006033582163687,2.5953297444556847
2020-11-09,0.9760620648200548,2.525485619666225
2020-11-10,1.403571206661729,2.777586445690494
2020-11-11,1.365900034360356,2.695982847027282
2020-11-12,1.331688856295509,2.6179996372516023
2020-11-13,1.3014805210015414,2.5411502657068175
2020-11-16,1.2743881099526302,2.4933593890168697
2020-11-17,1.2394443472992474,2.423807344830139
2020-11-18,1.2089236072052627,2.370645794280756
2020-11-19,1.183977427757494,2.3103703719454463
2020-11-20,1.153220800639528,2.247956471473054
2020-11-23,1.124444972318836,2.185069419065974
2020-11-24,1.1858608997458384,2.2033896490417058
2020-11-25,1.207361132231593,2.164710527773598
2020-11-27,1.1748962827551508,2.105829463260879
2020-11-30,1.1675464362911523,2.173941520930057
2020-12-01,1.1471211523546974,2.1123798167516896
2020-12-02,1.210918818016255,2.4600109300040782
2020-12-03,1.1897970928100772,2.388641852169631
2020-12-04,1.17078459524173,2.3219851119671953
2020-12-07,1.1416188718932667,2.2558519992855146
2020-12-08,1.1597647837193632,2.219839730356849
2020-12-09,1.1313809592713662,2.1566508503470865
2020-12-10,1.170398754289142,2.1833235670014277
2020-12-11,1.1401754701326634,2.123640033652879
2020-12-14,1.1106866232286203,2.064769945469828
2020-12-15,1.0893834933845932,2.009771992909055
2020-12-16,1.1056628282462533,2.0657596445895314
2020-12-17,1.0835091437644322,2.1731983663188372
2020-12-18,1.0808569868400937,2.175382921869421
2020-12-21,1.0537856353657717,2.1216882590372728
2020-12-22,1.0296926458751208,2.102305739027524
2020-12-23,1.0204484714795525,2.245064027730951
2020-12-24,1.0053938291321463,2.2120894521049577
2020-12-28,0.9840206344334589,2.1550696425989773
2020-12-29,0.963639470795987,2.1436365114330114
2020-12-30,0.9433483641078215,2.0834681882646264
2020-12-31,0.93590567548418,2.0560672189392517
2021-01-04,0.9169212182095582,2.0066765148016144
2021-01-05,1.0228631490326003,2.0850366916259526
2021-01-06,0.9990495502738471,2.0482037650775964
2021-01-07,1.0441303471750103,2.013813821027617
2021-01-08,1.0191710807228036,1.9593099011853758
2021-01-11,1.27171278481093,2.541631176668623
2021-01-12,1.2378191120504498,2.485262669397157
2021-01-13,1.2124992806475214,2.4665023738501812
2021-01-14,1.1841809782846453,2.4105701574138045
2021-01-15,1.1525682374891497,2.356295369230287
2021-01-19,1.1582533124612686,2.411865453400027
2021-01-20,1.1428558415961663,2.382461499787272
2021-01-21,1.1699924831374882,2.396712155576505
2021-01-22,1.1389321665750192,2.331427751652511
2021-01-25,1.1239590065264924,2.314356840927502
2021-01-26,1.0945282250513193,2.2503899016978677
2021-01-27,1.0677919738016297,2.188476962835018
2021-01-28,1.0508838356894923,2.138491561483612
2021-01-29,1.0241869614670243,2.435180728063636
2021-02-01,0.9984505635079611,2.378358709386679
2021-02-02,0.9954460694425425,2.8138698916978173
2021-02-03,1.010853824538967,3.40171277213372
2021-02-04,0.9862880543585519,3.3190340599759147
2021-02-05,1.0831778930348863,3.246168937503496
2021-02-08,1.077502593222977,3.179537168347454
2021-02-09,1.0730657495717664,3.1108207104047816
2021-02-10,1.047715344070782,3.0186335408748914
2021-02-11,1.024012091373243,2.934299393280766
2021-02-12,1.0184718910697184,2.846506932038153
2021-02-16,0.9955682076938087,2.7693614660084553
2021-02-17,1.0261161928614182,2.6874690887234993
2021-02-18,1.0343042700879164,2.6113418978650222
2021-02-19,1.0081108712897568,2.5538768230933417
2021-02-22,0.986952218489083,2.4861829610381787
2021-02-23,1.0183572837242625,2.583694855402133
2021-02-24,0.9943635581023998,2.557816265226396
2021-02-25,0.9698810250286498,2.4917763203043646
2021-02-26,1.0414160341968701,2.468460433188614
2021-03-01,1.158980973070862,2.49430496927155
2021-03-02,1.1290136531660562,2.422133182511802
2021-03-03,1.1056927543756474,2.3596743640938667
2021-03-04,1.1067843454830295,2.3444052389059613
2021-03-05,1.1018562176546058,2.383182418895186
2021-03-08,1.073178156993936,2.3226931720717086
2021-03-09,1.0728837430273659,2.256201187688053
2021-03-10,1.1472362063306885,2.30857887257217
2021-03-11,1.122342932744873,2.2577505412302297
2021-03-12,1.0931318691167902,2.1941987667694205
2021-03-15,1.064765690716295,2.1423965233721476
2021-03-16,1.0417627577549795,2.1024959537801613
2021-03-17,1.0154075629719546,2.0553600442063216
2021-03-18,1.0022879335865984,2.0221780499062745
2021-03-19,0.9867830396293024,1.989915374414614
2021-03-22,0.9665942669636028,1.9458484042197584
2021-03-23,0.9437139119558279,1.9259789349351875
2021-03-24,0.936627017279272,2.0048540785524502
2021-03-25,0.9171327502533324,1.9494770547042397
2021-03-26,0.8996299454411308,1.8967088813608073
2021-03-29,0.8806457215907211,1.8460628344305803
2021-03-30,0.903500984999824,1.8252066536831164
2021-03-31,0.966859091358211,1.8994954806076436
2021-04-01,1.0015976552771362,1.904528622010355
2021-04-05,1.016013902004795,1.9095524016974232
2021-04-06,0.9905761360938313,1.858441441785135
2021-04-07,0.9820887573896468,1.8261339067987943
2021-04-08,0.9602984819170959,1.7771813215442136
2021-04-09,0.9666874286091746,1.7544856211091988
2021-04-12,0.9593304947451643,1.7207209827036685
2021-04-13,0.9467362505690892,1.71638723113298
2021-04-14,0.9368964565364795,1.737922174426698
2021-04-15,0.920207965253611,1.6942164166840696
2021-04-16,0.9675141307789781,1.7067124766601296
2021-04-19,0.9530708328074458,1.6633100748158696
2021-04-20,0.932381188052401,1.6238595656352175
2021-04-21,0.9132432229576976,1.5825993602980164
2021-04-22,0.9182347301394796,1.7007282156622063
2021-04-23,0.9092568693214147,1.7212596075952027
2021-04-26,0.8925492933364951,1.6774938992866781
2021-04-27,0.8735636393796863,1.641625767600388
2021-04-28,0.855790097067078,1.6020552980343146
2021-04-29,0.8388247842481622,1.5615812338855692
2021-04-30,0.8261112776577841,1.5292837897967866
2021-05-03,0.8120847312260138,1.5093993377087198
2021-05-04,0.8451753074118148,1.7322338686963257
2021-05-05,0.8438866972386481,1.7262872902872846
2021-05-06,0.8299104146529511,1.6810432689887087
2021-05-07,0.8923343512400045,1.8026474070072394
2021-05-10,0.8939557270944457,1.7570863558552676
2021-05-11,0.8755087528311923,1.7141318906410106
2021-05-12,0.8554388282307658,1.6954513918201704
2021-05-13,0.8674504190307937,1.7355455593734455
2021-05-14,0.8523134407290667,1.6912992338936799
2021-05-17,0.8571645785753506,1.6710294008574065
2021-05-18,0.8766579536107205,1.758557457797458
2021-05-19,0.8574600989915121,1.7124336281491108
2021-05-20,0.8381880908670102,1.7099396741679125
2021-05-21,0.825570448593757,1.666277508809264
2021-05-24,0.8075422825844951,1.6403018819234139
2021-05-25,0.7910315290129127,1.6112071194657334
2021-05-26,0.7999219222956989,1.5856380391581457
2021-05-27,0.784164888948128,1.5724405900896492
2021-05-28,0.7678464407093664,1.5420325254956833
2021-06-01,0.7565434839935513,1.5045903723935403
2021-06-02,0.74427312266016,1.4687979790016934
2021-06-03,0.7373293831878868,1.460941656850884
2021-06-04,0.853095867790219,1.5569546045969158
2021-06-07,0.8674471702747547,1.546601466209704
2021-06-08,0.8520793711979814,1.512316338288957
2021-06-09,0.8362896128351484,1.4983724296796648
2021-06-10,0.8192064247691465,1.4703364044035965
2021-06-11,0.806767986604738,1.445525569315046
2021-06-14,0.831533580637866,1.4139111434525102
2021-06-15,0.8248202552298829,1.3810311619013722
2021-06-16,0.8118342452377122,1.360047698142515
2021-06-17,0.8852630981394558,1.3763096384500673
2021-06-18,1.1205078953388223,1.7689567410929483
2021-06-21,1.0988844143348142,1.7299285914990978
2021-06-22,1.1042052529390376,1.6961165965835465
2021-06-23,1.080008167988464,1.6669912113317895
2021-06-24,1.0522720867234598,1.625991201061287
2021-06-25,1.0255481877740658,1.588346987093557
2021-06-28,1.002155617648777,1.5545256528761546
2021-06-29,0.9771768783698848,1.5161691649671087
2021-06-30,0.9838516002345441,1.5111263409907398
2021-07-01,0.9653218559493044,1.509318848955991
2021-07-02,0.9445962576627492,1.4761236829980207
2021-07-06,0.9329603469325042,1.5022978702787928
2021-07-07,0.9169847237614055,1.4971924476510114
2021-07-08,0.89899733258339,1.460809202163904
2021-07-09,0.8782040958399764,1.4429230686833576
2021-07-12,0.8609388477202312,1.4197674120659451
2021-07-13,0.8420837303627146,1.3892929080534222
2021-07-14,0.8237420784948486,1.3706806584434732
2021-07-15,0.8402329122210959,1.3614479693707784
2021-07-16,0.8215847554530475,1.3314249263033877
2021-07-19,0.8347503558573379,1.4300855666057002
2021-07-20,0.8166308232079211,1.4753575269754773
2021-07-21,0.7996657369379521,1.4475244348552443
2021-07-22,0.7877215279601784,1.4413762146638653
2021-07-23,0.7722709107267739,1.4143045528873037
2021-07-26,0.7602109369574235,1.3967379122841717
2021-07-27,0.7471715303662828,1.3643794651424161
2021-07-28,0.7331697398850303,1.39286326810041
2021-07-29,0.7273415214721382,1.3776005425385454
2021-07-30,0.7546742372932161,1.4549296671863832
2021-08-02,0.7621358019443975,1.4228403029458454
2021-08-03,0.747442406335423,1.3927783971876007
2021-08-04,0.7329580675579732,1.368901728111109
2021-08-05,0.7188151524028329,1.344616452815945
2021-08-06,0.7115567317837902,1.3357548605130654
2021-08-09,0.9067601883654393,1.52962132829391
2021-08-10,0.9758699866249858,1.6995035401586813
2021-08-11,0.9518801636221138,1.6610512421613324
2021-08-12,0.9779364535286492,1.63591862870953
2021-08-13,0.9538646041892554,1.6355576562561132
2021-08-16,0.9835939748980372,1.6731800847475857
2021-08-17,0.9654124248224175,1.6359883556950923
2021-08-18,0.9426011586162831,1.6080856544903763
2021-08-19,0.9199856155509851,1.5743356504194985
2021-08-20,0.9009602697935624,1.5582689958895493
2021-08-23,0.8799141309042338,1.5292624783824416
2021-08-24,0.9010928512292208,1.599404711526251
2021-08-25,0.8801375953844301,1.5738231036884045
2021-08-26,0.87506543948085,1.5344486782126756
2021-08-27,0.8552781117238113,1.517974841341046
2021-08-30,0.9002260181312933,1.566700650410412
2021-08-31,0.8868765327351296,1.5292225451959847
2021-09-01,0.8673259934801391,1.4967329896837247
2021-09-02,0.8475891401978077,1.4806571288583366
2021-09-03,0.8311595760409408,1.4647249078034077
2021-09-07,0.846673676420869,1.625348161279433
2021-09-08,0.9435875323604196,1.6289493943303872
2021-09-09,0.9228760619692555,1.6265818558304377
2021-09-10,0.9059993704957403,1.5887760103793733
2021-09-13,0.8927450456024714,1.5765513049239606
2021-09-14,0.8749086906623526,1.5370196337809299
2021-09-15,0.8664326602029825,1.503754912596137
2021-09-16,0.8578666781738205,1.4673663255609304
2021-09-17,0.9886649604652906,1.6840331303109983
2021-09-20,0.9650284073652332,1.735840770924362
2021-09-21,0.9544551348943695,1.6985780990499775
2021-09-22,0.9427093950633361,1.678785938059363
2021-09-23,0.9243147348834739,1.6441852039858653
2021-09-24,0.9412171740530192,1.6044355246835886
2021-09-27,0.9191733773348032,1.5796890145130895
2021-09-28,0.8983935470798554,1.5620295371661568
2021-09-29,0.9060154463499529,1.533401167157538
2021-09-30,0.8911595740048467,1.773927849608222
2021-10-01,0.9578188741905505,1.849775372740565
2021-10-04,0.935681321303615,1.8343848921522339
2021-10-05,0.9188543868494634,1.7932284026408973
2021-10-06,0.903821721858305,1.7466907207362838
2021-10-07,0.8844103104869327,1.7013269513405247
2021-10-08,0.8728799176517561,1.6583011720238918
2021-10-11,0.852931078755059,1.616676174415579
2021-10-12,0.8351070180460487,1.5774455835338712
2021-10-13,0.8224937066030819,1.5389801916505257
2021-10-14,0.8965522758153466,1.5658294875721717
2021-10-15,0.8771289349919544,1.6107209744096527
2021-10-18,0.9325608307920709,1.5874780408189844
2021-10-19,0.9122644335664433,1.5504907021162022
2021-10-20,0.8933559891607573,1.5732285889222317
2021-10-21,0.8937647763505884,1.6770402664769133
2021-10-22,0.8733210342459813,1.6442127377428264
2021-10-25,0.8637759895828805,1.6146005277493873
2021-10-26,0.8577222897093386,1.5874648693331908
2021-10-27,0.8560000122281913,1.5941215454108437
2021-10-28,0.8385193073308174,1.5560661285850248
2021-10-29,0.8199995444847981,1.5174462357059637
2021-11-01,0.8262993322694346,1.4921380886144147
2021-11-02,0.8161729116360661,1.4636472256644417
2021-11-03,0.8002805614179653,1.4995743748729007
2021-11-04,0.8068916418760858,1.4631061871274447
2021-11-05,0.8286425580409739,1.4427509580998978
2021-11-08,0.8607550560153693,1.4568778791763772
2021-11-09,0.8447822492079666,1.456495009893434
2021-11-10,0.8328591111737657,1.4269439824662162
2021-11-11,0.8492769978424586,1.437450960949101
2021-11-12,0.8392161086432762,1.4862691522599953
2021-11-15,0.8215126129503643,1.4520733941102728
2021-11-16,0.8046022084362102,1.4286721139180156
2021-11-17,0.8053636699262797,1.4232275180413172
2021-11-18,0.8135840939804041,1.4063849309292173
2021-11-19,0.7997736569525754,1.3897595635355637
2021-11-22,0.8028818374991149,1.3742993578639813
2021-11-23,0.9415109172451509,1.4082906987731951
2021-11-24,0.9406767824525343,1.4450122528164238
2021-11-26,0.9184125135044182,1.4173297608476603
2021-11-29,0.8975861141268971,1.4567705517644842
2021-11-30,0.877365476390861,1.440347238001804
2021-12-01,0.8715479122830536,1.4103933889124258
2021-12-02,0.8559509416771651,1.4832074994057538
2021-12-03,0.8467571845865568,1.4539487662114996
2021-12-06,0.8483827080599547,1.4309625675933726
2021-12-07,0.8315922908260698,1.4058395607296876
2021-12-08,0.8168329486976733,1.3778760930544152
2021-12-09,0.7991805668319436,1.3473251229137022
2021-12-10,0.7952644598009008,1.4171582041439272
2021-12-13,0.7837774279553842,1.4032489794067835
2021-12-14,0.7692680874646821,1.3765053804600949
2021-12-15,0.7842596419641612,1.3876741250775075
2021-12-16,0.7734978933089184,1.3606990611388006
2021-12-17,0.8037136489036036,1.3990531323292998
2021-12-20,0.7883509259141318,1.37200883082871
2021-12-21,0.77836989643268,1.3462313109795299
2021-12-22,0.7624092625967743,1.335679476484958
2021-12-23,0.7753503023809114,1.357696023063232
2021-12-27,0.760820581695647,1.3286563391152628
2021-12-28,0.74709860858923,1.3128333936947385
2021-12-29,0.7394645276705556,1.2854618187022324
2021-12-30,0.7251243410695557,1.2697609119716082
2021-12-31,0.7286070613955469,1.2687699941548474
2022-01-03,0.7302206282397941,1.255850047113182
2022-01-04,0.7997994372837536,1.2810654813272992
2022-01-05,0.7994055172890775,1.2631888896722063
2022-01-06,0.7858099464889398,1.2856161808130822
2022-01-07,0.8200846909210014,1.3734633727046097
2022-01-10,0.8082910256452899,1.3480513658786333
2022-01-11,0.7935721223956548,1.3274115770762838
2022-01-12,0.8216258853821421,1.3385362656156379
2022-01-13,0.805647070173769,1.3816855989481895
2022-01-14,0.7926294842720513,1.356078934876549
2022-01-18,0.779078306427345,1.3328336885733496
2022-01-19,0.7641091404197311,1.4097874138646924
2022-01-20,0.8276284166580099,1.5566426095120136
2022-01-21,0.8118019618972366,1.5404695535078594
2022-01-24,0.7981914958162356,1.5226843523265745
2022-01-25,0.790409794227951,1.5118929537332964
2022-01-26,0.7767952883882341,1.4778463629516843
2022-01-27,0.8477531817729467,1.4771787327029624
2022-01-28,0.8810277511812108,1.6325598921449695
2022-01-31,0.8637586254636481,1.6281435576818937
2022-02-01,0.8540403294995237,1.5900182707611643
2022-02-02,0.834957692918585,1.5581485396510872
2022-02-03,0.8202089158249051,1.5193567244665822
2022-02-04,0.8032174571839157,1.5022875954573647
2022-02-07,0.7866823279318542,1.4685763085269792
2022-02-08,0.7872688939997446,1.53076925254921
2022-02-09,0.7735254659423109,1.5063293532568975
2022-02-10,0.761106248477605,1.472258499109147
2022-02-11,0.751244107178572,1.4416535240045
2022-02-14,0.8494837346011735,1.4766739092124985
2022-02-15,0.8386053106150265,1.4604702673866474
2022-02-16,0.8492533314008988,1.5011905891712425
2022-02-17,0.8608741240542269,1.4916311640874054
2022-02-18,0.894436151947746,1.4669754730245423
2022-02-22,0.873867112070232,1.4343900079111764
2022-02-23,0.8549398093504336,1.4150595238142478
2022-02-24,0.8413712826116917,1.4501492872653492
2022-02-25,0.836451141722461,1.481019622499466
2022-02-28,0.8218677778452059,1.44845113531233
2022-03-01,0.8360665277245112,1.4327647526505414
2022-03-02,0.9118648035628296,1.6838741842411311
2022-03-03,0.9225661504380399,1.6487993255750009
2022-03-04,0.9099968635455299,1.6083961882257503
2022-03-07,0.9564698182166613,1.606672239205044
2022-03-08,0.9899030095662976,1.5671871638354373
2022-03-09,1.1407157809065602,1.6947112494309777
2022-03-10,1.3066343200682597,1.766764323002957
2022-03-11,1.2722617650709585,1.732557105867925
2022-03-14,1.2482492038300381,1.6924720648851086
2022-03-15,1.2633470766947763,1.7933881524522894
2022-03-16,1.3027232816524839,1.75299415425834
2022-03-17,1.274162086382039,1.710553143115993
2022-03-18,1.2437530924277085,1.6809436925945531
2022-03-21,1.2270715326842503,1.6668040473347323
2022-03-22,1.2055924001890514,1.6453841949763894
2022-03-23,1.1852697941454915,1.6534250124112422
2022-03-24,1.1927004912182908,1.6525128929976296
2022-03-25,1.1715924596830463,1.6526237570017528
2022-03-28,1.1444813154738265,1.6151984268018535
2022-03-29,1.1910997629094342,1.6687702558719284
2022-03-30,1.1591373868516204,1.6258028765883548
2022-03-31,1.1421392453213246,1.5847122327883072
2022-04-01,1.1119476856698867,1.54600095475187
2022-04-04,1.0930904297816404,1.514312356691489
2022-04-05,1.0698780240928742,1.481417496248178
2022-04-06,1.0526454659822895,1.4723661739089582
2022-04-07,1.0269015007797588,1.4538761256667518
2022-04-08,1.0042619947036704,1.4257479314426196
2022-04-11,0.9887560561552358,1.3978362678987883
2022-04-12,0.970273717844369,1.4068140445918491
2022-04-13,0.9614653863530144,1.4117139449259561
2022-04-14,0.9437634524613867,1.4069051769016174
2022-04-18,0.924429572500783,1.3782217808852888
2022-04-19,0.9048155299951062,1.365938364268427
2022-04-20,0.9502935956663631,1.4739823724245888
2022-04-21,0.9333594743097526,1.4390970196032413
2022-04-22,0.9149878705996162,1.4902455490521624
2022-04-25,0.9214933017617112,1.536742579283333
2022-04-26,0.9909980786646645,1.5825281343054836
2022-04-27,0.9668963438141479,1.55467551107258
2022-04-28,0.9596100030819309,1.525702564863891
2022-04-29,0.9436072596117951,1.4900088767979562
2022-05-02,0.9208840921874967,1.512686388734815
2022-05-03,0.9960593092066667,1.4875935696277276
2022-05-04,0.9728838983085766,1.4521747036965282
2022-05-05,0.9735534457539828,1.5042939629703864
2022-05-06,0.954000683455752,1.5692320494546317
2022-05-09,0.931436926016523,1.535814950222353
2022-05-10,0.9689818054407121,1.6637924196100202
2022-05-11,0.9655134968508029,1.7171663765713032
2022-05-12,0.9589697696002351,1.7155590546649406
2022-05-13,1.0006609557467554,1.897901017196917
2022-05-16,0.9938739163280637,1.8824742707725073
2022-05-17,0.9918665488138996,1.930408765011537
2022-05-18,0.9784097665056706,1.8776320796046413
2022-05-19,0.9543496267255239,1.8402846984087753
2022-05-20,0.9867508588033916,1.9002145952884912
2022-05-23,0.9624089350980721,1.8628279018621672
2022-05-24,0.9443271875855298,1.8128842731192198
2022-05-25,0.9362960611423027,1.7965164940935578
2022-05-26,0.9247338054550743,1.7495241389230074
2022-05-27,0.9039102554405272,1.7037162769141985
2022-05-31,0.8827438562424064,1.6603992450410197
2022-06-01,0.8925020906970728,1.7269932390853313
2022-06-02,0.8828555864174019,1.716248494126713
2022-06-03,0.9046732435295026,1.7540468752476532
2022-06-06,0.9143803904228077,1.7566666198526932
2022-06-07,0.8988676280372726,1.7181179952838306
2022-06-08,0.8894275264620699,1.6822274951023313
2022-06-09,0.8691748401877525,1.6499734557547758
2022-06-10,0.8528169298516326,1.6667519009755885
2022-06-13,0.8852250430710994,1.6443061793496718
2022-06-14,1.0591037812735893,1.7968830966608205
2022-06-15,1.0487093872920448,1.75583236365982
2022-06-16,1.0622087569830994,1.8495122419183907
2022-06-17,1.0645166552493603,1.8294866529171998
2022-06-21,1.0547386327665025,1.8056813408765997
2022-06-22,1.0316376758713592,1.757470614674297
2022-06-23,1.009179571614194,1.7303352741025282
2022-06-24,0.9943774207358046,1.748048092117482
2022-06-27,0.970055264485115,1.710560898699054
2022-06-28,0.9467531499436025,1.666052133405156
2022-06-29,0.9248279333126007,1.6629062595326494
2022-06-30,0.9030728232262039,1.6211348459280874
2022-07-01,0.8933725046241087,1.6967413187604623
2022-07-05,0.8729021579116,1.7043763762794608
2022-07-06,0.9839614715880033,1.8227354397183693
2022-07-07,1.027286728550388,1.774619562037279
2022-07-08,1.0013739349118949,1.7294878321304739
2022-07-11,0.9764224734883685,1.6850179233085067
2022-07-12,0.9607480335618552,1.6644425664724096
2022-07-13,0.9415391231201757,1.632102655992008
2022-07-14,0.9247244341389613,1.6255358951792773
2022-07-15,0.9595143266649049,1.8375080066713287
2022-07-18,0.9374847997412342,1.8073330269115633
2022-07-19,0.9151300844106038,1.759586023607942
2022-07-20,0.8948700877263366,1.7158525712458672
2022-07-21,0.9009645628665336,1.6763585537128436
2022-07-22,0.9340101271916177,1.65802087298612
2022-07-25,0.913121240980129,1.6530577667431992
2022-07-26,0.8940464879251124,1.6252534848505333
2022-07-27,0.8738008986221232,1.6033732228694906
2022-07-28,0.8830463170245737,1.6726014481584588
2022-07-29,0.9040144441273417,1.956506002425266
2022-08-01,0.8847981932368357,1.933473850303139
2022-08-02,0.8731694491705498,1.884058915164101
2022-08-03,0.864521069942409,1.8940322438101074
2022-08-04,0.8464172336156952,1.8454851516291952
2022-08-05,0.9054931505924881,1.80599861596707
2022-08-08,0.921922696627539,1.8007930333473798
2022-08-09,0.9192091147426719,1.9618320116612395
2022-08-10,0.8997509190037533,1.9117484020688071
2022-08-11,0.8808645884318536,1.8598232163286708
2022-08-12,0.8629820396683007,1.8425872698125438
2022-08-15,0.8675505837228541,1.8978558775943628
2022-08-16,0.8986861044885586,1.9429203120811231
2022-08-17,0.8788046104543946,1.894579605206654
2022-08-18,0.8718821029505575,1.887190901338124
2022-08-19,0.8543453384793088,1.855622840503843
2022-08-22,0.852462819409342,1.9169152336442101
2022-08-23,0.8476926640115922,1.8657317965146023
2022-08-24,0.8428491176602299,1.8225531529968784
2022-08-25,0.8264500997687989,1.7737827165565163
2022-08-26,0.8109678064458344,1.7320125440394425
2022-08-29,0.8420417837350002,1.7570071290726967
2022-08-30,0.8233758549963279,1.7131160334966034
2022-08-31,0.8285367297046449,1.7279640583445761
2022-09-01,0.8301808035819367,1.763975499153185
2022-09-02,0.8373360297889909,1.7404048379901602
2022-09-06,0.8415609605542246,1.7164241203208097
2022-09-07,0.8342248353334246,1.6720375081277843
2022-09-08,0.8462842294157684,1.7521215477863026
2022-09-09,0.8393108219813329,1.7064609656161527
2022-09-12,0.8287300236363776,1.7090045319402478
2022-09-13,0.8180110141350383,2.009493090760056
2022-09-14,0.8551587370417787,2.00296246159085
2022-09-15,0.8409367335648792,1.9604488359430774
2022-09-16,0.9288524411890766,1.9672913412297792
2022-09-19,0.9147246015643847,1.9715462004083928
2022-09-20,0.8931969124038033,1.9172490207968913
2022-09-21,0.882685660206551,1.8955520038348734
2022-09-22,0.8681806180505095,1.894573436255819
2022-09-23,0.8485849095929545,1.8435399679836626
2022-09-26,0.9208444978753548,2.036570383095832
2022-09-27,0.9385916942855043,2.0688562600262026
2022-09-28,0.9169998036790149,2.0112088024125554
2022-09-29,1.007530669975872,2.0955796642537576
2022-09-30,0.9823705363857569,2.0395495208538246
2022-10-03,0.9581329727975461,1.9906805599939177
2022-10-04,1.079719747669151,2.8226244263696705
2022-10-05,1.0988943379464904,2.757101720706528
2022-10-06,1.0781913065437825,2.7129309599491602
2022-10-07,1.05077090429302,2.6333773214883154
2022-10-10,1.0550765763195848,2.642842418510735
2022-10-11,1.0866171701612037,2.6178124964775344
2022-10-12,1.0596917931942866,2.59659557361467
2022-10-13,1.0390904606672322,2.52300546183677
2022-10-14,1.025573479256477,2.463628513212076
2022-10-17,1.0405556217064913,2.520101704226964
2022-10-18,1.0159265269362632,2.484049271733813
2022-10-19,0.991399462503877,2.416417024965145
2022-10-20,1.0153960949381349,2.3653402789745135
2022-10-21,0.9907200046139794,2.307711875890367
2022-10-24,1.044282637364526,2.378114985337733
2022-10-25,1.0206907766090376,2.311691714786416
2022-10-26,0.9961111771019125,2.2580281290822866
2022-10-27,0.9813016332679814,2.1992599421311483
2022-10-28,0.9579179364986892,2.1367998232411853
2022-10-31,0.9642382939511449,2.1000280345879436
2022-11-01,0.9597408353252794,2.0471354368324923
2022-11-02,0.9632074145997058,2.0694961077952554
2022-11-03,0.9537498913245998,2.054520916376846
2022-11-04,0.9350367004913573,2.0165270210464543
2022-11-07,1.1388418832668417,2.573834644195962
2022-11-08,1.1127786666021766,2.501784445235145
2022-11-09,1.1991440444568227,2.5184799827170163
2022-11-10,1.1728783557487603,2.478367742942752
2022-11-11,1.3265461377561232,2.5143733489375726
2022-11-14,1.2978599167350826,2.4409751614175597
2022-11-15,1.2628781365012143,2.3943879867310462
2022-11-16,1.2306296248398239,2.3624909269657004
2022-11-17,1.1985676224970863,2.3001121480353115
2022-11-18,1.1786226205815689,2.2981431333791855
2022-11-21,1.1583820738348356,2.2326775551387095
2022-11-22,1.1352379785305111,2.169832470472933
2022-11-23,1.105512345387253,2.1271194852792767
2022-11-25,1.0852683867845083,2.11702032721343
2022-11-28,1.0572649021974647,2.060146268035094
2022-11-29,1.0465634444766871,2.0772043137387866
2022-11-30,1.0255266916635084,2.0517658259254077
2022-12-01,1.0390995711010322,2.24158626918628
2022-12-02,1.092077886700436,2.2656200874545926
2022-12-05,1.0669432491882547,2.2278772769451103
2022-12-06,1.1127180160660732,2.365161316445353
2022-12-07,1.085123406644163,2.296861708894498
2022-12-08,1.0757071515370122,2.29694473682602
2022-12-09,1.0480536326187724,2.2545935351754527
2022-12-12,1.0241377473255902,2.2239404242386334
2022-12-13,1.0167069686238452,2.1632492579827387
2022-12-14,1.0613902060682292,2.1403717433282106
2022-12-15,1.0358865126209293,2.087221457843851
2022-12-16,1.0782303318434578,2.185168766166998
2022-12-19,1.0678237373390844,2.1281711198835915
2022-12-20,1.0426078618946895,2.08629552387668
2022-12-21,1.0809526331157475,2.3581806287709237
2022-12-22,1.053839740201684,2.296227527064411
2022-12-23,1.0644304238114033,2.266864298352844
2022-12-27,1.0390340548406796,2.2089201676091568
2022-12-28,1.0295779806956329,2.1642549580455404
2022-12-29,1.0092166184588671,2.172576782939202
2022-12-30,0.9915096713164646,2.1487251257937285
2023-01-03,0.9722244212579264,2.0887956098411817
2023-01-04,0.9661731682449619,2.030555911045507
2023-01-05,0.9652344385976444,1.9813178999766674
2023-01-06,0.9848741102341423,2.0008757134722837
2023-01-09,1.0467131470138549,2.0290677106603185
2023-01-10,1.0210941398153288,1.9819408762693411
2023-01-11,0.9984949101637288,1.9272849019447071
2023-01-12,0.973843598742653,1.8845046042642302
2023-01-13,0.9839255243765634,1.8681271523961471
2023-01-17,0.9958439109257646,1.8798371474676485
2023-01-18,0.9831201802444394,1.859576700503271
2023-01-19,0.9613752212818759,1.869807933398387
2023-01-20,1.0020323277443186,1.8676354549704286
2023-01-23,0.9803264390392329,1.8183370042166478
2023-01-24,0.9569390062992443,1.8313469802242672
2023-01-25,0.9368836313804719,1.7930367702969447
2023-01-26,0.9198193424614817,1.7600501760548315
2023-01-27,0.9223876653181593,1.7136993441387973
2023-01-30,0.9011853576215723,1.7014158169940041
2023-01-31,0.8823266353811674,1.6572229127973939
2023-02-01,0.8654965084451202,1.625215035783174
2023-02-02,0.8907995922700521,1.6065290042261555
2023-02-03,0.9937301547974966,1.658312087159323
2023-02-06,1.1281351110095197,1.9609779327780357
2023-02-07,1.099272296197726,1.9097214206674715
2023-02-08,1.0707706733293754,1.8610901891443932
2023-02-09,1.0444713331071513,1.8146021698343275
2023-02-10,1.0344794115647196,1.7992532626810356
2023-02-13,1.0090085915817175,1.7527502074294343
2023-02-14,0.9910247007580983,1.7070857802083645
2023-02-15,0.9665352066745853,1.665049661667382
2023-02-16,0.9709118298695522,1.6440385339792967
2023-02-17,0.9473881131496122,1.6029204725866757
2023-02-21,0.9266503157416918,1.5754080666168406
2023-02-22,0.9089608365697102,1.5376230030041662
2023-02-23,0.8973827308787516,1.5457525950611508
2023-02-24,0.8765976765328621,1.5139803017693374
2023-02-27,0.872838911458027,1.614480046006762
2023-02-28,0.8570324730088918,1.5855572686146577
2023-03-01,0.8434940165856903,1.586765231914524
2023-03-02,0.8342981731672107,1.5493048404923608
2023-03-03,0.8160837639104273,1.5119719825838307
2023-03-06,0.8329877751903639,1.5223943965547593
2023-03-07,0.8232945445052074,1.5103058592977008
2023-03-08,0.9011497754200345,1.8260198393687386
2023-03-09,0.880192384876829,1.7781184909441168
2023-03-10,0.8870999064881123,1.7317455509065616
2023-03-13,0.9903271591302214,1.767747262129164
2023-03-14,1.0922232904214042,2.2051711984103206
2023-03-15,1.0725305176321898,2.146275315810095
2023-03-16,1.0589335562188011,2.089838352579971
2023-03-17,1.032629526195336,2.0333524791859467
2023-03-20,1.1962495320977329,2.1415450371702867
2023-03-21,1.1640950064194764,2.0823205578776336
2023-03-22,1.214288311664681,2.03103254561619
2023-03-23,1.240571015612636,2.0735952399300306
2023-03-24,1.2384580767285978,2.025651068947329
2023-03-27,1.2327389576399617,1.9704380084427957
2023-03-28,1.2184437599768463,1.9161810556170913
2023-03-29,1.1991510235332343,1.878422669317782
2023-03-30,1.1727556632122405,1.8275711687202125
2023-03-31,1.1587723128704859,1.8595610324631318
2023-04-03,1.1346461193644335,1.819705584471972
2023-04-04,1.1160140623637038,1.7720437217938094
2023-04-05,1.1631069483350533,1.969534544680936
2023-04-06,1.132367782221438,1.9155215336163822
2023-04-10,1.1150693325627326,1.863909256914251
2023-04-11,1.0995333800136087,1.8135628365334218
2023-04-12,1.0798102369225273,1.7728098893361879
2023-04-13,1.0572385869708547,1.7706424109782362
2023-04-14,1.0729723625148633,1.751469768093936
2023-04-17,1.1227240906447589,1.7578386254048723
2023-04-18,1.098327284985245,1.7360616859955482
2023-04-19,1.0729815874243405,1.695769846398137
2023-04-20,1.0514221730976505,1.6537624176601324
2023-04-21,1.028066824831761,1.6123256169246643
2023-04-24,1.0280966223268135,1.5829789403473207
2023-04-25,1.0041871266128086,1.5466967698067329
2023-04-26,0.9853445969428171,1.5109777619226281
2023-04-27,0.9694850751079587,1.4828450438925511
2023-04-28,0.945742073765175,1.4483827938787517
2023-05-01,0.9229112305234836,1.4185262963540013
2023-05-02,0.907241265905337,1.3896184381225403
2023-05-03,0.9843261142298227,1.436182788720143
2023-05-04,0.9780630216276177,1.4045957928000445
2023-05-05,0.9664174234567786,1.4626390814902348
2023-05-08,1.0099304816263672,1.4730639891545938
2023-05-09,0.9849174377516083,1.439681972298419
2023-05-10,0.9731165071351037,1.405559661537553
2023-05-11,0.9499433848620298,1.383069632207579
2023-05-12,0.9482587469633145,1.7693843171400518
2023-05-15,0.9263384740772398,1.7328434803286488
2023-05-16,0.9053348990998291,1.6896033984095282
2023-05-17,0.9303278044801935,1.6742624575170355
2023-05-18,0.9118860583725831,1.6310339673766987
2023-05-19,0.9397323607882472,1.6137134653501974
2023-05-22,0.9429083458077085,1.6062357793298148
2023-05-23,0.9219859510767763,1.578616431643931
2023-05-24,0.9003670703033293,1.5485519436122237
2023-05-25,0.8992124053376619,1.5578422504365435
2023-05-26,0.9062185220548585,1.5550667194597128
2023-05-30,0.8890999936020855,1.6234006990218113
2023-05-31,0.8790004974956108,1.5843870229627068
2023-06-01,0.8593301121221305,1.5817604000332517
2023-06-02,0.8577404294301424,1.5854038215124238
2023-06-05,0.9052136672215452,1.5702212947825784
2023-06-06,0.893721730628215,1.5318164508175263
2023-06-07,0.8731669494539472,1.4940811365832736
2023-06-08,0.8974784156049581,1.4654743047570775
2023-06-09,0.9242790299112814,1.662891303572234
2023-06-12,0.90464798887818,1.620311628613684
2023-06-13,0.8837574592648582,1.5915628333635456
2023-06-14,0.8803491091758446,1.5930953452332186
2023-06-15,0.8601243588621588,1.5727581223420057
2023-06-16,0.8547430179052207,1.533663766384457
2023-06-20,0.8364332946164423,1.5177745671250182
2023-06-21,0.8525307327215162,1.7819201393680761
2023-06-22,0.8342159543928158,1.7960737827257776
2023-06-23,0.8477351811026098,1.7827957736270867
2023-06-26,0.8308107482960374,1.7364441924736072
2023-06-27,0.8132997934782811,1.7295680538269516
2023-06-28,0.8031632758017733,1.6866966601890196
2023-06-29,0.7880884944884976,1.6502334671058372
2023-06-30,0.7721273049775708,1.6133868595174932
2023-07-03,0.770301939970924,1.584331216476135
2023-07-05,0.7548474809740704,1.5505167796260706
2023-07-06,0.7445831690317125,1.528552184694734
2023-07-07,0.7334892235686781,1.5494440893932062
2023-07-10,0.7380151928700597,1.5612380608840328
2023-07-11,0.7237750677026231,1.523839040783291
2023-07-12,0.7145706474562522,1.486955456666209
2023-07-13,0.7629501918410059,1.7795888331878944
2023-07-14,0.7476086097847565,1.8538153267518385
2023-07-17,0.7368450358696204,1.8057945474290562
2023-07-18,0.7226293524949686,1.7589639324974846
2023-07-19,0.7530336488231585,1.7249690531981352
2023-07-20,0.7380234294687554,1.6836441677631653
2023-07-21,0.7334673067884587,1.6950091745543259
2023-07-24,0.7231009534815482,1.6547322673074119
2023-07-25,0.7166446938748792,1.6312554308889715
2023-07-26,0.7136333997521421,1.6185762502139125
2023-07-27,0.7083066600447375,1.605875513179383
2023-07-28,0.7845695845090658,1.7724176022313962
2023-07-31,0.7880927659307161,1.7399073573488761
2023-08-01,0.7736692751432115,1.737967985570346
2023-08-02,0.7950895782791153,1.7424446214622402
2023-08-03,0.7864258889926186,1.790785685462932
2023-08-04,0.7700928091125657,1.7477945566764137
2023-08-07,0.7583288187852835,1.702094364285851
2023-08-08,0.745205018061404,1.728757146824698
2023-08-09,0.7455084458655215,1.7180546864919868
2023-08-10,0.7394430469659178,1.6767556258560186
2023-08-11,0.7255847340803205,1.6337770077807574
2023-08-14,0.7117766249750381,1.592355865365913
2023-08-15,0.7024163346571788,1.5547187880841131
2023-08-16,0.6926457986658336,1.5170140042554827
2023-08-17,0.6937042016387265,1.4849083177477571
2023-08-18,0.6824286692871739,1.4747104335504353
2023-08-21,0.6705277213415689,1.4414438469209092
2023-08-22,0.661678481321745,1.5096251725757015
2023-08-23,0.6515602680098125,1.4769338430326424
2023-08-24,0.6793914206961111,1.6951438245935773
2023-08-25,0.6676959702305255,1.6617487357982998
2023-08-28,0.6573348901544487,1.623279465194031
2023-08-29,0.6494173352243626,1.581946874187927
2023-08-30,0.6745600213428915,1.6255403298753115
2023-08-31,0.6650717465337436,1.5905535355577467
2023-09-01,0.6553223886024719,1.5615587577693035
2023-09-05,0.6447016765953245,1.5398047314688688
2023-09-06,0.6624538514078928,1.6245444294742761
2023-09-07,0.6602733919724473,1.6284205578431157
2023-09-08,0.6496877868185381,1.6005468433080878
2023-09-11,0.6393005960066148,1.560664947479938
2023-09-12,0.6305128624703927,1.5311048987971898
2023-09-13,0.6328281734146803,1.4936658902533861
2023-09-14,0.6258164465222085,1.4740276492880173
2023-09-15,0.6165905457066299,1.4557099683049433
2023-09-18,0.62478935205834,1.4840523605799307
2023-09-19,0.6288828786815417,1.4636218945320831
2023-09-20,0.62001180678666,1.4288561868765306
2023-09-21,0.6111419676314039,1.3973929302918333
2023-09-22,0.6259421593489699,1.3695244843324073
2023-09-25,0.620413780841972,1.347144896521825
2023-09-26,0.6233678299579063,1.3804885434789762
2023-09-27,0.6418711847636308,1.3745111141577118
2023-09-28,0.6938140839782513,1.3740962067063789
2023-09-29,0.691547113789839,1.3434423127966084
2023-10-02,0.7199410495874219,1.3896984698475143
2023-10-03,0.747247493431347,1.737006729094122
2023-10-04,0.7358244438137225,1.691562687110615
2023-10-05,0.7215913473646803,1.6549262832482357
2023-10-06,0.7094390140941592,1.6139388984709127
2023-10-09,0.7052996022018402,1.6764423534930066
2023-10-10,0.804017732263558,1.6792889002781097
2023-10-11,0.7880046446623966,1.6383813714460034
2023-10-12,0.7880487217245206,1.6137853119966556
2023-10-13,0.7750650217094478,1.5933528641395314
2023-10-16,1.0415659166798128,1.8188655532504305
2023-10-17,1.0215790937477272,1.7736426245385268
2023-10-18,0.9965573225833607,1.7480405125502356
2023-10-19,1.0235427258088177,1.7023538525269843
2023-10-20,1.0342105199452634,1.667817763493
2023-10-23,1.0096383506618791,1.6564187974162663
2023-10-24,0.9876971211411444,1.6590326768581163
2023-10-25,0.9632762949274275,1.616635760209994
2023-10-26,0.9441452884841266,1.5779740570024172
2023-10-27,0.92190776075488,1.5415616683587092
2023-10-30,0.9361970752326269,1.5483677721927624
2023-10-31,0.9233211961386572,1.5204640762722037
2023-11-01,0.910476077675305,1.5353215265391065
2023-11-02,0.892261680506759,1.4974201343467324
2023-11-03,0.8743988099408211,1.4651147087981806
2023-11-06,0.8579217183067102,1.482780391965314
2023-11-07,0.8580458618928222,1.455000385177782
2023-11-08,0.8444552290048698,1.472977723695701
2023-11-09,0.8575048110797013,1.4402309668395243
2023-11-10,0.8425295252504126,1.406867808048256
2023-11-13,0.8618203165017934,1.4305449209444252
2023-11-14,0.8510253645288618,1.4007608706531598
2023-11-15,0.8549340494704762,1.6037737031503148
2023-11-16,0.8381581289839841,1.5936997941423494
2023-11-17,0.8569010621748331,1.5900005764758058
2023-11-20,0.837606197088791,1.5499713791603766
2023-11-21,0.8201152854859691,1.5392061302801914
2023-11-22,0.8371716091798532,1.5341718947085206
2023-11-24,0.8248903317715295,1.5000284258550685
2023-11-27,0.8147752176922943,1.5984265645456273
2023-11-28,0.810767031696588,1.5877399484274428
2023-11-29,0.8467205882265686,1.5922009145120728
2023-11-30,0.8283203142906127,1.5525485255670248
2023-12-01,0.8162017308113548,1.535614662972764
2023-12-04,0.8860324544806139,1.511516626226089
2023-12-05,0.999556572368674,1.7219551788552092
2023-12-06,0.9788332126286409,1.7141779503611676
2023-12-07,0.9579921245358681,1.6813526667637078
2023-12-08,0.9352674433780139,1.644486088231573
2023-12-11,0.9637205761345682,1.770313827158773
2023-12-12,0.9744882933198551,1.7361716309202762
2023-12-13,0.9506959772430507,1.692285836203202
2023-12-14,1.05458112352303,1.9416857524273439
2023-12-15,1.0355700756869892,1.9320550125001714
2023-12-18,1.0315968072119333,1.9095652037244089
2023-12-19,1.0102944585594713,1.857769504036972
2023-12-20,0.996282748252813,1.8246080502789108
2023-12-21,0.9799407430698022,1.7757403032013106
2023-12-22,0.9683358734690292,1.7524280346941081
2023-12-26,0.9494889027955293,1.7177082796921104
2023-12-27,0.9415740048509119,1.6750372354206502
2023-12-28,0.9241411345260756,1.6320786702425694
2023-12-29,0.9124462753505068,1.610325268213663
2024-01-02,0.8918097546537027,1.585245184522377
2024-01-03,0.8730109668124956,1.5515513830112728
2024-01-04,0.8748844361540663,1.6451241677151416
2024-01-05,0.8550362077857662,1.6031399273149165
2024-01-08,0.8357886166362047,1.569418368132942
2024-01-09,0.8374221026414865,1.5326051552744868
2024-01-10,0.8188930745382388,1.5015717990041577
2024-01-11,0.8030985962228709,1.466408506613903
2024-01-12,0.7870077475746684,1.4373339263580867
2024-01-16,0.8004223619537116,1.4634593265331588
2024-01-17,0.813884578432958,1.4507501602023105
2024-01-18,0.8363404417859198,1.4581484412313732
2024-01-19,0.8377519976123784,1.4350062231221465
2024-01-22,0.8216430924739184,1.4097305036483943
2024-01-23,0.8088070864263691,1.4696739426196588
2024-01-24,0.7958751282108627,1.4785865768204307
2024-01-25,0.8024172715377641,1.4576501838563773
2024-01-26,0.7899560859932219,1.4465667106628344
2024-01-29,0.7736448569094725,1.414864594963341
2024-01-30,0.7734642759868748,1.4363696562278938
2024-01-31,0.7580597311444619,1.402500706188585
2024-02-01,0.7431383090660098,1.4044687364413242
2024-02-02,0.7640641477086837,1.4123621181888413
2024-02-05,0.7801915932035047,1.4713469289997916
2024-02-06,0.7749771011531413,1.4704170799636251
2024-02-07,0.7675091462660875,1.4358465257779112
2024-02-08,0.751953342440541,1.4167136433934844
2024-02-09,0.73740912470057,1.4317228737889207
2024-02-12,0.7289646134117207,1.3983662643614878
2024-02-13,0.7178301951335191,1.3690296710561753
2024-02-14,0.7733430943762719,1.4826606596357426
2024-02-15,0.7576801425497935,1.4734957719461879
2024-02-16,0.756989694419732,1.5464965689042043
2024-02-20,0.7459500608201779,1.589134388533085
2024-02-21,0.7431845601147391,1.5884794395178041
2024-02-22,0.7286049011904121,1.5531779240909314
2024-02-23,0.7146703733914784,1.5224702868775304
2024-02-26,0.7120981696095807,1.497519484770028
2024-02-27,0.7010284195313994,1.5188815483216662
2024-02-28,0.6888824246660472,1.482610538588458
2024-02-29,0.6776761428659552,1.4469039182147132
2024-03-01,0.6753550685161351,1.4275152680951058
2024-03-04,0.7857231165430276,1.4790809551602235
2024-03-05,0.849160319101189,1.6286666948438882
2024-03-06,0.8405305324165445,1.600010011439857
2024-03-07,0.8415917708590542,1.6268577159454274
2024-03-08,0.8321949171023995,1.5924915215995041
2024-03-11,0.8349598682496981,1.5523648335178764
2024-03-12,0.8173711664356524,1.5192084406823356
2024-03-13,0.8389996450784453,1.5067288029087536
2024-03-14,0.8347186137808743,1.6429591884963606
2024-03-15,0.8223132413404554,1.601984873329045
2024-03-18,0.8080725876628377,1.5918873489780587
2024-03-19,0.7913864107576452,1.5564259204775028
2024-03-20,0.7753526839818519,1.5224941151266298
2024-03-21,0.8040117549362319,1.5705919405431488
2024-03-22,0.7873490463406676,1.664114546187529
2024-03-25,0.7932540696365349,1.6237872497081516
2024-03-26,0.7795048553256642,1.5825997424885363
2024-03-27,0.7664631243623501,1.5627205539472413
2024-03-28,0.7675681405307342,1.5343142760491066
2024-04-01,0.8045810627234982,1.5173143762269627
2024-04-02,0.8191617509236411,1.4845739469122803
2024-04-03,0.865953109619089,1.7527947353513482
2024-04-04,0.8681392492745402,1.911853779604116
2024-04-05,0.8590146873056341,1.8734872854748335
2024-04-08,0.9217646817286398,1.8937851285172216
2024-04-09,0.9101431529836808,1.8745958149160356
2024-04-10,0.8967517928229906,1.8476715108063781
2024-04-11,0.9030617528767653,1.8145771434175488
2024-04-12,0.9820475717942735,1.8389474496085574
2024-04-15,1.0057146811865536,1.822097278001209
2024-04-16,1.0652412370398168,1.908414142051468
2024-04-17,1.0381351556921468,1.9350496518381273
2024-04-18,1.0263203875856641,1.8826795685352196
2024-04-19,1.003063363134875,1.831659220952182
2024-04-22,0.9802900493282012,1.8089897293490513
2024-04-23,1.1139923286418052,2.1103054756728667
2024-04-24,1.0864944843666775,2.051844976021277
2024-04-25,1.0593661475824567,1.9963509824623638
2024-04-26,1.0404240238912819,1.9471254143794414
2024-04-29,1.016327775226207,1.9002559428664705
2024-04-30,0.9920830131738436,1.8493593604793674
2024-05-01,1.0717442099377812,1.9482469928291462
2024-05-02,1.0631480970761276,1.9070376466329666
2024-05-03,1.0385376141019385,1.8572219509252872
2024-05-06,1.0124191363222192,1.8119962369798324
2024-05-07,1.0141319325867721,1.9411927226728387
2024-05-08,0.9946716256569607,1.893081355367823
2024-05-09,0.9725713998970879,1.8418952703536644
2024-05-10,1.0114189956388375,1.9804590325732487
2024-05-13,1.0021532229589285,1.9274835414349907
2024-05-14,1.011130196006833,1.8750197632860113
2024-05-15,1.0033127227386958,1.8487927405044613
2024-05-16,1.018908859899778,2.0002509767506815
2024-05-17,0.9976126653685256,1.9455505019444428
2024-05-20,1.039595955121009,2.387424048486564
2024-05-21,1.0168856553428705,2.323617156267414
2024-05-22,0.9920513578026359,2.2690468348998154
2024-05-23,1.0566703180523793,2.3640722369110976
2024-05-24,1.1282375821806525,2.3634780198772467
2024-05-28,1.098670793547325,2.3010419218416645
2024-05-29,1.0950854296728734,2.5546886589858477
2024-05-30,1.0883436343745905,2.480392696531196
2024-05-31,1.060820126293186,2.4838608232654713
2024-06-03,1.04276342062916,2.473139684377633
2024-06-04,1.0351387820574993,2.4036754208233986
2024-06-05,1.0303027413369148,2.4489048210350615
2024-06-06,1.0380176021104623,2.4004383567770793
2024-06-07,1.0246488450008209,2.517108644128638
2024-06-10,1.297660538040138,2.9094504891326367
2024-06-11,1.2780310810551527,2.849878746878158
2024-06-12,1.2444050952129433,2.787600073044588
2024-06-13,1.211803758106434,2.7193297107456034
2024-06-14,1.1942939422183794,2.6903900365761393
2024-06-17,1.1972550892496627,2.6604358097022818
2024-06-18,1.1714756702385336,2.5830317106899408
2024-06-20,1.1434680264632122,2.5074403140634174
2024-06-21,1.1471511593603685,2.5917877228370942
2024-06-24,1.1729089796845962,2.661268419269421
2024-06-25,1.1447614107892623,2.5827865282231905
2024-06-26,1.1206151593389615,2.5613168927665915
2024-06-27,1.1121181423815591,2.487424548718694
2024-06-28,1.1117746406989846,2.4181841355958165
2024-07-01,1.082688949204356,2.350529814023871
2024-07-02,1.0560846968377207,2.296177265560798
2024-07-03,1.029073623254533,2.232847921411016
2024-07-05,1.033696300302174,2.2941739183699594
2024-07-08,1.0510504755388503,2.291749849130049
2024-07-09,1.0637820071927353,2.2445670390650485
2024-07-10,1.037026888470396,2.1805120387653503
2024-07-11,1.0137534179420153,2.1190129162011155
2024-07-12,1.0640372705211412,2.104093939103175
2024-07-15,1.0368828550263307,2.0962090121106574
2024-07-16,1.012904616185697,2.038727594252313
2024-07-17,1.0823208845240824,2.0398992282450226
2024-07-18,1.0600390394400219,2.1315635058190434
2024-07-19,1.0436436817928043,2.109723502400289
2024-07-22,1.0984579776904242,2.0975185339825413
2024-07-23,1.0698636692794177,2.039309954875924
2024-07-24,1.0450330509044767,1.9830985422753473
2024-07-25,1.021881796324751,1.9407433238385094
2024-07-26,1.0598832574292014,2.1003015707465704
2024-07-29,1.0587247678339013,2.0424523820074403
2024-07-30,1.032239428854938,1.985894548331207
2024-07-31,1.030072832012015,1.9641641280023545
2024-08-01,1.0817398310425828,1.975827614324986
2024-08-02,1.0569954179160794,1.9478487786773482
2024-08-05,1.0310378271269796,1.8944445750700292
2024-08-06,1.0470993905014603,2.138961287180586
2024-08-07,1.0373297516860023,2.0888630098493617
2024-08-08,1.0112008034819182,2.051633523662512
2024-08-09,1.0456757770681366,2.0973002789346835
2024-08-12,1.0203241152856468,2.038483095196059
2024-08-13,1.0651471922906017,2.0338753782850745
2024-08-14,1.038523848641928,1.9783064185662684
2024-08-15,1.029859809747468,1.9422045087892705
2024-08-16,1.0060270052462101,2.0055594786124904
2024-08-19,1.0999211078252134,2.01651991829634
2024-08-20,1.0720767978840797,1.9923817211006363
2024-08-21,1.0474128637951052,1.9376828808037663
2024-08-22,1.021300558458055,1.8859860764721867
2024-08-23,1.0335665177685107,1.8992216486570306
2024-08-26,1.03942382718807,1.9797500507490604
2024-08-27,1.0152872482355306,1.9280368158555141
2024-08-28,0.9914266683792683,1.8756762324860752
2024-08-29,0.9807067048984764,1.914663222770233
2024-08-30,0.9631445864609074,1.8655287769744588
2024-09-03,0.9542960294714627,1.8594846528761453
2024-09-04,0.9367777234508032,1.9376559289606743
2024-09-05,0.9143412169978221,1.8869160123235362
2024-09-06,0.9114486497486819,1.9023770748734714
2024-09-09,0.9065992683219187,1.9710120383641743
2024-09-10,0.8899358824456525,1.9467094654612427
2024-09-11,0.8744923771854475,1.8951614887005523
2024-09-12,0.8554233042614049,1.850959343408768
2024-09-13,0.9228546551083856,2.0663100300148454
2024-09-16,0.9273779629392969,2.1076514726092768
2024-09-17,0.9052819246865604,2.048922644238768
2024-09-18,0.8935673114684017,1.9938593703184804
2024-09-19,0.891138761560575,2.032399245135438
2024-09-20,0.9364344048886458,2.103990233862755
2024-09-23,0.9564833301062636,2.0623876725074606
2024-09-24,0.9340726787625694,2.0361049971442484
2024-09-25,0.9630130265706786,2.2879821721418607
2024-09-26,0.9401945962288557,2.236942326111901
2024-09-27,0.92422427840485,2.179253841976478
2024-09-30,0.9210232396671165,2.141657355660045
2024-10-01,0.9183044091878823,2.1132671578585933
2024-10-02,0.9261371700261016,2.0587745095104206
2024-10-03,0.9040675274575936,2.030733447117268
2024-10-04,0.8830932853529002,1.9831721121663028
2024-10-07,0.8641531378533882,1.9313756947428153
2024-10-08,0.848450052172503,1.9097678725514795
2024-10-09,0.847159198331858,2.0056356831751017
2024-10-10,0.8381036393165909,1.9540295298790655
2024-10-11,0.8353013391540877,1.9497238388788787
2024-10-14,0.8518708760171059,1.9276596166862803
2024-10-15,0.8337795639320099,1.886748050121674
2024-10-16,0.8187538821920467,1.8409856152167987
2024-10-17,0.8083291069214863,1.7990465794033026
2024-10-18,0.8017600557510706,1.7511377835680582
2024-10-21,0.8191572722802981,2.1945152383987385
2024-10-22,0.8014208854889718,2.1383946430231284
2024-10-23,0.8199435935702631,2.1832131289465866
2024-10-24,0.8493823358322125,2.257327675886094
2024-10-25,0.8474615123463596,2.192852996963665
2024-10-28,0.8295926448278815,2.1310685202786903
2024-10-29,0.811386018044717,2.072522596184407
2024-10-30,0.8297843276240661,2.0758453297323163
2024-10-31,0.820400178091543,2.064213021039778
2024-11-01,0.8790239189705102,2.1498982283659207
2024-11-04,0.8643471463472844,2.099847973368481
2024-11-05,0.8451845491564246,2.0422494966543505
2024-11-06,0.8276506380366395,1.9877608714263195
2024-11-07,1.0729610505685732,2.205629657550224
2024-11-08,1.1046728231543455,2.2140446082683307
2024-11-11,1.0874534642356688,2.210945985740199
2024-11-12,1.19035699633364,2.189077738517725
2024-11-13,1.1757188985401874,2.1287094978972725
2024-11-14,1.1680203215345872,2.104360151338316
2024-11-15,1.1386603494158518,2.0524500923556754
2024-11-18,1.1094858614748124,2.0053457963188275
2024-11-19,1.1602837330802034,2.0654479240589185
2024-11-20,1.146621866945006,2.010304147118009
2024-11-21,1.1230081429426901,1.9821674201493957
2024-11-22,1.108866085211801,1.9280814848313397
2024-11-25,1.117135659321426,1.909440710069855
2024-11-26,1.2842381934397298,1.9850652071643615
2024-11-27,1.2495560686681053,1.935791530075559
2024-11-29,1.2163501976886353,1.9057739698058034
2024-12-02,1.198671519644252,1.896612575243811
2024-12-03,1.1840977189018609,1.848166607118536
2024-12-04,1.1531095685993746,1.8450018294949047
2024-12-05,1.124348134830095,1.8074108911301523
2024-12-06,1.108353763699613,1.7593385891771993
2024-12-09,1.079398735151433,1.731564751098157
2024-12-10,1.0741570573397516,1.7898897925998338
2024-12-11,1.0864799430819612,1.7422948326010332
2024-12-12,1.0791066732760866,1.6969819115760945
2024-12-13,1.104665654099669,1.789695354583464
2024-12-16,1.1117564855194844,1.7820241565567752
2024-12-17,1.0838360038650772,1.7352592504243447
2024-12-18,1.0597485812330705,1.6897097320089902
2024-12-19,1.1238915040459285,1.8396580126905324
2024-12-20,1.094711180989393,1.8131983403809102
2024-12-23,1.0909820775478083,1.7997250057123784
2024-12-24,1.0684899360653421,1.752868576224867
2024-12-26,1.0417976568873573,1.7068585134432124
2024-12-27,1.0260605239582916,1.6657264015806499
2024-12-30,1.0129998288374602,1.6557107669224949
