symbol,date,maturity,maturity_days,maturity_years,par_yield_pct,continuous_rate,source_fetched_at
US1M,2026-01-02,1M,30.4375,0.08333333333333333,3.72,0.036524774682372266,2026-09-03T18:03:23.525312+00:00
US1_5M,2026-01-02,1.5M,45.65625,0.125,3.71,0.036428356613551496,2026-09-03T18:03:23.525312+00:00
US2M,2026-01-02,2M,60.875,0.16666666666666666,3.66,0.035946126773469124,2026-09-03T18:03:23.525312+00:00
US3M,2026-01-02,3M,91.3125,0.25,3.65,0.03584965289369722,2026-09-03T18:03:23.525312+00:00
US4M,2026-01-02,4M,121.75,0.3333333333333333,3.62,0.03556017539855087,2026-09-03T18:03:23.525312+00:00
US6M,2026-01-02,6M,182.625,0.5,3.58,0.03517407500765403,2026-09-03T18:03:23.525312+00:00
US1Y,2026-01-02,1Y,365.25,1.0,3.47,0.034111529628767866,2026-09-03T18:03:23.525312+00:00
US2Y,2026-01-02,2Y,730.5,2.0,3.47,0.034111529628767866,2026-09-03T18:03:23.525312+00:00
US3Y,2026-01-02,3Y,1095.75,3.0,3.55,0.03488440185350179,2026-09-03T18:03:23.525312+00:00
US5Y,2026-01-02,5Y,1826.25,5.0,3.74,0.03671758293516277,2026-09-03T18:03:23.525312+00:00
US7Y,2026-01-02,7Y,2556.75,7.0,3.95,0.038739828315930556,2026-09-03T18:03:23.525312+00:00
US10Y,2026-01-02,10Y,3652.5,10.0,4.19,0.04104596943600098,2026-09-03T18:03:23.525312+00:00
US20Y,2026-01-02,20Y,7305.0,20.0,4.81,0.046979001193994605,2026-09-03T18:03:23.525312+00:00
US30Y,2026-01-02,30Y,10957.5,30.0,4.86,0.04745594115629536,2026-09-03T18:03:23.525312+00:00
US1M,2026-01-05,1M,30.4375,0.08333333333333333,3.71,0.036428356613551496,2026-09-03T18:03:23.525312+00:00
US1_5M,2026-01-05,1.5M,45.65625,0.125,3.68,0.036139046615873194,2026-09-03T18:03:23.525312+00:00
US2M,2026-01-05,2M,60.875,0.16666666666666666,3.64,0.03575316970581786,2026-09-03T18:03:23.525312+00:00
US3M,2026-01-05,3M,91.3125,0.25,3.64,0.03575316970581786,2026-09-03T18:03:23.525312+00:00
US4M,2026-01-05,4M,121.75,0.3333333333333333,3.61,0.03546366427556904,2026-09-03T18:03:23.525312+00:00
US6M,2026-01-05,6M,182.625,0.5,3.57,0.03507752661269609,2026-09-03T18:03:23.525312+00:00
US1Y,2026-01-05,1Y,365.25,1.0,3.47,0.034111529628767866,2026-09-03T18:03:23.525312+00:00
US2Y,2026-01-05,2Y,730.5,2.0,3.46,0.034014878587277655,2026-09-03T18:03:23.525312+00:00
US3Y,2026-01-05,3Y,1095.75,3.0,3.53,0.03469123978993036,2026-09-03T18:03:23.525312+00:00
US5Y,2026-01-05,5Y,1826.25,5.0,3.71,0.036428356613551496,2026-09-03T18:03:23.525312+00:00
US7Y,2026-01-05,7Y,2556.75,7.0,3.92,0.038451186374252724,2026-09-03T18:03:23.525312+00:00
US10Y,2026-01-05,10Y,3652.5,10.0,4.17,0.04085399400826605,2026-09-03T18:03:23.525312+00:00
US20Y,2026-01-05,20Y,7305.0,20.0,4.79,0.046788161498758925,2026-09-03T18:03:23.525312+00:00
US30Y,2026-01-05,30Y,10957.5,30.0,4.85,0.04736057135983758,2026-09-03T18:03:23.525312+00:00
US1M,2026-01-06,1M,30.4375,0.08333333333333333,3.7,0.03633192924739029,2026-09-03T18:03:23.525312+00:00
US1_5M,2026-01-06,1.5M,45.65625,0.125,3.7,0.03633192924739029,2026-09-03T18:03:23.525312+00:00
US2M,2026-01-06,2M,60.875,0.16666666666666666,3.61,0.03546366427556904,2026-09-03T18:03:23.525312+00:00
US3M,2026-01-06,3M,91.3125,0.25,3.63,0.035656677208034684,2026-09-03T18:03:23.525312+00:00
US4M,2026-01-06,4M,121.75,0.3333333333333333,3.58,0.03517407500765403,2026-09-03T18:03:23.525312+00:00
US6M,2026-01-06,6M,182.625,0.5,3.56,0.03498096889524552,2026-09-03T18:03:23.525312+00:00
US1Y,2026-01-06,1Y,365.25,1.0,3.48,0.03420817132973701,2026-09-03T18:03:23.525312+00:00
US2Y,2026-01-06,2Y,730.5,2.0,3.47,0.034111529628767866,2026-09-03T18:03:23.525312+00:00
US3Y,2026-01-06,3Y,1095.75,3.0,3.54,0.03478782548566393,2026-09-03T18:03:23.525312+00:00
US5Y,2026-01-06,5Y,1826.25,5.0,3.72,0.036524774682372266,2026-09-03T18:03:23.525312+00:00
US7Y,2026-01-06,7Y,2556.75,7.0,3.93,0.03854740961223893,2026-09-03T18:03:23.525312+00:00
US10Y,2026-01-06,10Y,3652.5,10.0,4.18,0.04094998632895411,2026-09-03T18:03:23.525312+00:00
US20Y,2026-01-06,20Y,7305.0,20.0,4.8,0.046883585898850416,2026-09-03T18:03:23.525312+00:00
US30Y,2026-01-06,30Y,10957.5,30.0,4.86,0.04745594115629536,2026-09-03T18:03:23.525312+00:00
US1M,2026-01-07,1M,30.4375,0.08333333333333333,3.7,0.03633192924739029,2026-09-03T18:03:23.525312+00:00
US1_5M,2026-01-07,1.5M,45.65625,0.125,3.69,0.03623549258209543,2026-09-03T18:03:23.525312+00:00
US2M,2026-01-07,2M,60.875,0.16666666666666666,3.6,0.035367143837291316,2026-09-03T18:03:23.525312+00:00
US3M,2026-01-07,3M,91.3125,0.25,3.62,0.03556017539855087,2026-09-03T18:03:23.525312+00:00
US4M,2026-01-07,4M,121.75,0.3333333333333333,3.6,0.035367143837291316,2026-09-03T18:03:23.525312+00:00
US6M,2026-01-07,6M,182.625,0.5,3.56,0.03498096889524552,2026-09-03T18:03:23.525312+00:00
US1Y,2026-01-07,1Y,365.25,1.0,3.48,0.03420817132973701,2026-09-03T18:03:23.525312+00:00
US2Y,2026-01-07,2Y,730.5,2.0,3.47,0.034111529628767866,2026-09-03T18:03:23.525312+00:00
US3Y,2026-01-07,3Y,1095.75,3.0,3.53,0.03469123978993036,2026-09-03T18:03:23.525312+00:00
US5Y,2026-01-07,5Y,1826.25,5.0,3.7,0.03633192924739029,2026-09-03T18:03:23.525312+00:00
US7Y,2026-01-07,7Y,2556.75,7.0,3.91,0.038354953876463996,2026-09-03T18:03:23.525312+00:00
US10Y,2026-01-07,10Y,3652.5,10.0,4.15,0.040661981718889635,2026-09-03T18:03:23.525312+00:00
US20Y,2026-01-07,20Y,7305.0,20.0,4.76,0.04650183365141978,2026-09-03T18:03:23.525312+00:00
US30Y,2026-01-07,30Y,10957.5,30.0,4.82,0.04707440738592883,2026-09-03T18:03:23.525312+00:00
US1M,2026-01-08,1M,30.4375,0.08333333333333333,3.7,0.03633192924739029,2026-09-03T18:03:23.525312+00:00
US1_5M,2026-01-08,1.5M,45.65625,0.125,3.69,0.03623549258209543,2026-09-03T18:03:23.525312+00:00
US2M,2026-01-08,2M,60.875,0.16666666666666666,3.63,0.035656677208034684,2026-09-03T18:03:23.525312+00:00
US3M,2026-01-08,3M,91.3125,0.25,3.62,0.03556017539855087,2026-09-03T18:03:23.525312+00:00
US4M,2026-01-08,4M,121.75,0.3333333333333333,3.6,0.035367143837291316,2026-09-03T18:03:23.525312+00:00
US6M,2026-01-08,6M,182.625,0.5,3.56,0.03498096889524552,2026-09-03T18:03:23.525312+00:00
US1Y,2026-01-08,1Y,365.25,1.0,3.48,0.03420817132973701,2026-09-03T18:03:23.525312+00:00
US2Y,2026-01-08,2Y,730.5,2.0,3.49,0.03430480369199031,2026-09-03T18:03:23.525312+00:00
US3Y,2026-01-08,3Y,1095.75,3.0,3.56,0.03498096889524552,2026-09-03T18:03:23.525312+00:00
US5Y,2026-01-08,5Y,1826.25,5.0,3.74,0.03671758293516277,2026-09-03T18:03:23.525312+00:00
US7Y,2026-01-08,7Y,2556.75,7.0,3.95,0.038739828315930556,2026-09-03T18:03:23.525312+00:00
US10Y,2026-01-08,10Y,3652.5,10.0,4.19,0.04104596943600098,2026-09-03T18:03:23.525312+00:00
US20Y,2026-01-08,20Y,7305.0,20.0,4.79,0.046788161498758925,2026-09-03T18:03:23.525312+00:00
US30Y,2026-01-08,30Y,10957.5,30.0,4.85,0.04736057135983758,2026-09-03T18:03:23.525312+00:00
US1M,2026-01-09,1M,30.4375,0.08333333333333333,3.7,0.03633192924739029,2026-09-03T18:03:23.525312+00:00
US1_5M,2026-01-09,1.5M,45.65625,0.125,3.68,0.036139046615873194,2026-09-03T18:03:23.525312+00:00
US2M,2026-01-09,2M,60.875,0.16666666666666666,3.63,0.035656677208034684,2026-09-03T18:03:23.525312+00:00
US3M,2026-01-09,3M,91.3125,0.25,3.62,0.03556017539855087,2026-09-03T18:03:23.525312+00:00
US4M,2026-01-09,4M,121.75,0.3333333333333333,3.62,0.03556017539855087,2026-09-03T18:03:23.525312+00:00
US6M,2026-01-09,6M,182.625,0.5,3.57,0.03507752661269609,2026-09-03T18:03:23.525312+00:00
US1Y,2026-01-09,1Y,365.25,1.0,3.52,0.03459464476449906,2026-09-03T18:03:23.525312+00:00
US2Y,2026-01-09,2Y,730.5,2.0,3.54,0.03478782548566393,2026-09-03T18:03:23.525312+00:00
US3Y,2026-01-09,3Y,1095.75,3.0,3.59,0.03527061408191929,2026-09-03T18:03:23.525312+00:00
US5Y,2026-01-09,5Y,1826.25,5.0,3.75,0.03681397312271631,2026-09-03T18:03:23.525312+00:00
US7Y,2026-01-09,7Y,2556.75,7.0,3.95,0.038739828315930556,2026-09-03T18:03:23.525312+00:00
US10Y,2026-01-09,10Y,3652.5,10.0,4.18,0.04094998632895411,2026-09-03T18:03:23.525312+00:00
US20Y,2026-01-09,20Y,7305.0,20.0,4.76,0.04650183365141978,2026-09-03T18:03:23.525312+00:00
US30Y,2026-01-09,30Y,10957.5,30.0,4.82,0.04707440738592883,2026-09-03T18:03:23.525312+00:00
US1M,2026-01-12,1M,30.4375,0.08333333333333333,3.71,0.036428356613551496,2026-09-03T18:03:23.525312+00:00
US1_5M,2026-01-12,1.5M,45.65625,0.125,3.68,0.036139046615873194,2026-09-03T18:03:23.525312+00:00
US2M,2026-01-12,2M,60.875,0.16666666666666666,3.64,0.03575316970581786,2026-09-03T18:03:23.525312+00:00
US3M,2026-01-12,3M,91.3125,0.25,3.67,0.03604259134692935,2026-09-03T18:03:23.525312+00:00
US4M,2026-01-12,4M,121.75,0.3333333333333333,3.63,0.035656677208034684,2026-09-03T18:03:23.525312+00:00
US6M,2026-01-12,6M,182.625,0.5,3.58,0.03517407500765403,2026-09-03T18:03:23.525312+00:00
US1Y,2026-01-12,1Y,365.25,1.0,3.53,0.03469123978993036,2026-09-03T18:03:23.525312+00:00
US2Y,2026-01-12,2Y,730.5,2.0,3.54,0.03478782548566393,2026-09-03T18:03:23.525312+00:00
US3Y,2026-01-12,3Y,1095.75,3.0,3.59,0.03527061408191929,2026-09-03T18:03:23.525312+00:00
US5Y,2026-01-12,5Y,1826.25,5.0,3.77,0.03700672562909567,2026-09-03T18:03:23.525312+00:00
US7Y,2026-01-12,7Y,2556.75,7.0,3.97,0.03893221000178747,2026-09-03T18:03:23.525312+00:00
US10Y,2026-01-12,10Y,3652.5,10.0,4.19,0.04104596943600098,2026-09-03T18:03:23.525312+00:00
US20Y,2026-01-12,20Y,7305.0,20.0,4.78,0.04669272799198229,2026-09-03T18:03:23.525312+00:00
US30Y,2026-01-12,30Y,10957.5,30.0,4.83,0.04716980447638992,2026-09-03T18:03:23.525312+00:00
US1M,2026-01-13,1M,30.4375,0.08333333333333333,3.72,0.036524774682372266,2026-09-03T18:03:23.525312+00:00
US1_5M,2026-01-13,1.5M,45.65625,0.125,3.72,0.036524774682372266,2026-09-03T18:03:23.525312+00:00
US2M,2026-01-13,2M,60.875,0.16666666666666666,3.66,0.035946126773469124,2026-09-03T18:03:23.525312+00:00
US3M,2026-01-13,3M,91.3125,0.25,3.67,0.03604259134692935,2026-09-03T18:03:23.525312+00:00
US4M,2026-01-13,4M,121.75,0.3333333333333333,3.63,0.035656677208034684,2026-09-03T18:03:23.525312+00:00
US6M,2026-01-13,6M,182.625,0.5,3.59,0.03527061408191929,2026-09-03T18:03:23.525312+00:00
US1Y,2026-01-13,1Y,365.25,1.0,3.51,0.034498040407567446,2026-09-03T18:03:23.525312+00:00
US2Y,2026-01-13,2Y,730.5,2.0,3.53,0.03469123978993036,2026-09-03T18:03:23.525312+00:00
US3Y,2026-01-13,3Y,1095.75,3.0,3.57,0.03507752661269609,2026-09-03T18:03:23.525312+00:00
US5Y,2026-01-13,5Y,1826.25,5.0,3.75,0.03681397312271631,2026-09-03T18:03:23.525312+00:00
US7Y,2026-01-13,7Y,2556.75,7.0,3.95,0.038739828315930556,2026-09-03T18:03:23.525312+00:00
US10Y,2026-01-13,10Y,3652.5,10.0,4.18,0.04094998632895411,2026-09-03T18:03:23.525312+00:00
US20Y,2026-01-13,20Y,7305.0,20.0,4.77,0.046597285376782184,2026-09-03T18:03:23.525312+00:00
US30Y,2026-01-13,30Y,10957.5,30.0,4.83,0.04716980447638992,2026-09-03T18:03:23.525312+00:00
US1M,2026-01-14,1M,30.4375,0.08333333333333333,3.72,0.036524774682372266,2026-09-03T18:03:23.525312+00:00
US1_5M,2026-01-14,1.5M,45.65625,0.125,3.71,0.036428356613551496,2026-09-03T18:03:23.525312+00:00
US2M,2026-01-14,2M,60.875,0.16666666666666666,3.66,0.035946126773469124,2026-09-03T18:03:23.525312+00:00
US3M,2026-01-14,3M,91.3125,0.25,3.67,0.03604259134692935,2026-09-03T18:03:23.525312+00:00
US4M,2026-01-14,4M,121.75,0.3333333333333333,3.65,0.03584965289369722,2026-09-03T18:03:23.525312+00:00
US6M,2026-01-14,6M,182.625,0.5,3.58,0.03517407500765403,2026-09-03T18:03:23.525312+00:00
US1Y,2026-01-14,1Y,365.25,1.0,3.5,0.0344014267173324,2026-09-03T18:03:23.525312+00:00
US2Y,2026-01-14,2Y,730.5,2.0,3.51,0.034498040407567446,2026-09-03T18:03:23.525312+00:00
US3Y,2026-01-14,3Y,1095.75,3.0,3.56,0.03498096889524552,2026-09-03T18:03:23.525312+00:00
US5Y,2026-01-14,5Y,1826.25,5.0,3.72,0.036524774682372266,2026-09-03T18:03:23.525312+00:00
US7Y,2026-01-14,7Y,2556.75,7.0,3.92,0.038451186374252724,2026-09-03T18:03:23.525312+00:00
US10Y,2026-01-14,10Y,3652.5,10.0,4.15,0.040661981718889635,2026-09-03T18:03:23.525312+00:00
US20Y,2026-01-14,20Y,7305.0,20.0,4.73,0.04621542379696299,2026-09-03T18:03:23.525312+00:00
US30Y,2026-01-14,30Y,10957.5,30.0,4.79,0.046788161498758925,2026-09-03T18:03:23.525312+00:00
US1M,2026-01-15,1M,30.4375,0.08333333333333333,3.75,0.03681397312271631,2026-09-03T18:03:23.525312+00:00
US1_5M,2026-01-15,1.5M,45.65625,0.125,3.73,0.03662118345564531,2026-09-03T18:03:23.525312+00:00
US2M,2026-01-15,2M,60.875,0.16666666666666666,3.69,0.03623549258209543,2026-09-03T18:03:23.525312+00:00
US3M,2026-01-15,3M,91.3125,0.25,3.68,0.036139046615873194,2026-09-03T18:03:23.525312+00:00
US4M,2026-01-15,4M,121.75,0.3333333333333333,3.66,0.035946126773469124,2026-09-03T18:03:23.525312+00:00
US6M,2026-01-15,6M,182.625,0.5,3.6,0.035367143837291316,2026-09-03T18:03:23.525312+00:00
US1Y,2026-01-15,1Y,365.25,1.0,3.54,0.03478782548566393,2026-09-03T18:03:23.525312+00:00
US2Y,2026-01-15,2Y,730.5,2.0,3.56,0.03498096889524552,2026-09-03T18:03:23.525312+00:00
US3Y,2026-01-15,3Y,1095.75,3.0,3.62,0.03556017539855087,2026-09-03T18:03:23.525312+00:00
US5Y,2026-01-15,5Y,1826.25,5.0,3.77,0.03700672562909567,2026-09-03T18:03:23.525312+00:00
US7Y,2026-01-15,7Y,2556.75,7.0,3.96,0.03883602378519813,2026-09-03T18:03:23.525312+00:00
US10Y,2026-01-15,10Y,3652.5,10.0,4.17,0.04085399400826605,2026-09-03T18:03:23.525312+00:00
US20Y,2026-01-15,20Y,7305.0,20.0,4.74,0.046310902863250264,2026-09-03T18:03:23.525312+00:00
US30Y,2026-01-15,30Y,10957.5,30.0,4.79,0.046788161498758925,2026-09-03T18:03:23.525312+00:00
US1M,2026-01-16,1M,30.4375,0.08333333333333333,3.75,0.03681397312271631,2026-09-03T18:03:23.525312+00:00
US1_5M,2026-01-16,1.5M,45.65625,0.125,3.72,0.036524774682372266,2026-09-03T18:03:23.525312+00:00
US2M,2026-01-16,2M,60.875,0.16666666666666666,3.68,0.036139046615873194,2026-09-03T18:03:23.525312+00:00
US3M,2026-01-16,3M,91.3125,0.25,3.67,0.03604259134692935,2026-09-03T18:03:23.525312+00:00
US4M,2026-01-16,4M,121.75,0.3333333333333333,3.66,0.035946126773469124,2026-09-03T18:03:23.525312+00:00
US6M,2026-01-16,6M,182.625,0.5,3.6,0.035367143837291316,2026-09-03T18:03:23.525312+00:00
US1Y,2026-01-16,1Y,365.25,1.0,3.55,0.03488440185350179,2026-09-03T18:03:23.525312+00:00
US2Y,2026-01-16,2Y,730.5,2.0,3.59,0.03527061408191929,2026-09-03T18:03:23.525312+00:00
US3Y,2026-01-16,3Y,1095.75,3.0,3.67,0.03604259134692935,2026-09-03T18:03:23.525312+00:00
US5Y,2026-01-16,5Y,1826.25,5.0,3.82,0.03748844441099159,2026-09-03T18:03:23.525312+00:00
US7Y,2026-01-16,7Y,2556.75,7.0,4.02,0.039413002356835036,2026-09-03T18:03:23.525312+00:00
US10Y,2026-01-16,10Y,3652.5,10.0,4.24,0.04152574682849831,2026-09-03T18:03:23.525312+00:00
US20Y,2026-01-16,20Y,7305.0,20.0,4.79,0.046788161498758925,2026-09-03T18:03:23.525312+00:00
US30Y,2026-01-16,30Y,10957.5,30.0,4.83,0.04716980447638992,2026-09-03T18:03:23.525312+00:00
US1M,2026-01-20,1M,30.4375,0.08333333333333333,3.75,0.03681397312271631,2026-09-03T18:03:23.525312+00:00
US1_5M,2026-01-20,1.5M,45.65625,0.125,3.71,0.036428356613551496,2026-09-03T18:03:23.525312+00:00
US2M,2026-01-20,2M,60.875,0.16666666666666666,3.69,0.03623549258209543,2026-09-03T18:03:23.525312+00:00
US3M,2026-01-20,3M,91.3125,0.25,3.7,0.03633192924739029,2026-09-03T18:03:23.525312+00:00
US4M,2026-01-20,4M,121.75,0.3333333333333333,3.65,0.03584965289369722,2026-09-03T18:03:23.525312+00:00
US6M,2026-01-20,6M,182.625,0.5,3.61,0.03546366427556904,2026-09-03T18:03:23.525312+00:00
US1Y,2026-01-20,1Y,365.25,1.0,3.53,0.03469123978993036,2026-09-03T18:03:23.525312+00:00
US2Y,2026-01-20,2Y,730.5,2.0,3.6,0.035367143837291316,2026-09-03T18:03:23.525312+00:00
US3Y,2026-01-20,3Y,1095.75,3.0,3.68,0.036139046615873194,2026-09-03T18:03:23.525312+00:00
US5Y,2026-01-20,5Y,1826.25,5.0,3.86,0.037873652428081515,2026-09-03T18:03:23.525312+00:00
US7Y,2026-01-20,7Y,2556.75,7.0,4.08,0.03998964821615847,2026-09-03T18:03:23.525312+00:00
US10Y,2026-01-20,10Y,3652.5,10.0,4.3,0.042101176018635396,2026-09-03T18:03:23.525312+00:00
US20Y,2026-01-20,20Y,7305.0,20.0,4.87,0.047551301858222386,2026-09-03T18:03:23.525312+00:00
US30Y,2026-01-20,30Y,10957.5,30.0,4.91,0.0479326537553028,2026-09-03T18:03:23.525312+00:00
US1M,2026-01-21,1M,30.4375,0.08333333333333333,3.75,0.03681397312271631,2026-09-03T18:03:23.525312+00:00
US1_5M,2026-01-21,1.5M,45.65625,0.125,3.71,0.036428356613551496,2026-09-03T18:03:23.525312+00:00
US2M,2026-01-21,2M,60.875,0.16666666666666666,3.7,0.03633192924739029,2026-09-03T18:03:23.525312+00:00
US3M,2026-01-21,3M,91.3125,0.25,3.7,0.03633192924739029,2026-09-03T18:03:23.525312+00:00
US4M,2026-01-21,4M,121.75,0.3333333333333333,3.67,0.03604259134692935,2026-09-03T18:03:23.525312+00:00
US6M,2026-01-21,6M,182.625,0.5,3.62,0.03556017539855087,2026-09-03T18:03:23.525312+00:00
US1Y,2026-01-21,1Y,365.25,1.0,3.53,0.03469123978993036,2026-09-03T18:03:23.525312+00:00
US2Y,2026-01-21,2Y,730.5,2.0,3.6,0.035367143837291316,2026-09-03T18:03:23.525312+00:00
US3Y,2026-01-21,3Y,1095.75,3.0,3.66,0.035946126773469124,2026-09-03T18:03:23.525312+00:00
US5Y,2026-01-21,5Y,1826.25,5.0,3.83,0.03758476032727121,2026-09-03T18:03:23.525312+00:00
US7Y,2026-01-21,7Y,2556.75,7.0,4.04,0.039605254592359425,2026-09-03T18:03:23.525312+00:00
US10Y,2026-01-21,10Y,3652.5,10.0,4.26,0.0417175933518685,2026-09-03T18:03:23.525312+00:00
US20Y,2026-01-21,20Y,7305.0,20.0,4.82,0.04707440738592883,2026-09-03T18:03:23.525312+00:00
US30Y,2026-01-21,30Y,10957.5,30.0,4.87,0.047551301858222386,2026-09-03T18:03:23.525312+00:00
US1M,2026-01-22,1M,30.4375,0.08333333333333333,3.79,0.03719944098910626,2026-09-03T18:03:23.525312+00:00
US1_5M,2026-01-22,1.5M,45.65625,0.125,3.71,0.036428356613551496,2026-09-03T18:03:23.525312+00:00
US2M,2026-01-22,2M,60.875,0.16666666666666666,3.72,0.036524774682372266,2026-09-03T18:03:23.525312+00:00
US3M,2026-01-22,3M,91.3125,0.25,3.71,0.036428356613551496,2026-09-03T18:03:23.525312+00:00
US4M,2026-01-22,4M,121.75,0.3333333333333333,3.67,0.03604259134692935,2026-09-03T18:03:23.525312+00:00
US6M,2026-01-22,6M,182.625,0.5,3.61,0.03546366427556904,2026-09-03T18:03:23.525312+00:00
US1Y,2026-01-22,1Y,365.25,1.0,3.53,0.03469123978993036,2026-09-03T18:03:23.525312+00:00
US2Y,2026-01-22,2Y,730.5,2.0,3.61,0.03546366427556904,2026-09-03T18:03:23.525312+00:00
US3Y,2026-01-22,3Y,1095.75,3.0,3.68,0.036139046615873194,2026-09-03T18:03:23.525312+00:00
US5Y,2026-01-22,5Y,1826.25,5.0,3.85,0.03777736433402994,2026-09-03T18:03:23.525312+00:00
US7Y,2026-01-22,7Y,2556.75,7.0,4.05,0.03970136685155207,2026-09-03T18:03:23.525312+00:00
US10Y,2026-01-22,10Y,3652.5,10.0,4.26,0.0417175933518685,2026-09-03T18:03:23.525312+00:00
US20Y,2026-01-22,20Y,7305.0,20.0,4.79,0.046788161498758925,2026-09-03T18:03:23.525312+00:00
US30Y,2026-01-22,30Y,10957.5,30.0,4.84,0.04726519246711422,2026-09-03T18:03:23.525312+00:00
US1M,2026-01-23,1M,30.4375,0.08333333333333333,3.78,0.0371030879515022,2026-09-03T18:03:23.525312+00:00
US1_5M,2026-01-23,1.5M,45.65625,0.125,3.71,0.036428356613551496,2026-09-03T18:03:23.525312+00:00
US2M,2026-01-23,2M,60.875,0.16666666666666666,3.72,0.036524774682372266,2026-09-03T18:03:23.525312+00:00
US3M,2026-01-23,3M,91.3125,0.25,3.7,0.03633192924739029,2026-09-03T18:03:23.525312+00:00
US4M,2026-01-23,4M,121.75,0.3333333333333333,3.67,0.03604259134692935,2026-09-03T18:03:23.525312+00:00
US6M,2026-01-23,6M,182.625,0.5,3.61,0.03546366427556904,2026-09-03T18:03:23.525312+00:00
US1Y,2026-01-23,1Y,365.25,1.0,3.53,0.03469123978993036,2026-09-03T18:03:23.525312+00:00
US2Y,2026-01-23,2Y,730.5,2.0,3.6,0.035367143837291316,2026-09-03T18:03:23.525312+00:00
US3Y,2026-01-23,3Y,1095.75,3.0,3.67,0.03604259134692935,2026-09-03T18:03:23.525312+00:00
US5Y,2026-01-23,5Y,1826.25,5.0,3.84,0.03768106696768849,2026-09-03T18:03:23.525312+00:00
US7Y,2026-01-23,7Y,2556.75,7.0,4.03,0.03950913309471249,2026-09-03T18:03:23.525312+00:00
US10Y,2026-01-23,10Y,3652.5,10.0,4.24,0.04152574682849831,2026-09-03T18:03:23.525312+00:00
US20Y,2026-01-23,20Y,7305.0,20.0,4.78,0.04669272799198229,2026-09-03T18:03:23.525312+00:00
US30Y,2026-01-23,30Y,10957.5,30.0,4.82,0.04707440738592883,2026-09-03T18:03:23.525312+00:00
US1M,2026-01-26,1M,30.4375,0.08333333333333333,3.77,0.03700672562909567,2026-09-03T18:03:23.525312+00:00
US1_5M,2026-01-26,1.5M,45.65625,0.125,3.71,0.036428356613551496,2026-09-03T18:03:23.525312+00:00
US2M,2026-01-26,2M,60.875,0.16666666666666666,3.7,0.03633192924739029,2026-09-03T18:03:23.525312+00:00
US3M,2026-01-26,3M,91.3125,0.25,3.67,0.03604259134692935,2026-09-03T18:03:23.525312+00:00
US4M,2026-01-26,4M,121.75,0.3333333333333333,3.67,0.03604259134692935,2026-09-03T18:03:23.525312+00:00
US6M,2026-01-26,6M,182.625,0.5,3.62,0.03556017539855087,2026-09-03T18:03:23.525312+00:00
US1Y,2026-01-26,1Y,365.25,1.0,3.52,0.03459464476449906,2026-09-03T18:03:23.525312+00:00
US2Y,2026-01-26,2Y,730.5,2.0,3.56,0.03498096889524552,2026-09-03T18:03:23.525312+00:00
US3Y,2026-01-26,3Y,1095.75,3.0,3.66,0.035946126773469124,2026-09-03T18:03:23.525312+00:00
US5Y,2026-01-26,5Y,1826.25,5.0,3.82,0.03748844441099159,2026-09-03T18:03:23.525312+00:00
US7Y,2026-01-26,7Y,2556.75,7.0,4.02,0.039413002356835036,2026-09-03T18:03:23.525312+00:00
US10Y,2026-01-26,10Y,3652.5,10.0,4.22,0.04133386349297719,2026-09-03T18:03:23.525312+00:00
US20Y,2026-01-26,20Y,7305.0,20.0,4.75,0.046406372814155744,2026-09-03T18:03:23.525312+00:00
US30Y,2026-01-26,30Y,10957.5,30.0,4.8,0.046883585898850416,2026-09-03T18:03:23.525312+00:00
US1M,2026-01-27,1M,30.4375,0.08333333333333333,3.77,0.03700672562909567,2026-09-03T18:03:23.525312+00:00
US1_5M,2026-01-27,1.5M,45.65625,0.125,3.72,0.036524774682372266,2026-09-03T18:03:23.525312+00:00
US2M,2026-01-27,2M,60.875,0.16666666666666666,3.7,0.03633192924739029,2026-09-03T18:03:23.525312+00:00
US3M,2026-01-27,3M,91.3125,0.25,3.67,0.03604259134692935,2026-09-03T18:03:23.525312+00:00
US4M,2026-01-27,4M,121.75,0.3333333333333333,3.66,0.035946126773469124,2026-09-03T18:03:23.525312+00:00
US6M,2026-01-27,6M,182.625,0.5,3.61,0.03546366427556904,2026-09-03T18:03:23.525312+00:00
US1Y,2026-01-27,1Y,365.25,1.0,3.5,0.0344014267173324,2026-09-03T18:03:23.525312+00:00
US2Y,2026-01-27,2Y,730.5,2.0,3.53,0.03469123978993036,2026-09-03T18:03:23.525312+00:00
US3Y,2026-01-27,3Y,1095.75,3.0,3.65,0.03584965289369722,2026-09-03T18:03:23.525312+00:00
US5Y,2026-01-27,5Y,1826.25,5.0,3.81,0.03739211921706267,2026-09-03T18:03:23.525312+00:00
US7Y,2026-01-27,7Y,2556.75,7.0,4.03,0.03950913309471249,2026-09-03T18:03:23.525312+00:00
US10Y,2026-01-27,10Y,3652.5,10.0,4.24,0.04152574682849831,2026-09-03T18:03:23.525312+00:00
US20Y,2026-01-27,20Y,7305.0,20.0,4.79,0.046788161498758925,2026-09-03T18:03:23.525312+00:00
US30Y,2026-01-27,30Y,10957.5,30.0,4.83,0.04716980447638992,2026-09-03T18:03:23.525312+00:00
US1M,2026-01-28,1M,30.4375,0.08333333333333333,3.76,0.03691035402009707,2026-09-03T18:03:23.525312+00:00
US1_5M,2026-01-28,1.5M,45.65625,0.125,3.72,0.036524774682372266,2026-09-03T18:03:23.525312+00:00
US2M,2026-01-28,2M,60.875,0.16666666666666666,3.71,0.036428356613551496,2026-09-03T18:03:23.525312+00:00
US3M,2026-01-28,3M,91.3125,0.25,3.68,0.036139046615873194,2026-09-03T18:03:23.525312+00:00
US4M,2026-01-28,4M,121.75,0.3333333333333333,3.7,0.03633192924739029,2026-09-03T18:03:23.525312+00:00
US6M,2026-01-28,6M,182.625,0.5,3.63,0.035656677208034684,2026-09-03T18:03:23.525312+00:00
US1Y,2026-01-28,1Y,365.25,1.0,3.52,0.03459464476449906,2026-09-03T18:03:23.525312+00:00
US2Y,2026-01-28,2Y,730.5,2.0,3.56,0.03498096889524552,2026-09-03T18:03:23.525312+00:00
US3Y,2026-01-28,3Y,1095.75,3.0,3.66,0.035946126773469124,2026-09-03T18:03:23.525312+00:00
US5Y,2026-01-28,5Y,1826.25,5.0,3.83,0.03758476032727121,2026-09-03T18:03:23.525312+00:00
US7Y,2026-01-28,7Y,2556.75,7.0,4.05,0.03970136685155207,2026-09-03T18:03:23.525312+00:00
US10Y,2026-01-28,10Y,3652.5,10.0,4.26,0.0417175933518685,2026-09-03T18:03:23.525312+00:00
US20Y,2026-01-28,20Y,7305.0,20.0,4.81,0.046979001193994605,2026-09-03T18:03:23.525312+00:00
US30Y,2026-01-28,30Y,10957.5,30.0,4.85,0.04736057135983758,2026-09-03T18:03:23.525312+00:00
US1M,2026-01-29,1M,30.4375,0.08333333333333333,3.72,0.036524774682372266,2026-09-03T18:03:23.525312+00:00
US1_5M,2026-01-29,1.5M,45.65625,0.125,3.73,0.03662118345564531,2026-09-03T18:03:23.525312+00:00
US2M,2026-01-29,2M,60.875,0.16666666666666666,3.75,0.03681397312271631,2026-09-03T18:03:23.525312+00:00
US3M,2026-01-29,3M,91.3125,0.25,3.67,0.03604259134692935,2026-09-03T18:03:23.525312+00:00
US4M,2026-01-29,4M,121.75,0.3333333333333333,3.69,0.03623549258209543,2026-09-03T18:03:23.525312+00:00
US6M,2026-01-29,6M,182.625,0.5,3.62,0.03556017539855087,2026-09-03T18:03:23.525312+00:00
US1Y,2026-01-29,1Y,365.25,1.0,3.5,0.0344014267173324,2026-09-03T18:03:23.525312+00:00
US2Y,2026-01-29,2Y,730.5,2.0,3.53,0.03469123978993036,2026-09-03T18:03:23.525312+00:00
US3Y,2026-01-29,3Y,1095.75,3.0,3.63,0.035656677208034684,2026-09-03T18:03:23.525312+00:00
US5Y,2026-01-29,5Y,1826.25,5.0,3.8,0.037295784743696894,2026-09-03T18:03:23.525312+00:00
US7Y,2026-01-29,7Y,2556.75,7.0,4.01,0.03931686237695038,2026-09-03T18:03:23.525312+00:00
US10Y,2026-01-29,10Y,3652.5,10.0,4.24,0.04152574682849831,2026-09-03T18:03:23.525312+00:00
US20Y,2026-01-29,20Y,7305.0,20.0,4.8,0.046883585898850416,2026-09-03T18:03:23.525312+00:00
US30Y,2026-01-29,30Y,10957.5,30.0,4.85,0.04736057135983758,2026-09-03T18:03:23.525312+00:00
US1M,2026-01-30,1M,30.4375,0.08333333333333333,3.72,0.036524774682372266,2026-09-03T18:03:23.525312+00:00
US1_5M,2026-01-30,1.5M,45.65625,0.125,3.73,0.03662118345564531,2026-09-03T18:03:23.525312+00:00
US2M,2026-01-30,2M,60.875,0.16666666666666666,3.75,0.03681397312271631,2026-09-03T18:03:23.525312+00:00
US3M,2026-01-30,3M,91.3125,0.25,3.67,0.03604259134692935,2026-09-03T18:03:23.525312+00:00
US4M,2026-01-30,4M,121.75,0.3333333333333333,3.69,0.03623549258209543,2026-09-03T18:03:23.525312+00:00
US6M,2026-01-30,6M,182.625,0.5,3.61,0.03546366427556904,2026-09-03T18:03:23.525312+00:00
US1Y,2026-01-30,1Y,365.25,1.0,3.48,0.03420817132973701,2026-09-03T18:03:23.525312+00:00
US2Y,2026-01-30,2Y,730.5,2.0,3.52,0.03459464476449906,2026-09-03T18:03:23.525312+00:00
US3Y,2026-01-30,3Y,1095.75,3.0,3.6,0.035367143837291316,2026-09-03T18:03:23.525312+00:00
US5Y,2026-01-30,5Y,1826.25,5.0,3.79,0.03719944098910626,2026-09-03T18:03:23.525312+00:00
US7Y,2026-01-30,7Y,2556.75,7.0,4.01,0.03931686237695038,2026-09-03T18:03:23.525312+00:00
US10Y,2026-01-30,10Y,3652.5,10.0,4.26,0.0417175933518685,2026-09-03T18:03:23.525312+00:00
US20Y,2026-01-30,20Y,7305.0,20.0,4.82,0.04707440738592883,2026-09-03T18:03:23.525312+00:00
US30Y,2026-01-30,30Y,10957.5,30.0,4.87,0.047551301858222386,2026-09-03T18:03:23.525312+00:00
US1M,2026-02-02,1M,30.4375,0.08333333333333333,3.72,0.036524774682372266,2026-09-03T18:03:23.525312+00:00
US1_5M,2026-02-02,1.5M,45.65625,0.125,3.72,0.036524774682372266,2026-09-03T18:03:23.525312+00:00
US2M,2026-02-02,2M,60.875,0.16666666666666666,3.74,0.03671758293516277,2026-09-03T18:03:23.525312+00:00
US3M,2026-02-02,3M,91.3125,0.25,3.69,0.03623549258209543,2026-09-03T18:03:23.525312+00:00
US4M,2026-02-02,4M,121.75,0.3333333333333333,3.7,0.03633192924739029,2026-09-03T18:03:23.525312+00:00
US6M,2026-02-02,6M,182.625,0.5,3.62,0.03556017539855087,2026-09-03T18:03:23.525312+00:00
US1Y,2026-02-02,1Y,365.25,1.0,3.49,0.03430480369199031,2026-09-03T18:03:23.525312+00:00
US2Y,2026-02-02,2Y,730.5,2.0,3.57,0.03507752661269609,2026-09-03T18:03:23.525312+00:00
US3Y,2026-02-02,3Y,1095.75,3.0,3.64,0.03575316970581786,2026-09-03T18:03:23.525312+00:00
US5Y,2026-02-02,5Y,1826.25,5.0,3.83,0.03758476032727121,2026-09-03T18:03:23.525312+00:00
US7Y,2026-02-02,7Y,2556.75,7.0,4.05,0.03970136685155207,2026-09-03T18:03:23.525312+00:00
US10Y,2026-02-02,10Y,3652.5,10.0,4.29,0.04200529414503013,2026-09-03T18:03:23.525312+00:00
US20Y,2026-02-02,20Y,7305.0,20.0,4.85,0.04736057135983758,2026-09-03T18:03:23.525312+00:00
US30Y,2026-02-02,30Y,10957.5,30.0,4.9,0.04783732941416013,2026-09-03T18:03:23.525312+00:00
US1M,2026-02-03,1M,30.4375,0.08333333333333333,3.72,0.036524774682372266,2026-09-03T18:03:23.525312+00:00
US1_5M,2026-02-03,1.5M,45.65625,0.125,3.72,0.036524774682372266,2026-09-03T18:03:23.525312+00:00
US2M,2026-02-03,2M,60.875,0.16666666666666666,3.74,0.03671758293516277,2026-09-03T18:03:23.525312+00:00
US3M,2026-02-03,3M,91.3125,0.25,3.69,0.03623549258209543,2026-09-03T18:03:23.525312+00:00
US4M,2026-02-03,4M,121.75,0.3333333333333333,3.7,0.03633192924739029,2026-09-03T18:03:23.525312+00:00
US6M,2026-02-03,6M,182.625,0.5,3.62,0.03556017539855087,2026-09-03T18:03:23.525312+00:00
US1Y,2026-02-03,1Y,365.25,1.0,3.49,0.03430480369199031,2026-09-03T18:03:23.525312+00:00
US2Y,2026-02-03,2Y,730.5,2.0,3.57,0.03507752661269609,2026-09-03T18:03:23.525312+00:00
US3Y,2026-02-03,3Y,1095.75,3.0,3.64,0.03575316970581786,2026-09-03T18:03:23.525312+00:00
US5Y,2026-02-03,5Y,1826.25,5.0,3.83,0.03758476032727121,2026-09-03T18:03:23.525312+00:00
US7Y,2026-02-03,7Y,2556.75,7.0,4.04,0.039605254592359425,2026-09-03T18:03:23.525312+00:00
US10Y,2026-02-03,10Y,3652.5,10.0,4.28,0.04190940307720962,2026-09-03T18:03:23.525312+00:00
US20Y,2026-02-03,20Y,7305.0,20.0,4.85,0.04736057135983758,2026-09-03T18:03:23.525312+00:00
US30Y,2026-02-03,30Y,10957.5,30.0,4.9,0.04783732941416013,2026-09-03T18:03:23.525312+00:00
US1M,2026-02-04,1M,30.4375,0.08333333333333333,3.72,0.036524774682372266,2026-09-03T18:03:23.525312+00:00
US1_5M,2026-02-04,1.5M,45.65625,0.125,3.72,0.036524774682372266,2026-09-03T18:03:23.525312+00:00
US2M,2026-02-04,2M,60.875,0.16666666666666666,3.74,0.03671758293516277,2026-09-03T18:03:23.525312+00:00
US3M,2026-02-04,3M,91.3125,0.25,3.69,0.03623549258209543,2026-09-03T18:03:23.525312+00:00
US4M,2026-02-04,4M,121.75,0.3333333333333333,3.7,0.03633192924739029,2026-09-03T18:03:23.525312+00:00
US6M,2026-02-04,6M,182.625,0.5,3.62,0.03556017539855087,2026-09-03T18:03:23.525312+00:00
US1Y,2026-02-04,1Y,365.25,1.0,3.49,0.03430480369199031,2026-09-03T18:03:23.525312+00:00
US2Y,2026-02-04,2Y,730.5,2.0,3.57,0.03507752661269609,2026-09-03T18:03:23.525312+00:00
US3Y,2026-02-04,3Y,1095.75,3.0,3.64,0.03575316970581786,2026-09-03T18:03:23.525312+00:00
US5Y,2026-02-04,5Y,1826.25,5.0,3.83,0.03758476032727121,2026-09-03T18:03:23.525312+00:00
US7Y,2026-02-04,7Y,2556.75,7.0,4.05,0.03970136685155207,2026-09-03T18:03:23.525312+00:00
US10Y,2026-02-04,10Y,3652.5,10.0,4.29,0.04200529414503013,2026-09-03T18:03:23.525312+00:00
US20Y,2026-02-04,20Y,7305.0,20.0,4.86,0.04745594115629536,2026-09-03T18:03:23.525312+00:00
US30Y,2026-02-04,30Y,10957.5,30.0,4.91,0.0479326537553028,2026-09-03T18:03:23.525312+00:00
US1M,2026-02-05,1M,30.4375,0.08333333333333333,3.72,0.036524774682372266,2026-09-03T18:03:23.525312+00:00
US1_5M,2026-02-05,1.5M,45.65625,0.125,3.71,0.036428356613551496,2026-09-03T18:03:23.525312+00:00
US2M,2026-02-05,2M,60.875,0.16666666666666666,3.74,0.03671758293516277,2026-09-03T18:03:23.525312+00:00
US3M,2026-02-05,3M,91.3125,0.25,3.67,0.03604259134692935,2026-09-03T18:03:23.525312+00:00
US4M,2026-02-05,4M,121.75,0.3333333333333333,3.68,0.036139046615873194,2026-09-03T18:03:23.525312+00:00
US6M,2026-02-05,6M,182.625,0.5,3.58,0.03517407500765403,2026-09-03T18:03:23.525312+00:00
US1Y,2026-02-05,1Y,365.25,1.0,3.44,0.03382154847551067,2026-09-03T18:03:23.525312+00:00
US2Y,2026-02-05,2Y,730.5,2.0,3.47,0.034111529628767866,2026-09-03T18:03:23.525312+00:00
US3Y,2026-02-05,3Y,1095.75,3.0,3.55,0.03488440185350179,2026-09-03T18:03:23.525312+00:00
US5Y,2026-02-05,5Y,1826.25,5.0,3.74,0.03671758293516277,2026-09-03T18:03:23.525312+00:00
US7Y,2026-02-05,7Y,2556.75,7.0,3.97,0.03893221000178747,2026-09-03T18:03:23.525312+00:00
US10Y,2026-02-05,10Y,3652.5,10.0,4.21,0.04123790801624474,2026-09-03T18:03:23.525312+00:00
US20Y,2026-02-05,20Y,7305.0,20.0,4.79,0.046788161498758925,2026-09-03T18:03:23.525312+00:00
US30Y,2026-02-05,30Y,10957.5,30.0,4.85,0.04736057135983758,2026-09-03T18:03:23.525312+00:00
US1M,2026-02-06,1M,30.4375,0.08333333333333333,3.72,0.036524774682372266,2026-09-03T18:03:23.525312+00:00
US1_5M,2026-02-06,1.5M,45.65625,0.125,3.72,0.036524774682372266,2026-09-03T18:03:23.525312+00:00
US2M,2026-02-06,2M,60.875,0.16666666666666666,3.74,0.03671758293516277,2026-09-03T18:03:23.525312+00:00
US3M,2026-02-06,3M,91.3125,0.25,3.68,0.036139046615873194,2026-09-03T18:03:23.525312+00:00
US4M,2026-02-06,4M,121.75,0.3333333333333333,3.7,0.03633192924739029,2026-09-03T18:03:23.525312+00:00
US6M,2026-02-06,6M,182.625,0.5,3.59,0.03527061408191929,2026-09-03T18:03:23.525312+00:00
US1Y,2026-02-06,1Y,365.25,1.0,3.45,0.03391821820346067,2026-09-03T18:03:23.525312+00:00
US2Y,2026-02-06,2Y,730.5,2.0,3.5,0.0344014267173324,2026-09-03T18:03:23.525312+00:00
US3Y,2026-02-06,3Y,1095.75,3.0,3.57,0.03507752661269609,2026-09-03T18:03:23.525312+00:00
US5Y,2026-02-06,5Y,1826.25,5.0,3.76,0.03691035402009707,2026-09-03T18:03:23.525312+00:00
US7Y,2026-02-06,7Y,2556.75,7.0,3.98,0.039028386967478346,2026-09-03T18:03:23.525312+00:00
US10Y,2026-02-06,10Y,3652.5,10.0,4.22,0.04133386349297719,2026-09-03T18:03:23.525312+00:00
US20Y,2026-02-06,20Y,7305.0,20.0,4.8,0.046883585898850416,2026-09-03T18:03:23.525312+00:00
US30Y,2026-02-06,30Y,10957.5,30.0,4.85,0.04736057135983758,2026-09-03T18:03:23.525312+00:00
US1M,2026-02-09,1M,30.4375,0.08333333333333333,3.72,0.036524774682372266,2026-09-03T18:03:23.525312+00:00
US1_5M,2026-02-09,1.5M,45.65625,0.125,3.72,0.036524774682372266,2026-09-03T18:03:23.525312+00:00
US2M,2026-02-09,2M,60.875,0.16666666666666666,3.73,0.03662118345564531,2026-09-03T18:03:23.525312+00:00
US3M,2026-02-09,3M,91.3125,0.25,3.69,0.03623549258209543,2026-09-03T18:03:23.525312+00:00
US4M,2026-02-09,4M,121.75,0.3333333333333333,3.7,0.03633192924739029,2026-09-03T18:03:23.525312+00:00
US6M,2026-02-09,6M,182.625,0.5,3.59,0.03527061408191929,2026-09-03T18:03:23.525312+00:00
US1Y,2026-02-09,1Y,365.25,1.0,3.43,0.0337248694016209,2026-09-03T18:03:23.525312+00:00
US2Y,2026-02-09,2Y,730.5,2.0,3.48,0.03420817132973701,2026-09-03T18:03:23.525312+00:00
US3Y,2026-02-09,3Y,1095.75,3.0,3.56,0.03498096889524552,2026-09-03T18:03:23.525312+00:00
US5Y,2026-02-09,5Y,1826.25,5.0,3.75,0.03681397312271631,2026-09-03T18:03:23.525312+00:00
US7Y,2026-02-09,7Y,2556.75,7.0,3.97,0.03893221000178747,2026-09-03T18:03:23.525312+00:00
US10Y,2026-02-09,10Y,3652.5,10.0,4.22,0.04133386349297719,2026-09-03T18:03:23.525312+00:00
US20Y,2026-02-09,20Y,7305.0,20.0,4.79,0.046788161498758925,2026-09-03T18:03:23.525312+00:00
US30Y,2026-02-09,30Y,10957.5,30.0,4.85,0.04736057135983758,2026-09-03T18:03:23.525312+00:00
US1M,2026-02-10,1M,30.4375,0.08333333333333333,3.72,0.036524774682372266,2026-09-03T18:03:23.525312+00:00
US1_5M,2026-02-10,1.5M,45.65625,0.125,3.72,0.036524774682372266,2026-09-03T18:03:23.525312+00:00
US2M,2026-02-10,2M,60.875,0.16666666666666666,3.74,0.03671758293516277,2026-09-03T18:03:23.525312+00:00
US3M,2026-02-10,3M,91.3125,0.25,3.69,0.03623549258209543,2026-09-03T18:03:23.525312+00:00
US4M,2026-02-10,4M,121.75,0.3333333333333333,3.69,0.03623549258209543,2026-09-03T18:03:23.525312+00:00
US6M,2026-02-10,6M,182.625,0.5,3.58,0.03517407500765403,2026-09-03T18:03:23.525312+00:00
US1Y,2026-02-10,1Y,365.25,1.0,3.4,0.03343477608623739,2026-09-03T18:03:23.525312+00:00
US2Y,2026-02-10,2Y,730.5,2.0,3.45,0.03391821820346067,2026-09-03T18:03:23.525312+00:00
US3Y,2026-02-10,3Y,1095.75,3.0,3.5,0.0344014267173324,2026-09-03T18:03:23.525312+00:00
US5Y,2026-02-10,5Y,1826.25,5.0,3.7,0.03633192924739029,2026-09-03T18:03:23.525312+00:00
US7Y,2026-02-10,7Y,2556.75,7.0,3.92,0.038451186374252724,2026-09-03T18:03:23.525312+00:00
US10Y,2026-02-10,10Y,3652.5,10.0,4.16,0.04075799247216774,2026-09-03T18:03:23.525312+00:00
US20Y,2026-02-10,20Y,7305.0,20.0,4.73,0.04621542379696299,2026-09-03T18:03:23.525312+00:00
US30Y,2026-02-10,30Y,10957.5,30.0,4.78,0.04669272799198229,2026-09-03T18:03:23.525312+00:00
US1M,2026-02-11,1M,30.4375,0.08333333333333333,3.71,0.036428356613551496,2026-09-03T18:03:23.525312+00:00
US1_5M,2026-02-11,1.5M,45.65625,0.125,3.71,0.036428356613551496,2026-09-03T18:03:23.525312+00:00
US2M,2026-02-11,2M,60.875,0.16666666666666666,3.73,0.03662118345564531,2026-09-03T18:03:23.525312+00:00
US3M,2026-02-11,3M,91.3125,0.25,3.7,0.03633192924739029,2026-09-03T18:03:23.525312+00:00
US4M,2026-02-11,4M,121.75,0.3333333333333333,3.7,0.03633192924739029,2026-09-03T18:03:23.525312+00:00
US6M,2026-02-11,6M,182.625,0.5,3.6,0.035367143837291316,2026-09-03T18:03:23.525312+00:00
US1Y,2026-02-11,1Y,365.25,1.0,3.47,0.034111529628767866,2026-09-03T18:03:23.525312+00:00
US2Y,2026-02-11,2Y,730.5,2.0,3.52,0.03459464476449906,2026-09-03T18:03:23.525312+00:00
US3Y,2026-02-11,3Y,1095.75,3.0,3.55,0.03488440185350179,2026-09-03T18:03:23.525312+00:00
US5Y,2026-02-11,5Y,1826.25,5.0,3.75,0.03681397312271631,2026-09-03T18:03:23.525312+00:00
US7Y,2026-02-11,7Y,2556.75,7.0,3.96,0.03883602378519813,2026-09-03T18:03:23.525312+00:00
US10Y,2026-02-11,10Y,3652.5,10.0,4.18,0.04094998632895411,2026-09-03T18:03:23.525312+00:00
US20Y,2026-02-11,20Y,7305.0,20.0,4.76,0.04650183365141978,2026-09-03T18:03:23.525312+00:00
US30Y,2026-02-11,30Y,10957.5,30.0,4.82,0.04707440738592883,2026-09-03T18:03:23.525312+00:00
US1M,2026-02-12,1M,30.4375,0.08333333333333333,3.72,0.036524774682372266,2026-09-03T18:03:23.525312+00:00
US1_5M,2026-02-12,1.5M,45.65625,0.125,3.71,0.036428356613551496,2026-09-03T18:03:23.525312+00:00
US2M,2026-02-12,2M,60.875,0.16666666666666666,3.74,0.03671758293516277,2026-09-03T18:03:23.525312+00:00
US3M,2026-02-12,3M,91.3125,0.25,3.7,0.03633192924739029,2026-09-03T18:03:23.525312+00:00
US4M,2026-02-12,4M,121.75,0.3333333333333333,3.7,0.03633192924739029,2026-09-03T18:03:23.525312+00:00
US6M,2026-02-12,6M,182.625,0.5,3.58,0.03517407500765403,2026-09-03T18:03:23.525312+00:00
US1Y,2026-02-12,1Y,365.25,1.0,3.45,0.03391821820346067,2026-09-03T18:03:23.525312+00:00
US2Y,2026-02-12,2Y,730.5,2.0,3.47,0.034111529628767866,2026-09-03T18:03:23.525312+00:00
US3Y,2026-02-12,3Y,1095.75,3.0,3.49,0.03430480369199031,2026-09-03T18:03:23.525312+00:00
US5Y,2026-02-12,5Y,1826.25,5.0,3.67,0.03604259134692935,2026-09-03T18:03:23.525312+00:00
US7Y,2026-02-12,7Y,2556.75,7.0,3.87,0.03796993125162867,2026-09-03T18:03:23.525312+00:00
US10Y,2026-02-12,10Y,3652.5,10.0,4.09,0.04008572353928564,2026-09-03T18:03:23.525312+00:00
US20Y,2026-02-12,20Y,7305.0,20.0,4.68,0.04573789167385374,2026-09-03T18:03:23.525312+00:00
US30Y,2026-02-12,30Y,10957.5,30.0,4.72,0.04611993561355312,2026-09-03T18:03:23.525312+00:00
US1M,2026-02-13,1M,30.4375,0.08333333333333333,3.72,0.036524774682372266,2026-09-03T18:03:23.525312+00:00
US1_5M,2026-02-13,1.5M,45.65625,0.125,3.71,0.036428356613551496,2026-09-03T18:03:23.525312+00:00
US2M,2026-02-13,2M,60.875,0.16666666666666666,3.73,0.03662118345564531,2026-09-03T18:03:23.525312+00:00
US3M,2026-02-13,3M,91.3125,0.25,3.68,0.036139046615873194,2026-09-03T18:03:23.525312+00:00
US4M,2026-02-13,4M,121.75,0.3333333333333333,3.7,0.03633192924739029,2026-09-03T18:03:23.525312+00:00
US6M,2026-02-13,6M,182.625,0.5,3.59,0.03527061408191929,2026-09-03T18:03:23.525312+00:00
US1Y,2026-02-13,1Y,365.25,1.0,3.42,0.03362818097998405,2026-09-03T18:03:23.525312+00:00
US2Y,2026-02-13,2Y,730.5,2.0,3.4,0.03343477608623739,2026-09-03T18:03:23.525312+00:00
US3Y,2026-02-13,3Y,1095.75,3.0,3.43,0.0337248694016209,2026-09-03T18:03:23.525312+00:00
US5Y,2026-02-13,5Y,1826.25,5.0,3.61,0.03546366427556904,2026-09-03T18:03:23.525312+00:00
US7Y,2026-02-13,7Y,2556.75,7.0,3.81,0.03739211921706267,2026-09-03T18:03:23.525312+00:00
US10Y,2026-02-13,10Y,3652.5,10.0,4.04,0.039605254592359425,2026-09-03T18:03:23.525312+00:00
US20Y,2026-02-13,20Y,7305.0,20.0,4.64,0.0453557017207972,2026-09-03T18:03:23.525312+00:00
US30Y,2026-02-13,30Y,10957.5,30.0,4.69,0.045833416343172215,2026-09-03T18:03:23.525312+00:00
US1M,2026-02-17,1M,30.4375,0.08333333333333333,3.72,0.036524774682372266,2026-09-03T18:03:23.525312+00:00
US1_5M,2026-02-17,1.5M,45.65625,0.125,3.75,0.03681397312271631,2026-09-03T18:03:23.525312+00:00
US2M,2026-02-17,2M,60.875,0.16666666666666666,3.73,0.03662118345564531,2026-09-03T18:03:23.525312+00:00
US3M,2026-02-17,3M,91.3125,0.25,3.69,0.03623549258209543,2026-09-03T18:03:23.525312+00:00
US4M,2026-02-17,4M,121.75,0.3333333333333333,3.7,0.03633192924739029,2026-09-03T18:03:23.525312+00:00
US6M,2026-02-17,6M,182.625,0.5,3.59,0.03527061408191929,2026-09-03T18:03:23.525312+00:00
US1Y,2026-02-17,1Y,365.25,1.0,3.48,0.03420817132973701,2026-09-03T18:03:23.525312+00:00
US2Y,2026-02-17,2Y,730.5,2.0,3.43,0.0337248694016209,2026-09-03T18:03:23.525312+00:00
US3Y,2026-02-17,3Y,1095.75,3.0,3.47,0.034111529628767866,2026-09-03T18:03:23.525312+00:00
US5Y,2026-02-17,5Y,1826.25,5.0,3.63,0.035656677208034684,2026-09-03T18:03:23.525312+00:00
US7Y,2026-02-17,7Y,2556.75,7.0,3.82,0.03748844441099159,2026-09-03T18:03:23.525312+00:00
US10Y,2026-02-17,10Y,3652.5,10.0,4.05,0.03970136685155207,2026-09-03T18:03:23.525312+00:00
US20Y,2026-02-17,20Y,7305.0,20.0,4.63,0.04526013140486457,2026-09-03T18:03:23.525312+00:00
US30Y,2026-02-17,30Y,10957.5,30.0,4.68,0.04573789167385374,2026-09-03T18:03:23.525312+00:00
US1M,2026-02-18,1M,30.4375,0.08333333333333333,3.71,0.036428356613551496,2026-09-03T18:03:23.525312+00:00
US1_5M,2026-02-18,1.5M,45.65625,0.125,3.74,0.03671758293516277,2026-09-03T18:03:23.525312+00:00
US2M,2026-02-18,2M,60.875,0.16666666666666666,3.73,0.03662118345564531,2026-09-03T18:03:23.525312+00:00
US3M,2026-02-18,3M,91.3125,0.25,3.7,0.03633192924739029,2026-09-03T18:03:23.525312+00:00
US4M,2026-02-18,4M,121.75,0.3333333333333333,3.7,0.03633192924739029,2026-09-03T18:03:23.525312+00:00
US6M,2026-02-18,6M,182.625,0.5,3.6,0.035367143837291316,2026-09-03T18:03:23.525312+00:00
US1Y,2026-02-18,1Y,365.25,1.0,3.49,0.03430480369199031,2026-09-03T18:03:23.525312+00:00
US2Y,2026-02-18,2Y,730.5,2.0,3.47,0.034111529628767866,2026-09-03T18:03:23.525312+00:00
US3Y,2026-02-18,3Y,1095.75,3.0,3.5,0.0344014267173324,2026-09-03T18:03:23.525312+00:00
US5Y,2026-02-18,5Y,1826.25,5.0,3.66,0.035946126773469124,2026-09-03T18:03:23.525312+00:00
US7Y,2026-02-18,7Y,2556.75,7.0,3.86,0.037873652428081515,2026-09-03T18:03:23.525312+00:00
US10Y,2026-02-18,10Y,3652.5,10.0,4.09,0.04008572353928564,2026-09-03T18:03:23.525312+00:00
US20Y,2026-02-18,20Y,7305.0,20.0,4.65,0.04545126290391738,2026-09-03T18:03:23.525312+00:00
US30Y,2026-02-18,30Y,10957.5,30.0,4.71,0.04602443831127933,2026-09-03T18:03:23.525312+00:00
US1M,2026-02-19,1M,30.4375,0.08333333333333333,3.72,0.036524774682372266,2026-09-03T18:03:23.525312+00:00
US1_5M,2026-02-19,1.5M,45.65625,0.125,3.74,0.03671758293516277,2026-09-03T18:03:23.525312+00:00
US2M,2026-02-19,2M,60.875,0.16666666666666666,3.75,0.03681397312271631,2026-09-03T18:03:23.525312+00:00
US3M,2026-02-19,3M,91.3125,0.25,3.69,0.03623549258209543,2026-09-03T18:03:23.525312+00:00
US4M,2026-02-19,4M,121.75,0.3333333333333333,3.7,0.03633192924739029,2026-09-03T18:03:23.525312+00:00
US6M,2026-02-19,6M,182.625,0.5,3.6,0.035367143837291316,2026-09-03T18:03:23.525312+00:00
US1Y,2026-02-19,1Y,365.25,1.0,3.5,0.0344014267173324,2026-09-03T18:03:23.525312+00:00
US2Y,2026-02-19,2Y,730.5,2.0,3.47,0.034111529628767866,2026-09-03T18:03:23.525312+00:00
US3Y,2026-02-19,3Y,1095.75,3.0,3.5,0.0344014267173324,2026-09-03T18:03:23.525312+00:00
US5Y,2026-02-19,5Y,1826.25,5.0,3.65,0.03584965289369722,2026-09-03T18:03:23.525312+00:00
US7Y,2026-02-19,7Y,2556.75,7.0,3.85,0.03777736433402994,2026-09-03T18:03:23.525312+00:00
US10Y,2026-02-19,10Y,3652.5,10.0,4.08,0.03998964821615847,2026-09-03T18:03:23.525312+00:00
US20Y,2026-02-19,20Y,7305.0,20.0,4.64,0.0453557017207972,2026-09-03T18:03:23.525312+00:00
US30Y,2026-02-19,30Y,10957.5,30.0,4.7,0.045928931888399804,2026-09-03T18:03:23.525312+00:00
US1M,2026-02-20,1M,30.4375,0.08333333333333333,3.72,0.036524774682372266,2026-09-03T18:03:23.525312+00:00
US1_5M,2026-02-20,1.5M,45.65625,0.125,3.73,0.03662118345564531,2026-09-03T18:03:23.525312+00:00
US2M,2026-02-20,2M,60.875,0.16666666666666666,3.74,0.03671758293516277,2026-09-03T18:03:23.525312+00:00
US3M,2026-02-20,3M,91.3125,0.25,3.69,0.03623549258209543,2026-09-03T18:03:23.525312+00:00
US4M,2026-02-20,4M,121.75,0.3333333333333333,3.71,0.036428356613551496,2026-09-03T18:03:23.525312+00:00
US6M,2026-02-20,6M,182.625,0.5,3.61,0.03546366427556904,2026-09-03T18:03:23.525312+00:00
US1Y,2026-02-20,1Y,365.25,1.0,3.51,0.034498040407567446,2026-09-03T18:03:23.525312+00:00
US2Y,2026-02-20,2Y,730.5,2.0,3.48,0.03420817132973701,2026-09-03T18:03:23.525312+00:00
US3Y,2026-02-20,3Y,1095.75,3.0,3.5,0.0344014267173324,2026-09-03T18:03:23.525312+00:00
US5Y,2026-02-20,5Y,1826.25,5.0,3.65,0.03584965289369722,2026-09-03T18:03:23.525312+00:00
US7Y,2026-02-20,7Y,2556.75,7.0,3.85,0.03777736433402994,2026-09-03T18:03:23.525312+00:00
US10Y,2026-02-20,10Y,3652.5,10.0,4.08,0.03998964821615847,2026-09-03T18:03:23.525312+00:00
US20Y,2026-02-20,20Y,7305.0,20.0,4.66,0.04554681495597039,2026-09-03T18:03:23.525312+00:00
US30Y,2026-02-20,30Y,10957.5,30.0,4.72,0.04611993561355312,2026-09-03T18:03:23.525312+00:00
US1M,2026-02-23,1M,30.4375,0.08333333333333333,3.72,0.036524774682372266,2026-09-03T18:03:23.525312+00:00
US1_5M,2026-02-23,1.5M,45.65625,0.125,3.74,0.03671758293516277,2026-09-03T18:03:23.525312+00:00
US2M,2026-02-23,2M,60.875,0.16666666666666666,3.74,0.03671758293516277,2026-09-03T18:03:23.525312+00:00
US3M,2026-02-23,3M,91.3125,0.25,3.69,0.03623549258209543,2026-09-03T18:03:23.525312+00:00
US4M,2026-02-23,4M,121.75,0.3333333333333333,3.7,0.03633192924739029,2026-09-03T18:03:23.525312+00:00
US6M,2026-02-23,6M,182.625,0.5,3.62,0.03556017539855087,2026-09-03T18:03:23.525312+00:00
US1Y,2026-02-23,1Y,365.25,1.0,3.5,0.0344014267173324,2026-09-03T18:03:23.525312+00:00
US2Y,2026-02-23,2Y,730.5,2.0,3.43,0.0337248694016209,2026-09-03T18:03:23.525312+00:00
US3Y,2026-02-23,3Y,1095.75,3.0,3.45,0.03391821820346067,2026-09-03T18:03:23.525312+00:00
US5Y,2026-02-23,5Y,1826.25,5.0,3.59,0.03527061408191929,2026-09-03T18:03:23.525312+00:00
US7Y,2026-02-23,7Y,2556.75,7.0,3.79,0.03719944098910626,2026-09-03T18:03:23.525312+00:00
US10Y,2026-02-23,10Y,3652.5,10.0,4.03,0.03950913309471249,2026-09-03T18:03:23.525312+00:00
US20Y,2026-02-23,20Y,7305.0,20.0,4.63,0.04526013140486457,2026-09-03T18:03:23.525312+00:00
US30Y,2026-02-23,30Y,10957.5,30.0,4.7,0.045928931888399804,2026-09-03T18:03:23.525312+00:00
US1M,2026-02-24,1M,30.4375,0.08333333333333333,3.72,0.036524774682372266,2026-09-03T18:03:23.525312+00:00
US1_5M,2026-02-24,1.5M,45.65625,0.125,3.75,0.03681397312271631,2026-09-03T18:03:23.525312+00:00
US2M,2026-02-24,2M,60.875,0.16666666666666666,3.73,0.03662118345564531,2026-09-03T18:03:23.525312+00:00
US3M,2026-02-24,3M,91.3125,0.25,3.69,0.03623549258209543,2026-09-03T18:03:23.525312+00:00
US4M,2026-02-24,4M,121.75,0.3333333333333333,3.7,0.03633192924739029,2026-09-03T18:03:23.525312+00:00
US6M,2026-02-24,6M,182.625,0.5,3.62,0.03556017539855087,2026-09-03T18:03:23.525312+00:00
US1Y,2026-02-24,1Y,365.25,1.0,3.52,0.03459464476449906,2026-09-03T18:03:23.525312+00:00
US2Y,2026-02-24,2Y,730.5,2.0,3.43,0.0337248694016209,2026-09-03T18:03:23.525312+00:00
US3Y,2026-02-24,3Y,1095.75,3.0,3.47,0.034111529628767866,2026-09-03T18:03:23.525312+00:00
US5Y,2026-02-24,5Y,1826.25,5.0,3.61,0.03546366427556904,2026-09-03T18:03:23.525312+00:00
US7Y,2026-02-24,7Y,2556.75,7.0,3.81,0.03739211921706267,2026-09-03T18:03:23.525312+00:00
US10Y,2026-02-24,10Y,3652.5,10.0,4.04,0.039605254592359425,2026-09-03T18:03:23.525312+00:00
US20Y,2026-02-24,20Y,7305.0,20.0,4.63,0.04526013140486457,2026-09-03T18:03:23.525312+00:00
US30Y,2026-02-24,30Y,10957.5,30.0,4.7,0.045928931888399804,2026-09-03T18:03:23.525312+00:00
US1M,2026-02-25,1M,30.4375,0.08333333333333333,3.71,0.036428356613551496,2026-09-03T18:03:23.525312+00:00
US1_5M,2026-02-25,1.5M,45.65625,0.125,3.74,0.03671758293516277,2026-09-03T18:03:23.525312+00:00
US2M,2026-02-25,2M,60.875,0.16666666666666666,3.73,0.03662118345564531,2026-09-03T18:03:23.525312+00:00
US3M,2026-02-25,3M,91.3125,0.25,3.69,0.03623549258209543,2026-09-03T18:03:23.525312+00:00
US4M,2026-02-25,4M,121.75,0.3333333333333333,3.68,0.036139046615873194,2026-09-03T18:03:23.525312+00:00
US6M,2026-02-25,6M,182.625,0.5,3.62,0.03556017539855087,2026-09-03T18:03:23.525312+00:00
US1Y,2026-02-25,1Y,365.25,1.0,3.53,0.03469123978993036,2026-09-03T18:03:23.525312+00:00
US2Y,2026-02-25,2Y,730.5,2.0,3.45,0.03391821820346067,2026-09-03T18:03:23.525312+00:00
US3Y,2026-02-25,3Y,1095.75,3.0,3.49,0.03430480369199031,2026-09-03T18:03:23.525312+00:00
US5Y,2026-02-25,5Y,1826.25,5.0,3.61,0.03546366427556904,2026-09-03T18:03:23.525312+00:00
US7Y,2026-02-25,7Y,2556.75,7.0,3.82,0.03748844441099159,2026-09-03T18:03:23.525312+00:00
US10Y,2026-02-25,10Y,3652.5,10.0,4.05,0.03970136685155207,2026-09-03T18:03:23.525312+00:00
US20Y,2026-02-25,20Y,7305.0,20.0,4.63,0.04526013140486457,2026-09-03T18:03:23.525312+00:00
US30Y,2026-02-25,30Y,10957.5,30.0,4.7,0.045928931888399804,2026-09-03T18:03:23.525312+00:00
US1M,2026-02-26,1M,30.4375,0.08333333333333333,3.74,0.03671758293516277,2026-09-03T18:03:23.525312+00:00
US1_5M,2026-02-26,1.5M,45.65625,0.125,3.74,0.03671758293516277,2026-09-03T18:03:23.525312+00:00
US2M,2026-02-26,2M,60.875,0.16666666666666666,3.75,0.03681397312271631,2026-09-03T18:03:23.525312+00:00
US3M,2026-02-26,3M,91.3125,0.25,3.68,0.036139046615873194,2026-09-03T18:03:23.525312+00:00
US4M,2026-02-26,4M,121.75,0.3333333333333333,3.68,0.036139046615873194,2026-09-03T18:03:23.525312+00:00
US6M,2026-02-26,6M,182.625,0.5,3.61,0.03546366427556904,2026-09-03T18:03:23.525312+00:00
US1Y,2026-02-26,1Y,365.25,1.0,3.52,0.03459464476449906,2026-09-03T18:03:23.525312+00:00
US2Y,2026-02-26,2Y,730.5,2.0,3.42,0.03362818097998405,2026-09-03T18:03:23.525312+00:00
US3Y,2026-02-26,3Y,1095.75,3.0,3.46,0.034014878587277655,2026-09-03T18:03:23.525312+00:00
US5Y,2026-02-26,5Y,1826.25,5.0,3.57,0.03507752661269609,2026-09-03T18:03:23.525312+00:00
US7Y,2026-02-26,7Y,2556.75,7.0,3.78,0.0371030879515022,2026-09-03T18:03:23.525312+00:00
US10Y,2026-02-26,10Y,3652.5,10.0,4.02,0.039413002356835036,2026-09-03T18:03:23.525312+00:00
US20Y,2026-02-26,20Y,7305.0,20.0,4.6,0.044973365642731154,2026-09-03T18:03:23.525312+00:00
US30Y,2026-02-26,30Y,10957.5,30.0,4.67,0.04564235787870107,2026-09-03T18:03:23.525312+00:00
US1M,2026-02-27,1M,30.4375,0.08333333333333333,3.74,0.03671758293516277,2026-09-03T18:03:23.525312+00:00
US1_5M,2026-02-27,1.5M,45.65625,0.125,3.73,0.03662118345564531,2026-09-03T18:03:23.525312+00:00
US2M,2026-02-27,2M,60.875,0.16666666666666666,3.73,0.03662118345564531,2026-09-03T18:03:23.525312+00:00
US3M,2026-02-27,3M,91.3125,0.25,3.67,0.03604259134692935,2026-09-03T18:03:23.525312+00:00
US4M,2026-02-27,4M,121.75,0.3333333333333333,3.67,0.03604259134692935,2026-09-03T18:03:23.525312+00:00
US6M,2026-02-27,6M,182.625,0.5,3.6,0.035367143837291316,2026-09-03T18:03:23.525312+00:00
US1Y,2026-02-27,1Y,365.25,1.0,3.48,0.03420817132973701,2026-09-03T18:03:23.525312+00:00
US2Y,2026-02-27,2Y,730.5,2.0,3.38,0.03324133377980188,2026-09-03T18:03:23.525312+00:00
US3Y,2026-02-27,3Y,1095.75,3.0,3.39,0.03333805961051037,2026-09-03T18:03:23.525312+00:00
US5Y,2026-02-27,5Y,1826.25,5.0,3.51,0.034498040407567446,2026-09-03T18:03:23.525312+00:00
US7Y,2026-02-27,7Y,2556.75,7.0,3.72,0.036524774682372266,2026-09-03T18:03:23.525312+00:00
US10Y,2026-02-27,10Y,3652.5,10.0,3.97,0.03893221000178747,2026-09-03T18:03:23.525312+00:00
US20Y,2026-02-27,20Y,7305.0,20.0,4.57,0.044686517622406025,2026-09-03T18:03:23.525312+00:00
US30Y,2026-02-27,30Y,10957.5,30.0,4.64,0.0453557017207972,2026-09-03T18:03:23.525312+00:00
US1M,2026-03-02,1M,30.4375,0.08333333333333333,3.74,0.03671758293516277,2026-09-03T18:03:23.525312+00:00
US1_5M,2026-03-02,1.5M,45.65625,0.125,3.74,0.03671758293516277,2026-09-03T18:03:23.525312+00:00
US2M,2026-03-02,2M,60.875,0.16666666666666666,3.74,0.03671758293516277,2026-09-03T18:03:23.525312+00:00
US3M,2026-03-02,3M,91.3125,0.25,3.72,0.036524774682372266,2026-09-03T18:03:23.525312+00:00
US4M,2026-03-02,4M,121.75,0.3333333333333333,3.68,0.036139046615873194,2026-09-03T18:03:23.525312+00:00
US6M,2026-03-02,6M,182.625,0.5,3.68,0.036139046615873194,2026-09-03T18:03:23.525312+00:00
US1Y,2026-03-02,1Y,365.25,1.0,3.54,0.03478782548566393,2026-09-03T18:03:23.525312+00:00
US2Y,2026-03-02,2Y,730.5,2.0,3.47,0.034111529628767866,2026-09-03T18:03:23.525312+00:00
US3Y,2026-03-02,3Y,1095.75,3.0,3.49,0.03430480369199031,2026-09-03T18:03:23.525312+00:00
US5Y,2026-03-02,5Y,1826.25,5.0,3.62,0.03556017539855087,2026-09-03T18:03:23.525312+00:00
US7Y,2026-03-02,7Y,2556.75,7.0,3.82,0.03748844441099159,2026-09-03T18:03:23.525312+00:00
US10Y,2026-03-02,10Y,3652.5,10.0,4.05,0.03970136685155207,2026-09-03T18:03:23.525312+00:00
US20Y,2026-03-02,20Y,7305.0,20.0,4.64,0.0453557017207972,2026-09-03T18:03:23.525312+00:00
US30Y,2026-03-02,30Y,10957.5,30.0,4.7,0.045928931888399804,2026-09-03T18:03:23.525312+00:00
US1M,2026-03-03,1M,30.4375,0.08333333333333333,3.75,0.03681397312271631,2026-09-03T18:03:23.525312+00:00
US1_5M,2026-03-03,1.5M,45.65625,0.125,3.75,0.03681397312271631,2026-09-03T18:03:23.525312+00:00
US2M,2026-03-03,2M,60.875,0.16666666666666666,3.74,0.03671758293516277,2026-09-03T18:03:23.525312+00:00
US3M,2026-03-03,3M,91.3125,0.25,3.71,0.036428356613551496,2026-09-03T18:03:23.525312+00:00
US4M,2026-03-03,4M,121.75,0.3333333333333333,3.67,0.03604259134692935,2026-09-03T18:03:23.525312+00:00
US6M,2026-03-03,6M,182.625,0.5,3.68,0.036139046615873194,2026-09-03T18:03:23.525312+00:00
US1Y,2026-03-03,1Y,365.25,1.0,3.55,0.03488440185350179,2026-09-03T18:03:23.525312+00:00
US2Y,2026-03-03,2Y,730.5,2.0,3.51,0.034498040407567446,2026-09-03T18:03:23.525312+00:00
US3Y,2026-03-03,3Y,1095.75,3.0,3.5,0.0344014267173324,2026-09-03T18:03:23.525312+00:00
US5Y,2026-03-03,5Y,1826.25,5.0,3.63,0.035656677208034684,2026-09-03T18:03:23.525312+00:00
US7Y,2026-03-03,7Y,2556.75,7.0,3.83,0.03758476032727121,2026-09-03T18:03:23.525312+00:00
US10Y,2026-03-03,10Y,3652.5,10.0,4.06,0.039797469874066085,2026-09-03T18:03:23.525312+00:00
US20Y,2026-03-03,20Y,7305.0,20.0,4.65,0.04545126290391738,2026-09-03T18:03:23.525312+00:00
US30Y,2026-03-03,30Y,10957.5,30.0,4.7,0.045928931888399804,2026-09-03T18:03:23.525312+00:00
US1M,2026-03-04,1M,30.4375,0.08333333333333333,3.75,0.03681397312271631,2026-09-03T18:03:23.525312+00:00
US1_5M,2026-03-04,1.5M,45.65625,0.125,3.75,0.03681397312271631,2026-09-03T18:03:23.525312+00:00
US2M,2026-03-04,2M,60.875,0.16666666666666666,3.75,0.03681397312271631,2026-09-03T18:03:23.525312+00:00
US3M,2026-03-04,3M,91.3125,0.25,3.71,0.036428356613551496,2026-09-03T18:03:23.525312+00:00
US4M,2026-03-04,4M,121.75,0.3333333333333333,3.68,0.036139046615873194,2026-09-03T18:03:23.525312+00:00
US6M,2026-03-04,6M,182.625,0.5,3.68,0.036139046615873194,2026-09-03T18:03:23.525312+00:00
US1Y,2026-03-04,1Y,365.25,1.0,3.58,0.03517407500765403,2026-09-03T18:03:23.525312+00:00
US2Y,2026-03-04,2Y,730.5,2.0,3.54,0.03478782548566393,2026-09-03T18:03:23.525312+00:00
US3Y,2026-03-04,3Y,1095.75,3.0,3.55,0.03488440185350179,2026-09-03T18:03:23.525312+00:00
US5Y,2026-03-04,5Y,1826.25,5.0,3.67,0.03604259134692935,2026-09-03T18:03:23.525312+00:00
US7Y,2026-03-04,7Y,2556.75,7.0,3.87,0.03796993125162867,2026-09-03T18:03:23.525312+00:00
US10Y,2026-03-04,10Y,3652.5,10.0,4.09,0.04008572353928564,2026-09-03T18:03:23.525312+00:00
US20Y,2026-03-04,20Y,7305.0,20.0,4.67,0.04564235787870107,2026-09-03T18:03:23.525312+00:00
US30Y,2026-03-04,30Y,10957.5,30.0,4.72,0.04611993561355312,2026-09-03T18:03:23.525312+00:00
US1M,2026-03-05,1M,30.4375,0.08333333333333333,3.75,0.03681397312271631,2026-09-03T18:03:23.525312+00:00
US1_5M,2026-03-05,1.5M,45.65625,0.125,3.74,0.03671758293516277,2026-09-03T18:03:23.525312+00:00
US2M,2026-03-05,2M,60.875,0.16666666666666666,3.72,0.036524774682372266,2026-09-03T18:03:23.525312+00:00
US3M,2026-03-05,3M,91.3125,0.25,3.7,0.03633192924739029,2026-09-03T18:03:23.525312+00:00
US4M,2026-03-05,4M,121.75,0.3333333333333333,3.68,0.036139046615873194,2026-09-03T18:03:23.525312+00:00
US6M,2026-03-05,6M,182.625,0.5,3.68,0.036139046615873194,2026-09-03T18:03:23.525312+00:00
US1Y,2026-03-05,1Y,365.25,1.0,3.59,0.03527061408191929,2026-09-03T18:03:23.525312+00:00
US2Y,2026-03-05,2Y,730.5,2.0,3.57,0.03507752661269609,2026-09-03T18:03:23.525312+00:00
US3Y,2026-03-05,3Y,1095.75,3.0,3.59,0.03527061408191929,2026-09-03T18:03:23.525312+00:00
US5Y,2026-03-05,5Y,1826.25,5.0,3.72,0.036524774682372266,2026-09-03T18:03:23.525312+00:00
US7Y,2026-03-05,7Y,2556.75,7.0,3.92,0.038451186374252724,2026-09-03T18:03:23.525312+00:00
US10Y,2026-03-05,10Y,3652.5,10.0,4.13,0.040469932553713214,2026-09-03T18:03:23.525312+00:00
US20Y,2026-03-05,20Y,7305.0,20.0,4.71,0.04602443831127933,2026-09-03T18:03:23.525312+00:00
US30Y,2026-03-05,30Y,10957.5,30.0,4.74,0.046310902863250264,2026-09-03T18:03:23.525312+00:00
US1M,2026-03-06,1M,30.4375,0.08333333333333333,3.75,0.03681397312271631,2026-09-03T18:03:23.525312+00:00
US1_5M,2026-03-06,1.5M,45.65625,0.125,3.74,0.03671758293516277,2026-09-03T18:03:23.525312+00:00
US2M,2026-03-06,2M,60.875,0.16666666666666666,3.72,0.036524774682372266,2026-09-03T18:03:23.525312+00:00
US3M,2026-03-06,3M,91.3125,0.25,3.69,0.03623549258209543,2026-09-03T18:03:23.525312+00:00
US4M,2026-03-06,4M,121.75,0.3333333333333333,3.67,0.03604259134692935,2026-09-03T18:03:23.525312+00:00
US6M,2026-03-06,6M,182.625,0.5,3.66,0.035946126773469124,2026-09-03T18:03:23.525312+00:00
US1Y,2026-03-06,1Y,365.25,1.0,3.55,0.03488440185350179,2026-09-03T18:03:23.525312+00:00
US2Y,2026-03-06,2Y,730.5,2.0,3.56,0.03498096889524552,2026-09-03T18:03:23.525312+00:00
US3Y,2026-03-06,3Y,1095.75,3.0,3.59,0.03527061408191929,2026-09-03T18:03:23.525312+00:00
US5Y,2026-03-06,5Y,1826.25,5.0,3.72,0.036524774682372266,2026-09-03T18:03:23.525312+00:00
US7Y,2026-03-06,7Y,2556.75,7.0,3.93,0.03854740961223893,2026-09-03T18:03:23.525312+00:00
US10Y,2026-03-06,10Y,3652.5,10.0,4.15,0.040661981718889635,2026-09-03T18:03:23.525312+00:00
US20Y,2026-03-06,20Y,7305.0,20.0,4.74,0.046310902863250264,2026-09-03T18:03:23.525312+00:00
US30Y,2026-03-06,30Y,10957.5,30.0,4.77,0.046597285376782184,2026-09-03T18:03:23.525312+00:00
US1M,2026-03-09,1M,30.4375,0.08333333333333333,3.75,0.03681397312271631,2026-09-03T18:03:23.525312+00:00
US1_5M,2026-03-09,1.5M,45.65625,0.125,3.73,0.03662118345564531,2026-09-03T18:03:23.525312+00:00
US2M,2026-03-09,2M,60.875,0.16666666666666666,3.72,0.036524774682372266,2026-09-03T18:03:23.525312+00:00
US3M,2026-03-09,3M,91.3125,0.25,3.71,0.036428356613551496,2026-09-03T18:03:23.525312+00:00
US4M,2026-03-09,4M,121.75,0.3333333333333333,3.68,0.036139046615873194,2026-09-03T18:03:23.525312+00:00
US6M,2026-03-09,6M,182.625,0.5,3.68,0.036139046615873194,2026-09-03T18:03:23.525312+00:00
US1Y,2026-03-09,1Y,365.25,1.0,3.56,0.03498096889524552,2026-09-03T18:03:23.525312+00:00
US2Y,2026-03-09,2Y,730.5,2.0,3.56,0.03498096889524552,2026-09-03T18:03:23.525312+00:00
US3Y,2026-03-09,3Y,1095.75,3.0,3.58,0.03517407500765403,2026-09-03T18:03:23.525312+00:00
US5Y,2026-03-09,5Y,1826.25,5.0,3.71,0.036428356613551496,2026-09-03T18:03:23.525312+00:00
US7Y,2026-03-09,7Y,2556.75,7.0,3.9,0.038258712117090345,2026-09-03T18:03:23.525312+00:00
US10Y,2026-03-09,10Y,3652.5,10.0,4.12,0.040373894138273254,2026-09-03T18:03:23.525312+00:00
US20Y,2026-03-09,20Y,7305.0,20.0,4.7,0.045928931888399804,2026-09-03T18:03:23.525312+00:00
US30Y,2026-03-09,30Y,10957.5,30.0,4.72,0.04611993561355312,2026-09-03T18:03:23.525312+00:00
US1M,2026-03-10,1M,30.4375,0.08333333333333333,3.75,0.03681397312271631,2026-09-03T18:03:23.525312+00:00
US1_5M,2026-03-10,1.5M,45.65625,0.125,3.74,0.03671758293516277,2026-09-03T18:03:23.525312+00:00
US2M,2026-03-10,2M,60.875,0.16666666666666666,3.71,0.036428356613551496,2026-09-03T18:03:23.525312+00:00
US3M,2026-03-10,3M,91.3125,0.25,3.71,0.036428356613551496,2026-09-03T18:03:23.525312+00:00
US4M,2026-03-10,4M,121.75,0.3333333333333333,3.69,0.03623549258209543,2026-09-03T18:03:23.525312+00:00
US6M,2026-03-10,6M,182.625,0.5,3.68,0.036139046615873194,2026-09-03T18:03:23.525312+00:00
US1Y,2026-03-10,1Y,365.25,1.0,3.56,0.03498096889524552,2026-09-03T18:03:23.525312+00:00
US2Y,2026-03-10,2Y,730.5,2.0,3.57,0.03507752661269609,2026-09-03T18:03:23.525312+00:00
US3Y,2026-03-10,3Y,1095.75,3.0,3.58,0.03517407500765403,2026-09-03T18:03:23.525312+00:00
US5Y,2026-03-10,5Y,1826.25,5.0,3.73,0.03662118345564531,2026-09-03T18:03:23.525312+00:00
US7Y,2026-03-10,7Y,2556.75,7.0,3.93,0.03854740961223893,2026-09-03T18:03:23.525312+00:00
US10Y,2026-03-10,10Y,3652.5,10.0,4.15,0.040661981718889635,2026-09-03T18:03:23.525312+00:00
US20Y,2026-03-10,20Y,7305.0,20.0,4.74,0.046310902863250264,2026-09-03T18:03:23.525312+00:00
US30Y,2026-03-10,30Y,10957.5,30.0,4.78,0.04669272799198229,2026-09-03T18:03:23.525312+00:00
US1M,2026-03-11,1M,30.4375,0.08333333333333333,3.75,0.03681397312271631,2026-09-03T18:03:23.525312+00:00
US1_5M,2026-03-11,1.5M,45.65625,0.125,3.73,0.03662118345564531,2026-09-03T18:03:23.525312+00:00
US2M,2026-03-11,2M,60.875,0.16666666666666666,3.7,0.03633192924739029,2026-09-03T18:03:23.525312+00:00
US3M,2026-03-11,3M,91.3125,0.25,3.71,0.036428356613551496,2026-09-03T18:03:23.525312+00:00
US4M,2026-03-11,4M,121.75,0.3333333333333333,3.69,0.03623549258209543,2026-09-03T18:03:23.525312+00:00
US6M,2026-03-11,6M,182.625,0.5,3.68,0.036139046615873194,2026-09-03T18:03:23.525312+00:00
US1Y,2026-03-11,1Y,365.25,1.0,3.6,0.035367143837291316,2026-09-03T18:03:23.525312+00:00
US2Y,2026-03-11,2Y,730.5,2.0,3.64,0.03575316970581786,2026-09-03T18:03:23.525312+00:00
US3Y,2026-03-11,3Y,1095.75,3.0,3.64,0.03575316970581786,2026-09-03T18:03:23.525312+00:00
US5Y,2026-03-11,5Y,1826.25,5.0,3.79,0.03719944098910626,2026-09-03T18:03:23.525312+00:00
US7Y,2026-03-11,7Y,2556.75,7.0,3.98,0.039028386967478346,2026-09-03T18:03:23.525312+00:00
US10Y,2026-03-11,10Y,3652.5,10.0,4.21,0.04123790801624474,2026-09-03T18:03:23.525312+00:00
US20Y,2026-03-11,20Y,7305.0,20.0,4.82,0.04707440738592883,2026-09-03T18:03:23.525312+00:00
US30Y,2026-03-11,30Y,10957.5,30.0,4.86,0.04745594115629536,2026-09-03T18:03:23.525312+00:00
US1M,2026-03-12,1M,30.4375,0.08333333333333333,3.76,0.03691035402009707,2026-09-03T18:03:23.525312+00:00
US1_5M,2026-03-12,1.5M,45.65625,0.125,3.74,0.03671758293516277,2026-09-03T18:03:23.525312+00:00
US2M,2026-03-12,2M,60.875,0.16666666666666666,3.72,0.036524774682372266,2026-09-03T18:03:23.525312+00:00
US3M,2026-03-12,3M,91.3125,0.25,3.72,0.036524774682372266,2026-09-03T18:03:23.525312+00:00
US4M,2026-03-12,4M,121.75,0.3333333333333333,3.69,0.03623549258209543,2026-09-03T18:03:23.525312+00:00
US6M,2026-03-12,6M,182.625,0.5,3.7,0.03633192924739029,2026-09-03T18:03:23.525312+00:00
US1Y,2026-03-12,1Y,365.25,1.0,3.66,0.035946126773469124,2026-09-03T18:03:23.525312+00:00
US2Y,2026-03-12,2Y,730.5,2.0,3.76,0.03691035402009707,2026-09-03T18:03:23.525312+00:00
US3Y,2026-03-12,3Y,1095.75,3.0,3.75,0.03681397312271631,2026-09-03T18:03:23.525312+00:00
US5Y,2026-03-12,5Y,1826.25,5.0,3.88,0.038066200806456334,2026-09-03T18:03:23.525312+00:00
US7Y,2026-03-12,7Y,2556.75,7.0,4.06,0.039797469874066085,2026-09-03T18:03:23.525312+00:00
US10Y,2026-03-12,10Y,3652.5,10.0,4.27,0.04181350281341038,2026-09-03T18:03:23.525312+00:00
US20Y,2026-03-12,20Y,7305.0,20.0,4.86,0.04745594115629536,2026-09-03T18:03:23.525312+00:00
US30Y,2026-03-12,30Y,10957.5,30.0,4.88,0.047646653467353035,2026-09-03T18:03:23.525312+00:00
US1M,2026-03-13,1M,30.4375,0.08333333333333333,3.75,0.03681397312271631,2026-09-03T18:03:23.525312+00:00
US1_5M,2026-03-13,1.5M,45.65625,0.125,3.74,0.03671758293516277,2026-09-03T18:03:23.525312+00:00
US2M,2026-03-13,2M,60.875,0.16666666666666666,3.71,0.036428356613551496,2026-09-03T18:03:23.525312+00:00
US3M,2026-03-13,3M,91.3125,0.25,3.72,0.036524774682372266,2026-09-03T18:03:23.525312+00:00
US4M,2026-03-13,4M,121.75,0.3333333333333333,3.69,0.03623549258209543,2026-09-03T18:03:23.525312+00:00
US6M,2026-03-13,6M,182.625,0.5,3.7,0.03633192924739029,2026-09-03T18:03:23.525312+00:00
US1Y,2026-03-13,1Y,365.25,1.0,3.66,0.035946126773469124,2026-09-03T18:03:23.525312+00:00
US2Y,2026-03-13,2Y,730.5,2.0,3.73,0.03662118345564531,2026-09-03T18:03:23.525312+00:00
US3Y,2026-03-13,3Y,1095.75,3.0,3.74,0.03671758293516277,2026-09-03T18:03:23.525312+00:00
US5Y,2026-03-13,5Y,1826.25,5.0,3.87,0.03796993125162867,2026-09-03T18:03:23.525312+00:00
US7Y,2026-03-13,7Y,2556.75,7.0,4.07,0.039893563661676665,2026-09-03T18:03:23.525312+00:00
US10Y,2026-03-13,10Y,3652.5,10.0,4.28,0.04190940307720962,2026-09-03T18:03:23.525312+00:00
US20Y,2026-03-13,20Y,7305.0,20.0,4.89,0.04774199598542116,2026-09-03T18:03:23.525312+00:00
US30Y,2026-03-13,30Y,10957.5,30.0,4.9,0.04783732941416013,2026-09-03T18:03:23.525312+00:00
US1M,2026-03-16,1M,30.4375,0.08333333333333333,3.75,0.03681397312271631,2026-09-03T18:03:23.525312+00:00
US1_5M,2026-03-16,1.5M,45.65625,0.125,3.73,0.03662118345564531,2026-09-03T18:03:23.525312+00:00
US2M,2026-03-16,2M,60.875,0.16666666666666666,3.72,0.036524774682372266,2026-09-03T18:03:23.525312+00:00
US3M,2026-03-16,3M,91.3125,0.25,3.72,0.036524774682372266,2026-09-03T18:03:23.525312+00:00
US4M,2026-03-16,4M,121.75,0.3333333333333333,3.69,0.03623549258209543,2026-09-03T18:03:23.525312+00:00
US6M,2026-03-16,6M,182.625,0.5,3.72,0.036524774682372266,2026-09-03T18:03:23.525312+00:00
US1Y,2026-03-16,1Y,365.25,1.0,3.64,0.03575316970581786,2026-09-03T18:03:23.525312+00:00
US2Y,2026-03-16,2Y,730.5,2.0,3.68,0.036139046615873194,2026-09-03T18:03:23.525312+00:00
US3Y,2026-03-16,3Y,1095.75,3.0,3.69,0.03623549258209543,2026-09-03T18:03:23.525312+00:00
US5Y,2026-03-16,5Y,1826.25,5.0,3.8,0.037295784743696894,2026-09-03T18:03:23.525312+00:00
US7Y,2026-03-16,7Y,2556.75,7.0,4.0,0.039220713153281295,2026-09-03T18:03:23.525312+00:00
US10Y,2026-03-16,10Y,3652.5,10.0,4.23,0.041429809763139556,2026-09-03T18:03:23.525312+00:00
US20Y,2026-03-16,20Y,7305.0,20.0,4.83,0.04716980447638992,2026-09-03T18:03:23.525312+00:00
US30Y,2026-03-16,30Y,10957.5,30.0,4.86,0.04745594115629536,2026-09-03T18:03:23.525312+00:00
US1M,2026-03-17,1M,30.4375,0.08333333333333333,3.74,0.03671758293516277,2026-09-03T18:03:23.525312+00:00
US1_5M,2026-03-17,1.5M,45.65625,0.125,3.72,0.036524774682372266,2026-09-03T18:03:23.525312+00:00
US2M,2026-03-17,2M,60.875,0.16666666666666666,3.72,0.036524774682372266,2026-09-03T18:03:23.525312+00:00
US3M,2026-03-17,3M,91.3125,0.25,3.72,0.036524774682372266,2026-09-03T18:03:23.525312+00:00
US4M,2026-03-17,4M,121.75,0.3333333333333333,3.69,0.03623549258209543,2026-09-03T18:03:23.525312+00:00
US6M,2026-03-17,6M,182.625,0.5,3.71,0.036428356613551496,2026-09-03T18:03:23.525312+00:00
US1Y,2026-03-17,1Y,365.25,1.0,3.63,0.035656677208034684,2026-09-03T18:03:23.525312+00:00
US2Y,2026-03-17,2Y,730.5,2.0,3.68,0.036139046615873194,2026-09-03T18:03:23.525312+00:00
US3Y,2026-03-17,3Y,1095.75,3.0,3.68,0.036139046615873194,2026-09-03T18:03:23.525312+00:00
US5Y,2026-03-17,5Y,1826.25,5.0,3.79,0.03719944098910626,2026-09-03T18:03:23.525312+00:00
US7Y,2026-03-17,7Y,2556.75,7.0,3.98,0.039028386967478346,2026-09-03T18:03:23.525312+00:00
US10Y,2026-03-17,10Y,3652.5,10.0,4.2,0.04114194333117518,2026-09-03T18:03:23.525312+00:00
US20Y,2026-03-17,20Y,7305.0,20.0,4.81,0.046979001193994605,2026-09-03T18:03:23.525312+00:00
US30Y,2026-03-17,30Y,10957.5,30.0,4.85,0.04736057135983758,2026-09-03T18:03:23.525312+00:00
US1M,2026-03-18,1M,30.4375,0.08333333333333333,3.73,0.03662118345564531,2026-09-03T18:03:23.525312+00:00
US1_5M,2026-03-18,1.5M,45.65625,0.125,3.72,0.036524774682372266,2026-09-03T18:03:23.525312+00:00
US2M,2026-03-18,2M,60.875,0.16666666666666666,3.72,0.036524774682372266,2026-09-03T18:03:23.525312+00:00
US3M,2026-03-18,3M,91.3125,0.25,3.73,0.03662118345564531,2026-09-03T18:03:23.525312+00:00
US4M,2026-03-18,4M,121.75,0.3333333333333333,3.71,0.036428356613551496,2026-09-03T18:03:23.525312+00:00
US6M,2026-03-18,6M,182.625,0.5,3.74,0.03671758293516277,2026-09-03T18:03:23.525312+00:00
US1Y,2026-03-18,1Y,365.25,1.0,3.68,0.036139046615873194,2026-09-03T18:03:23.525312+00:00
US2Y,2026-03-18,2Y,730.5,2.0,3.76,0.03691035402009707,2026-09-03T18:03:23.525312+00:00
US3Y,2026-03-18,3Y,1095.75,3.0,3.76,0.03691035402009707,2026-09-03T18:03:23.525312+00:00
US5Y,2026-03-18,5Y,1826.25,5.0,3.87,0.03796993125162867,2026-09-03T18:03:23.525312+00:00
US7Y,2026-03-18,7Y,2556.75,7.0,4.05,0.03970136685155207,2026-09-03T18:03:23.525312+00:00
US10Y,2026-03-18,10Y,3652.5,10.0,4.26,0.0417175933518685,2026-09-03T18:03:23.525312+00:00
US20Y,2026-03-18,20Y,7305.0,20.0,4.84,0.04726519246711422,2026-09-03T18:03:23.525312+00:00
US30Y,2026-03-18,30Y,10957.5,30.0,4.88,0.047646653467353035,2026-09-03T18:03:23.525312+00:00
US1M,2026-03-19,1M,30.4375,0.08333333333333333,3.73,0.03662118345564531,2026-09-03T18:03:23.525312+00:00
US1_5M,2026-03-19,1.5M,45.65625,0.125,3.71,0.036428356613551496,2026-09-03T18:03:23.525312+00:00
US2M,2026-03-19,2M,60.875,0.16666666666666666,3.72,0.036524774682372266,2026-09-03T18:03:23.525312+00:00
US3M,2026-03-19,3M,91.3125,0.25,3.73,0.03662118345564531,2026-09-03T18:03:23.525312+00:00
US4M,2026-03-19,4M,121.75,0.3333333333333333,3.71,0.036428356613551496,2026-09-03T18:03:23.525312+00:00
US6M,2026-03-19,6M,182.625,0.5,3.76,0.03691035402009707,2026-09-03T18:03:23.525312+00:00
US1Y,2026-03-19,1Y,365.25,1.0,3.73,0.03662118345564531,2026-09-03T18:03:23.525312+00:00
US2Y,2026-03-19,2Y,730.5,2.0,3.79,0.03719944098910626,2026-09-03T18:03:23.525312+00:00
US3Y,2026-03-19,3Y,1095.75,3.0,3.79,0.03719944098910626,2026-09-03T18:03:23.525312+00:00
US5Y,2026-03-19,5Y,1826.25,5.0,3.88,0.038066200806456334,2026-09-03T18:03:23.525312+00:00
US7Y,2026-03-19,7Y,2556.75,7.0,4.06,0.039797469874066085,2026-09-03T18:03:23.525312+00:00
US10Y,2026-03-19,10Y,3652.5,10.0,4.25,0.04162167469081947,2026-09-03T18:03:23.525312+00:00
US20Y,2026-03-19,20Y,7305.0,20.0,4.82,0.04707440738592883,2026-09-03T18:03:23.525312+00:00
US30Y,2026-03-19,30Y,10957.5,30.0,4.83,0.04716980447638992,2026-09-03T18:03:23.525312+00:00
US1M,2026-03-20,1M,30.4375,0.08333333333333333,3.73,0.03662118345564531,2026-09-03T18:03:23.525312+00:00
US1_5M,2026-03-20,1.5M,45.65625,0.125,3.71,0.036428356613551496,2026-09-03T18:03:23.525312+00:00
US2M,2026-03-20,2M,60.875,0.16666666666666666,3.72,0.036524774682372266,2026-09-03T18:03:23.525312+00:00
US3M,2026-03-20,3M,91.3125,0.25,3.74,0.03671758293516277,2026-09-03T18:03:23.525312+00:00
US4M,2026-03-20,4M,121.75,0.3333333333333333,3.73,0.03662118345564531,2026-09-03T18:03:23.525312+00:00
US6M,2026-03-20,6M,182.625,0.5,3.79,0.03719944098910626,2026-09-03T18:03:23.525312+00:00
US1Y,2026-03-20,1Y,365.25,1.0,3.8,0.037295784743696894,2026-09-03T18:03:23.525312+00:00
US2Y,2026-03-20,2Y,730.5,2.0,3.88,0.038066200806456334,2026-09-03T18:03:23.525312+00:00
US3Y,2026-03-20,3Y,1095.75,3.0,3.9,0.038258712117090345,2026-09-03T18:03:23.525312+00:00
US5Y,2026-03-20,5Y,1826.25,5.0,4.01,0.03931686237695038,2026-09-03T18:03:23.525312+00:00
US7Y,2026-03-20,7Y,2556.75,7.0,4.2,0.04114194333117518,2026-09-03T18:03:23.525312+00:00
US10Y,2026-03-20,10Y,3652.5,10.0,4.39,0.042963699432115664,2026-09-03T18:03:23.525312+00:00
US20Y,2026-03-20,20Y,7305.0,20.0,4.97,0.04850440905961498,2026-09-03T18:03:23.525312+00:00
US30Y,2026-03-20,30Y,10957.5,30.0,4.96,0.048409139207687545,2026-09-03T18:03:23.525312+00:00
US1M,2026-03-23,1M,30.4375,0.08333333333333333,3.73,0.03662118345564531,2026-09-03T18:03:23.525312+00:00
US1_5M,2026-03-23,1.5M,45.65625,0.125,3.71,0.036428356613551496,2026-09-03T18:03:23.525312+00:00
US2M,2026-03-23,2M,60.875,0.16666666666666666,3.72,0.036524774682372266,2026-09-03T18:03:23.525312+00:00
US3M,2026-03-23,3M,91.3125,0.25,3.74,0.03671758293516277,2026-09-03T18:03:23.525312+00:00
US4M,2026-03-23,4M,121.75,0.3333333333333333,3.72,0.036524774682372266,2026-09-03T18:03:23.525312+00:00
US6M,2026-03-23,6M,182.625,0.5,3.77,0.03700672562909567,2026-09-03T18:03:23.525312+00:00
US1Y,2026-03-23,1Y,365.25,1.0,3.76,0.03691035402009707,2026-09-03T18:03:23.525312+00:00
US2Y,2026-03-23,2Y,730.5,2.0,3.83,0.03758476032727121,2026-09-03T18:03:23.525312+00:00
US3Y,2026-03-23,3Y,1095.75,3.0,3.85,0.03777736433402994,2026-09-03T18:03:23.525312+00:00
US5Y,2026-03-23,5Y,1826.25,5.0,3.95,0.038739828315930556,2026-09-03T18:03:23.525312+00:00
US7Y,2026-03-23,7Y,2556.75,7.0,4.15,0.040661981718889635,2026-09-03T18:03:23.525312+00:00
US10Y,2026-03-23,10Y,3652.5,10.0,4.34,0.0424846116061553,2026-09-03T18:03:23.525312+00:00
US20Y,2026-03-23,20Y,7305.0,20.0,4.93,0.048123275181728264,2026-09-03T18:03:23.525312+00:00
US30Y,2026-03-23,30Y,10957.5,30.0,4.91,0.0479326537553028,2026-09-03T18:03:23.525312+00:00
US1M,2026-03-24,1M,30.4375,0.08333333333333333,3.74,0.03671758293516277,2026-09-03T18:03:23.525312+00:00
US1_5M,2026-03-24,1.5M,45.65625,0.125,3.72,0.036524774682372266,2026-09-03T18:03:23.525312+00:00
US2M,2026-03-24,2M,60.875,0.16666666666666666,3.72,0.036524774682372266,2026-09-03T18:03:23.525312+00:00
US3M,2026-03-24,3M,91.3125,0.25,3.74,0.03671758293516277,2026-09-03T18:03:23.525312+00:00
US4M,2026-03-24,4M,121.75,0.3333333333333333,3.73,0.03662118345564531,2026-09-03T18:03:23.525312+00:00
US6M,2026-03-24,6M,182.625,0.5,3.78,0.0371030879515022,2026-09-03T18:03:23.525312+00:00
US1Y,2026-03-24,1Y,365.25,1.0,3.81,0.03739211921706267,2026-09-03T18:03:23.525312+00:00
US2Y,2026-03-24,2Y,730.5,2.0,3.9,0.038258712117090345,2026-09-03T18:03:23.525312+00:00
US3Y,2026-03-24,3Y,1095.75,3.0,3.93,0.03854740961223893,2026-09-03T18:03:23.525312+00:00
US5Y,2026-03-24,5Y,1826.25,5.0,4.03,0.03950913309471249,2026-09-03T18:03:23.525312+00:00
US7Y,2026-03-24,7Y,2556.75,7.0,4.21,0.04123790801624474,2026-09-03T18:03:23.525312+00:00
US10Y,2026-03-24,10Y,3652.5,10.0,4.39,0.042963699432115664,2026-09-03T18:03:23.525312+00:00
US20Y,2026-03-24,20Y,7305.0,20.0,4.95,0.048313860278550634,2026-09-03T18:03:23.525312+00:00
US30Y,2026-03-24,30Y,10957.5,30.0,4.94,0.048218572270474346,2026-09-03T18:03:23.525312+00:00
US1M,2026-03-25,1M,30.4375,0.08333333333333333,3.73,0.03662118345564531,2026-09-03T18:03:23.525312+00:00
US1_5M,2026-03-25,1.5M,45.65625,0.125,3.72,0.036524774682372266,2026-09-03T18:03:23.525312+00:00
US2M,2026-03-25,2M,60.875,0.16666666666666666,3.72,0.036524774682372266,2026-09-03T18:03:23.525312+00:00
US3M,2026-03-25,3M,91.3125,0.25,3.73,0.03662118345564531,2026-09-03T18:03:23.525312+00:00
US4M,2026-03-25,4M,121.75,0.3333333333333333,3.72,0.036524774682372266,2026-09-03T18:03:23.525312+00:00
US6M,2026-03-25,6M,182.625,0.5,3.76,0.03691035402009707,2026-09-03T18:03:23.525312+00:00
US1Y,2026-03-25,1Y,365.25,1.0,3.77,0.03700672562909567,2026-09-03T18:03:23.525312+00:00
US2Y,2026-03-25,2Y,730.5,2.0,3.84,0.03768106696768849,2026-09-03T18:03:23.525312+00:00
US3Y,2026-03-25,3Y,1095.75,3.0,3.88,0.038066200806456334,2026-09-03T18:03:23.525312+00:00
US5Y,2026-03-25,5Y,1826.25,5.0,3.96,0.03883602378519813,2026-09-03T18:03:23.525312+00:00
US7Y,2026-03-25,7Y,2556.75,7.0,4.15,0.040661981718889635,2026-09-03T18:03:23.525312+00:00
US10Y,2026-03-25,10Y,3652.5,10.0,4.33,0.04238876649178662,2026-09-03T18:03:23.525312+00:00
US20Y,2026-03-25,20Y,7305.0,20.0,4.9,0.04783732941416013,2026-09-03T18:03:23.525312+00:00
US30Y,2026-03-25,30Y,10957.5,30.0,4.89,0.04774199598542116,2026-09-03T18:03:23.525312+00:00
US1M,2026-03-26,1M,30.4375,0.08333333333333333,3.74,0.03671758293516277,2026-09-03T18:03:23.525312+00:00
US1_5M,2026-03-26,1.5M,45.65625,0.125,3.73,0.03662118345564531,2026-09-03T18:03:23.525312+00:00
US2M,2026-03-26,2M,60.875,0.16666666666666666,3.73,0.03662118345564531,2026-09-03T18:03:23.525312+00:00
US3M,2026-03-26,3M,91.3125,0.25,3.73,0.03662118345564531,2026-09-03T18:03:23.525312+00:00
US4M,2026-03-26,4M,121.75,0.3333333333333333,3.73,0.03662118345564531,2026-09-03T18:03:23.525312+00:00
US6M,2026-03-26,6M,182.625,0.5,3.77,0.03700672562909567,2026-09-03T18:03:23.525312+00:00
US1Y,2026-03-26,1Y,365.25,1.0,3.83,0.03758476032727121,2026-09-03T18:03:23.525312+00:00
US2Y,2026-03-26,2Y,730.5,2.0,3.96,0.03883602378519813,2026-09-03T18:03:23.525312+00:00
US3Y,2026-03-26,3Y,1095.75,3.0,4.0,0.039220713153281295,2026-09-03T18:03:23.525312+00:00
US5Y,2026-03-26,5Y,1826.25,5.0,4.08,0.03998964821615847,2026-09-03T18:03:23.525312+00:00
US7Y,2026-03-26,7Y,2556.75,7.0,4.25,0.04162167469081947,2026-09-03T18:03:23.525312+00:00
US10Y,2026-03-26,10Y,3652.5,10.0,4.42,0.04325104199431493,2026-09-03T18:03:23.525312+00:00
US20Y,2026-03-26,20Y,7305.0,20.0,4.96,0.048409139207687545,2026-09-03T18:03:23.525312+00:00
US30Y,2026-03-26,30Y,10957.5,30.0,4.93,0.048123275181728264,2026-09-03T18:03:23.525312+00:00
US1M,2026-03-27,1M,30.4375,0.08333333333333333,3.74,0.03671758293516277,2026-09-03T18:03:23.525312+00:00
US1_5M,2026-03-27,1.5M,45.65625,0.125,3.73,0.03662118345564531,2026-09-03T18:03:23.525312+00:00
US2M,2026-03-27,2M,60.875,0.16666666666666666,3.72,0.036524774682372266,2026-09-03T18:03:23.525312+00:00
US3M,2026-03-27,3M,91.3125,0.25,3.73,0.03662118345564531,2026-09-03T18:03:23.525312+00:00
US4M,2026-03-27,4M,121.75,0.3333333333333333,3.72,0.036524774682372266,2026-09-03T18:03:23.525312+00:00
US6M,2026-03-27,6M,182.625,0.5,3.75,0.03681397312271631,2026-09-03T18:03:23.525312+00:00
US1Y,2026-03-27,1Y,365.25,1.0,3.77,0.03700672562909567,2026-09-03T18:03:23.525312+00:00
US2Y,2026-03-27,2Y,730.5,2.0,3.88,0.038066200806456334,2026-09-03T18:03:23.525312+00:00
US3Y,2026-03-27,3Y,1095.75,3.0,3.94,0.03864362359220443,2026-09-03T18:03:23.525312+00:00
US5Y,2026-03-27,5Y,1826.25,5.0,4.06,0.039797469874066085,2026-09-03T18:03:23.525312+00:00
US7Y,2026-03-27,7Y,2556.75,7.0,4.25,0.04162167469081947,2026-09-03T18:03:23.525312+00:00
US10Y,2026-03-27,10Y,3652.5,10.0,4.44,0.04344255784283673,2026-09-03T18:03:23.525312+00:00
US20Y,2026-03-27,20Y,7305.0,20.0,4.99,0.04869492153875855,2026-09-03T18:03:23.525312+00:00
US30Y,2026-03-27,30Y,10957.5,30.0,4.98,0.04859966983606235,2026-09-03T18:03:23.525312+00:00
US1M,2026-03-30,1M,30.4375,0.08333333333333333,3.74,0.03671758293516277,2026-09-03T18:03:23.525312+00:00
US1_5M,2026-03-30,1.5M,45.65625,0.125,3.72,0.036524774682372266,2026-09-03T18:03:23.525312+00:00
US2M,2026-03-30,2M,60.875,0.16666666666666666,3.71,0.036428356613551496,2026-09-03T18:03:23.525312+00:00
US3M,2026-03-30,3M,91.3125,0.25,3.71,0.036428356613551496,2026-09-03T18:03:23.525312+00:00
US4M,2026-03-30,4M,121.75,0.3333333333333333,3.71,0.036428356613551496,2026-09-03T18:03:23.525312+00:00
US6M,2026-03-30,6M,182.625,0.5,3.73,0.03662118345564531,2026-09-03T18:03:23.525312+00:00
US1Y,2026-03-30,1Y,365.25,1.0,3.71,0.036428356613551496,2026-09-03T18:03:23.525312+00:00
US2Y,2026-03-30,2Y,730.5,2.0,3.82,0.03748844441099159,2026-09-03T18:03:23.525312+00:00
US3Y,2026-03-30,3Y,1095.75,3.0,3.85,0.03777736433402994,2026-09-03T18:03:23.525312+00:00
US5Y,2026-03-30,5Y,1826.25,5.0,3.97,0.03893221000178747,2026-09-03T18:03:23.525312+00:00
US7Y,2026-03-30,7Y,2556.75,7.0,4.16,0.04075799247216774,2026-09-03T18:03:23.525312+00:00
US10Y,2026-03-30,10Y,3652.5,10.0,4.35,0.04258044753511839,2026-09-03T18:03:23.525312+00:00
US20Y,2026-03-30,20Y,7305.0,20.0,4.92,0.04802796901058155,2026-09-03T18:03:23.525312+00:00
US30Y,2026-03-30,30Y,10957.5,30.0,4.91,0.0479326537553028,2026-09-03T18:03:23.525312+00:00
US1M,2026-03-31,1M,30.4375,0.08333333333333333,3.74,0.03671758293516277,2026-09-03T18:03:23.525312+00:00
US1_5M,2026-03-31,1.5M,45.65625,0.125,3.73,0.03662118345564531,2026-09-03T18:03:23.525312+00:00
US2M,2026-03-31,2M,60.875,0.16666666666666666,3.72,0.036524774682372266,2026-09-03T18:03:23.525312+00:00
US3M,2026-03-31,3M,91.3125,0.25,3.7,0.03633192924739029,2026-09-03T18:03:23.525312+00:00
US4M,2026-03-31,4M,121.75,0.3333333333333333,3.7,0.03633192924739029,2026-09-03T18:03:23.525312+00:00
US6M,2026-03-31,6M,182.625,0.5,3.72,0.036524774682372266,2026-09-03T18:03:23.525312+00:00
US1Y,2026-03-31,1Y,365.25,1.0,3.68,0.036139046615873194,2026-09-03T18:03:23.525312+00:00
US2Y,2026-03-31,2Y,730.5,2.0,3.79,0.03719944098910626,2026-09-03T18:03:23.525312+00:00
US3Y,2026-03-31,3Y,1095.75,3.0,3.81,0.03739211921706267,2026-09-03T18:03:23.525312+00:00
US5Y,2026-03-31,5Y,1826.25,5.0,3.92,0.038451186374252724,2026-09-03T18:03:23.525312+00:00
US7Y,2026-03-31,7Y,2556.75,7.0,4.11,0.04027784649857016,2026-09-03T18:03:23.525312+00:00
US10Y,2026-03-31,10Y,3652.5,10.0,4.3,0.042101176018635396,2026-09-03T18:03:23.525312+00:00
US20Y,2026-03-31,20Y,7305.0,20.0,4.88,0.047646653467353035,2026-09-03T18:03:23.525312+00:00
US30Y,2026-03-31,30Y,10957.5,30.0,4.88,0.047646653467353035,2026-09-03T18:03:23.525312+00:00
US1M,2026-04-01,1M,30.4375,0.08333333333333333,3.74,0.03671758293516277,2026-09-03T18:03:23.525312+00:00
US1_5M,2026-04-01,1.5M,45.65625,0.125,3.72,0.036524774682372266,2026-09-03T18:03:23.525312+00:00
US2M,2026-04-01,2M,60.875,0.16666666666666666,3.71,0.036428356613551496,2026-09-03T18:03:23.525312+00:00
US3M,2026-04-01,3M,91.3125,0.25,3.7,0.03633192924739029,2026-09-03T18:03:23.525312+00:00
US4M,2026-04-01,4M,121.75,0.3333333333333333,3.7,0.03633192924739029,2026-09-03T18:03:23.525312+00:00
US6M,2026-04-01,6M,182.625,0.5,3.72,0.036524774682372266,2026-09-03T18:03:23.525312+00:00
US1Y,2026-04-01,1Y,365.25,1.0,3.68,0.036139046615873194,2026-09-03T18:03:23.525312+00:00
US2Y,2026-04-01,2Y,730.5,2.0,3.81,0.03739211921706267,2026-09-03T18:03:23.525312+00:00
US3Y,2026-04-01,3Y,1095.75,3.0,3.84,0.03768106696768849,2026-09-03T18:03:23.525312+00:00
US5Y,2026-04-01,5Y,1826.25,5.0,3.97,0.03893221000178747,2026-09-03T18:03:23.525312+00:00
US7Y,2026-04-01,7Y,2556.75,7.0,4.15,0.040661981718889635,2026-09-03T18:03:23.525312+00:00
US10Y,2026-04-01,10Y,3652.5,10.0,4.33,0.04238876649178662,2026-09-03T18:03:23.525312+00:00
US20Y,2026-04-01,20Y,7305.0,20.0,4.91,0.0479326537553028,2026-09-03T18:03:23.525312+00:00
US30Y,2026-04-01,30Y,10957.5,30.0,4.91,0.0479326537553028,2026-09-03T18:03:23.525312+00:00
US1M,2026-04-02,1M,30.4375,0.08333333333333333,3.72,0.036524774682372266,2026-09-03T18:03:23.525312+00:00
US1_5M,2026-04-02,1.5M,45.65625,0.125,3.72,0.036524774682372266,2026-09-03T18:03:23.525312+00:00
US2M,2026-04-02,2M,60.875,0.16666666666666666,3.73,0.03662118345564531,2026-09-03T18:03:23.525312+00:00
US3M,2026-04-02,3M,91.3125,0.25,3.7,0.03633192924739029,2026-09-03T18:03:23.525312+00:00
US4M,2026-04-02,4M,121.75,0.3333333333333333,3.71,0.036428356613551496,2026-09-03T18:03:23.525312+00:00
US6M,2026-04-02,6M,182.625,0.5,3.72,0.036524774682372266,2026-09-03T18:03:23.525312+00:00
US1Y,2026-04-02,1Y,365.25,1.0,3.68,0.036139046615873194,2026-09-03T18:03:23.525312+00:00
US2Y,2026-04-02,2Y,730.5,2.0,3.79,0.03719944098910626,2026-09-03T18:03:23.525312+00:00
US3Y,2026-04-02,3Y,1095.75,3.0,3.82,0.03748844441099159,2026-09-03T18:03:23.525312+00:00
US5Y,2026-04-02,5Y,1826.25,5.0,3.94,0.03864362359220443,2026-09-03T18:03:23.525312+00:00
US7Y,2026-04-02,7Y,2556.75,7.0,4.12,0.040373894138273254,2026-09-03T18:03:23.525312+00:00
US10Y,2026-04-02,10Y,3652.5,10.0,4.31,0.04219704869978836,2026-09-03T18:03:23.525312+00:00
US20Y,2026-04-02,20Y,7305.0,20.0,4.88,0.047646653467353035,2026-09-03T18:03:23.525312+00:00
US30Y,2026-04-02,30Y,10957.5,30.0,4.88,0.047646653467353035,2026-09-03T18:03:23.525312+00:00
US1M,2026-04-03,1M,30.4375,0.08333333333333333,3.71,0.036428356613551496,2026-09-03T18:03:23.525312+00:00
US1_5M,2026-04-03,1.5M,45.65625,0.125,3.73,0.03662118345564531,2026-09-03T18:03:23.525312+00:00
US2M,2026-04-03,2M,60.875,0.16666666666666666,3.73,0.03662118345564531,2026-09-03T18:03:23.525312+00:00
US3M,2026-04-03,3M,91.3125,0.25,3.71,0.036428356613551496,2026-09-03T18:03:23.525312+00:00
US4M,2026-04-03,4M,121.75,0.3333333333333333,3.71,0.036428356613551496,2026-09-03T18:03:23.525312+00:00
US6M,2026-04-03,6M,182.625,0.5,3.73,0.03662118345564531,2026-09-03T18:03:23.525312+00:00
US1Y,2026-04-03,1Y,365.25,1.0,3.72,0.036524774682372266,2026-09-03T18:03:23.525312+00:00
US2Y,2026-04-03,2Y,730.5,2.0,3.84,0.03768106696768849,2026-09-03T18:03:23.525312+00:00
US3Y,2026-04-03,3Y,1095.75,3.0,3.88,0.038066200806456334,2026-09-03T18:03:23.525312+00:00
US5Y,2026-04-03,5Y,1826.25,5.0,3.99,0.03912455468405004,2026-09-03T18:03:23.525312+00:00
US7Y,2026-04-03,7Y,2556.75,7.0,4.17,0.04085399400826605,2026-09-03T18:03:23.525312+00:00
US10Y,2026-04-03,10Y,3652.5,10.0,4.35,0.04258044753511839,2026-09-03T18:03:23.525312+00:00
US20Y,2026-04-03,20Y,7305.0,20.0,4.91,0.0479326537553028,2026-09-03T18:03:23.525312+00:00
US30Y,2026-04-03,30Y,10957.5,30.0,4.91,0.0479326537553028,2026-09-03T18:03:23.525312+00:00
US1M,2026-04-06,1M,30.4375,0.08333333333333333,3.72,0.036524774682372266,2026-09-03T18:03:23.525312+00:00
US1_5M,2026-04-06,1.5M,45.65625,0.125,3.72,0.036524774682372266,2026-09-03T18:03:23.525312+00:00
US2M,2026-04-06,2M,60.875,0.16666666666666666,3.74,0.03671758293516277,2026-09-03T18:03:23.525312+00:00
US3M,2026-04-06,3M,91.3125,0.25,3.72,0.036524774682372266,2026-09-03T18:03:23.525312+00:00
US4M,2026-04-06,4M,121.75,0.3333333333333333,3.72,0.036524774682372266,2026-09-03T18:03:23.525312+00:00
US6M,2026-04-06,6M,182.625,0.5,3.74,0.03671758293516277,2026-09-03T18:03:23.525312+00:00
US1Y,2026-04-06,1Y,365.25,1.0,3.72,0.036524774682372266,2026-09-03T18:03:23.525312+00:00
US2Y,2026-04-06,2Y,730.5,2.0,3.84,0.03768106696768849,2026-09-03T18:03:23.525312+00:00
US3Y,2026-04-06,3Y,1095.75,3.0,3.88,0.038066200806456334,2026-09-03T18:03:23.525312+00:00
US5Y,2026-04-06,5Y,1826.25,5.0,3.98,0.039028386967478346,2026-09-03T18:03:23.525312+00:00
US7Y,2026-04-06,7Y,2556.75,7.0,4.16,0.04075799247216774,2026-09-03T18:03:23.525312+00:00
US10Y,2026-04-06,10Y,3652.5,10.0,4.34,0.0424846116061553,2026-09-03T18:03:23.525312+00:00
US20Y,2026-04-06,20Y,7305.0,20.0,4.89,0.04774199598542116,2026-09-03T18:03:23.525312+00:00
US30Y,2026-04-06,30Y,10957.5,30.0,4.89,0.04774199598542116,2026-09-03T18:03:23.525312+00:00
US1M,2026-04-07,1M,30.4375,0.08333333333333333,3.68,0.036139046615873194,2026-09-03T18:03:23.525312+00:00
US1_5M,2026-04-07,1.5M,45.65625,0.125,3.7,0.03633192924739029,2026-09-03T18:03:23.525312+00:00
US2M,2026-04-07,2M,60.875,0.16666666666666666,3.72,0.036524774682372266,2026-09-03T18:03:23.525312+00:00
US3M,2026-04-07,3M,91.3125,0.25,3.71,0.036428356613551496,2026-09-03T18:03:23.525312+00:00
US4M,2026-04-07,4M,121.75,0.3333333333333333,3.71,0.036428356613551496,2026-09-03T18:03:23.525312+00:00
US6M,2026-04-07,6M,182.625,0.5,3.73,0.03662118345564531,2026-09-03T18:03:23.525312+00:00
US1Y,2026-04-07,1Y,365.25,1.0,3.68,0.036139046615873194,2026-09-03T18:03:23.525312+00:00
US2Y,2026-04-07,2Y,730.5,2.0,3.81,0.03739211921706267,2026-09-03T18:03:23.525312+00:00
US3Y,2026-04-07,3Y,1095.75,3.0,3.82,0.03748844441099159,2026-09-03T18:03:23.525312+00:00
US5Y,2026-04-07,5Y,1826.25,5.0,3.95,0.038739828315930556,2026-09-03T18:03:23.525312+00:00
US7Y,2026-04-07,7Y,2556.75,7.0,4.13,0.040469932553713214,2026-09-03T18:03:23.525312+00:00
US10Y,2026-04-07,10Y,3652.5,10.0,4.33,0.04238876649178662,2026-09-03T18:03:23.525312+00:00
US20Y,2026-04-07,20Y,7305.0,20.0,4.9,0.04783732941416013,2026-09-03T18:03:23.525312+00:00
US30Y,2026-04-07,30Y,10957.5,30.0,4.9,0.04783732941416013,2026-09-03T18:03:23.525312+00:00
US1M,2026-04-08,1M,30.4375,0.08333333333333333,3.67,0.03604259134692935,2026-09-03T18:03:23.525312+00:00
US1_5M,2026-04-08,1.5M,45.65625,0.125,3.69,0.03623549258209543,2026-09-03T18:03:23.525312+00:00
US2M,2026-04-08,2M,60.875,0.16666666666666666,3.71,0.036428356613551496,2026-09-03T18:03:23.525312+00:00
US3M,2026-04-08,3M,91.3125,0.25,3.69,0.03623549258209543,2026-09-03T18:03:23.525312+00:00
US4M,2026-04-08,4M,121.75,0.3333333333333333,3.69,0.03623549258209543,2026-09-03T18:03:23.525312+00:00
US6M,2026-04-08,6M,182.625,0.5,3.73,0.03662118345564531,2026-09-03T18:03:23.525312+00:00
US1Y,2026-04-08,1Y,365.25,1.0,3.69,0.03623549258209543,2026-09-03T18:03:23.525312+00:00
US2Y,2026-04-08,2Y,730.5,2.0,3.79,0.03719944098910626,2026-09-03T18:03:23.525312+00:00
US3Y,2026-04-08,3Y,1095.75,3.0,3.78,0.0371030879515022,2026-09-03T18:03:23.525312+00:00
US5Y,2026-04-08,5Y,1826.25,5.0,3.92,0.038451186374252724,2026-09-03T18:03:23.525312+00:00
US7Y,2026-04-08,7Y,2556.75,7.0,4.1,0.04018178963283183,2026-09-03T18:03:23.525312+00:00
US10Y,2026-04-08,10Y,3652.5,10.0,4.29,0.04200529414503013,2026-09-03T18:03:23.525312+00:00
US20Y,2026-04-08,20Y,7305.0,20.0,4.87,0.047551301858222386,2026-09-03T18:03:23.525312+00:00
US30Y,2026-04-08,30Y,10957.5,30.0,4.89,0.04774199598542116,2026-09-03T18:03:23.525312+00:00
US1M,2026-04-09,1M,30.4375,0.08333333333333333,3.66,0.035946126773469124,2026-09-03T18:03:23.525312+00:00
US1_5M,2026-04-09,1.5M,45.65625,0.125,3.67,0.03604259134692935,2026-09-03T18:03:23.525312+00:00
US2M,2026-04-09,2M,60.875,0.16666666666666666,3.69,0.03623549258209543,2026-09-03T18:03:23.525312+00:00
US3M,2026-04-09,3M,91.3125,0.25,3.68,0.036139046615873194,2026-09-03T18:03:23.525312+00:00
US4M,2026-04-09,4M,121.75,0.3333333333333333,3.68,0.036139046615873194,2026-09-03T18:03:23.525312+00:00
US6M,2026-04-09,6M,182.625,0.5,3.71,0.036428356613551496,2026-09-03T18:03:23.525312+00:00
US1Y,2026-04-09,1Y,365.25,1.0,3.68,0.036139046615873194,2026-09-03T18:03:23.525312+00:00
US2Y,2026-04-09,2Y,730.5,2.0,3.78,0.0371030879515022,2026-09-03T18:03:23.525312+00:00
US3Y,2026-04-09,3Y,1095.75,3.0,3.77,0.03700672562909567,2026-09-03T18:03:23.525312+00:00
US5Y,2026-04-09,5Y,1826.25,5.0,3.91,0.038354953876463996,2026-09-03T18:03:23.525312+00:00
US7Y,2026-04-09,7Y,2556.75,7.0,4.1,0.04018178963283183,2026-09-03T18:03:23.525312+00:00
US10Y,2026-04-09,10Y,3652.5,10.0,4.29,0.04200529414503013,2026-09-03T18:03:23.525312+00:00
US20Y,2026-04-09,20Y,7305.0,20.0,4.88,0.047646653467353035,2026-09-03T18:03:23.525312+00:00
US30Y,2026-04-09,30Y,10957.5,30.0,4.9,0.04783732941416013,2026-09-03T18:03:23.525312+00:00
US1M,2026-04-10,1M,30.4375,0.08333333333333333,3.67,0.03604259134692935,2026-09-03T18:03:23.525312+00:00
US1_5M,2026-04-10,1.5M,45.65625,0.125,3.69,0.03623549258209543,2026-09-03T18:03:23.525312+00:00
US2M,2026-04-10,2M,60.875,0.16666666666666666,3.7,0.03633192924739029,2026-09-03T18:03:23.525312+00:00
US3M,2026-04-10,3M,91.3125,0.25,3.69,0.03623549258209543,2026-09-03T18:03:23.525312+00:00
US4M,2026-04-10,4M,121.75,0.3333333333333333,3.69,0.03623549258209543,2026-09-03T18:03:23.525312+00:00
US6M,2026-04-10,6M,182.625,0.5,3.72,0.036524774682372266,2026-09-03T18:03:23.525312+00:00
US1Y,2026-04-10,1Y,365.25,1.0,3.7,0.03633192924739029,2026-09-03T18:03:23.525312+00:00
US2Y,2026-04-10,2Y,730.5,2.0,3.81,0.03739211921706267,2026-09-03T18:03:23.525312+00:00
US3Y,2026-04-10,3Y,1095.75,3.0,3.8,0.037295784743696894,2026-09-03T18:03:23.525312+00:00
US5Y,2026-04-10,5Y,1826.25,5.0,3.94,0.03864362359220443,2026-09-03T18:03:23.525312+00:00
US7Y,2026-04-10,7Y,2556.75,7.0,4.12,0.040373894138273254,2026-09-03T18:03:23.525312+00:00
US10Y,2026-04-10,10Y,3652.5,10.0,4.31,0.04219704869978836,2026-09-03T18:03:23.525312+00:00
US20Y,2026-04-10,20Y,7305.0,20.0,4.89,0.04774199598542116,2026-09-03T18:03:23.525312+00:00
US30Y,2026-04-10,30Y,10957.5,30.0,4.91,0.0479326537553028,2026-09-03T18:03:23.525312+00:00
US1M,2026-04-13,1M,30.4375,0.08333333333333333,3.69,0.03623549258209543,2026-09-03T18:03:23.525312+00:00
US1_5M,2026-04-13,1.5M,45.65625,0.125,3.71,0.036428356613551496,2026-09-03T18:03:23.525312+00:00
US2M,2026-04-13,2M,60.875,0.16666666666666666,3.71,0.036428356613551496,2026-09-03T18:03:23.525312+00:00
US3M,2026-04-13,3M,91.3125,0.25,3.71,0.036428356613551496,2026-09-03T18:03:23.525312+00:00
US4M,2026-04-13,4M,121.75,0.3333333333333333,3.7,0.03633192924739029,2026-09-03T18:03:23.525312+00:00
US6M,2026-04-13,6M,182.625,0.5,3.74,0.03671758293516277,2026-09-03T18:03:23.525312+00:00
US1Y,2026-04-13,1Y,365.25,1.0,3.7,0.03633192924739029,2026-09-03T18:03:23.525312+00:00
US2Y,2026-04-13,2Y,730.5,2.0,3.78,0.0371030879515022,2026-09-03T18:03:23.525312+00:00
US3Y,2026-04-13,3Y,1095.75,3.0,3.79,0.03719944098910626,2026-09-03T18:03:23.525312+00:00
US5Y,2026-04-13,5Y,1826.25,5.0,3.92,0.038451186374252724,2026-09-03T18:03:23.525312+00:00
US7Y,2026-04-13,7Y,2556.75,7.0,4.1,0.04018178963283183,2026-09-03T18:03:23.525312+00:00
US10Y,2026-04-13,10Y,3652.5,10.0,4.3,0.042101176018635396,2026-09-03T18:03:23.525312+00:00
US20Y,2026-04-13,20Y,7305.0,20.0,4.88,0.047646653467353035,2026-09-03T18:03:23.525312+00:00
US30Y,2026-04-13,30Y,10957.5,30.0,4.9,0.04783732941416013,2026-09-03T18:03:23.525312+00:00
US1M,2026-04-14,1M,30.4375,0.08333333333333333,3.71,0.036428356613551496,2026-09-03T18:03:23.525312+00:00
US1_5M,2026-04-14,1.5M,45.65625,0.125,3.72,0.036524774682372266,2026-09-03T18:03:23.525312+00:00
US2M,2026-04-14,2M,60.875,0.16666666666666666,3.72,0.036524774682372266,2026-09-03T18:03:23.525312+00:00
US3M,2026-04-14,3M,91.3125,0.25,3.71,0.036428356613551496,2026-09-03T18:03:23.525312+00:00
US4M,2026-04-14,4M,121.75,0.3333333333333333,3.7,0.03633192924739029,2026-09-03T18:03:23.525312+00:00
US6M,2026-04-14,6M,182.625,0.5,3.73,0.03662118345564531,2026-09-03T18:03:23.525312+00:00
US1Y,2026-04-14,1Y,365.25,1.0,3.71,0.036428356613551496,2026-09-03T18:03:23.525312+00:00
US2Y,2026-04-14,2Y,730.5,2.0,3.76,0.03691035402009707,2026-09-03T18:03:23.525312+00:00
US3Y,2026-04-14,3Y,1095.75,3.0,3.76,0.03691035402009707,2026-09-03T18:03:23.525312+00:00
US5Y,2026-04-14,5Y,1826.25,5.0,3.87,0.03796993125162867,2026-09-03T18:03:23.525312+00:00
US7Y,2026-04-14,7Y,2556.75,7.0,4.06,0.039797469874066085,2026-09-03T18:03:23.525312+00:00
US10Y,2026-04-14,10Y,3652.5,10.0,4.26,0.0417175933518685,2026-09-03T18:03:23.525312+00:00
US20Y,2026-04-14,20Y,7305.0,20.0,4.84,0.04726519246711422,2026-09-03T18:03:23.525312+00:00
US30Y,2026-04-14,30Y,10957.5,30.0,4.87,0.047551301858222386,2026-09-03T18:03:23.525312+00:00
US1M,2026-04-15,1M,30.4375,0.08333333333333333,3.72,0.036524774682372266,2026-09-03T18:03:23.525312+00:00
US1_5M,2026-04-15,1.5M,45.65625,0.125,3.72,0.036524774682372266,2026-09-03T18:03:23.525312+00:00
US2M,2026-04-15,2M,60.875,0.16666666666666666,3.74,0.03671758293516277,2026-09-03T18:03:23.525312+00:00
US3M,2026-04-15,3M,91.3125,0.25,3.71,0.036428356613551496,2026-09-03T18:03:23.525312+00:00
US4M,2026-04-15,4M,121.75,0.3333333333333333,3.71,0.036428356613551496,2026-09-03T18:03:23.525312+00:00
US6M,2026-04-15,6M,182.625,0.5,3.72,0.036524774682372266,2026-09-03T18:03:23.525312+00:00
US1Y,2026-04-15,1Y,365.25,1.0,3.7,0.03633192924739029,2026-09-03T18:03:23.525312+00:00
US2Y,2026-04-15,2Y,730.5,2.0,3.76,0.03691035402009707,2026-09-03T18:03:23.525312+00:00
US3Y,2026-04-15,3Y,1095.75,3.0,3.79,0.03719944098910626,2026-09-03T18:03:23.525312+00:00
US5Y,2026-04-15,5Y,1826.25,5.0,3.9,0.038258712117090345,2026-09-03T18:03:23.525312+00:00
US7Y,2026-04-15,7Y,2556.75,7.0,4.08,0.03998964821615847,2026-09-03T18:03:23.525312+00:00
US10Y,2026-04-15,10Y,3652.5,10.0,4.29,0.04200529414503013,2026-09-03T18:03:23.525312+00:00
US20Y,2026-04-15,20Y,7305.0,20.0,4.87,0.047551301858222386,2026-09-03T18:03:23.525312+00:00
US30Y,2026-04-15,30Y,10957.5,30.0,4.89,0.04774199598542116,2026-09-03T18:03:23.525312+00:00
US1M,2026-04-16,1M,30.4375,0.08333333333333333,3.69,0.03623549258209543,2026-09-03T18:03:23.525312+00:00
US1_5M,2026-04-16,1.5M,45.65625,0.125,3.7,0.03633192924739029,2026-09-03T18:03:23.525312+00:00
US2M,2026-04-16,2M,60.875,0.16666666666666666,3.73,0.03662118345564531,2026-09-03T18:03:23.525312+00:00
US3M,2026-04-16,3M,91.3125,0.25,3.7,0.03633192924739029,2026-09-03T18:03:23.525312+00:00
US4M,2026-04-16,4M,121.75,0.3333333333333333,3.7,0.03633192924739029,2026-09-03T18:03:23.525312+00:00
US6M,2026-04-16,6M,182.625,0.5,3.71,0.036428356613551496,2026-09-03T18:03:23.525312+00:00
US1Y,2026-04-16,1Y,365.25,1.0,3.69,0.03623549258209543,2026-09-03T18:03:23.525312+00:00
US2Y,2026-04-16,2Y,730.5,2.0,3.78,0.0371030879515022,2026-09-03T18:03:23.525312+00:00
US3Y,2026-04-16,3Y,1095.75,3.0,3.8,0.037295784743696894,2026-09-03T18:03:23.525312+00:00
US5Y,2026-04-16,5Y,1826.25,5.0,3.91,0.038354953876463996,2026-09-03T18:03:23.525312+00:00
US7Y,2026-04-16,7Y,2556.75,7.0,4.1,0.04018178963283183,2026-09-03T18:03:23.525312+00:00
US10Y,2026-04-16,10Y,3652.5,10.0,4.32,0.042292912190251455,2026-09-03T18:03:23.525312+00:00
US20Y,2026-04-16,20Y,7305.0,20.0,4.9,0.04783732941416013,2026-09-03T18:03:23.525312+00:00
US30Y,2026-04-16,30Y,10957.5,30.0,4.93,0.048123275181728264,2026-09-03T18:03:23.525312+00:00
US1M,2026-04-17,1M,30.4375,0.08333333333333333,3.69,0.03623549258209543,2026-09-03T18:03:23.525312+00:00
US1_5M,2026-04-17,1.5M,45.65625,0.125,3.7,0.03633192924739029,2026-09-03T18:03:23.525312+00:00
US2M,2026-04-17,2M,60.875,0.16666666666666666,3.73,0.03662118345564531,2026-09-03T18:03:23.525312+00:00
US3M,2026-04-17,3M,91.3125,0.25,3.7,0.03633192924739029,2026-09-03T18:03:23.525312+00:00
US4M,2026-04-17,4M,121.75,0.3333333333333333,3.69,0.03623549258209543,2026-09-03T18:03:23.525312+00:00
US6M,2026-04-17,6M,182.625,0.5,3.69,0.03623549258209543,2026-09-03T18:03:23.525312+00:00
US1Y,2026-04-17,1Y,365.25,1.0,3.64,0.03575316970581786,2026-09-03T18:03:23.525312+00:00
US2Y,2026-04-17,2Y,730.5,2.0,3.71,0.036428356613551496,2026-09-03T18:03:23.525312+00:00
US3Y,2026-04-17,3Y,1095.75,3.0,3.72,0.036524774682372266,2026-09-03T18:03:23.525312+00:00
US5Y,2026-04-17,5Y,1826.25,5.0,3.84,0.03768106696768849,2026-09-03T18:03:23.525312+00:00
US7Y,2026-04-17,7Y,2556.75,7.0,4.04,0.039605254592359425,2026-09-03T18:03:23.525312+00:00
US10Y,2026-04-17,10Y,3652.5,10.0,4.26,0.0417175933518685,2026-09-03T18:03:23.525312+00:00
US20Y,2026-04-17,20Y,7305.0,20.0,4.85,0.04736057135983758,2026-09-03T18:03:23.525312+00:00
US30Y,2026-04-17,30Y,10957.5,30.0,4.88,0.047646653467353035,2026-09-03T18:03:23.525312+00:00
US1M,2026-04-20,1M,30.4375,0.08333333333333333,3.69,0.03623549258209543,2026-09-03T18:03:23.525312+00:00
US1_5M,2026-04-20,1.5M,45.65625,0.125,3.7,0.03633192924739029,2026-09-03T18:03:23.525312+00:00
US2M,2026-04-20,2M,60.875,0.16666666666666666,3.72,0.036524774682372266,2026-09-03T18:03:23.525312+00:00
US3M,2026-04-20,3M,91.3125,0.25,3.71,0.036428356613551496,2026-09-03T18:03:23.525312+00:00
US4M,2026-04-20,4M,121.75,0.3333333333333333,3.7,0.03633192924739029,2026-09-03T18:03:23.525312+00:00
US6M,2026-04-20,6M,182.625,0.5,3.72,0.036524774682372266,2026-09-03T18:03:23.525312+00:00
US1Y,2026-04-20,1Y,365.25,1.0,3.65,0.03584965289369722,2026-09-03T18:03:23.525312+00:00
US2Y,2026-04-20,2Y,730.5,2.0,3.72,0.036524774682372266,2026-09-03T18:03:23.525312+00:00
US3Y,2026-04-20,3Y,1095.75,3.0,3.73,0.03662118345564531,2026-09-03T18:03:23.525312+00:00
US5Y,2026-04-20,5Y,1826.25,5.0,3.86,0.037873652428081515,2026-09-03T18:03:23.525312+00:00
US7Y,2026-04-20,7Y,2556.75,7.0,4.04,0.039605254592359425,2026-09-03T18:03:23.525312+00:00
US10Y,2026-04-20,10Y,3652.5,10.0,4.26,0.0417175933518685,2026-09-03T18:03:23.525312+00:00
US20Y,2026-04-20,20Y,7305.0,20.0,4.85,0.04736057135983758,2026-09-03T18:03:23.525312+00:00
US30Y,2026-04-20,30Y,10957.5,30.0,4.88,0.047646653467353035,2026-09-03T18:03:23.525312+00:00
US1M,2026-04-21,1M,30.4375,0.08333333333333333,3.67,0.03604259134692935,2026-09-03T18:03:23.525312+00:00
US1_5M,2026-04-21,1.5M,45.65625,0.125,3.72,0.036524774682372266,2026-09-03T18:03:23.525312+00:00
US2M,2026-04-21,2M,60.875,0.16666666666666666,3.71,0.036428356613551496,2026-09-03T18:03:23.525312+00:00
US3M,2026-04-21,3M,91.3125,0.25,3.69,0.03623549258209543,2026-09-03T18:03:23.525312+00:00
US4M,2026-04-21,4M,121.75,0.3333333333333333,3.7,0.03633192924739029,2026-09-03T18:03:23.525312+00:00
US6M,2026-04-21,6M,182.625,0.5,3.73,0.03662118345564531,2026-09-03T18:03:23.525312+00:00
US1Y,2026-04-21,1Y,365.25,1.0,3.69,0.03623549258209543,2026-09-03T18:03:23.525312+00:00
US2Y,2026-04-21,2Y,730.5,2.0,3.78,0.0371030879515022,2026-09-03T18:03:23.525312+00:00
US3Y,2026-04-21,3Y,1095.75,3.0,3.8,0.037295784743696894,2026-09-03T18:03:23.525312+00:00
US5Y,2026-04-21,5Y,1826.25,5.0,3.91,0.038354953876463996,2026-09-03T18:03:23.525312+00:00
US7Y,2026-04-21,7Y,2556.75,7.0,4.09,0.04008572353928564,2026-09-03T18:03:23.525312+00:00
US10Y,2026-04-21,10Y,3652.5,10.0,4.3,0.042101176018635396,2026-09-03T18:03:23.525312+00:00
US20Y,2026-04-21,20Y,7305.0,20.0,4.87,0.047551301858222386,2026-09-03T18:03:23.525312+00:00
US30Y,2026-04-21,30Y,10957.5,30.0,4.89,0.04774199598542116,2026-09-03T18:03:23.525312+00:00
US1M,2026-04-22,1M,30.4375,0.08333333333333333,3.68,0.036139046615873194,2026-09-03T18:03:23.525312+00:00
US1_5M,2026-04-22,1.5M,45.65625,0.125,3.71,0.036428356613551496,2026-09-03T18:03:23.525312+00:00
US2M,2026-04-22,2M,60.875,0.16666666666666666,3.7,0.03633192924739029,2026-09-03T18:03:23.525312+00:00
US3M,2026-04-22,3M,91.3125,0.25,3.69,0.03623549258209543,2026-09-03T18:03:23.525312+00:00
US4M,2026-04-22,4M,121.75,0.3333333333333333,3.69,0.03623549258209543,2026-09-03T18:03:23.525312+00:00
US6M,2026-04-22,6M,182.625,0.5,3.72,0.036524774682372266,2026-09-03T18:03:23.525312+00:00
US1Y,2026-04-22,1Y,365.25,1.0,3.69,0.03623549258209543,2026-09-03T18:03:23.525312+00:00
US2Y,2026-04-22,2Y,730.5,2.0,3.79,0.03719944098910626,2026-09-03T18:03:23.525312+00:00
US3Y,2026-04-22,3Y,1095.75,3.0,3.81,0.03739211921706267,2026-09-03T18:03:23.525312+00:00
US5Y,2026-04-22,5Y,1826.25,5.0,3.91,0.038354953876463996,2026-09-03T18:03:23.525312+00:00
US7Y,2026-04-22,7Y,2556.75,7.0,4.1,0.04018178963283183,2026-09-03T18:03:23.525312+00:00
US10Y,2026-04-22,10Y,3652.5,10.0,4.3,0.042101176018635396,2026-09-03T18:03:23.525312+00:00
US20Y,2026-04-22,20Y,7305.0,20.0,4.87,0.047551301858222386,2026-09-03T18:03:23.525312+00:00
US30Y,2026-04-22,30Y,10957.5,30.0,4.9,0.04783732941416013,2026-09-03T18:03:23.525312+00:00
US1M,2026-04-23,1M,30.4375,0.08333333333333333,3.69,0.03623549258209543,2026-09-03T18:03:23.525312+00:00
US1_5M,2026-04-23,1.5M,45.65625,0.125,3.72,0.036524774682372266,2026-09-03T18:03:23.525312+00:00
US2M,2026-04-23,2M,60.875,0.16666666666666666,3.72,0.036524774682372266,2026-09-03T18:03:23.525312+00:00
US3M,2026-04-23,3M,91.3125,0.25,3.69,0.03623549258209543,2026-09-03T18:03:23.525312+00:00
US4M,2026-04-23,4M,121.75,0.3333333333333333,3.7,0.03633192924739029,2026-09-03T18:03:23.525312+00:00
US6M,2026-04-23,6M,182.625,0.5,3.72,0.036524774682372266,2026-09-03T18:03:23.525312+00:00
US1Y,2026-04-23,1Y,365.25,1.0,3.7,0.03633192924739029,2026-09-03T18:03:23.525312+00:00
US2Y,2026-04-23,2Y,730.5,2.0,3.83,0.03758476032727121,2026-09-03T18:03:23.525312+00:00
US3Y,2026-04-23,3Y,1095.75,3.0,3.84,0.03768106696768849,2026-09-03T18:03:23.525312+00:00
US5Y,2026-04-23,5Y,1826.25,5.0,3.96,0.03883602378519813,2026-09-03T18:03:23.525312+00:00
US7Y,2026-04-23,7Y,2556.75,7.0,4.13,0.040469932553713214,2026-09-03T18:03:23.525312+00:00
US10Y,2026-04-23,10Y,3652.5,10.0,4.34,0.0424846116061553,2026-09-03T18:03:23.525312+00:00
US20Y,2026-04-23,20Y,7305.0,20.0,4.9,0.04783732941416013,2026-09-03T18:03:23.525312+00:00
US30Y,2026-04-23,30Y,10957.5,30.0,4.92,0.04802796901058155,2026-09-03T18:03:23.525312+00:00
US1M,2026-04-24,1M,30.4375,0.08333333333333333,3.69,0.03623549258209543,2026-09-03T18:03:23.525312+00:00
US1_5M,2026-04-24,1.5M,45.65625,0.125,3.72,0.036524774682372266,2026-09-03T18:03:23.525312+00:00
US2M,2026-04-24,2M,60.875,0.16666666666666666,3.71,0.036428356613551496,2026-09-03T18:03:23.525312+00:00
US3M,2026-04-24,3M,91.3125,0.25,3.69,0.03623549258209543,2026-09-03T18:03:23.525312+00:00
US4M,2026-04-24,4M,121.75,0.3333333333333333,3.69,0.03623549258209543,2026-09-03T18:03:23.525312+00:00
US6M,2026-04-24,6M,182.625,0.5,3.71,0.036428356613551496,2026-09-03T18:03:23.525312+00:00
US1Y,2026-04-24,1Y,365.25,1.0,3.67,0.03604259134692935,2026-09-03T18:03:23.525312+00:00
US2Y,2026-04-24,2Y,730.5,2.0,3.78,0.0371030879515022,2026-09-03T18:03:23.525312+00:00
US3Y,2026-04-24,3Y,1095.75,3.0,3.8,0.037295784743696894,2026-09-03T18:03:23.525312+00:00
US5Y,2026-04-24,5Y,1826.25,5.0,3.92,0.038451186374252724,2026-09-03T18:03:23.525312+00:00
US7Y,2026-04-24,7Y,2556.75,7.0,4.1,0.04018178963283183,2026-09-03T18:03:23.525312+00:00
US10Y,2026-04-24,10Y,3652.5,10.0,4.31,0.04219704869978836,2026-09-03T18:03:23.525312+00:00
US20Y,2026-04-24,20Y,7305.0,20.0,4.88,0.047646653467353035,2026-09-03T18:03:23.525312+00:00
US30Y,2026-04-24,30Y,10957.5,30.0,4.91,0.0479326537553028,2026-09-03T18:03:23.525312+00:00
US1M,2026-04-27,1M,30.4375,0.08333333333333333,3.7,0.03633192924739029,2026-09-03T18:03:23.525312+00:00
US1_5M,2026-04-27,1.5M,45.65625,0.125,3.72,0.036524774682372266,2026-09-03T18:03:23.525312+00:00
US2M,2026-04-27,2M,60.875,0.16666666666666666,3.72,0.036524774682372266,2026-09-03T18:03:23.525312+00:00
US3M,2026-04-27,3M,91.3125,0.25,3.68,0.036139046615873194,2026-09-03T18:03:23.525312+00:00
US4M,2026-04-27,4M,121.75,0.3333333333333333,3.7,0.03633192924739029,2026-09-03T18:03:23.525312+00:00
US6M,2026-04-27,6M,182.625,0.5,3.72,0.036524774682372266,2026-09-03T18:03:23.525312+00:00
US1Y,2026-04-27,1Y,365.25,1.0,3.69,0.03623549258209543,2026-09-03T18:03:23.525312+00:00
US2Y,2026-04-27,2Y,730.5,2.0,3.78,0.0371030879515022,2026-09-03T18:03:23.525312+00:00
US3Y,2026-04-27,3Y,1095.75,3.0,3.83,0.03758476032727121,2026-09-03T18:03:23.525312+00:00
US5Y,2026-04-27,5Y,1826.25,5.0,3.94,0.03864362359220443,2026-09-03T18:03:23.525312+00:00
US7Y,2026-04-27,7Y,2556.75,7.0,4.14,0.040565961746661654,2026-09-03T18:03:23.525312+00:00
US10Y,2026-04-27,10Y,3652.5,10.0,4.35,0.04258044753511839,2026-09-03T18:03:23.525312+00:00
US20Y,2026-04-27,20Y,7305.0,20.0,4.92,0.04802796901058155,2026-09-03T18:03:23.525312+00:00
US30Y,2026-04-27,30Y,10957.5,30.0,4.94,0.048218572270474346,2026-09-03T18:03:23.525312+00:00
US1M,2026-04-28,1M,30.4375,0.08333333333333333,3.68,0.036139046615873194,2026-09-03T18:03:23.525312+00:00
US1_5M,2026-04-28,1.5M,45.65625,0.125,3.7,0.03633192924739029,2026-09-03T18:03:23.525312+00:00
US2M,2026-04-28,2M,60.875,0.16666666666666666,3.72,0.036524774682372266,2026-09-03T18:03:23.525312+00:00
US3M,2026-04-28,3M,91.3125,0.25,3.68,0.036139046615873194,2026-09-03T18:03:23.525312+00:00
US4M,2026-04-28,4M,121.75,0.3333333333333333,3.69,0.03623549258209543,2026-09-03T18:03:23.525312+00:00
US6M,2026-04-28,6M,182.625,0.5,3.72,0.036524774682372266,2026-09-03T18:03:23.525312+00:00
US1Y,2026-04-28,1Y,365.25,1.0,3.71,0.036428356613551496,2026-09-03T18:03:23.525312+00:00
US2Y,2026-04-28,2Y,730.5,2.0,3.84,0.03768106696768849,2026-09-03T18:03:23.525312+00:00
US3Y,2026-04-28,3Y,1095.75,3.0,3.86,0.037873652428081515,2026-09-03T18:03:23.525312+00:00
US5Y,2026-04-28,5Y,1826.25,5.0,3.97,0.03893221000178747,2026-09-03T18:03:23.525312+00:00
US7Y,2026-04-28,7Y,2556.75,7.0,4.16,0.04075799247216774,2026-09-03T18:03:23.525312+00:00
US10Y,2026-04-28,10Y,3652.5,10.0,4.36,0.04267627428043632,2026-09-03T18:03:23.525312+00:00
US20Y,2026-04-28,20Y,7305.0,20.0,4.92,0.04802796901058155,2026-09-03T18:03:23.525312+00:00
US30Y,2026-04-28,30Y,10957.5,30.0,4.94,0.048218572270474346,2026-09-03T18:03:23.525312+00:00
US1M,2026-04-29,1M,30.4375,0.08333333333333333,3.68,0.036139046615873194,2026-09-03T18:03:23.525312+00:00
US1_5M,2026-04-29,1.5M,45.65625,0.125,3.7,0.03633192924739029,2026-09-03T18:03:23.525312+00:00
US2M,2026-04-29,2M,60.875,0.16666666666666666,3.72,0.036524774682372266,2026-09-03T18:03:23.525312+00:00
US3M,2026-04-29,3M,91.3125,0.25,3.68,0.036139046615873194,2026-09-03T18:03:23.525312+00:00
US4M,2026-04-29,4M,121.75,0.3333333333333333,3.77,0.03700672562909567,2026-09-03T18:03:23.525312+00:00
US6M,2026-04-29,6M,182.625,0.5,3.73,0.03662118345564531,2026-09-03T18:03:23.525312+00:00
US1Y,2026-04-29,1Y,365.25,1.0,3.75,0.03681397312271631,2026-09-03T18:03:23.525312+00:00
US2Y,2026-04-29,2Y,730.5,2.0,3.92,0.038451186374252724,2026-09-03T18:03:23.525312+00:00
US3Y,2026-04-29,3Y,1095.75,3.0,3.94,0.03864362359220443,2026-09-03T18:03:23.525312+00:00
US5Y,2026-04-29,5Y,1826.25,5.0,4.05,0.03970136685155207,2026-09-03T18:03:23.525312+00:00
US7Y,2026-04-29,7Y,2556.75,7.0,4.23,0.041429809763139556,2026-09-03T18:03:23.525312+00:00
US10Y,2026-04-29,10Y,3652.5,10.0,4.42,0.04325104199431493,2026-09-03T18:03:23.525312+00:00
US20Y,2026-04-29,20Y,7305.0,20.0,4.97,0.04850440905961498,2026-09-03T18:03:23.525312+00:00
US30Y,2026-04-29,30Y,10957.5,30.0,4.98,0.04859966983606235,2026-09-03T18:03:23.525312+00:00
US1M,2026-04-30,1M,30.4375,0.08333333333333333,3.72,0.036524774682372266,2026-09-03T18:03:23.525312+00:00
US1_5M,2026-04-30,1.5M,45.65625,0.125,3.71,0.036428356613551496,2026-09-03T18:03:23.525312+00:00
US2M,2026-04-30,2M,60.875,0.16666666666666666,3.71,0.036428356613551496,2026-09-03T18:03:23.525312+00:00
US3M,2026-04-30,3M,91.3125,0.25,3.68,0.036139046615873194,2026-09-03T18:03:23.525312+00:00
US4M,2026-04-30,4M,121.75,0.3333333333333333,3.76,0.03691035402009707,2026-09-03T18:03:23.525312+00:00
US6M,2026-04-30,6M,182.625,0.5,3.71,0.036428356613551496,2026-09-03T18:03:23.525312+00:00
US1Y,2026-04-30,1Y,365.25,1.0,3.72,0.036524774682372266,2026-09-03T18:03:23.525312+00:00
US2Y,2026-04-30,2Y,730.5,2.0,3.88,0.038066200806456334,2026-09-03T18:03:23.525312+00:00
US3Y,2026-04-30,3Y,1095.75,3.0,3.91,0.038354953876463996,2026-09-03T18:03:23.525312+00:00
US5Y,2026-04-30,5Y,1826.25,5.0,4.02,0.039413002356835036,2026-09-03T18:03:23.525312+00:00
US7Y,2026-04-30,7Y,2556.75,7.0,4.2,0.04114194333117518,2026-09-03T18:03:23.525312+00:00
US10Y,2026-04-30,10Y,3652.5,10.0,4.4,0.04305948946044698,2026-09-03T18:03:23.525312+00:00
US20Y,2026-04-30,20Y,7305.0,20.0,4.97,0.04850440905961498,2026-09-03T18:03:23.525312+00:00
US30Y,2026-04-30,30Y,10957.5,30.0,4.98,0.04859966983606235,2026-09-03T18:03:23.525312+00:00
US1M,2026-05-01,1M,30.4375,0.08333333333333333,3.71,0.036428356613551496,2026-09-03T18:03:23.525312+00:00
US1_5M,2026-05-01,1.5M,45.65625,0.125,3.71,0.036428356613551496,2026-09-03T18:03:23.525312+00:00
US2M,2026-05-01,2M,60.875,0.16666666666666666,3.7,0.03633192924739029,2026-09-03T18:03:23.525312+00:00
US3M,2026-05-01,3M,91.3125,0.25,3.68,0.036139046615873194,2026-09-03T18:03:23.525312+00:00
US4M,2026-05-01,4M,121.75,0.3333333333333333,3.76,0.03691035402009707,2026-09-03T18:03:23.525312+00:00
US6M,2026-05-01,6M,182.625,0.5,3.71,0.036428356613551496,2026-09-03T18:03:23.525312+00:00
US1Y,2026-05-01,1Y,365.25,1.0,3.73,0.03662118345564531,2026-09-03T18:03:23.525312+00:00
US2Y,2026-05-01,2Y,730.5,2.0,3.88,0.038066200806456334,2026-09-03T18:03:23.525312+00:00
US3Y,2026-05-01,3Y,1095.75,3.0,3.91,0.038354953876463996,2026-09-03T18:03:23.525312+00:00
US5Y,2026-05-01,5Y,1826.25,5.0,4.02,0.039413002356835036,2026-09-03T18:03:23.525312+00:00
US7Y,2026-05-01,7Y,2556.75,7.0,4.2,0.04114194333117518,2026-09-03T18:03:23.525312+00:00
US10Y,2026-05-01,10Y,3652.5,10.0,4.39,0.042963699432115664,2026-09-03T18:03:23.525312+00:00
US20Y,2026-05-01,20Y,7305.0,20.0,4.96,0.048409139207687545,2026-09-03T18:03:23.525312+00:00
US30Y,2026-05-01,30Y,10957.5,30.0,4.97,0.04850440905961498,2026-09-03T18:03:23.525312+00:00
US1M,2026-05-04,1M,30.4375,0.08333333333333333,3.71,0.036428356613551496,2026-09-03T18:03:23.525312+00:00
US1_5M,2026-05-04,1.5M,45.65625,0.125,3.7,0.03633192924739029,2026-09-03T18:03:23.525312+00:00
US2M,2026-05-04,2M,60.875,0.16666666666666666,3.7,0.03633192924739029,2026-09-03T18:03:23.525312+00:00
US3M,2026-05-04,3M,91.3125,0.25,3.7,0.03633192924739029,2026-09-03T18:03:23.525312+00:00
US4M,2026-05-04,4M,121.75,0.3333333333333333,3.76,0.03691035402009707,2026-09-03T18:03:23.525312+00:00
US6M,2026-05-04,6M,182.625,0.5,3.76,0.03691035402009707,2026-09-03T18:03:23.525312+00:00
US1Y,2026-05-04,1Y,365.25,1.0,3.78,0.0371030879515022,2026-09-03T18:03:23.525312+00:00
US2Y,2026-05-04,2Y,730.5,2.0,3.95,0.038739828315930556,2026-09-03T18:03:23.525312+00:00
US3Y,2026-05-04,3Y,1095.75,3.0,3.98,0.039028386967478346,2026-09-03T18:03:23.525312+00:00
US5Y,2026-05-04,5Y,1826.25,5.0,4.08,0.03998964821615847,2026-09-03T18:03:23.525312+00:00
US7Y,2026-05-04,7Y,2556.75,7.0,4.26,0.0417175933518685,2026-09-03T18:03:23.525312+00:00
US10Y,2026-05-04,10Y,3652.5,10.0,4.45,0.04353830201448343,2026-09-03T18:03:23.525312+00:00
US20Y,2026-05-04,20Y,7305.0,20.0,5.01,0.048885397729810626,2026-09-03T18:03:23.525312+00:00
US30Y,2026-05-04,30Y,10957.5,30.0,5.02,0.048980622221621854,2026-09-03T18:03:23.525312+00:00
US1M,2026-05-05,1M,30.4375,0.08333333333333333,3.7,0.03633192924739029,2026-09-03T18:03:23.525312+00:00
US1_5M,2026-05-05,1.5M,45.65625,0.125,3.7,0.03633192924739029,2026-09-03T18:03:23.525312+00:00
US2M,2026-05-05,2M,60.875,0.16666666666666666,3.7,0.03633192924739029,2026-09-03T18:03:23.525312+00:00
US3M,2026-05-05,3M,91.3125,0.25,3.69,0.03623549258209543,2026-09-03T18:03:23.525312+00:00
US4M,2026-05-05,4M,121.75,0.3333333333333333,3.75,0.03681397312271631,2026-09-03T18:03:23.525312+00:00
US6M,2026-05-05,6M,182.625,0.5,3.75,0.03681397312271631,2026-09-03T18:03:23.525312+00:00
US1Y,2026-05-05,1Y,365.25,1.0,3.77,0.03700672562909567,2026-09-03T18:03:23.525312+00:00
US2Y,2026-05-05,2Y,730.5,2.0,3.93,0.03854740961223893,2026-09-03T18:03:23.525312+00:00
US3Y,2026-05-05,3Y,1095.75,3.0,3.97,0.03893221000178747,2026-09-03T18:03:23.525312+00:00
US5Y,2026-05-05,5Y,1826.25,5.0,4.08,0.03998964821615847,2026-09-03T18:03:23.525312+00:00
US7Y,2026-05-05,7Y,2556.75,7.0,4.25,0.04162167469081947,2026-09-03T18:03:23.525312+00:00
US10Y,2026-05-05,10Y,3652.5,10.0,4.43,0.04334680450336586,2026-09-03T18:03:23.525312+00:00
US20Y,2026-05-05,20Y,7305.0,20.0,4.98,0.04859966983606235,2026-09-03T18:03:23.525312+00:00
US30Y,2026-05-05,30Y,10957.5,30.0,4.98,0.04859966983606235,2026-09-03T18:03:23.525312+00:00
US1M,2026-05-06,1M,30.4375,0.08333333333333333,3.7,0.03633192924739029,2026-09-03T18:03:23.525312+00:00
US1_5M,2026-05-06,1.5M,45.65625,0.125,3.7,0.03633192924739029,2026-09-03T18:03:23.525312+00:00
US2M,2026-05-06,2M,60.875,0.16666666666666666,3.69,0.03623549258209543,2026-09-03T18:03:23.525312+00:00
US3M,2026-05-06,3M,91.3125,0.25,3.69,0.03623549258209543,2026-09-03T18:03:23.525312+00:00
US4M,2026-05-06,4M,121.75,0.3333333333333333,3.75,0.03681397312271631,2026-09-03T18:03:23.525312+00:00
US6M,2026-05-06,6M,182.625,0.5,3.74,0.03671758293516277,2026-09-03T18:03:23.525312+00:00
US1Y,2026-05-06,1Y,365.25,1.0,3.73,0.03662118345564531,2026-09-03T18:03:23.525312+00:00
US2Y,2026-05-06,2Y,730.5,2.0,3.87,0.03796993125162867,2026-09-03T18:03:23.525312+00:00
US3Y,2026-05-06,3Y,1095.75,3.0,3.89,0.038162461094348926,2026-09-03T18:03:23.525312+00:00
US5Y,2026-05-06,5Y,1826.25,5.0,3.99,0.03912455468405004,2026-09-03T18:03:23.525312+00:00
US7Y,2026-05-06,7Y,2556.75,7.0,4.17,0.04085399400826605,2026-09-03T18:03:23.525312+00:00
US10Y,2026-05-06,10Y,3652.5,10.0,4.36,0.04267627428043632,2026-09-03T18:03:23.525312+00:00
US20Y,2026-05-06,20Y,7305.0,20.0,4.92,0.04802796901058155,2026-09-03T18:03:23.525312+00:00
US30Y,2026-05-06,30Y,10957.5,30.0,4.94,0.048218572270474346,2026-09-03T18:03:23.525312+00:00
US1M,2026-05-07,1M,30.4375,0.08333333333333333,3.72,0.036524774682372266,2026-09-03T18:03:23.525312+00:00
US1_5M,2026-05-07,1.5M,45.65625,0.125,3.7,0.03633192924739029,2026-09-03T18:03:23.525312+00:00
US2M,2026-05-07,2M,60.875,0.16666666666666666,3.69,0.03623549258209543,2026-09-03T18:03:23.525312+00:00
US3M,2026-05-07,3M,91.3125,0.25,3.69,0.03623549258209543,2026-09-03T18:03:23.525312+00:00
US4M,2026-05-07,4M,121.75,0.3333333333333333,3.75,0.03681397312271631,2026-09-03T18:03:23.525312+00:00
US6M,2026-05-07,6M,182.625,0.5,3.74,0.03671758293516277,2026-09-03T18:03:23.525312+00:00
US1Y,2026-05-07,1Y,365.25,1.0,3.76,0.03691035402009707,2026-09-03T18:03:23.525312+00:00
US2Y,2026-05-07,2Y,730.5,2.0,3.92,0.038451186374252724,2026-09-03T18:03:23.525312+00:00
US3Y,2026-05-07,3Y,1095.75,3.0,3.94,0.03864362359220443,2026-09-03T18:03:23.525312+00:00
US5Y,2026-05-07,5Y,1826.25,5.0,4.04,0.039605254592359425,2026-09-03T18:03:23.525312+00:00
US7Y,2026-05-07,7Y,2556.75,7.0,4.22,0.04133386349297719,2026-09-03T18:03:23.525312+00:00
US10Y,2026-05-07,10Y,3652.5,10.0,4.41,0.0431552703139276,2026-09-03T18:03:23.525312+00:00
US20Y,2026-05-07,20Y,7305.0,20.0,4.96,0.048409139207687545,2026-09-03T18:03:23.525312+00:00
US30Y,2026-05-07,30Y,10957.5,30.0,4.97,0.04850440905961498,2026-09-03T18:03:23.525312+00:00
US1M,2026-05-08,1M,30.4375,0.08333333333333333,3.71,0.036428356613551496,2026-09-03T18:03:23.525312+00:00
US1_5M,2026-05-08,1.5M,45.65625,0.125,3.7,0.03633192924739029,2026-09-03T18:03:23.525312+00:00
US2M,2026-05-08,2M,60.875,0.16666666666666666,3.68,0.036139046615873194,2026-09-03T18:03:23.525312+00:00
US3M,2026-05-08,3M,91.3125,0.25,3.69,0.03623549258209543,2026-09-03T18:03:23.525312+00:00
US4M,2026-05-08,4M,121.75,0.3333333333333333,3.75,0.03681397312271631,2026-09-03T18:03:23.525312+00:00
US6M,2026-05-08,6M,182.625,0.5,3.74,0.03671758293516277,2026-09-03T18:03:23.525312+00:00
US1Y,2026-05-08,1Y,365.25,1.0,3.75,0.03681397312271631,2026-09-03T18:03:23.525312+00:00
US2Y,2026-05-08,2Y,730.5,2.0,3.9,0.038258712117090345,2026-09-03T18:03:23.525312+00:00
US3Y,2026-05-08,3Y,1095.75,3.0,3.92,0.038451186374252724,2026-09-03T18:03:23.525312+00:00
US5Y,2026-05-08,5Y,1826.25,5.0,4.02,0.039413002356835036,2026-09-03T18:03:23.525312+00:00
US7Y,2026-05-08,7Y,2556.75,7.0,4.19,0.04104596943600098,2026-09-03T18:03:23.525312+00:00
US10Y,2026-05-08,10Y,3652.5,10.0,4.38,0.042867900227175806,2026-09-03T18:03:23.525312+00:00
US20Y,2026-05-08,20Y,7305.0,20.0,4.93,0.048123275181728264,2026-09-03T18:03:23.525312+00:00
US30Y,2026-05-08,30Y,10957.5,30.0,4.95,0.048313860278550634,2026-09-03T18:03:23.525312+00:00
US1M,2026-05-11,1M,30.4375,0.08333333333333333,3.71,0.036428356613551496,2026-09-03T18:03:23.525312+00:00
US1_5M,2026-05-11,1.5M,45.65625,0.125,3.7,0.03633192924739029,2026-09-03T18:03:23.525312+00:00
US2M,2026-05-11,2M,60.875,0.16666666666666666,3.69,0.03623549258209543,2026-09-03T18:03:23.525312+00:00
US3M,2026-05-11,3M,91.3125,0.25,3.7,0.03633192924739029,2026-09-03T18:03:23.525312+00:00
US4M,2026-05-11,4M,121.75,0.3333333333333333,3.77,0.03700672562909567,2026-09-03T18:03:23.525312+00:00
US6M,2026-05-11,6M,182.625,0.5,3.77,0.03700672562909567,2026-09-03T18:03:23.525312+00:00
US1Y,2026-05-11,1Y,365.25,1.0,3.79,0.03719944098910626,2026-09-03T18:03:23.525312+00:00
US2Y,2026-05-11,2Y,730.5,2.0,3.95,0.038739828315930556,2026-09-03T18:03:23.525312+00:00
US3Y,2026-05-11,3Y,1095.75,3.0,3.96,0.03883602378519813,2026-09-03T18:03:23.525312+00:00
US5Y,2026-05-11,5Y,1826.25,5.0,4.07,0.039893563661676665,2026-09-03T18:03:23.525312+00:00
US7Y,2026-05-11,7Y,2556.75,7.0,4.24,0.04152574682849831,2026-09-03T18:03:23.525312+00:00
US10Y,2026-05-11,10Y,3652.5,10.0,4.42,0.04325104199431493,2026-09-03T18:03:23.525312+00:00
US20Y,2026-05-11,20Y,7305.0,20.0,4.97,0.04850440905961498,2026-09-03T18:03:23.525312+00:00
US30Y,2026-05-11,30Y,10957.5,30.0,4.98,0.04859966983606235,2026-09-03T18:03:23.525312+00:00
US1M,2026-05-12,1M,30.4375,0.08333333333333333,3.71,0.036428356613551496,2026-09-03T18:03:23.525312+00:00
US1_5M,2026-05-12,1.5M,45.65625,0.125,3.72,0.036524774682372266,2026-09-03T18:03:23.525312+00:00
US2M,2026-05-12,2M,60.875,0.16666666666666666,3.69,0.03623549258209543,2026-09-03T18:03:23.525312+00:00
US3M,2026-05-12,3M,91.3125,0.25,3.7,0.03633192924739029,2026-09-03T18:03:23.525312+00:00
US4M,2026-05-12,4M,121.75,0.3333333333333333,3.77,0.03700672562909567,2026-09-03T18:03:23.525312+00:00
US6M,2026-05-12,6M,182.625,0.5,3.77,0.03700672562909567,2026-09-03T18:03:23.525312+00:00
US1Y,2026-05-12,1Y,365.25,1.0,3.8,0.037295784743696894,2026-09-03T18:03:23.525312+00:00
US2Y,2026-05-12,2Y,730.5,2.0,4.0,0.039220713153281295,2026-09-03T18:03:23.525312+00:00
US3Y,2026-05-12,3Y,1095.75,3.0,4.01,0.03931686237695038,2026-09-03T18:03:23.525312+00:00
US5Y,2026-05-12,5Y,1826.25,5.0,4.12,0.040373894138273254,2026-09-03T18:03:23.525312+00:00
US7Y,2026-05-12,7Y,2556.75,7.0,4.29,0.04200529414503013,2026-09-03T18:03:23.525312+00:00
US10Y,2026-05-12,10Y,3652.5,10.0,4.46,0.04363403702006131,2026-09-03T18:03:23.525312+00:00
US20Y,2026-05-12,20Y,7305.0,20.0,5.02,0.048980622221621854,2026-09-03T18:03:23.525312+00:00
US30Y,2026-05-12,30Y,10957.5,30.0,5.03,0.04907583764659264,2026-09-03T18:03:23.525312+00:00
US1M,2026-05-13,1M,30.4375,0.08333333333333333,3.71,0.036428356613551496,2026-09-03T18:03:23.525312+00:00
US1_5M,2026-05-13,1.5M,45.65625,0.125,3.71,0.036428356613551496,2026-09-03T18:03:23.525312+00:00
US2M,2026-05-13,2M,60.875,0.16666666666666666,3.7,0.03633192924739029,2026-09-03T18:03:23.525312+00:00
US3M,2026-05-13,3M,91.3125,0.25,3.69,0.03623549258209543,2026-09-03T18:03:23.525312+00:00
US4M,2026-05-13,4M,121.75,0.3333333333333333,3.76,0.03691035402009707,2026-09-03T18:03:23.525312+00:00
US6M,2026-05-13,6M,182.625,0.5,3.77,0.03700672562909567,2026-09-03T18:03:23.525312+00:00
US1Y,2026-05-13,1Y,365.25,1.0,3.79,0.03719944098910626,2026-09-03T18:03:23.525312+00:00
US2Y,2026-05-13,2Y,730.5,2.0,3.98,0.039028386967478346,2026-09-03T18:03:23.525312+00:00
US3Y,2026-05-13,3Y,1095.75,3.0,4.0,0.039220713153281295,2026-09-03T18:03:23.525312+00:00
US5Y,2026-05-13,5Y,1826.25,5.0,4.12,0.040373894138273254,2026-09-03T18:03:23.525312+00:00
US7Y,2026-05-13,7Y,2556.75,7.0,4.28,0.04190940307720962,2026-09-03T18:03:23.525312+00:00
US10Y,2026-05-13,10Y,3652.5,10.0,4.46,0.04363403702006131,2026-09-03T18:03:23.525312+00:00
US20Y,2026-05-13,20Y,7305.0,20.0,5.03,0.04907583764659264,2026-09-03T18:03:23.525312+00:00
US30Y,2026-05-13,30Y,10957.5,30.0,5.03,0.04907583764659264,2026-09-03T18:03:23.525312+00:00
US1M,2026-05-14,1M,30.4375,0.08333333333333333,3.72,0.036524774682372266,2026-09-03T18:03:23.525312+00:00
US1_5M,2026-05-14,1.5M,45.65625,0.125,3.71,0.036428356613551496,2026-09-03T18:03:23.525312+00:00
US2M,2026-05-14,2M,60.875,0.16666666666666666,3.7,0.03633192924739029,2026-09-03T18:03:23.525312+00:00
US3M,2026-05-14,3M,91.3125,0.25,3.69,0.03623549258209543,2026-09-03T18:03:23.525312+00:00
US4M,2026-05-14,4M,121.75,0.3333333333333333,3.76,0.03691035402009707,2026-09-03T18:03:23.525312+00:00
US6M,2026-05-14,6M,182.625,0.5,3.76,0.03691035402009707,2026-09-03T18:03:23.525312+00:00
US1Y,2026-05-14,1Y,365.25,1.0,3.79,0.03719944098910626,2026-09-03T18:03:23.525312+00:00
US2Y,2026-05-14,2Y,730.5,2.0,4.0,0.039220713153281295,2026-09-03T18:03:23.525312+00:00
US3Y,2026-05-14,3Y,1095.75,3.0,4.04,0.039605254592359425,2026-09-03T18:03:23.525312+00:00
US5Y,2026-05-14,5Y,1826.25,5.0,4.13,0.040469932553713214,2026-09-03T18:03:23.525312+00:00
US7Y,2026-05-14,7Y,2556.75,7.0,4.29,0.04200529414503013,2026-09-03T18:03:23.525312+00:00
US10Y,2026-05-14,10Y,3652.5,10.0,4.47,0.04372976286132523,2026-09-03T18:03:23.525312+00:00
US20Y,2026-05-14,20Y,7305.0,20.0,5.01,0.048885397729810626,2026-09-03T18:03:23.525312+00:00
US30Y,2026-05-14,30Y,10957.5,30.0,5.02,0.048980622221621854,2026-09-03T18:03:23.525312+00:00
US1M,2026-05-15,1M,30.4375,0.08333333333333333,3.71,0.036428356613551496,2026-09-03T18:03:23.525312+00:00
US1_5M,2026-05-15,1.5M,45.65625,0.125,3.7,0.03633192924739029,2026-09-03T18:03:23.525312+00:00
US2M,2026-05-15,2M,60.875,0.16666666666666666,3.69,0.03623549258209543,2026-09-03T18:03:23.525312+00:00
US3M,2026-05-15,3M,91.3125,0.25,3.69,0.03623549258209543,2026-09-03T18:03:23.525312+00:00
US4M,2026-05-15,4M,121.75,0.3333333333333333,3.76,0.03691035402009707,2026-09-03T18:03:23.525312+00:00
US6M,2026-05-15,6M,182.625,0.5,3.77,0.03700672562909567,2026-09-03T18:03:23.525312+00:00
US1Y,2026-05-15,1Y,365.25,1.0,3.82,0.03748844441099159,2026-09-03T18:03:23.525312+00:00
US2Y,2026-05-15,2Y,730.5,2.0,4.09,0.04008572353928564,2026-09-03T18:03:23.525312+00:00
US3Y,2026-05-15,3Y,1095.75,3.0,4.14,0.040565961746661654,2026-09-03T18:03:23.525312+00:00
US5Y,2026-05-15,5Y,1826.25,5.0,4.26,0.0417175933518685,2026-09-03T18:03:23.525312+00:00
US7Y,2026-05-15,7Y,2556.75,7.0,4.43,0.04334680450336586,2026-09-03T18:03:23.525312+00:00
US10Y,2026-05-15,10Y,3652.5,10.0,4.59,0.04487775877808545,2026-09-03T18:03:23.525312+00:00
US20Y,2026-05-15,20Y,7305.0,20.0,5.14,0.050122609403210616,2026-09-03T18:03:23.525312+00:00
US30Y,2026-05-15,30Y,10957.5,30.0,5.12,0.04993236874820901,2026-09-03T18:03:23.525312+00:00
US1M,2026-05-18,1M,30.4375,0.08333333333333333,3.69,0.03623549258209543,2026-09-03T18:03:23.525312+00:00
US1_5M,2026-05-18,1.5M,45.65625,0.125,3.68,0.036139046615873194,2026-09-03T18:03:23.525312+00:00
US2M,2026-05-18,2M,60.875,0.16666666666666666,3.68,0.036139046615873194,2026-09-03T18:03:23.525312+00:00
US3M,2026-05-18,3M,91.3125,0.25,3.68,0.036139046615873194,2026-09-03T18:03:23.525312+00:00
US4M,2026-05-18,4M,121.75,0.3333333333333333,3.76,0.03691035402009707,2026-09-03T18:03:23.525312+00:00
US6M,2026-05-18,6M,182.625,0.5,3.77,0.03700672562909567,2026-09-03T18:03:23.525312+00:00
US1Y,2026-05-18,1Y,365.25,1.0,3.81,0.03739211921706267,2026-09-03T18:03:23.525312+00:00
US2Y,2026-05-18,2Y,730.5,2.0,4.07,0.039893563661676665,2026-09-03T18:03:23.525312+00:00
US3Y,2026-05-18,3Y,1095.75,3.0,4.14,0.040565961746661654,2026-09-03T18:03:23.525312+00:00
US5Y,2026-05-18,5Y,1826.25,5.0,4.27,0.04181350281341038,2026-09-03T18:03:23.525312+00:00
US7Y,2026-05-18,7Y,2556.75,7.0,4.43,0.04334680450336586,2026-09-03T18:03:23.525312+00:00
US10Y,2026-05-18,10Y,3652.5,10.0,4.61,0.04506896336757812,2026-09-03T18:03:23.525312+00:00
US20Y,2026-05-18,20Y,7305.0,20.0,5.14,0.050122609403210616,2026-09-03T18:03:23.525312+00:00
US30Y,2026-05-18,30Y,10957.5,30.0,5.14,0.050122609403210616,2026-09-03T18:03:23.525312+00:00
US1M,2026-05-19,1M,30.4375,0.08333333333333333,3.66,0.035946126773469124,2026-09-03T18:03:23.525312+00:00
US1_5M,2026-05-19,1.5M,45.65625,0.125,3.66,0.035946126773469124,2026-09-03T18:03:23.525312+00:00
US2M,2026-05-19,2M,60.875,0.16666666666666666,3.66,0.035946126773469124,2026-09-03T18:03:23.525312+00:00
US3M,2026-05-19,3M,91.3125,0.25,3.67,0.03604259134692935,2026-09-03T18:03:23.525312+00:00
US4M,2026-05-19,4M,121.75,0.3333333333333333,3.75,0.03681397312271631,2026-09-03T18:03:23.525312+00:00
US6M,2026-05-19,6M,182.625,0.5,3.77,0.03700672562909567,2026-09-03T18:03:23.525312+00:00
US1Y,2026-05-19,1Y,365.25,1.0,3.83,0.03758476032727121,2026-09-03T18:03:23.525312+00:00
US2Y,2026-05-19,2Y,730.5,2.0,4.13,0.040469932553713214,2026-09-03T18:03:23.525312+00:00
US3Y,2026-05-19,3Y,1095.75,3.0,4.2,0.04114194333117518,2026-09-03T18:03:23.525312+00:00
US5Y,2026-05-19,5Y,1826.25,5.0,4.32,0.042292912190251455,2026-09-03T18:03:23.525312+00:00
US7Y,2026-05-19,7Y,2556.75,7.0,4.5,0.04401688541677433,2026-09-03T18:03:23.525312+00:00
US10Y,2026-05-19,10Y,3652.5,10.0,4.67,0.04564235787870107,2026-09-03T18:03:23.525312+00:00
US20Y,2026-05-19,20Y,7305.0,20.0,5.19,0.05059805276309138,2026-09-03T18:03:23.525312+00:00
US30Y,2026-05-19,30Y,10957.5,30.0,5.18,0.05050298217310676,2026-09-03T18:03:23.525312+00:00
US1M,2026-05-20,1M,30.4375,0.08333333333333333,3.65,0.03584965289369722,2026-09-03T18:03:23.525312+00:00
US1_5M,2026-05-20,1.5M,45.65625,0.125,3.65,0.03584965289369722,2026-09-03T18:03:23.525312+00:00
US2M,2026-05-20,2M,60.875,0.16666666666666666,3.65,0.03584965289369722,2026-09-03T18:03:23.525312+00:00
US3M,2026-05-20,3M,91.3125,0.25,3.65,0.03584965289369722,2026-09-03T18:03:23.525312+00:00
US4M,2026-05-20,4M,121.75,0.3333333333333333,3.74,0.03671758293516277,2026-09-03T18:03:23.525312+00:00
US6M,2026-05-20,6M,182.625,0.5,3.75,0.03681397312271631,2026-09-03T18:03:23.525312+00:00
US1Y,2026-05-20,1Y,365.25,1.0,3.79,0.03719944098910626,2026-09-03T18:03:23.525312+00:00
US2Y,2026-05-20,2Y,730.5,2.0,4.04,0.039605254592359425,2026-09-03T18:03:23.525312+00:00
US3Y,2026-05-20,3Y,1095.75,3.0,4.11,0.04027784649857016,2026-09-03T18:03:23.525312+00:00
US5Y,2026-05-20,5Y,1826.25,5.0,4.22,0.04133386349297719,2026-09-03T18:03:23.525312+00:00
US7Y,2026-05-20,7Y,2556.75,7.0,4.39,0.042963699432115664,2026-09-03T18:03:23.525312+00:00
US10Y,2026-05-20,10Y,3652.5,10.0,4.57,0.044686517622406025,2026-09-03T18:03:23.525312+00:00
US20Y,2026-05-20,20Y,7305.0,20.0,5.1,0.04974209189481407,2026-09-03T18:03:23.525312+00:00
US30Y,2026-05-20,30Y,10957.5,30.0,5.11,0.04983723484717166,2026-09-03T18:03:23.525312+00:00
US1M,2026-05-21,1M,30.4375,0.08333333333333333,3.72,0.036524774682372266,2026-09-03T18:03:23.525312+00:00
US1_5M,2026-05-21,1.5M,45.65625,0.125,3.68,0.036139046615873194,2026-09-03T18:03:23.525312+00:00
US2M,2026-05-21,2M,60.875,0.16666666666666666,3.69,0.03623549258209543,2026-09-03T18:03:23.525312+00:00
US3M,2026-05-21,3M,91.3125,0.25,3.68,0.036139046615873194,2026-09-03T18:03:23.525312+00:00
US4M,2026-05-21,4M,121.75,0.3333333333333333,3.76,0.03691035402009707,2026-09-03T18:03:23.525312+00:00
US6M,2026-05-21,6M,182.625,0.5,3.78,0.0371030879515022,2026-09-03T18:03:23.525312+00:00
US1Y,2026-05-21,1Y,365.25,1.0,3.83,0.03758476032727121,2026-09-03T18:03:23.525312+00:00
US2Y,2026-05-21,2Y,730.5,2.0,4.08,0.03998964821615847,2026-09-03T18:03:23.525312+00:00
US3Y,2026-05-21,3Y,1095.75,3.0,4.13,0.040469932553713214,2026-09-03T18:03:23.525312+00:00
US5Y,2026-05-21,5Y,1826.25,5.0,4.25,0.04162167469081947,2026-09-03T18:03:23.525312+00:00
US7Y,2026-05-21,7Y,2556.75,7.0,4.41,0.0431552703139276,2026-09-03T18:03:23.525312+00:00
US10Y,2026-05-21,10Y,3652.5,10.0,4.57,0.044686517622406025,2026-09-03T18:03:23.525312+00:00
US20Y,2026-05-21,20Y,7305.0,20.0,5.09,0.04964693988941377,2026-09-03T18:03:23.525312+00:00
US30Y,2026-05-21,30Y,10957.5,30.0,5.1,0.04974209189481407,2026-09-03T18:03:23.525312+00:00
US1M,2026-05-22,1M,30.4375,0.08333333333333333,3.72,0.036524774682372266,2026-09-03T18:03:23.525312+00:00
US1_5M,2026-05-22,1.5M,45.65625,0.125,3.69,0.03623549258209543,2026-09-03T18:03:23.525312+00:00
US2M,2026-05-22,2M,60.875,0.16666666666666666,3.69,0.03623549258209543,2026-09-03T18:03:23.525312+00:00
US3M,2026-05-22,3M,91.3125,0.25,3.68,0.036139046615873194,2026-09-03T18:03:23.525312+00:00
US4M,2026-05-22,4M,121.75,0.3333333333333333,3.78,0.0371030879515022,2026-09-03T18:03:23.525312+00:00
US6M,2026-05-22,6M,182.625,0.5,3.79,0.03719944098910626,2026-09-03T18:03:23.525312+00:00
US1Y,2026-05-22,1Y,365.25,1.0,3.86,0.037873652428081515,2026-09-03T18:03:23.525312+00:00
US2Y,2026-05-22,2Y,730.5,2.0,4.13,0.040469932553713214,2026-09-03T18:03:23.525312+00:00
US3Y,2026-05-22,3Y,1095.75,3.0,4.18,0.04094998632895411,2026-09-03T18:03:23.525312+00:00
US5Y,2026-05-22,5Y,1826.25,5.0,4.27,0.04181350281341038,2026-09-03T18:03:23.525312+00:00
US7Y,2026-05-22,7Y,2556.75,7.0,4.41,0.0431552703139276,2026-09-03T18:03:23.525312+00:00
US10Y,2026-05-22,10Y,3652.5,10.0,4.56,0.044590883327875135,2026-09-03T18:03:23.525312+00:00
US20Y,2026-05-22,20Y,7305.0,20.0,5.06,0.049361429537724114,2026-09-03T18:03:23.525312+00:00
US30Y,2026-05-22,30Y,10957.5,30.0,5.07,0.049456608712592526,2026-09-03T18:03:23.525312+00:00
US1M,2026-05-26,1M,30.4375,0.08333333333333333,3.72,0.036524774682372266,2026-09-03T18:03:23.525312+00:00
US1_5M,2026-05-26,1.5M,45.65625,0.125,3.7,0.03633192924739029,2026-09-03T18:03:23.525312+00:00
US2M,2026-05-26,2M,60.875,0.16666666666666666,3.69,0.03623549258209543,2026-09-03T18:03:23.525312+00:00
US3M,2026-05-26,3M,91.3125,0.25,3.68,0.036139046615873194,2026-09-03T18:03:23.525312+00:00
US4M,2026-05-26,4M,121.75,0.3333333333333333,3.78,0.0371030879515022,2026-09-03T18:03:23.525312+00:00
US6M,2026-05-26,6M,182.625,0.5,3.8,0.037295784743696894,2026-09-03T18:03:23.525312+00:00
US1Y,2026-05-26,1Y,365.25,1.0,3.82,0.03748844441099159,2026-09-03T18:03:23.525312+00:00
US2Y,2026-05-26,2Y,730.5,2.0,4.01,0.03931686237695038,2026-09-03T18:03:23.525312+00:00
US3Y,2026-05-26,3Y,1095.75,3.0,4.1,0.04018178963283183,2026-09-03T18:03:23.525312+00:00
US5Y,2026-05-26,5Y,1826.25,5.0,4.19,0.04104596943600098,2026-09-03T18:03:23.525312+00:00
US7Y,2026-05-26,7Y,2556.75,7.0,4.33,0.04238876649178662,2026-09-03T18:03:23.525312+00:00
US10Y,2026-05-26,10Y,3652.5,10.0,4.5,0.04401688541677433,2026-09-03T18:03:23.525312+00:00
US20Y,2026-05-26,20Y,7305.0,20.0,5.03,0.04907583764659264,2026-09-03T18:03:23.525312+00:00
US30Y,2026-05-26,30Y,10957.5,30.0,5.03,0.04907583764659264,2026-09-03T18:03:23.525312+00:00
US1M,2026-05-27,1M,30.4375,0.08333333333333333,3.72,0.036524774682372266,2026-09-03T18:03:23.525312+00:00
US1_5M,2026-05-27,1.5M,45.65625,0.125,3.7,0.03633192924739029,2026-09-03T18:03:23.525312+00:00
US2M,2026-05-27,2M,60.875,0.16666666666666666,3.69,0.03623549258209543,2026-09-03T18:03:23.525312+00:00
US3M,2026-05-27,3M,91.3125,0.25,3.68,0.036139046615873194,2026-09-03T18:03:23.525312+00:00
US4M,2026-05-27,4M,121.75,0.3333333333333333,3.77,0.03700672562909567,2026-09-03T18:03:23.525312+00:00
US6M,2026-05-27,6M,182.625,0.5,3.79,0.03719944098910626,2026-09-03T18:03:23.525312+00:00
US1Y,2026-05-27,1Y,365.25,1.0,3.8,0.037295784743696894,2026-09-03T18:03:23.525312+00:00
US2Y,2026-05-27,2Y,730.5,2.0,4.0,0.039220713153281295,2026-09-03T18:03:23.525312+00:00
US3Y,2026-05-27,3Y,1095.75,3.0,4.09,0.04008572353928564,2026-09-03T18:03:23.525312+00:00
US5Y,2026-05-27,5Y,1826.25,5.0,4.17,0.04085399400826605,2026-09-03T18:03:23.525312+00:00
US7Y,2026-05-27,7Y,2556.75,7.0,4.32,0.042292912190251455,2026-09-03T18:03:23.525312+00:00
US10Y,2026-05-27,10Y,3652.5,10.0,4.48,0.04382547954002957,2026-09-03T18:03:23.525312+00:00
US20Y,2026-05-27,20Y,7305.0,20.0,5.01,0.048885397729810626,2026-09-03T18:03:23.525312+00:00
US30Y,2026-05-27,30Y,10957.5,30.0,5.01,0.048885397729810626,2026-09-03T18:03:23.525312+00:00
US1M,2026-05-28,1M,30.4375,0.08333333333333333,3.72,0.036524774682372266,2026-09-03T18:03:23.525312+00:00
US1_5M,2026-05-28,1.5M,45.65625,0.125,3.71,0.036428356613551496,2026-09-03T18:03:23.525312+00:00
US2M,2026-05-28,2M,60.875,0.16666666666666666,3.71,0.036428356613551496,2026-09-03T18:03:23.525312+00:00
US3M,2026-05-28,3M,91.3125,0.25,3.69,0.03623549258209543,2026-09-03T18:03:23.525312+00:00
US4M,2026-05-28,4M,121.75,0.3333333333333333,3.78,0.0371030879515022,2026-09-03T18:03:23.525312+00:00
US6M,2026-05-28,6M,182.625,0.5,3.79,0.03719944098910626,2026-09-03T18:03:23.525312+00:00
US1Y,2026-05-28,1Y,365.25,1.0,3.8,0.037295784743696894,2026-09-03T18:03:23.525312+00:00
US2Y,2026-05-28,2Y,730.5,2.0,3.99,0.03912455468405004,2026-09-03T18:03:23.525312+00:00
US3Y,2026-05-28,3Y,1095.75,3.0,4.07,0.039893563661676665,2026-09-03T18:03:23.525312+00:00
US5Y,2026-05-28,5Y,1826.25,5.0,4.15,0.040661981718889635,2026-09-03T18:03:23.525312+00:00
US7Y,2026-05-28,7Y,2556.75,7.0,4.29,0.04200529414503013,2026-09-03T18:03:23.525312+00:00
US10Y,2026-05-28,10Y,3652.5,10.0,4.45,0.04353830201448343,2026-09-03T18:03:23.525312+00:00
US20Y,2026-05-28,20Y,7305.0,20.0,4.98,0.04859966983606235,2026-09-03T18:03:23.525312+00:00
US30Y,2026-05-28,30Y,10957.5,30.0,4.98,0.04859966983606235,2026-09-03T18:03:23.525312+00:00
US1M,2026-05-29,1M,30.4375,0.08333333333333333,3.72,0.036524774682372266,2026-09-03T18:03:23.525312+00:00
US1_5M,2026-05-29,1.5M,45.65625,0.125,3.71,0.036428356613551496,2026-09-03T18:03:23.525312+00:00
US2M,2026-05-29,2M,60.875,0.16666666666666666,3.71,0.036428356613551496,2026-09-03T18:03:23.525312+00:00
US3M,2026-05-29,3M,91.3125,0.25,3.69,0.03623549258209543,2026-09-03T18:03:23.525312+00:00
US4M,2026-05-29,4M,121.75,0.3333333333333333,3.78,0.0371030879515022,2026-09-03T18:03:23.525312+00:00
US6M,2026-05-29,6M,182.625,0.5,3.78,0.0371030879515022,2026-09-03T18:03:23.525312+00:00
US1Y,2026-05-29,1Y,365.25,1.0,3.79,0.03719944098910626,2026-09-03T18:03:23.525312+00:00
US2Y,2026-05-29,2Y,730.5,2.0,3.98,0.039028386967478346,2026-09-03T18:03:23.525312+00:00
US3Y,2026-05-29,3Y,1095.75,3.0,4.06,0.039797469874066085,2026-09-03T18:03:23.525312+00:00
US5Y,2026-05-29,5Y,1826.25,5.0,4.13,0.040469932553713214,2026-09-03T18:03:23.525312+00:00
US7Y,2026-05-29,7Y,2556.75,7.0,4.27,0.04181350281341038,2026-09-03T18:03:23.525312+00:00
US10Y,2026-05-29,10Y,3652.5,10.0,4.45,0.04353830201448343,2026-09-03T18:03:23.525312+00:00
US20Y,2026-05-29,20Y,7305.0,20.0,4.98,0.04859966983606235,2026-09-03T18:03:23.525312+00:00
US30Y,2026-05-29,30Y,10957.5,30.0,4.99,0.04869492153875855,2026-09-03T18:03:23.525312+00:00
US1M,2026-06-01,1M,30.4375,0.08333333333333333,3.72,0.036524774682372266,2026-09-03T18:03:23.525312+00:00
US1_5M,2026-06-01,1.5M,45.65625,0.125,3.71,0.036428356613551496,2026-09-03T18:03:23.525312+00:00
US2M,2026-06-01,2M,60.875,0.16666666666666666,3.73,0.03662118345564531,2026-09-03T18:03:23.525312+00:00
US3M,2026-06-01,3M,91.3125,0.25,3.78,0.0371030879515022,2026-09-03T18:03:23.525312+00:00
US4M,2026-06-01,4M,121.75,0.3333333333333333,3.8,0.037295784743696894,2026-09-03T18:03:23.525312+00:00
US6M,2026-06-01,6M,182.625,0.5,3.79,0.03719944098910626,2026-09-03T18:03:23.525312+00:00
US1Y,2026-06-01,1Y,365.25,1.0,3.83,0.03758476032727121,2026-09-03T18:03:23.525312+00:00
US2Y,2026-06-01,2Y,730.5,2.0,4.05,0.03970136685155207,2026-09-03T18:03:23.525312+00:00
US3Y,2026-06-01,3Y,1095.75,3.0,4.09,0.04008572353928564,2026-09-03T18:03:23.525312+00:00
US5Y,2026-06-01,5Y,1826.25,5.0,4.18,0.04094998632895411,2026-09-03T18:03:23.525312+00:00
US7Y,2026-06-01,7Y,2556.75,7.0,4.32,0.042292912190251455,2026-09-03T18:03:23.525312+00:00
US10Y,2026-06-01,10Y,3652.5,10.0,4.47,0.04372976286132523,2026-09-03T18:03:23.525312+00:00
US20Y,2026-06-01,20Y,7305.0,20.0,4.99,0.04869492153875855,2026-09-03T18:03:23.525312+00:00
US30Y,2026-06-01,30Y,10957.5,30.0,4.99,0.04869492153875855,2026-09-03T18:03:23.525312+00:00
US1M,2026-06-02,1M,30.4375,0.08333333333333333,3.72,0.036524774682372266,2026-09-03T18:03:23.525312+00:00
US1_5M,2026-06-02,1.5M,45.65625,0.125,3.71,0.036428356613551496,2026-09-03T18:03:23.525312+00:00
US2M,2026-06-02,2M,60.875,0.16666666666666666,3.73,0.03662118345564531,2026-09-03T18:03:23.525312+00:00
US3M,2026-06-02,3M,91.3125,0.25,3.77,0.03700672562909567,2026-09-03T18:03:23.525312+00:00
US4M,2026-06-02,4M,121.75,0.3333333333333333,3.79,0.03719944098910626,2026-09-03T18:03:23.525312+00:00
US6M,2026-06-02,6M,182.625,0.5,3.78,0.0371030879515022,2026-09-03T18:03:23.525312+00:00
US1Y,2026-06-02,1Y,365.25,1.0,3.82,0.03748844441099159,2026-09-03T18:03:23.525312+00:00
US2Y,2026-06-02,2Y,730.5,2.0,4.05,0.03970136685155207,2026-09-03T18:03:23.525312+00:00
US3Y,2026-06-02,3Y,1095.75,3.0,4.09,0.04008572353928564,2026-09-03T18:03:23.525312+00:00
US5Y,2026-06-02,5Y,1826.25,5.0,4.17,0.04085399400826605,2026-09-03T18:03:23.525312+00:00
US7Y,2026-06-02,7Y,2556.75,7.0,4.31,0.04219704869978836,2026-09-03T18:03:23.525312+00:00
US10Y,2026-06-02,10Y,3652.5,10.0,4.46,0.04363403702006131,2026-09-03T18:03:23.525312+00:00
US20Y,2026-06-02,20Y,7305.0,20.0,4.97,0.04850440905961498,2026-09-03T18:03:23.525312+00:00
US30Y,2026-06-02,30Y,10957.5,30.0,4.97,0.04850440905961498,2026-09-03T18:03:23.525312+00:00
US1M,2026-06-03,1M,30.4375,0.08333333333333333,3.71,0.036428356613551496,2026-09-03T18:03:23.525312+00:00
US1_5M,2026-06-03,1.5M,45.65625,0.125,3.71,0.036428356613551496,2026-09-03T18:03:23.525312+00:00
US2M,2026-06-03,2M,60.875,0.16666666666666666,3.72,0.036524774682372266,2026-09-03T18:03:23.525312+00:00
US3M,2026-06-03,3M,91.3125,0.25,3.78,0.0371030879515022,2026-09-03T18:03:23.525312+00:00
US4M,2026-06-03,4M,121.75,0.3333333333333333,3.77,0.03700672562909567,2026-09-03T18:03:23.525312+00:00
US6M,2026-06-03,6M,182.625,0.5,3.78,0.0371030879515022,2026-09-03T18:03:23.525312+00:00
US1Y,2026-06-03,1Y,365.25,1.0,3.84,0.03768106696768849,2026-09-03T18:03:23.525312+00:00
US2Y,2026-06-03,2Y,730.5,2.0,4.08,0.03998964821615847,2026-09-03T18:03:23.525312+00:00
US3Y,2026-06-03,3Y,1095.75,3.0,4.14,0.040565961746661654,2026-09-03T18:03:23.525312+00:00
US5Y,2026-06-03,5Y,1826.25,5.0,4.21,0.04123790801624474,2026-09-03T18:03:23.525312+00:00
US7Y,2026-06-03,7Y,2556.75,7.0,4.34,0.0424846116061553,2026-09-03T18:03:23.525312+00:00
US10Y,2026-06-03,10Y,3652.5,10.0,4.49,0.04392118705792815,2026-09-03T18:03:23.525312+00:00
US20Y,2026-06-03,20Y,7305.0,20.0,5.0,0.048790164169432,2026-09-03T18:03:23.525312+00:00
US30Y,2026-06-03,30Y,10957.5,30.0,4.99,0.04869492153875855,2026-09-03T18:03:23.525312+00:00
US1M,2026-06-04,1M,30.4375,0.08333333333333333,3.71,0.036428356613551496,2026-09-03T18:03:23.525312+00:00
US1_5M,2026-06-04,1.5M,45.65625,0.125,3.7,0.03633192924739029,2026-09-03T18:03:23.525312+00:00
US2M,2026-06-04,2M,60.875,0.16666666666666666,3.7,0.03633192924739029,2026-09-03T18:03:23.525312+00:00
US3M,2026-06-04,3M,91.3125,0.25,3.78,0.0371030879515022,2026-09-03T18:03:23.525312+00:00
US4M,2026-06-04,4M,121.75,0.3333333333333333,3.76,0.03691035402009707,2026-09-03T18:03:23.525312+00:00
US6M,2026-06-04,6M,182.625,0.5,3.78,0.0371030879515022,2026-09-03T18:03:23.525312+00:00
US1Y,2026-06-04,1Y,365.25,1.0,3.82,0.03748844441099159,2026-09-03T18:03:23.525312+00:00
US2Y,2026-06-04,2Y,730.5,2.0,4.05,0.03970136685155207,2026-09-03T18:03:23.525312+00:00
US3Y,2026-06-04,3Y,1095.75,3.0,4.1,0.04018178963283183,2026-09-03T18:03:23.525312+00:00
US5Y,2026-06-04,5Y,1826.25,5.0,4.18,0.04094998632895411,2026-09-03T18:03:23.525312+00:00
US7Y,2026-06-04,7Y,2556.75,7.0,4.32,0.042292912190251455,2026-09-03T18:03:23.525312+00:00
US10Y,2026-06-04,10Y,3652.5,10.0,4.47,0.04372976286132523,2026-09-03T18:03:23.525312+00:00
US20Y,2026-06-04,20Y,7305.0,20.0,4.98,0.04859966983606235,2026-09-03T18:03:23.525312+00:00
US30Y,2026-06-04,30Y,10957.5,30.0,4.97,0.04850440905961498,2026-09-03T18:03:23.525312+00:00
US1M,2026-06-05,1M,30.4375,0.08333333333333333,3.71,0.036428356613551496,2026-09-03T18:03:23.525312+00:00
US1_5M,2026-06-05,1.5M,45.65625,0.125,3.71,0.036428356613551496,2026-09-03T18:03:23.525312+00:00
US2M,2026-06-05,2M,60.875,0.16666666666666666,3.71,0.036428356613551496,2026-09-03T18:03:23.525312+00:00
US3M,2026-06-05,3M,91.3125,0.25,3.78,0.0371030879515022,2026-09-03T18:03:23.525312+00:00
US4M,2026-06-05,4M,121.75,0.3333333333333333,3.78,0.0371030879515022,2026-09-03T18:03:23.525312+00:00
US6M,2026-06-05,6M,182.625,0.5,3.81,0.03739211921706267,2026-09-03T18:03:23.525312+00:00
US1Y,2026-06-05,1Y,365.25,1.0,3.88,0.038066200806456334,2026-09-03T18:03:23.525312+00:00
US2Y,2026-06-05,2Y,730.5,2.0,4.17,0.04085399400826605,2026-09-03T18:03:23.525312+00:00
US3Y,2026-06-05,3Y,1095.75,3.0,4.22,0.04133386349297719,2026-09-03T18:03:23.525312+00:00
US5Y,2026-06-05,5Y,1826.25,5.0,4.29,0.04200529414503013,2026-09-03T18:03:23.525312+00:00
US7Y,2026-06-05,7Y,2556.75,7.0,4.41,0.0431552703139276,2026-09-03T18:03:23.525312+00:00
US10Y,2026-06-05,10Y,3652.5,10.0,4.55,0.04449523988655121,2026-09-03T18:03:23.525312+00:00
US20Y,2026-06-05,20Y,7305.0,20.0,5.03,0.04907583764659264,2026-09-03T18:03:23.525312+00:00
US30Y,2026-06-05,30Y,10957.5,30.0,5.01,0.048885397729810626,2026-09-03T18:03:23.525312+00:00
US1M,2026-06-08,1M,30.4375,0.08333333333333333,3.7,0.03633192924739029,2026-09-03T18:03:23.525312+00:00
US1_5M,2026-06-08,1.5M,45.65625,0.125,3.7,0.03633192924739029,2026-09-03T18:03:23.525312+00:00
US2M,2026-06-08,2M,60.875,0.16666666666666666,3.71,0.036428356613551496,2026-09-03T18:03:23.525312+00:00
US3M,2026-06-08,3M,91.3125,0.25,3.8,0.037295784743696894,2026-09-03T18:03:23.525312+00:00
US4M,2026-06-08,4M,121.75,0.3333333333333333,3.79,0.03719944098910626,2026-09-03T18:03:23.525312+00:00
US6M,2026-06-08,6M,182.625,0.5,3.83,0.03758476032727121,2026-09-03T18:03:23.525312+00:00
US1Y,2026-06-08,1Y,365.25,1.0,3.85,0.03777736433402994,2026-09-03T18:03:23.525312+00:00
US2Y,2026-06-08,2Y,730.5,2.0,4.15,0.040661981718889635,2026-09-03T18:03:23.525312+00:00
US3Y,2026-06-08,3Y,1095.75,3.0,4.21,0.04123790801624474,2026-09-03T18:03:23.525312+00:00
US5Y,2026-06-08,5Y,1826.25,5.0,4.29,0.04200529414503013,2026-09-03T18:03:23.525312+00:00
US7Y,2026-06-08,7Y,2556.75,7.0,4.42,0.04325104199431493,2026-09-03T18:03:23.525312+00:00
US10Y,2026-06-08,10Y,3652.5,10.0,4.56,0.044590883327875135,2026-09-03T18:03:23.525312+00:00
US20Y,2026-06-08,20Y,7305.0,20.0,5.05,0.049266241302918054,2026-09-03T18:03:23.525312+00:00
US30Y,2026-06-08,30Y,10957.5,30.0,5.03,0.04907583764659264,2026-09-03T18:03:23.525312+00:00
US1M,2026-06-09,1M,30.4375,0.08333333333333333,3.69,0.03623549258209543,2026-09-03T18:03:23.525312+00:00
US1_5M,2026-06-09,1.5M,45.65625,0.125,3.69,0.03623549258209543,2026-09-03T18:03:23.525312+00:00
US2M,2026-06-09,2M,60.875,0.16666666666666666,3.71,0.036428356613551496,2026-09-03T18:03:23.525312+00:00
US3M,2026-06-09,3M,91.3125,0.25,3.79,0.03719944098910626,2026-09-03T18:03:23.525312+00:00
US4M,2026-06-09,4M,121.75,0.3333333333333333,3.79,0.03719944098910626,2026-09-03T18:03:23.525312+00:00
US6M,2026-06-09,6M,182.625,0.5,3.82,0.03748844441099159,2026-09-03T18:03:23.525312+00:00
US1Y,2026-06-09,1Y,365.25,1.0,3.9,0.038258712117090345,2026-09-03T18:03:23.525312+00:00
US2Y,2026-06-09,2Y,730.5,2.0,4.13,0.040469932553713214,2026-09-03T18:03:23.525312+00:00
US3Y,2026-06-09,3Y,1095.75,3.0,4.16,0.04075799247216774,2026-09-03T18:03:23.525312+00:00
US5Y,2026-06-09,5Y,1826.25,5.0,4.26,0.0417175933518685,2026-09-03T18:03:23.525312+00:00
US7Y,2026-06-09,7Y,2556.75,7.0,4.39,0.042963699432115664,2026-09-03T18:03:23.525312+00:00
US10Y,2026-06-09,10Y,3652.5,10.0,4.53,0.04430392555652441,2026-09-03T18:03:23.525312+00:00
US20Y,2026-06-09,20Y,7305.0,20.0,5.02,0.048980622221621854,2026-09-03T18:03:23.525312+00:00
US30Y,2026-06-09,30Y,10957.5,30.0,5.01,0.048885397729810626,2026-09-03T18:03:23.525312+00:00
US1M,2026-06-10,1M,30.4375,0.08333333333333333,3.69,0.03623549258209543,2026-09-03T18:03:23.525312+00:00
US1_5M,2026-06-10,1.5M,45.65625,0.125,3.7,0.03633192924739029,2026-09-03T18:03:23.525312+00:00
US2M,2026-06-10,2M,60.875,0.16666666666666666,3.72,0.036524774682372266,2026-09-03T18:03:23.525312+00:00
US3M,2026-06-10,3M,91.3125,0.25,3.79,0.03719944098910626,2026-09-03T18:03:23.525312+00:00
US4M,2026-06-10,4M,121.75,0.3333333333333333,3.8,0.037295784743696894,2026-09-03T18:03:23.525312+00:00
US6M,2026-06-10,6M,182.625,0.5,3.82,0.03748844441099159,2026-09-03T18:03:23.525312+00:00
US1Y,2026-06-10,1Y,365.25,1.0,3.9,0.038258712117090345,2026-09-03T18:03:23.525312+00:00
US2Y,2026-06-10,2Y,730.5,2.0,4.13,0.040469932553713214,2026-09-03T18:03:23.525312+00:00
US3Y,2026-06-10,3Y,1095.75,3.0,4.17,0.04085399400826605,2026-09-03T18:03:23.525312+00:00
US5Y,2026-06-10,5Y,1826.25,5.0,4.27,0.04181350281341038,2026-09-03T18:03:23.525312+00:00
US7Y,2026-06-10,7Y,2556.75,7.0,4.4,0.04305948946044698,2026-09-03T18:03:23.525312+00:00
US10Y,2026-06-10,10Y,3652.5,10.0,4.55,0.04449523988655121,2026-09-03T18:03:23.525312+00:00
US20Y,2026-06-10,20Y,7305.0,20.0,5.04,0.04917104400644938,2026-09-03T18:03:23.525312+00:00
US30Y,2026-06-10,30Y,10957.5,30.0,5.03,0.04907583764659264,2026-09-03T18:03:23.525312+00:00
US1M,2026-06-11,1M,30.4375,0.08333333333333333,3.69,0.03623549258209543,2026-09-03T18:03:23.525312+00:00
US1_5M,2026-06-11,1.5M,45.65625,0.125,3.69,0.03623549258209543,2026-09-03T18:03:23.525312+00:00
US2M,2026-06-11,2M,60.875,0.16666666666666666,3.7,0.03633192924739029,2026-09-03T18:03:23.525312+00:00
US3M,2026-06-11,3M,91.3125,0.25,3.78,0.0371030879515022,2026-09-03T18:03:23.525312+00:00
US4M,2026-06-11,4M,121.75,0.3333333333333333,3.79,0.03719944098910626,2026-09-03T18:03:23.525312+00:00
US6M,2026-06-11,6M,182.625,0.5,3.81,0.03739211921706267,2026-09-03T18:03:23.525312+00:00
US1Y,2026-06-11,1Y,365.25,1.0,3.85,0.03777736433402994,2026-09-03T18:03:23.525312+00:00
US2Y,2026-06-11,2Y,730.5,2.0,4.05,0.03970136685155207,2026-09-03T18:03:23.525312+00:00
US3Y,2026-06-11,3Y,1095.75,3.0,4.09,0.04008572353928564,2026-09-03T18:03:23.525312+00:00
US5Y,2026-06-11,5Y,1826.25,5.0,4.18,0.04094998632895411,2026-09-03T18:03:23.525312+00:00
US7Y,2026-06-11,7Y,2556.75,7.0,4.31,0.04219704869978836,2026-09-03T18:03:23.525312+00:00
US10Y,2026-06-11,10Y,3652.5,10.0,4.45,0.04353830201448343,2026-09-03T18:03:23.525312+00:00
US20Y,2026-06-11,20Y,7305.0,20.0,4.96,0.048409139207687545,2026-09-03T18:03:23.525312+00:00
US30Y,2026-06-11,30Y,10957.5,30.0,4.95,0.048313860278550634,2026-09-03T18:03:23.525312+00:00
US1M,2026-06-12,1M,30.4375,0.08333333333333333,3.69,0.03623549258209543,2026-09-03T18:03:23.525312+00:00
US1_5M,2026-06-12,1.5M,45.65625,0.125,3.7,0.03633192924739029,2026-09-03T18:03:23.525312+00:00
US2M,2026-06-12,2M,60.875,0.16666666666666666,3.7,0.03633192924739029,2026-09-03T18:03:23.525312+00:00
US3M,2026-06-12,3M,91.3125,0.25,3.78,0.0371030879515022,2026-09-03T18:03:23.525312+00:00
US4M,2026-06-12,4M,121.75,0.3333333333333333,3.79,0.03719944098910626,2026-09-03T18:03:23.525312+00:00
US6M,2026-06-12,6M,182.625,0.5,3.82,0.03748844441099159,2026-09-03T18:03:23.525312+00:00
US1Y,2026-06-12,1Y,365.25,1.0,3.86,0.037873652428081515,2026-09-03T18:03:23.525312+00:00
US2Y,2026-06-12,2Y,730.5,2.0,4.09,0.04008572353928564,2026-09-03T18:03:23.525312+00:00
US3Y,2026-06-12,3Y,1095.75,3.0,4.12,0.040373894138273254,2026-09-03T18:03:23.525312+00:00
US5Y,2026-06-12,5Y,1826.25,5.0,4.21,0.04123790801624474,2026-09-03T18:03:23.525312+00:00
US7Y,2026-06-12,7Y,2556.75,7.0,4.34,0.0424846116061553,2026-09-03T18:03:23.525312+00:00
US10Y,2026-06-12,10Y,3652.5,10.0,4.48,0.04382547954002957,2026-09-03T18:03:23.525312+00:00
US20Y,2026-06-12,20Y,7305.0,20.0,4.98,0.04859966983606235,2026-09-03T18:03:23.525312+00:00
US30Y,2026-06-12,30Y,10957.5,30.0,4.97,0.04850440905961498,2026-09-03T18:03:23.525312+00:00
US1M,2026-06-15,1M,30.4375,0.08333333333333333,3.69,0.03623549258209543,2026-09-03T18:03:23.525312+00:00
US1_5M,2026-06-15,1.5M,45.65625,0.125,3.7,0.03633192924739029,2026-09-03T18:03:23.525312+00:00
US2M,2026-06-15,2M,60.875,0.16666666666666666,3.71,0.036428356613551496,2026-09-03T18:03:23.525312+00:00
US3M,2026-06-15,3M,91.3125,0.25,3.79,0.03719944098910626,2026-09-03T18:03:23.525312+00:00
US4M,2026-06-15,4M,121.75,0.3333333333333333,3.79,0.03719944098910626,2026-09-03T18:03:23.525312+00:00
US6M,2026-06-15,6M,182.625,0.5,3.81,0.03739211921706267,2026-09-03T18:03:23.525312+00:00
US1Y,2026-06-15,1Y,365.25,1.0,3.84,0.03768106696768849,2026-09-03T18:03:23.525312+00:00
US2Y,2026-06-15,2Y,730.5,2.0,4.07,0.039893563661676665,2026-09-03T18:03:23.525312+00:00
US3Y,2026-06-15,3Y,1095.75,3.0,4.1,0.04018178963283183,2026-09-03T18:03:23.525312+00:00
US5Y,2026-06-15,5Y,1826.25,5.0,4.18,0.04094998632895411,2026-09-03T18:03:23.525312+00:00
US7Y,2026-06-15,7Y,2556.75,7.0,4.32,0.042292912190251455,2026-09-03T18:03:23.525312+00:00
US10Y,2026-06-15,10Y,3652.5,10.0,4.47,0.04372976286132523,2026-09-03T18:03:23.525312+00:00
US20Y,2026-06-15,20Y,7305.0,20.0,4.97,0.04850440905961498,2026-09-03T18:03:23.525312+00:00
US30Y,2026-06-15,30Y,10957.5,30.0,4.97,0.04850440905961498,2026-09-03T18:03:23.525312+00:00
US1M,2026-06-16,1M,30.4375,0.08333333333333333,3.67,0.03604259134692935,2026-09-03T18:03:23.525312+00:00
US1_5M,2026-06-16,1.5M,45.65625,0.125,3.69,0.03623549258209543,2026-09-03T18:03:23.525312+00:00
US2M,2026-06-16,2M,60.875,0.16666666666666666,3.71,0.036428356613551496,2026-09-03T18:03:23.525312+00:00
US3M,2026-06-16,3M,91.3125,0.25,3.79,0.03719944098910626,2026-09-03T18:03:23.525312+00:00
US4M,2026-06-16,4M,121.75,0.3333333333333333,3.79,0.03719944098910626,2026-09-03T18:03:23.525312+00:00
US6M,2026-06-16,6M,182.625,0.5,3.81,0.03739211921706267,2026-09-03T18:03:23.525312+00:00
US1Y,2026-06-16,1Y,365.25,1.0,3.84,0.03768106696768849,2026-09-03T18:03:23.525312+00:00
US2Y,2026-06-16,2Y,730.5,2.0,4.05,0.03970136685155207,2026-09-03T18:03:23.525312+00:00
US3Y,2026-06-16,3Y,1095.75,3.0,4.08,0.03998964821615847,2026-09-03T18:03:23.525312+00:00
US5Y,2026-06-16,5Y,1826.25,5.0,4.16,0.04075799247216774,2026-09-03T18:03:23.525312+00:00
US7Y,2026-06-16,7Y,2556.75,7.0,4.28,0.04190940307720962,2026-09-03T18:03:23.525312+00:00
US10Y,2026-06-16,10Y,3652.5,10.0,4.43,0.04334680450336586,2026-09-03T18:03:23.525312+00:00
US20Y,2026-06-16,20Y,7305.0,20.0,4.92,0.04802796901058155,2026-09-03T18:03:23.525312+00:00
US30Y,2026-06-16,30Y,10957.5,30.0,4.93,0.048123275181728264,2026-09-03T18:03:23.525312+00:00
US1M,2026-06-17,1M,30.4375,0.08333333333333333,3.68,0.036139046615873194,2026-09-03T18:03:23.525312+00:00
US1_5M,2026-06-17,1.5M,45.65625,0.125,3.7,0.03633192924739029,2026-09-03T18:03:23.525312+00:00
US2M,2026-06-17,2M,60.875,0.16666666666666666,3.74,0.03671758293516277,2026-09-03T18:03:23.525312+00:00
US3M,2026-06-17,3M,91.3125,0.25,3.83,0.03758476032727121,2026-09-03T18:03:23.525312+00:00
US4M,2026-06-17,4M,121.75,0.3333333333333333,3.85,0.03777736433402994,2026-09-03T18:03:23.525312+00:00
US6M,2026-06-17,6M,182.625,0.5,3.91,0.038354953876463996,2026-09-03T18:03:23.525312+00:00
US1Y,2026-06-17,1Y,365.25,1.0,3.98,0.039028386967478346,2026-09-03T18:03:23.525312+00:00
US2Y,2026-06-17,2Y,730.5,2.0,4.2,0.04114194333117518,2026-09-03T18:03:23.525312+00:00
US3Y,2026-06-17,3Y,1095.75,3.0,4.23,0.041429809763139556,2026-09-03T18:03:23.525312+00:00
US5Y,2026-06-17,5Y,1826.25,5.0,4.27,0.04181350281341038,2026-09-03T18:03:23.525312+00:00
US7Y,2026-06-17,7Y,2556.75,7.0,4.37,0.04277209184386899,2026-09-03T18:03:23.525312+00:00
US10Y,2026-06-17,10Y,3652.5,10.0,4.49,0.04392118705792815,2026-09-03T18:03:23.525312+00:00
US20Y,2026-06-17,20Y,7305.0,20.0,4.95,0.048313860278550634,2026-09-03T18:03:23.525312+00:00
US30Y,2026-06-17,30Y,10957.5,30.0,4.93,0.048123275181728264,2026-09-03T18:03:23.525312+00:00
US1M,2026-06-18,1M,30.4375,0.08333333333333333,3.69,0.03623549258209543,2026-09-03T18:03:23.525312+00:00
US1_5M,2026-06-18,1.5M,45.65625,0.125,3.69,0.03623549258209543,2026-09-03T18:03:23.525312+00:00
US2M,2026-06-18,2M,60.875,0.16666666666666666,3.74,0.03671758293516277,2026-09-03T18:03:23.525312+00:00
US3M,2026-06-18,3M,91.3125,0.25,3.83,0.03758476032727121,2026-09-03T18:03:23.525312+00:00
US4M,2026-06-18,4M,121.75,0.3333333333333333,3.85,0.03777736433402994,2026-09-03T18:03:23.525312+00:00
US6M,2026-06-18,6M,182.625,0.5,3.92,0.038451186374252724,2026-09-03T18:03:23.525312+00:00
US1Y,2026-06-18,1Y,365.25,1.0,4.0,0.039220713153281295,2026-09-03T18:03:23.525312+00:00
US2Y,2026-06-18,2Y,730.5,2.0,4.19,0.04104596943600098,2026-09-03T18:03:23.525312+00:00
US3Y,2026-06-18,3Y,1095.75,3.0,4.19,0.04104596943600098,2026-09-03T18:03:23.525312+00:00
US5Y,2026-06-18,5Y,1826.25,5.0,4.23,0.041429809763139556,2026-09-03T18:03:23.525312+00:00
US7Y,2026-06-18,7Y,2556.75,7.0,4.34,0.0424846116061553,2026-09-03T18:03:23.525312+00:00
US10Y,2026-06-18,10Y,3652.5,10.0,4.46,0.04363403702006131,2026-09-03T18:03:23.525312+00:00
US20Y,2026-06-18,20Y,7305.0,20.0,4.91,0.0479326537553028,2026-09-03T18:03:23.525312+00:00
US30Y,2026-06-18,30Y,10957.5,30.0,4.9,0.04783732941416013,2026-09-03T18:03:23.525312+00:00
US1M,2026-06-22,1M,30.4375,0.08333333333333333,3.66,0.035946126773469124,2026-09-03T18:03:23.525312+00:00
US1_5M,2026-06-22,1.5M,45.65625,0.125,3.71,0.036428356613551496,2026-09-03T18:03:23.525312+00:00
US2M,2026-06-22,2M,60.875,0.16666666666666666,3.77,0.03700672562909567,2026-09-03T18:03:23.525312+00:00
US3M,2026-06-22,3M,91.3125,0.25,3.85,0.03777736433402994,2026-09-03T18:03:23.525312+00:00
US4M,2026-06-22,4M,121.75,0.3333333333333333,3.89,0.038162461094348926,2026-09-03T18:03:23.525312+00:00
US6M,2026-06-22,6M,182.625,0.5,3.98,0.039028386967478346,2026-09-03T18:03:23.525312+00:00
US1Y,2026-06-22,1Y,365.25,1.0,4.04,0.039605254592359425,2026-09-03T18:03:23.525312+00:00
US2Y,2026-06-22,2Y,730.5,2.0,4.24,0.04152574682849831,2026-09-03T18:03:23.525312+00:00
US3Y,2026-06-22,3Y,1095.75,3.0,4.25,0.04162167469081947,2026-09-03T18:03:23.525312+00:00
US5Y,2026-06-22,5Y,1826.25,5.0,4.29,0.04200529414503013,2026-09-03T18:03:23.525312+00:00
US7Y,2026-06-22,7Y,2556.75,7.0,4.39,0.042963699432115664,2026-09-03T18:03:23.525312+00:00
US10Y,2026-06-22,10Y,3652.5,10.0,4.51,0.04411257461832095,2026-09-03T18:03:23.525312+00:00
US20Y,2026-06-22,20Y,7305.0,20.0,4.97,0.04850440905961498,2026-09-03T18:03:23.525312+00:00
US30Y,2026-06-22,30Y,10957.5,30.0,4.95,0.048313860278550634,2026-09-03T18:03:23.525312+00:00
US1M,2026-06-23,1M,30.4375,0.08333333333333333,3.65,0.03584965289369722,2026-09-03T18:03:23.525312+00:00
US1_5M,2026-06-23,1.5M,45.65625,0.125,3.71,0.036428356613551496,2026-09-03T18:03:23.525312+00:00
US2M,2026-06-23,2M,60.875,0.16666666666666666,3.76,0.03691035402009707,2026-09-03T18:03:23.525312+00:00
US3M,2026-06-23,3M,91.3125,0.25,3.85,0.03777736433402994,2026-09-03T18:03:23.525312+00:00
US4M,2026-06-23,4M,121.75,0.3333333333333333,3.89,0.038162461094348926,2026-09-03T18:03:23.525312+00:00
US6M,2026-06-23,6M,182.625,0.5,3.96,0.03883602378519813,2026-09-03T18:03:23.525312+00:00
US1Y,2026-06-23,1Y,365.25,1.0,4.01,0.03931686237695038,2026-09-03T18:03:23.525312+00:00
US2Y,2026-06-23,2Y,730.5,2.0,4.16,0.04075799247216774,2026-09-03T18:03:23.525312+00:00
US3Y,2026-06-23,3Y,1095.75,3.0,4.22,0.04133386349297719,2026-09-03T18:03:23.525312+00:00
US5Y,2026-06-23,5Y,1826.25,5.0,4.27,0.04181350281341038,2026-09-03T18:03:23.525312+00:00
US7Y,2026-06-23,7Y,2556.75,7.0,4.38,0.042867900227175806,2026-09-03T18:03:23.525312+00:00
US10Y,2026-06-23,10Y,3652.5,10.0,4.5,0.04401688541677433,2026-09-03T18:03:23.525312+00:00
US20Y,2026-06-23,20Y,7305.0,20.0,4.96,0.048409139207687545,2026-09-03T18:03:23.525312+00:00
US30Y,2026-06-23,30Y,10957.5,30.0,4.94,0.048218572270474346,2026-09-03T18:03:23.525312+00:00
US1M,2026-06-24,1M,30.4375,0.08333333333333333,3.66,0.035946126773469124,2026-09-03T18:03:23.525312+00:00
US1_5M,2026-06-24,1.5M,45.65625,0.125,3.71,0.036428356613551496,2026-09-03T18:03:23.525312+00:00
US2M,2026-06-24,2M,60.875,0.16666666666666666,3.76,0.03691035402009707,2026-09-03T18:03:23.525312+00:00
US3M,2026-06-24,3M,91.3125,0.25,3.85,0.03777736433402994,2026-09-03T18:03:23.525312+00:00
US4M,2026-06-24,4M,121.75,0.3333333333333333,3.9,0.038258712117090345,2026-09-03T18:03:23.525312+00:00
US6M,2026-06-24,6M,182.625,0.5,3.95,0.038739828315930556,2026-09-03T18:03:23.525312+00:00
US1Y,2026-06-24,1Y,365.25,1.0,3.99,0.03912455468405004,2026-09-03T18:03:23.525312+00:00
US2Y,2026-06-24,2Y,730.5,2.0,4.11,0.04027784649857016,2026-09-03T18:03:23.525312+00:00
US3Y,2026-06-24,3Y,1095.75,3.0,4.15,0.040661981718889635,2026-09-03T18:03:23.525312+00:00
US5Y,2026-06-24,5Y,1826.25,5.0,4.17,0.04085399400826605,2026-09-03T18:03:23.525312+00:00
US7Y,2026-06-24,7Y,2556.75,7.0,4.28,0.04190940307720962,2026-09-03T18:03:23.525312+00:00
US10Y,2026-06-24,10Y,3652.5,10.0,4.41,0.0431552703139276,2026-09-03T18:03:23.525312+00:00
US20Y,2026-06-24,20Y,7305.0,20.0,4.87,0.047551301858222386,2026-09-03T18:03:23.525312+00:00
US30Y,2026-06-24,30Y,10957.5,30.0,4.86,0.04745594115629536,2026-09-03T18:03:23.525312+00:00
US1M,2026-06-25,1M,30.4375,0.08333333333333333,3.7,0.03633192924739029,2026-09-03T18:03:23.525312+00:00
US1_5M,2026-06-25,1.5M,45.65625,0.125,3.71,0.036428356613551496,2026-09-03T18:03:23.525312+00:00
US2M,2026-06-25,2M,60.875,0.16666666666666666,3.75,0.03681397312271631,2026-09-03T18:03:23.525312+00:00
US3M,2026-06-25,3M,91.3125,0.25,3.84,0.03768106696768849,2026-09-03T18:03:23.525312+00:00
US4M,2026-06-25,4M,121.75,0.3333333333333333,3.9,0.038258712117090345,2026-09-03T18:03:23.525312+00:00
US6M,2026-06-25,6M,182.625,0.5,3.95,0.038739828315930556,2026-09-03T18:03:23.525312+00:00
US1Y,2026-06-25,1Y,365.25,1.0,3.96,0.03883602378519813,2026-09-03T18:03:23.525312+00:00
US2Y,2026-06-25,2Y,730.5,2.0,4.09,0.04008572353928564,2026-09-03T18:03:23.525312+00:00
US3Y,2026-06-25,3Y,1095.75,3.0,4.13,0.040469932553713214,2026-09-03T18:03:23.525312+00:00
US5Y,2026-06-25,5Y,1826.25,5.0,4.15,0.040661981718889635,2026-09-03T18:03:23.525312+00:00
US7Y,2026-06-25,7Y,2556.75,7.0,4.26,0.0417175933518685,2026-09-03T18:03:23.525312+00:00
US10Y,2026-06-25,10Y,3652.5,10.0,4.4,0.04305948946044698,2026-09-03T18:03:23.525312+00:00
US20Y,2026-06-25,20Y,7305.0,20.0,4.87,0.047551301858222386,2026-09-03T18:03:23.525312+00:00
US30Y,2026-06-25,30Y,10957.5,30.0,4.86,0.04745594115629536,2026-09-03T18:03:23.525312+00:00
US1M,2026-06-26,1M,30.4375,0.08333333333333333,3.7,0.03633192924739029,2026-09-03T18:03:23.525312+00:00
US1_5M,2026-06-26,1.5M,45.65625,0.125,3.7,0.03633192924739029,2026-09-03T18:03:23.525312+00:00
US2M,2026-06-26,2M,60.875,0.16666666666666666,3.75,0.03681397312271631,2026-09-03T18:03:23.525312+00:00
US3M,2026-06-26,3M,91.3125,0.25,3.83,0.03758476032727121,2026-09-03T18:03:23.525312+00:00
US4M,2026-06-26,4M,121.75,0.3333333333333333,3.89,0.038162461094348926,2026-09-03T18:03:23.525312+00:00
US6M,2026-06-26,6M,182.625,0.5,3.94,0.03864362359220443,2026-09-03T18:03:23.525312+00:00
US1Y,2026-06-26,1Y,365.25,1.0,3.94,0.03864362359220443,2026-09-03T18:03:23.525312+00:00
US2Y,2026-06-26,2Y,730.5,2.0,4.07,0.039893563661676665,2026-09-03T18:03:23.525312+00:00
US3Y,2026-06-26,3Y,1095.75,3.0,4.09,0.04008572353928564,2026-09-03T18:03:23.525312+00:00
US5Y,2026-06-26,5Y,1826.25,5.0,4.12,0.040373894138273254,2026-09-03T18:03:23.525312+00:00
US7Y,2026-06-26,7Y,2556.75,7.0,4.23,0.041429809763139556,2026-09-03T18:03:23.525312+00:00
US10Y,2026-06-26,10Y,3652.5,10.0,4.38,0.042867900227175806,2026-09-03T18:03:23.525312+00:00
US20Y,2026-06-26,20Y,7305.0,20.0,4.87,0.047551301858222386,2026-09-03T18:03:23.525312+00:00
US30Y,2026-06-26,30Y,10957.5,30.0,4.87,0.047551301858222386,2026-09-03T18:03:23.525312+00:00
US1M,2026-06-29,1M,30.4375,0.08333333333333333,3.71,0.036428356613551496,2026-09-03T18:03:23.525312+00:00
US1_5M,2026-06-29,1.5M,45.65625,0.125,3.71,0.036428356613551496,2026-09-03T18:03:23.525312+00:00
US2M,2026-06-29,2M,60.875,0.16666666666666666,3.76,0.03691035402009707,2026-09-03T18:03:23.525312+00:00
US3M,2026-06-29,3M,91.3125,0.25,3.87,0.03796993125162867,2026-09-03T18:03:23.525312+00:00
US4M,2026-06-29,4M,121.75,0.3333333333333333,3.92,0.038451186374252724,2026-09-03T18:03:23.525312+00:00
US6M,2026-06-29,6M,182.625,0.5,4.0,0.039220713153281295,2026-09-03T18:03:23.525312+00:00
US1Y,2026-06-29,1Y,365.25,1.0,3.97,0.03893221000178747,2026-09-03T18:03:23.525312+00:00
US2Y,2026-06-29,2Y,730.5,2.0,4.1,0.04018178963283183,2026-09-03T18:03:23.525312+00:00
US3Y,2026-06-29,3Y,1095.75,3.0,4.1,0.04018178963283183,2026-09-03T18:03:23.525312+00:00
US5Y,2026-06-29,5Y,1826.25,5.0,4.14,0.040565961746661654,2026-09-03T18:03:23.525312+00:00
US7Y,2026-06-29,7Y,2556.75,7.0,4.24,0.04152574682849831,2026-09-03T18:03:23.525312+00:00
US10Y,2026-06-29,10Y,3652.5,10.0,4.38,0.042867900227175806,2026-09-03T18:03:23.525312+00:00
US20Y,2026-06-29,20Y,7305.0,20.0,4.86,0.04745594115629536,2026-09-03T18:03:23.525312+00:00
US30Y,2026-06-29,30Y,10957.5,30.0,4.86,0.04745594115629536,2026-09-03T18:03:23.525312+00:00
US1M,2026-06-30,1M,30.4375,0.08333333333333333,3.7,0.03633192924739029,2026-09-03T18:03:23.525312+00:00
US1_5M,2026-06-30,1.5M,45.65625,0.125,3.74,0.03671758293516277,2026-09-03T18:03:23.525312+00:00
US2M,2026-06-30,2M,60.875,0.16666666666666666,3.77,0.03700672562909567,2026-09-03T18:03:23.525312+00:00
US3M,2026-06-30,3M,91.3125,0.25,3.87,0.03796993125162867,2026-09-03T18:03:23.525312+00:00
US4M,2026-06-30,4M,121.75,0.3333333333333333,3.92,0.038451186374252724,2026-09-03T18:03:23.525312+00:00
US6M,2026-06-30,6M,182.625,0.5,4.01,0.03931686237695038,2026-09-03T18:03:23.525312+00:00
US1Y,2026-06-30,1Y,365.25,1.0,3.98,0.039028386967478346,2026-09-03T18:03:23.525312+00:00
US2Y,2026-06-30,2Y,730.5,2.0,4.14,0.040565961746661654,2026-09-03T18:03:23.525312+00:00
US3Y,2026-06-30,3Y,1095.75,3.0,4.15,0.040661981718889635,2026-09-03T18:03:23.525312+00:00
US5Y,2026-06-30,5Y,1826.25,5.0,4.19,0.04104596943600098,2026-09-03T18:03:23.525312+00:00
US7Y,2026-06-30,7Y,2556.75,7.0,4.3,0.042101176018635396,2026-09-03T18:03:23.525312+00:00
US10Y,2026-06-30,10Y,3652.5,10.0,4.44,0.04344255784283673,2026-09-03T18:03:23.525312+00:00
US20Y,2026-06-30,20Y,7305.0,20.0,4.93,0.048123275181728264,2026-09-03T18:03:23.525312+00:00
US30Y,2026-06-30,30Y,10957.5,30.0,4.91,0.0479326537553028,2026-09-03T18:03:23.525312+00:00
US1M,2026-07-01,1M,30.4375,0.08333333333333333,3.67,0.03604259134692935,2026-09-03T18:03:23.525312+00:00
US1_5M,2026-07-01,1.5M,45.65625,0.125,3.71,0.036428356613551496,2026-09-03T18:03:23.525312+00:00
US2M,2026-07-01,2M,60.875,0.16666666666666666,3.72,0.036524774682372266,2026-09-03T18:03:23.525312+00:00
US3M,2026-07-01,3M,91.3125,0.25,3.85,0.03777736433402994,2026-09-03T18:03:23.525312+00:00
US4M,2026-07-01,4M,121.75,0.3333333333333333,3.95,0.038739828315930556,2026-09-03T18:03:23.525312+00:00
US6M,2026-07-01,6M,182.625,0.5,4.0,0.039220713153281295,2026-09-03T18:03:23.525312+00:00
US1Y,2026-07-01,1Y,365.25,1.0,4.0,0.039220713153281295,2026-09-03T18:03:23.525312+00:00
US2Y,2026-07-01,2Y,730.5,2.0,4.17,0.04085399400826605,2026-09-03T18:03:23.525312+00:00
US3Y,2026-07-01,3Y,1095.75,3.0,4.19,0.04104596943600098,2026-09-03T18:03:23.525312+00:00
US5Y,2026-07-01,5Y,1826.25,5.0,4.24,0.04152574682849831,2026-09-03T18:03:23.525312+00:00
US7Y,2026-07-01,7Y,2556.75,7.0,4.35,0.04258044753511839,2026-09-03T18:03:23.525312+00:00
US10Y,2026-07-01,10Y,3652.5,10.0,4.48,0.04382547954002957,2026-09-03T18:03:23.525312+00:00
US20Y,2026-07-01,20Y,7305.0,20.0,4.97,0.04850440905961498,2026-09-03T18:03:23.525312+00:00
US30Y,2026-07-01,30Y,10957.5,30.0,4.97,0.04850440905961498,2026-09-03T18:03:23.525312+00:00
US1M,2026-07-02,1M,30.4375,0.08333333333333333,3.7,0.03633192924739029,2026-09-03T18:03:23.525312+00:00
US1_5M,2026-07-02,1.5M,45.65625,0.125,3.73,0.03662118345564531,2026-09-03T18:03:23.525312+00:00
US2M,2026-07-02,2M,60.875,0.16666666666666666,3.81,0.03739211921706267,2026-09-03T18:03:23.525312+00:00
US3M,2026-07-02,3M,91.3125,0.25,3.82,0.03748844441099159,2026-09-03T18:03:23.525312+00:00
US4M,2026-07-02,4M,121.75,0.3333333333333333,3.91,0.038354953876463996,2026-09-03T18:03:23.525312+00:00
US6M,2026-07-02,6M,182.625,0.5,3.98,0.039028386967478346,2026-09-03T18:03:23.525312+00:00
US1Y,2026-07-02,1Y,365.25,1.0,3.96,0.03883602378519813,2026-09-03T18:03:23.525312+00:00
US2Y,2026-07-02,2Y,730.5,2.0,4.14,0.040565961746661654,2026-09-03T18:03:23.525312+00:00
US3Y,2026-07-02,3Y,1095.75,3.0,4.16,0.04075799247216774,2026-09-03T18:03:23.525312+00:00
US5Y,2026-07-02,5Y,1826.25,5.0,4.23,0.041429809763139556,2026-09-03T18:03:23.525312+00:00
US7Y,2026-07-02,7Y,2556.75,7.0,4.35,0.04258044753511839,2026-09-03T18:03:23.525312+00:00
US10Y,2026-07-02,10Y,3652.5,10.0,4.49,0.04392118705792815,2026-09-03T18:03:23.525312+00:00
US20Y,2026-07-02,20Y,7305.0,20.0,4.99,0.04869492153875855,2026-09-03T18:03:23.525312+00:00
US30Y,2026-07-02,30Y,10957.5,30.0,4.98,0.04859966983606235,2026-09-03T18:03:23.525312+00:00
US1M,2026-07-06,1M,30.4375,0.08333333333333333,3.69,0.03623549258209543,2026-09-03T18:03:23.525312+00:00
US1_5M,2026-07-06,1.5M,45.65625,0.125,3.75,0.03681397312271631,2026-09-03T18:03:23.525312+00:00
US2M,2026-07-06,2M,60.875,0.16666666666666666,3.81,0.03739211921706267,2026-09-03T18:03:23.525312+00:00
US3M,2026-07-06,3M,91.3125,0.25,3.87,0.03796993125162867,2026-09-03T18:03:23.525312+00:00
US4M,2026-07-06,4M,121.75,0.3333333333333333,3.93,0.03854740961223893,2026-09-03T18:03:23.525312+00:00
US6M,2026-07-06,6M,182.625,0.5,3.98,0.039028386967478346,2026-09-03T18:03:23.525312+00:00
US1Y,2026-07-06,1Y,365.25,1.0,3.95,0.038739828315930556,2026-09-03T18:03:23.525312+00:00
US2Y,2026-07-06,2Y,730.5,2.0,4.13,0.040469932553713214,2026-09-03T18:03:23.525312+00:00
US3Y,2026-07-06,3Y,1095.75,3.0,4.14,0.040565961746661654,2026-09-03T18:03:23.525312+00:00
US5Y,2026-07-06,5Y,1826.25,5.0,4.21,0.04123790801624474,2026-09-03T18:03:23.525312+00:00
US7Y,2026-07-06,7Y,2556.75,7.0,4.33,0.04238876649178662,2026-09-03T18:03:23.525312+00:00
US10Y,2026-07-06,10Y,3652.5,10.0,4.48,0.04382547954002957,2026-09-03T18:03:23.525312+00:00
US20Y,2026-07-06,20Y,7305.0,20.0,4.99,0.04869492153875855,2026-09-03T18:03:23.525312+00:00
US30Y,2026-07-06,30Y,10957.5,30.0,4.99,0.04869492153875855,2026-09-03T18:03:23.525312+00:00
US1M,2026-07-07,1M,30.4375,0.08333333333333333,3.69,0.03623549258209543,2026-09-03T18:03:23.525312+00:00
US1_5M,2026-07-07,1.5M,45.65625,0.125,3.74,0.03671758293516277,2026-09-03T18:03:23.525312+00:00
US2M,2026-07-07,2M,60.875,0.16666666666666666,3.82,0.03748844441099159,2026-09-03T18:03:23.525312+00:00
US3M,2026-07-07,3M,91.3125,0.25,3.86,0.037873652428081515,2026-09-03T18:03:23.525312+00:00
US4M,2026-07-07,4M,121.75,0.3333333333333333,3.94,0.03864362359220443,2026-09-03T18:03:23.525312+00:00
US6M,2026-07-07,6M,182.625,0.5,3.99,0.03912455468405004,2026-09-03T18:03:23.525312+00:00
US1Y,2026-07-07,1Y,365.25,1.0,4.06,0.039797469874066085,2026-09-03T18:03:23.525312+00:00
US2Y,2026-07-07,2Y,730.5,2.0,4.19,0.04104596943600098,2026-09-03T18:03:23.525312+00:00
US3Y,2026-07-07,3Y,1095.75,3.0,4.18,0.04094998632895411,2026-09-03T18:03:23.525312+00:00
US5Y,2026-07-07,5Y,1826.25,5.0,4.27,0.04181350281341038,2026-09-03T18:03:23.525312+00:00
US7Y,2026-07-07,7Y,2556.75,7.0,4.4,0.04305948946044698,2026-09-03T18:03:23.525312+00:00
US10Y,2026-07-07,10Y,3652.5,10.0,4.55,0.04449523988655121,2026-09-03T18:03:23.525312+00:00
US20Y,2026-07-07,20Y,7305.0,20.0,5.05,0.049266241302918054,2026-09-03T18:03:23.525312+00:00
US30Y,2026-07-07,30Y,10957.5,30.0,5.05,0.049266241302918054,2026-09-03T18:03:23.525312+00:00
US1M,2026-07-08,1M,30.4375,0.08333333333333333,3.67,0.03604259134692935,2026-09-03T18:03:23.525312+00:00
US1_5M,2026-07-08,1.5M,45.65625,0.125,3.74,0.03671758293516277,2026-09-03T18:03:23.525312+00:00
US2M,2026-07-08,2M,60.875,0.16666666666666666,3.82,0.03748844441099159,2026-09-03T18:03:23.525312+00:00
US3M,2026-07-08,3M,91.3125,0.25,3.87,0.03796993125162867,2026-09-03T18:03:23.525312+00:00
US4M,2026-07-08,4M,121.75,0.3333333333333333,3.94,0.03864362359220443,2026-09-03T18:03:23.525312+00:00
US6M,2026-07-08,6M,182.625,0.5,3.99,0.03912455468405004,2026-09-03T18:03:23.525312+00:00
US1Y,2026-07-08,1Y,365.25,1.0,4.06,0.039797469874066085,2026-09-03T18:03:23.525312+00:00
US2Y,2026-07-08,2Y,730.5,2.0,4.21,0.04123790801624474,2026-09-03T18:03:23.525312+00:00
US3Y,2026-07-08,3Y,1095.75,3.0,4.21,0.04123790801624474,2026-09-03T18:03:23.525312+00:00
US5Y,2026-07-08,5Y,1826.25,5.0,4.31,0.04219704869978836,2026-09-03T18:03:23.525312+00:00
US7Y,2026-07-08,7Y,2556.75,7.0,4.43,0.04334680450336586,2026-09-03T18:03:23.525312+00:00
US10Y,2026-07-08,10Y,3652.5,10.0,4.56,0.044590883327875135,2026-09-03T18:03:23.525312+00:00
US20Y,2026-07-08,20Y,7305.0,20.0,5.07,0.049456608712592526,2026-09-03T18:03:23.525312+00:00
US30Y,2026-07-08,30Y,10957.5,30.0,5.06,0.049361429537724114,2026-09-03T18:03:23.525312+00:00
US1M,2026-07-09,1M,30.4375,0.08333333333333333,3.72,0.036524774682372266,2026-09-03T18:03:23.525312+00:00
US1_5M,2026-07-09,1.5M,45.65625,0.125,3.72,0.036524774682372266,2026-09-03T18:03:23.525312+00:00
US2M,2026-07-09,2M,60.875,0.16666666666666666,3.79,0.03719944098910626,2026-09-03T18:03:23.525312+00:00
US3M,2026-07-09,3M,91.3125,0.25,3.83,0.03758476032727121,2026-09-03T18:03:23.525312+00:00
US4M,2026-07-09,4M,121.75,0.3333333333333333,3.91,0.038354953876463996,2026-09-03T18:03:23.525312+00:00
US6M,2026-07-09,6M,182.625,0.5,3.96,0.03883602378519813,2026-09-03T18:03:23.525312+00:00
US1Y,2026-07-09,1Y,365.25,1.0,4.02,0.039413002356835036,2026-09-03T18:03:23.525312+00:00
US2Y,2026-07-09,2Y,730.5,2.0,4.16,0.04075799247216774,2026-09-03T18:03:23.525312+00:00
US3Y,2026-07-09,3Y,1095.75,3.0,4.18,0.04094998632895411,2026-09-03T18:03:23.525312+00:00
US5Y,2026-07-09,5Y,1826.25,5.0,4.27,0.04181350281341038,2026-09-03T18:03:23.525312+00:00
US7Y,2026-07-09,7Y,2556.75,7.0,4.4,0.04305948946044698,2026-09-03T18:03:23.525312+00:00
US10Y,2026-07-09,10Y,3652.5,10.0,4.54,0.04439958729668442,2026-09-03T18:03:23.525312+00:00
US20Y,2026-07-09,20Y,7305.0,20.0,5.06,0.049361429537724114,2026-09-03T18:03:23.525312+00:00
US30Y,2026-07-09,30Y,10957.5,30.0,5.05,0.049266241302918054,2026-09-03T18:03:23.525312+00:00
US1M,2026-07-10,1M,30.4375,0.08333333333333333,3.71,0.036428356613551496,2026-09-03T18:03:23.525312+00:00
US1_5M,2026-07-10,1.5M,45.65625,0.125,3.74,0.03671758293516277,2026-09-03T18:03:23.525312+00:00
US2M,2026-07-10,2M,60.875,0.16666666666666666,3.81,0.03739211921706267,2026-09-03T18:03:23.525312+00:00
US3M,2026-07-10,3M,91.3125,0.25,3.85,0.03777736433402994,2026-09-03T18:03:23.525312+00:00
US4M,2026-07-10,4M,121.75,0.3333333333333333,3.94,0.03864362359220443,2026-09-03T18:03:23.525312+00:00
US6M,2026-07-10,6M,182.625,0.5,3.99,0.03912455468405004,2026-09-03T18:03:23.525312+00:00
US1Y,2026-07-10,1Y,365.25,1.0,4.06,0.039797469874066085,2026-09-03T18:03:23.525312+00:00
US2Y,2026-07-10,2Y,730.5,2.0,4.21,0.04123790801624474,2026-09-03T18:03:23.525312+00:00
US3Y,2026-07-10,3Y,1095.75,3.0,4.22,0.04133386349297719,2026-09-03T18:03:23.525312+00:00
US5Y,2026-07-10,5Y,1826.25,5.0,4.3,0.042101176018635396,2026-09-03T18:03:23.525312+00:00
US7Y,2026-07-10,7Y,2556.75,7.0,4.42,0.04325104199431493,2026-09-03T18:03:23.525312+00:00
US10Y,2026-07-10,10Y,3652.5,10.0,4.56,0.044590883327875135,2026-09-03T18:03:23.525312+00:00
US20Y,2026-07-10,20Y,7305.0,20.0,5.08,0.04955177882924775,2026-09-03T18:03:23.525312+00:00
US30Y,2026-07-10,30Y,10957.5,30.0,5.06,0.049361429537724114,2026-09-03T18:03:23.525312+00:00
US1M,2026-07-13,1M,30.4375,0.08333333333333333,3.73,0.03662118345564531,2026-09-03T18:03:23.525312+00:00
US1_5M,2026-07-13,1.5M,45.65625,0.125,3.76,0.03691035402009707,2026-09-03T18:03:23.525312+00:00
US2M,2026-07-13,2M,60.875,0.16666666666666666,3.82,0.03748844441099159,2026-09-03T18:03:23.525312+00:00
US3M,2026-07-13,3M,91.3125,0.25,3.89,0.038162461094348926,2026-09-03T18:03:23.525312+00:00
US4M,2026-07-13,4M,121.75,0.3333333333333333,3.97,0.03893221000178747,2026-09-03T18:03:23.525312+00:00
US6M,2026-07-13,6M,182.625,0.5,4.03,0.03950913309471249,2026-09-03T18:03:23.525312+00:00
US1Y,2026-07-13,1Y,365.25,1.0,4.12,0.040373894138273254,2026-09-03T18:03:23.525312+00:00
US2Y,2026-07-13,2Y,730.5,2.0,4.26,0.0417175933518685,2026-09-03T18:03:23.525312+00:00
US3Y,2026-07-13,3Y,1095.75,3.0,4.3,0.042101176018635396,2026-09-03T18:03:23.525312+00:00
US5Y,2026-07-13,5Y,1826.25,5.0,4.37,0.04277209184386899,2026-09-03T18:03:23.525312+00:00
US7Y,2026-07-13,7Y,2556.75,7.0,4.48,0.04382547954002957,2026-09-03T18:03:23.525312+00:00
US10Y,2026-07-13,10Y,3652.5,10.0,4.62,0.04516455195437364,2026-09-03T18:03:23.525312+00:00
US20Y,2026-07-13,20Y,7305.0,20.0,5.11,0.04983723484717166,2026-09-03T18:03:23.525312+00:00
US30Y,2026-07-13,30Y,10957.5,30.0,5.1,0.04974209189481407,2026-09-03T18:03:23.525312+00:00
US1M,2026-07-14,1M,30.4375,0.08333333333333333,3.73,0.03662118345564531,2026-09-03T18:03:23.525312+00:00
US1_5M,2026-07-14,1.5M,45.65625,0.125,3.75,0.03681397312271631,2026-09-03T18:03:23.525312+00:00
US2M,2026-07-14,2M,60.875,0.16666666666666666,3.82,0.03748844441099159,2026-09-03T18:03:23.525312+00:00
US3M,2026-07-14,3M,91.3125,0.25,3.84,0.03768106696768849,2026-09-03T18:03:23.525312+00:00
US4M,2026-07-14,4M,121.75,0.3333333333333333,3.91,0.038354953876463996,2026-09-03T18:03:23.525312+00:00
US6M,2026-07-14,6M,182.625,0.5,3.95,0.038739828315930556,2026-09-03T18:03:23.525312+00:00
US1Y,2026-07-14,1Y,365.25,1.0,4.02,0.039413002356835036,2026-09-03T18:03:23.525312+00:00
US2Y,2026-07-14,2Y,730.5,2.0,4.18,0.04094998632895411,2026-09-03T18:03:23.525312+00:00
US3Y,2026-07-14,3Y,1095.75,3.0,4.23,0.041429809763139556,2026-09-03T18:03:23.525312+00:00
US5Y,2026-07-14,5Y,1826.25,5.0,4.31,0.04219704869978836,2026-09-03T18:03:23.525312+00:00
US7Y,2026-07-14,7Y,2556.75,7.0,4.44,0.04344255784283673,2026-09-03T18:03:23.525312+00:00
US10Y,2026-07-14,10Y,3652.5,10.0,4.58,0.044782142771893185,2026-09-03T18:03:23.525312+00:00
US20Y,2026-07-14,20Y,7305.0,20.0,5.09,0.04964693988941377,2026-09-03T18:03:23.525312+00:00
US30Y,2026-07-14,30Y,10957.5,30.0,5.08,0.04955177882924775,2026-09-03T18:03:23.525312+00:00
US1M,2026-07-15,1M,30.4375,0.08333333333333333,3.73,0.03662118345564531,2026-09-03T18:03:23.525312+00:00
US1_5M,2026-07-15,1.5M,45.65625,0.125,3.76,0.03691035402009707,2026-09-03T18:03:23.525312+00:00
US2M,2026-07-15,2M,60.875,0.16666666666666666,3.82,0.03748844441099159,2026-09-03T18:03:23.525312+00:00
US3M,2026-07-15,3M,91.3125,0.25,3.83,0.03758476032727121,2026-09-03T18:03:23.525312+00:00
US4M,2026-07-15,4M,121.75,0.3333333333333333,3.89,0.038162461094348926,2026-09-03T18:03:23.525312+00:00
US6M,2026-07-15,6M,182.625,0.5,3.93,0.03854740961223893,2026-09-03T18:03:23.525312+00:00
US1Y,2026-07-15,1Y,365.25,1.0,3.97,0.03893221000178747,2026-09-03T18:03:23.525312+00:00
US2Y,2026-07-15,2Y,730.5,2.0,4.13,0.040469932553713214,2026-09-03T18:03:23.525312+00:00
US3Y,2026-07-15,3Y,1095.75,3.0,4.18,0.04094998632895411,2026-09-03T18:03:23.525312+00:00
US5Y,2026-07-15,5Y,1826.25,5.0,4.26,0.0417175933518685,2026-09-03T18:03:23.525312+00:00
US7Y,2026-07-15,7Y,2556.75,7.0,4.39,0.042963699432115664,2026-09-03T18:03:23.525312+00:00
US10Y,2026-07-15,10Y,3652.5,10.0,4.55,0.04449523988655121,2026-09-03T18:03:23.525312+00:00
US20Y,2026-07-15,20Y,7305.0,20.0,5.07,0.049456608712592526,2026-09-03T18:03:23.525312+00:00
US30Y,2026-07-15,30Y,10957.5,30.0,5.08,0.04955177882924775,2026-09-03T18:03:23.525312+00:00
US1M,2026-07-16,1M,30.4375,0.08333333333333333,3.76,0.03691035402009707,2026-09-03T18:03:23.525312+00:00
US1_5M,2026-07-16,1.5M,45.65625,0.125,3.75,0.03681397312271631,2026-09-03T18:03:23.525312+00:00
US2M,2026-07-16,2M,60.875,0.16666666666666666,3.81,0.03739211921706267,2026-09-03T18:03:23.525312+00:00
US3M,2026-07-16,3M,91.3125,0.25,3.84,0.03768106696768849,2026-09-03T18:03:23.525312+00:00
US4M,2026-07-16,4M,121.75,0.3333333333333333,3.9,0.038258712117090345,2026-09-03T18:03:23.525312+00:00
US6M,2026-07-16,6M,182.625,0.5,3.94,0.03864362359220443,2026-09-03T18:03:23.525312+00:00
US1Y,2026-07-16,1Y,365.25,1.0,3.99,0.03912455468405004,2026-09-03T18:03:23.525312+00:00
US2Y,2026-07-16,2Y,730.5,2.0,4.16,0.04075799247216774,2026-09-03T18:03:23.525312+00:00
US3Y,2026-07-16,3Y,1095.75,3.0,4.2,0.04114194333117518,2026-09-03T18:03:23.525312+00:00
US5Y,2026-07-16,5Y,1826.25,5.0,4.28,0.04190940307720962,2026-09-03T18:03:23.525312+00:00
US7Y,2026-07-16,7Y,2556.75,7.0,4.41,0.0431552703139276,2026-09-03T18:03:23.525312+00:00
US10Y,2026-07-16,10Y,3652.5,10.0,4.57,0.044686517622406025,2026-09-03T18:03:23.525312+00:00
US20Y,2026-07-16,20Y,7305.0,20.0,5.09,0.04964693988941377,2026-09-03T18:03:23.525312+00:00
US30Y,2026-07-16,30Y,10957.5,30.0,5.09,0.04964693988941377,2026-09-03T18:03:23.525312+00:00
US1M,2026-07-17,1M,30.4375,0.08333333333333333,3.73,0.03662118345564531,2026-09-03T18:03:23.525312+00:00
US1_5M,2026-07-17,1.5M,45.65625,0.125,3.75,0.03681397312271631,2026-09-03T18:03:23.525312+00:00
US2M,2026-07-17,2M,60.875,0.16666666666666666,3.8,0.037295784743696894,2026-09-03T18:03:23.525312+00:00
US3M,2026-07-17,3M,91.3125,0.25,3.85,0.03777736433402994,2026-09-03T18:03:23.525312+00:00
US4M,2026-07-17,4M,121.75,0.3333333333333333,3.91,0.038354953876463996,2026-09-03T18:03:23.525312+00:00
US6M,2026-07-17,6M,182.625,0.5,3.96,0.03883602378519813,2026-09-03T18:03:23.525312+00:00
US1Y,2026-07-17,1Y,365.25,1.0,4.01,0.03931686237695038,2026-09-03T18:03:23.525312+00:00
US2Y,2026-07-17,2Y,730.5,2.0,4.18,0.04094998632895411,2026-09-03T18:03:23.525312+00:00
US3Y,2026-07-17,3Y,1095.75,3.0,4.21,0.04123790801624474,2026-09-03T18:03:23.525312+00:00
US5Y,2026-07-17,5Y,1826.25,5.0,4.28,0.04190940307720962,2026-09-03T18:03:23.525312+00:00
US7Y,2026-07-17,7Y,2556.75,7.0,4.4,0.04305948946044698,2026-09-03T18:03:23.525312+00:00
US10Y,2026-07-17,10Y,3652.5,10.0,4.55,0.04449523988655121,2026-09-03T18:03:23.525312+00:00
US20Y,2026-07-17,20Y,7305.0,20.0,5.07,0.049456608712592526,2026-09-03T18:03:23.525312+00:00
US30Y,2026-07-17,30Y,10957.5,30.0,5.06,0.049361429537724114,2026-09-03T18:03:23.525312+00:00
US1M,2026-07-20,1M,30.4375,0.08333333333333333,3.72,0.036524774682372266,2026-09-03T18:03:23.525312+00:00
US1_5M,2026-07-20,1.5M,45.65625,0.125,3.76,0.03691035402009707,2026-09-03T18:03:23.525312+00:00
US2M,2026-07-20,2M,60.875,0.16666666666666666,3.81,0.03739211921706267,2026-09-03T18:03:23.525312+00:00
US3M,2026-07-20,3M,91.3125,0.25,3.86,0.037873652428081515,2026-09-03T18:03:23.525312+00:00
US4M,2026-07-20,4M,121.75,0.3333333333333333,3.93,0.03854740961223893,2026-09-03T18:03:23.525312+00:00
US6M,2026-07-20,6M,182.625,0.5,4.0,0.039220713153281295,2026-09-03T18:03:23.525312+00:00
US1Y,2026-07-20,1Y,365.25,1.0,4.03,0.03950913309471249,2026-09-03T18:03:23.525312+00:00
US2Y,2026-07-20,2Y,730.5,2.0,4.21,0.04123790801624474,2026-09-03T18:03:23.525312+00:00
US3Y,2026-07-20,3Y,1095.75,3.0,4.25,0.04162167469081947,2026-09-03T18:03:23.525312+00:00
US5Y,2026-07-20,5Y,1826.25,5.0,4.33,0.04238876649178662,2026-09-03T18:03:23.525312+00:00
US7Y,2026-07-20,7Y,2556.75,7.0,4.45,0.04353830201448343,2026-09-03T18:03:23.525312+00:00
US10Y,2026-07-20,10Y,3652.5,10.0,4.6,0.044973365642731154,2026-09-03T18:03:23.525312+00:00
US20Y,2026-07-20,20Y,7305.0,20.0,5.12,0.04993236874820901,2026-09-03T18:03:23.525312+00:00
US30Y,2026-07-20,30Y,10957.5,30.0,5.11,0.04983723484717166,2026-09-03T18:03:23.525312+00:00
US1M,2026-07-21,1M,30.4375,0.08333333333333333,3.75,0.03681397312271631,2026-09-03T18:03:23.525312+00:00
US1_5M,2026-07-21,1.5M,45.65625,0.125,3.81,0.03739211921706267,2026-09-03T18:03:23.525312+00:00
US2M,2026-07-21,2M,60.875,0.16666666666666666,3.81,0.03739211921706267,2026-09-03T18:03:23.525312+00:00
US3M,2026-07-21,3M,91.3125,0.25,3.87,0.03796993125162867,2026-09-03T18:03:23.525312+00:00
US4M,2026-07-21,4M,121.75,0.3333333333333333,3.96,0.03883602378519813,2026-09-03T18:03:23.525312+00:00
US6M,2026-07-21,6M,182.625,0.5,4.02,0.039413002356835036,2026-09-03T18:03:23.525312+00:00
US1Y,2026-07-21,1Y,365.25,1.0,4.08,0.03998964821615847,2026-09-03T18:03:23.525312+00:00
US2Y,2026-07-21,2Y,730.5,2.0,4.26,0.0417175933518685,2026-09-03T18:03:23.525312+00:00
US3Y,2026-07-21,3Y,1095.75,3.0,4.31,0.04219704869978836,2026-09-03T18:03:23.525312+00:00
US5Y,2026-07-21,5Y,1826.25,5.0,4.37,0.04277209184386899,2026-09-03T18:03:23.525312+00:00
US7Y,2026-07-21,7Y,2556.75,7.0,4.5,0.04401688541677433,2026-09-03T18:03:23.525312+00:00
US10Y,2026-07-21,10Y,3652.5,10.0,4.63,0.04526013140486457,2026-09-03T18:03:23.525312+00:00
US20Y,2026-07-21,20Y,7305.0,20.0,5.14,0.050122609403210616,2026-09-03T18:03:23.525312+00:00
US30Y,2026-07-21,30Y,10957.5,30.0,5.13,0.05002749359964816,2026-09-03T18:03:23.525312+00:00
US1M,2026-07-22,1M,30.4375,0.08333333333333333,3.76,0.03691035402009707,2026-09-03T18:03:23.525312+00:00
US1_5M,2026-07-22,1.5M,45.65625,0.125,3.82,0.03748844441099159,2026-09-03T18:03:23.525312+00:00
US2M,2026-07-22,2M,60.875,0.16666666666666666,3.82,0.03748844441099159,2026-09-03T18:03:23.525312+00:00
US3M,2026-07-22,3M,91.3125,0.25,3.89,0.038162461094348926,2026-09-03T18:03:23.525312+00:00
US4M,2026-07-22,4M,121.75,0.3333333333333333,4.0,0.039220713153281295,2026-09-03T18:03:23.525312+00:00
US6M,2026-07-22,6M,182.625,0.5,4.05,0.03970136685155207,2026-09-03T18:03:23.525312+00:00
US1Y,2026-07-22,1Y,365.25,1.0,4.11,0.04027784649857016,2026-09-03T18:03:23.525312+00:00
US2Y,2026-07-22,2Y,730.5,2.0,4.31,0.04219704869978836,2026-09-03T18:03:23.525312+00:00
US3Y,2026-07-22,3Y,1095.75,3.0,4.34,0.0424846116061553,2026-09-03T18:03:23.525312+00:00
US5Y,2026-07-22,5Y,1826.25,5.0,4.41,0.0431552703139276,2026-09-03T18:03:23.525312+00:00
US7Y,2026-07-22,7Y,2556.75,7.0,4.53,0.04430392555652441,2026-09-03T18:03:23.525312+00:00
US10Y,2026-07-22,10Y,3652.5,10.0,4.67,0.04564235787870107,2026-09-03T18:03:23.525312+00:00
US20Y,2026-07-22,20Y,7305.0,20.0,5.17,0.05040790254384569,2026-09-03T18:03:23.525312+00:00
US30Y,2026-07-22,30Y,10957.5,30.0,5.15,0.050217716160617425,2026-09-03T18:03:23.525312+00:00
US1M,2026-07-23,1M,30.4375,0.08333333333333333,3.82,0.03748844441099159,2026-09-03T18:03:23.525312+00:00
US1_5M,2026-07-23,1.5M,45.65625,0.125,3.9,0.038258712117090345,2026-09-03T18:03:23.525312+00:00
US2M,2026-07-23,2M,60.875,0.16666666666666666,3.95,0.038739828315930556,2026-09-03T18:03:23.525312+00:00
US3M,2026-07-23,3M,91.3125,0.25,3.95,0.038739828315930556,2026-09-03T18:03:23.525312+00:00
US4M,2026-07-23,4M,121.75,0.3333333333333333,4.04,0.039605254592359425,2026-09-03T18:03:23.525312+00:00
US6M,2026-07-23,6M,182.625,0.5,4.09,0.04008572353928564,2026-09-03T18:03:23.525312+00:00
US1Y,2026-07-23,1Y,365.25,1.0,4.15,0.040661981718889635,2026-09-03T18:03:23.525312+00:00
US2Y,2026-07-23,2Y,730.5,2.0,4.37,0.04277209184386899,2026-09-03T18:03:23.525312+00:00
US3Y,2026-07-23,3Y,1095.75,3.0,4.4,0.04305948946044698,2026-09-03T18:03:23.525312+00:00
US5Y,2026-07-23,5Y,1826.25,5.0,4.46,0.04363403702006131,2026-09-03T18:03:23.525312+00:00
US7Y,2026-07-23,7Y,2556.75,7.0,4.58,0.044782142771893185,2026-09-03T18:03:23.525312+00:00
US10Y,2026-07-23,10Y,3652.5,10.0,4.71,0.04602443831127933,2026-09-03T18:03:23.525312+00:00
US20Y,2026-07-23,20Y,7305.0,20.0,5.2,0.05069311431551812,2026-09-03T18:03:23.525312+00:00
US30Y,2026-07-23,30Y,10957.5,30.0,5.17,0.05040790254384569,2026-09-03T18:03:23.525312+00:00
US1M,2026-07-24,1M,30.4375,0.08333333333333333,3.8,0.037295784743696894,2026-09-03T18:03:23.525312+00:00
US1_5M,2026-07-24,1.5M,45.65625,0.125,3.88,0.038066200806456334,2026-09-03T18:03:23.525312+00:00
US2M,2026-07-24,2M,60.875,0.16666666666666666,3.95,0.038739828315930556,2026-09-03T18:03:23.525312+00:00
US3M,2026-07-24,3M,91.3125,0.25,3.96,0.03883602378519813,2026-09-03T18:03:23.525312+00:00
US4M,2026-07-24,4M,121.75,0.3333333333333333,4.04,0.039605254592359425,2026-09-03T18:03:23.525312+00:00
US6M,2026-07-24,6M,182.625,0.5,4.08,0.03998964821615847,2026-09-03T18:03:23.525312+00:00
US1Y,2026-07-24,1Y,365.25,1.0,4.14,0.040565961746661654,2026-09-03T18:03:23.525312+00:00
US2Y,2026-07-24,2Y,730.5,2.0,4.33,0.04238876649178662,2026-09-03T18:03:23.525312+00:00
US3Y,2026-07-24,3Y,1095.75,3.0,4.36,0.04267627428043632,2026-09-03T18:03:23.525312+00:00
US5Y,2026-07-24,5Y,1826.25,5.0,4.43,0.04334680450336586,2026-09-03T18:03:23.525312+00:00
US7Y,2026-07-24,7Y,2556.75,7.0,4.55,0.04449523988655121,2026-09-03T18:03:23.525312+00:00
US10Y,2026-07-24,10Y,3652.5,10.0,4.69,0.045833416343172215,2026-09-03T18:03:23.525312+00:00
US20Y,2026-07-24,20Y,7305.0,20.0,5.18,0.05050298217310676,2026-09-03T18:03:23.525312+00:00
US30Y,2026-07-24,30Y,10957.5,30.0,5.16,0.050312813873589095,2026-09-03T18:03:23.525312+00:00
US1M,2026-07-27,1M,30.4375,0.08333333333333333,3.8,0.037295784743696894,2026-09-03T18:03:23.525312+00:00
US1_5M,2026-07-27,1.5M,45.65625,0.125,3.89,0.038162461094348926,2026-09-03T18:03:23.525312+00:00
US2M,2026-07-27,2M,60.875,0.16666666666666666,3.95,0.038739828315930556,2026-09-03T18:03:23.525312+00:00
US3M,2026-07-27,3M,91.3125,0.25,3.96,0.03883602378519813,2026-09-03T18:03:23.525312+00:00
US4M,2026-07-27,4M,121.75,0.3333333333333333,4.05,0.03970136685155207,2026-09-03T18:03:23.525312+00:00
US6M,2026-07-27,6M,182.625,0.5,4.1,0.04018178963283183,2026-09-03T18:03:23.525312+00:00
US1Y,2026-07-27,1Y,365.25,1.0,4.14,0.040565961746661654,2026-09-03T18:03:23.525312+00:00
US2Y,2026-07-27,2Y,730.5,2.0,4.31,0.04219704869978836,2026-09-03T18:03:23.525312+00:00
US3Y,2026-07-27,3Y,1095.75,3.0,4.35,0.04258044753511839,2026-09-03T18:03:23.525312+00:00
US5Y,2026-07-27,5Y,1826.25,5.0,4.4,0.04305948946044698,2026-09-03T18:03:23.525312+00:00
US7Y,2026-07-27,7Y,2556.75,7.0,4.52,0.044208254664320365,2026-09-03T18:03:23.525312+00:00
US10Y,2026-07-27,10Y,3652.5,10.0,4.65,0.04545126290391738,2026-09-03T18:03:23.525312+00:00
US20Y,2026-07-27,20Y,7305.0,20.0,5.15,0.050217716160617425,2026-09-03T18:03:23.525312+00:00
US30Y,2026-07-27,30Y,10957.5,30.0,5.12,0.04993236874820901,2026-09-03T18:03:23.525312+00:00
US1M,2026-07-28,1M,30.4375,0.08333333333333333,3.76,0.03691035402009707,2026-09-03T18:03:23.525312+00:00
US1_5M,2026-07-28,1.5M,45.65625,0.125,3.86,0.037873652428081515,2026-09-03T18:03:23.525312+00:00
US2M,2026-07-28,2M,60.875,0.16666666666666666,3.9,0.038258712117090345,2026-09-03T18:03:23.525312+00:00
US3M,2026-07-28,3M,91.3125,0.25,3.9,0.038258712117090345,2026-09-03T18:03:23.525312+00:00
US4M,2026-07-28,4M,121.75,0.3333333333333333,4.02,0.039413002356835036,2026-09-03T18:03:23.525312+00:00
US6M,2026-07-28,6M,182.625,0.5,4.07,0.039893563661676665,2026-09-03T18:03:23.525312+00:00
US1Y,2026-07-28,1Y,365.25,1.0,4.09,0.04008572353928564,2026-09-03T18:03:23.525312+00:00
US2Y,2026-07-28,2Y,730.5,2.0,4.26,0.0417175933518685,2026-09-03T18:03:23.525312+00:00
US3Y,2026-07-28,3Y,1095.75,3.0,4.31,0.04219704869978836,2026-09-03T18:03:23.525312+00:00
US5Y,2026-07-28,5Y,1826.25,5.0,4.35,0.04258044753511839,2026-09-03T18:03:23.525312+00:00
US7Y,2026-07-28,7Y,2556.75,7.0,4.47,0.04372976286132523,2026-09-03T18:03:23.525312+00:00
US10Y,2026-07-28,10Y,3652.5,10.0,4.61,0.04506896336757812,2026-09-03T18:03:23.525312+00:00
US20Y,2026-07-28,20Y,7305.0,20.0,5.11,0.04983723484717166,2026-09-03T18:03:23.525312+00:00
US30Y,2026-07-28,30Y,10957.5,30.0,5.09,0.04964693988941377,2026-09-03T18:03:23.525312+00:00
US1M,2026-07-29,1M,30.4375,0.08333333333333333,3.73,0.03662118345564531,2026-09-03T18:03:23.525312+00:00
US1_5M,2026-07-29,1.5M,45.65625,0.125,3.8,0.037295784743696894,2026-09-03T18:03:23.525312+00:00
US2M,2026-07-29,2M,60.875,0.16666666666666666,3.83,0.03758476032727121,2026-09-03T18:03:23.525312+00:00
US3M,2026-07-29,3M,91.3125,0.25,3.83,0.03758476032727121,2026-09-03T18:03:23.525312+00:00
US4M,2026-07-29,4M,121.75,0.3333333333333333,3.91,0.038354953876463996,2026-09-03T18:03:23.525312+00:00
US6M,2026-07-29,6M,182.625,0.5,3.97,0.03893221000178747,2026-09-03T18:03:23.525312+00:00
US1Y,2026-07-29,1Y,365.25,1.0,4.04,0.039605254592359425,2026-09-03T18:03:23.525312+00:00
US2Y,2026-07-29,2Y,730.5,2.0,4.22,0.04133386349297719,2026-09-03T18:03:23.525312+00:00
US3Y,2026-07-29,3Y,1095.75,3.0,4.29,0.04200529414503013,2026-09-03T18:03:23.525312+00:00
US5Y,2026-07-29,5Y,1826.25,5.0,4.37,0.04277209184386899,2026-09-03T18:03:23.525312+00:00
US7Y,2026-07-29,7Y,2556.75,7.0,4.51,0.04411257461832095,2026-09-03T18:03:23.525312+00:00
US10Y,2026-07-29,10Y,3652.5,10.0,4.67,0.04564235787870107,2026-09-03T18:03:23.525312+00:00
US20Y,2026-07-29,20Y,7305.0,20.0,5.21,0.05078816683210506,2026-09-03T18:03:23.525312+00:00
US30Y,2026-07-29,30Y,10957.5,30.0,5.2,0.05069311431551812,2026-09-03T18:03:23.525312+00:00
US1M,2026-07-30,1M,30.4375,0.08333333333333333,3.79,0.03719944098910626,2026-09-03T18:03:23.525312+00:00
US1_5M,2026-07-30,1.5M,45.65625,0.125,3.8,0.037295784743696894,2026-09-03T18:03:23.525312+00:00
US2M,2026-07-30,2M,60.875,0.16666666666666666,3.84,0.03768106696768849,2026-09-03T18:03:23.525312+00:00
US3M,2026-07-30,3M,91.3125,0.25,3.82,0.03748844441099159,2026-09-03T18:03:23.525312+00:00
US4M,2026-07-30,4M,121.75,0.3333333333333333,3.92,0.038451186374252724,2026-09-03T18:03:23.525312+00:00
US6M,2026-07-30,6M,182.625,0.5,3.98,0.039028386967478346,2026-09-03T18:03:23.525312+00:00
US1Y,2026-07-30,1Y,365.25,1.0,4.04,0.039605254592359425,2026-09-03T18:03:23.525312+00:00
US2Y,2026-07-30,2Y,730.5,2.0,4.23,0.041429809763139556,2026-09-03T18:03:23.525312+00:00
US3Y,2026-07-30,3Y,1095.75,3.0,4.3,0.042101176018635396,2026-09-03T18:03:23.525312+00:00
US5Y,2026-07-30,5Y,1826.25,5.0,4.38,0.042867900227175806,2026-09-03T18:03:23.525312+00:00
US7Y,2026-07-30,7Y,2556.75,7.0,4.52,0.044208254664320365,2026-09-03T18:03:23.525312+00:00
US10Y,2026-07-30,10Y,3652.5,10.0,4.68,0.04573789167385374,2026-09-03T18:03:23.525312+00:00
US20Y,2026-07-30,20Y,7305.0,20.0,5.22,0.05088321031456979,2026-09-03T18:03:23.525312+00:00
US30Y,2026-07-30,30Y,10957.5,30.0,5.21,0.05078816683210506,2026-09-03T18:03:23.525312+00:00
US1M,2026-07-31,1M,30.4375,0.08333333333333333,3.78,0.0371030879515022,2026-09-03T18:03:23.525312+00:00
US1_5M,2026-07-31,1.5M,45.65625,0.125,3.8,0.037295784743696894,2026-09-03T18:03:23.525312+00:00
US2M,2026-07-31,2M,60.875,0.16666666666666666,3.85,0.03777736433402994,2026-09-03T18:03:23.525312+00:00
US3M,2026-07-31,3M,91.3125,0.25,3.83,0.03758476032727121,2026-09-03T18:03:23.525312+00:00
US4M,2026-07-31,4M,121.75,0.3333333333333333,3.92,0.038451186374252724,2026-09-03T18:03:23.525312+00:00
US6M,2026-07-31,6M,182.625,0.5,3.98,0.039028386967478346,2026-09-03T18:03:23.525312+00:00
US1Y,2026-07-31,1Y,365.25,1.0,4.08,0.03998964821615847,2026-09-03T18:03:23.525312+00:00
US2Y,2026-07-31,2Y,730.5,2.0,4.28,0.04190940307720962,2026-09-03T18:03:23.525312+00:00
US3Y,2026-07-31,3Y,1095.75,3.0,4.34,0.0424846116061553,2026-09-03T18:03:23.525312+00:00
US5Y,2026-07-31,5Y,1826.25,5.0,4.45,0.04353830201448343,2026-09-03T18:03:23.525312+00:00
US7Y,2026-07-31,7Y,2556.75,7.0,4.59,0.04487775877808545,2026-09-03T18:03:23.525312+00:00
US10Y,2026-07-31,10Y,3652.5,10.0,4.75,0.046406372814155744,2026-09-03T18:03:23.525312+00:00
US20Y,2026-07-31,20Y,7305.0,20.0,5.28,0.051453281588915704,2026-09-03T18:03:23.525312+00:00
US30Y,2026-07-31,30Y,10957.5,30.0,5.27,0.05135829227514207,2026-09-03T18:03:23.525312+00:00
US1M,2026-08-03,1M,30.4375,0.08333333333333333,3.79,0.03719944098910626,2026-09-03T18:03:23.525312+00:00
US1_5M,2026-08-03,1.5M,45.65625,0.125,3.82,0.03748844441099159,2026-09-03T18:03:23.525312+00:00
US2M,2026-08-03,2M,60.875,0.16666666666666666,3.87,0.03796993125162867,2026-09-03T18:03:23.525312+00:00
US3M,2026-08-03,3M,91.3125,0.25,3.91,0.038354953876463996,2026-09-03T18:03:23.525312+00:00
US4M,2026-08-03,4M,121.75,0.3333333333333333,3.94,0.03864362359220443,2026-09-03T18:03:23.525312+00:00
US6M,2026-08-03,6M,182.625,0.5,4.02,0.039413002356835036,2026-09-03T18:03:23.525312+00:00
US1Y,2026-08-03,1Y,365.25,1.0,4.07,0.039893563661676665,2026-09-03T18:03:23.525312+00:00
US2Y,2026-08-03,2Y,730.5,2.0,4.25,0.04162167469081947,2026-09-03T18:03:23.525312+00:00
US3Y,2026-08-03,3Y,1095.75,3.0,4.32,0.042292912190251455,2026-09-03T18:03:23.525312+00:00
US5Y,2026-08-03,5Y,1826.25,5.0,4.4,0.04305948946044698,2026-09-03T18:03:23.525312+00:00
US7Y,2026-08-03,7Y,2556.75,7.0,4.54,0.04439958729668442,2026-09-03T18:03:23.525312+00:00
US10Y,2026-08-03,10Y,3652.5,10.0,4.7,0.045928931888399804,2026-09-03T18:03:23.525312+00:00
US20Y,2026-08-03,20Y,7305.0,20.0,5.23,0.05097824476462945,2026-09-03T18:03:23.525312+00:00
US30Y,2026-08-03,30Y,10957.5,30.0,5.23,0.05097824476462945,2026-09-03T18:03:23.525312+00:00
US1M,2026-08-04,1M,30.4375,0.08333333333333333,3.78,0.0371030879515022,2026-09-03T18:03:23.525312+00:00
US1_5M,2026-08-04,1.5M,45.65625,0.125,3.8,0.037295784743696894,2026-09-03T18:03:23.525312+00:00
US2M,2026-08-04,2M,60.875,0.16666666666666666,3.85,0.03777736433402994,2026-09-03T18:03:23.525312+00:00
US3M,2026-08-04,3M,91.3125,0.25,3.89,0.038162461094348926,2026-09-03T18:03:23.525312+00:00
US4M,2026-08-04,4M,121.75,0.3333333333333333,3.91,0.038354953876463996,2026-09-03T18:03:23.525312+00:00
US6M,2026-08-04,6M,182.625,0.5,4.0,0.039220713153281295,2026-09-03T18:03:23.525312+00:00
US1Y,2026-08-04,1Y,365.25,1.0,4.04,0.039605254592359425,2026-09-03T18:03:23.525312+00:00
US2Y,2026-08-04,2Y,730.5,2.0,4.2,0.04114194333117518,2026-09-03T18:03:23.525312+00:00
US3Y,2026-08-04,3Y,1095.75,3.0,4.25,0.04162167469081947,2026-09-03T18:03:23.525312+00:00
US5Y,2026-08-04,5Y,1826.25,5.0,4.33,0.04238876649178662,2026-09-03T18:03:23.525312+00:00
US7Y,2026-08-04,7Y,2556.75,7.0,4.47,0.04372976286132523,2026-09-03T18:03:23.525312+00:00
US10Y,2026-08-04,10Y,3652.5,10.0,4.63,0.04526013140486457,2026-09-03T18:03:23.525312+00:00
US20Y,2026-08-04,20Y,7305.0,20.0,5.18,0.05050298217310676,2026-09-03T18:03:23.525312+00:00
US30Y,2026-08-04,30Y,10957.5,30.0,5.18,0.05050298217310676,2026-09-03T18:03:23.525312+00:00
US1M,2026-08-05,1M,30.4375,0.08333333333333333,3.77,0.03700672562909567,2026-09-03T18:03:23.525312+00:00
US1_5M,2026-08-05,1.5M,45.65625,0.125,3.79,0.03719944098910626,2026-09-03T18:03:23.525312+00:00
US2M,2026-08-05,2M,60.875,0.16666666666666666,3.84,0.03768106696768849,2026-09-03T18:03:23.525312+00:00
US3M,2026-08-05,3M,91.3125,0.25,3.89,0.038162461094348926,2026-09-03T18:03:23.525312+00:00
US4M,2026-08-05,4M,121.75,0.3333333333333333,3.91,0.038354953876463996,2026-09-03T18:03:23.525312+00:00
US6M,2026-08-05,6M,182.625,0.5,3.98,0.039028386967478346,2026-09-03T18:03:23.525312+00:00
US1Y,2026-08-05,1Y,365.25,1.0,4.03,0.03950913309471249,2026-09-03T18:03:23.525312+00:00
US2Y,2026-08-05,2Y,730.5,2.0,4.18,0.04094998632895411,2026-09-03T18:03:23.525312+00:00
US3Y,2026-08-05,3Y,1095.75,3.0,4.24,0.04152574682849831,2026-09-03T18:03:23.525312+00:00
US5Y,2026-08-05,5Y,1826.25,5.0,4.33,0.04238876649178662,2026-09-03T18:03:23.525312+00:00
US7Y,2026-08-05,7Y,2556.75,7.0,4.47,0.04372976286132523,2026-09-03T18:03:23.525312+00:00
US10Y,2026-08-05,10Y,3652.5,10.0,4.63,0.04526013140486457,2026-09-03T18:03:23.525312+00:00
US20Y,2026-08-05,20Y,7305.0,20.0,5.18,0.05050298217310676,2026-09-03T18:03:23.525312+00:00
US30Y,2026-08-05,30Y,10957.5,30.0,5.17,0.05040790254384569,2026-09-03T18:03:23.525312+00:00
US1M,2026-08-06,1M,30.4375,0.08333333333333333,3.8,0.037295784743696894,2026-09-03T18:03:23.525312+00:00
US1_5M,2026-08-06,1.5M,45.65625,0.125,3.8,0.037295784743696894,2026-09-03T18:03:23.525312+00:00
US2M,2026-08-06,2M,60.875,0.16666666666666666,3.84,0.03768106696768849,2026-09-03T18:03:23.525312+00:00
US3M,2026-08-06,3M,91.3125,0.25,3.9,0.038258712117090345,2026-09-03T18:03:23.525312+00:00
US4M,2026-08-06,4M,121.75,0.3333333333333333,3.92,0.038451186374252724,2026-09-03T18:03:23.525312+00:00
US6M,2026-08-06,6M,182.625,0.5,3.99,0.03912455468405004,2026-09-03T18:03:23.525312+00:00
US1Y,2026-08-06,1Y,365.25,1.0,4.06,0.039797469874066085,2026-09-03T18:03:23.525312+00:00
US2Y,2026-08-06,2Y,730.5,2.0,4.25,0.04162167469081947,2026-09-03T18:03:23.525312+00:00
US3Y,2026-08-06,3Y,1095.75,3.0,4.31,0.04219704869978836,2026-09-03T18:03:23.525312+00:00
US5Y,2026-08-06,5Y,1826.25,5.0,4.4,0.04305948946044698,2026-09-03T18:03:23.525312+00:00
US7Y,2026-08-06,7Y,2556.75,7.0,4.53,0.04430392555652441,2026-09-03T18:03:23.525312+00:00
US10Y,2026-08-06,10Y,3652.5,10.0,4.69,0.045833416343172215,2026-09-03T18:03:23.525312+00:00
US20Y,2026-08-06,20Y,7305.0,20.0,5.22,0.05088321031456979,2026-09-03T18:03:23.525312+00:00
US30Y,2026-08-06,30Y,10957.5,30.0,5.22,0.05088321031456979,2026-09-03T18:03:23.525312+00:00
US1M,2026-08-07,1M,30.4375,0.08333333333333333,3.79,0.03719944098910626,2026-09-03T18:03:23.525312+00:00
US1_5M,2026-08-07,1.5M,45.65625,0.125,3.79,0.03719944098910626,2026-09-03T18:03:23.525312+00:00
US2M,2026-08-07,2M,60.875,0.16666666666666666,3.83,0.03758476032727121,2026-09-03T18:03:23.525312+00:00
US3M,2026-08-07,3M,91.3125,0.25,3.87,0.03796993125162867,2026-09-03T18:03:23.525312+00:00
US4M,2026-08-07,4M,121.75,0.3333333333333333,3.89,0.038162461094348926,2026-09-03T18:03:23.525312+00:00
US6M,2026-08-07,6M,182.625,0.5,3.96,0.03883602378519813,2026-09-03T18:03:23.525312+00:00
US1Y,2026-08-07,1Y,365.25,1.0,4.01,0.03931686237695038,2026-09-03T18:03:23.525312+00:00
US2Y,2026-08-07,2Y,730.5,2.0,4.19,0.04104596943600098,2026-09-03T18:03:23.525312+00:00
US3Y,2026-08-07,3Y,1095.75,3.0,4.25,0.04162167469081947,2026-09-03T18:03:23.525312+00:00
US5Y,2026-08-07,5Y,1826.25,5.0,4.35,0.04258044753511839,2026-09-03T18:03:23.525312+00:00
US7Y,2026-08-07,7Y,2556.75,7.0,4.49,0.04392118705792815,2026-09-03T18:03:23.525312+00:00
US10Y,2026-08-07,10Y,3652.5,10.0,4.65,0.04545126290391738,2026-09-03T18:03:23.525312+00:00
US20Y,2026-08-07,20Y,7305.0,20.0,5.2,0.05069311431551812,2026-09-03T18:03:23.525312+00:00
US30Y,2026-08-07,30Y,10957.5,30.0,5.19,0.05059805276309138,2026-09-03T18:03:23.525312+00:00
US1M,2026-08-10,1M,30.4375,0.08333333333333333,3.79,0.03719944098910626,2026-09-03T18:03:23.525312+00:00
US1_5M,2026-08-10,1.5M,45.65625,0.125,3.8,0.037295784743696894,2026-09-03T18:03:23.525312+00:00
US2M,2026-08-10,2M,60.875,0.16666666666666666,3.84,0.03768106696768849,2026-09-03T18:03:23.525312+00:00
US3M,2026-08-10,3M,91.3125,0.25,3.89,0.038162461094348926,2026-09-03T18:03:23.525312+00:00
US4M,2026-08-10,4M,121.75,0.3333333333333333,3.91,0.038354953876463996,2026-09-03T18:03:23.525312+00:00
US6M,2026-08-10,6M,182.625,0.5,4.0,0.039220713153281295,2026-09-03T18:03:23.525312+00:00
US1Y,2026-08-10,1Y,365.25,1.0,4.04,0.039605254592359425,2026-09-03T18:03:23.525312+00:00
US2Y,2026-08-10,2Y,730.5,2.0,4.25,0.04162167469081947,2026-09-03T18:03:23.525312+00:00
US3Y,2026-08-10,3Y,1095.75,3.0,4.31,0.04219704869978836,2026-09-03T18:03:23.525312+00:00
US5Y,2026-08-10,5Y,1826.25,5.0,4.41,0.0431552703139276,2026-09-03T18:03:23.525312+00:00
US7Y,2026-08-10,7Y,2556.75,7.0,4.56,0.044590883327875135,2026-09-03T18:03:23.525312+00:00
US10Y,2026-08-10,10Y,3652.5,10.0,4.72,0.04611993561355312,2026-09-03T18:03:23.525312+00:00
US20Y,2026-08-10,20Y,7305.0,20.0,5.25,0.05116828657439943,2026-09-03T18:03:23.525312+00:00
US30Y,2026-08-10,30Y,10957.5,30.0,5.25,0.05116828657439943,2026-09-03T18:03:23.525312+00:00
US1M,2026-08-11,1M,30.4375,0.08333333333333333,3.79,0.03719944098910626,2026-09-03T18:03:23.525312+00:00
US1_5M,2026-08-11,1.5M,45.65625,0.125,3.82,0.03748844441099159,2026-09-03T18:03:23.525312+00:00
US2M,2026-08-11,2M,60.875,0.16666666666666666,3.83,0.03758476032727121,2026-09-03T18:03:23.525312+00:00
US3M,2026-08-11,3M,91.3125,0.25,3.89,0.038162461094348926,2026-09-03T18:03:23.525312+00:00
US4M,2026-08-11,4M,121.75,0.3333333333333333,3.9,0.038258712117090345,2026-09-03T18:03:23.525312+00:00
US6M,2026-08-11,6M,182.625,0.5,3.99,0.03912455468405004,2026-09-03T18:03:23.525312+00:00
US1Y,2026-08-11,1Y,365.25,1.0,4.03,0.03950913309471249,2026-09-03T18:03:23.525312+00:00
US2Y,2026-08-11,2Y,730.5,2.0,4.22,0.04133386349297719,2026-09-03T18:03:23.525312+00:00
US3Y,2026-08-11,3Y,1095.75,3.0,4.27,0.04181350281341038,2026-09-03T18:03:23.525312+00:00
US5Y,2026-08-11,5Y,1826.25,5.0,4.39,0.042963699432115664,2026-09-03T18:03:23.525312+00:00
US7Y,2026-08-11,7Y,2556.75,7.0,4.54,0.04439958729668442,2026-09-03T18:03:23.525312+00:00
US10Y,2026-08-11,10Y,3652.5,10.0,4.7,0.045928931888399804,2026-09-03T18:03:23.525312+00:00
US20Y,2026-08-11,20Y,7305.0,20.0,5.25,0.05116828657439943,2026-09-03T18:03:23.525312+00:00
US30Y,2026-08-11,30Y,10957.5,30.0,5.24,0.05107327018400062,2026-09-03T18:03:23.525312+00:00
US1M,2026-08-12,1M,30.4375,0.08333333333333333,3.78,0.0371030879515022,2026-09-03T18:03:23.525312+00:00
US1_5M,2026-08-12,1.5M,45.65625,0.125,3.79,0.03719944098910626,2026-09-03T18:03:23.525312+00:00
US2M,2026-08-12,2M,60.875,0.16666666666666666,3.8,0.037295784743696894,2026-09-03T18:03:23.525312+00:00
US3M,2026-08-12,3M,91.3125,0.25,3.87,0.03796993125162867,2026-09-03T18:03:23.525312+00:00
US4M,2026-08-12,4M,121.75,0.3333333333333333,3.89,0.038162461094348926,2026-09-03T18:03:23.525312+00:00
US6M,2026-08-12,6M,182.625,0.5,3.97,0.03893221000178747,2026-09-03T18:03:23.525312+00:00
US1Y,2026-08-12,1Y,365.25,1.0,4.0,0.039220713153281295,2026-09-03T18:03:23.525312+00:00
US2Y,2026-08-12,2Y,730.5,2.0,4.2,0.04114194333117518,2026-09-03T18:03:23.525312+00:00
US3Y,2026-08-12,3Y,1095.75,3.0,4.25,0.04162167469081947,2026-09-03T18:03:23.525312+00:00
US5Y,2026-08-12,5Y,1826.25,5.0,4.38,0.042867900227175806,2026-09-03T18:03:23.525312+00:00
US7Y,2026-08-12,7Y,2556.75,7.0,4.52,0.044208254664320365,2026-09-03T18:03:23.525312+00:00
US10Y,2026-08-12,10Y,3652.5,10.0,4.68,0.04573789167385374,2026-09-03T18:03:23.525312+00:00
US20Y,2026-08-12,20Y,7305.0,20.0,5.24,0.05107327018400062,2026-09-03T18:03:23.525312+00:00
US30Y,2026-08-12,30Y,10957.5,30.0,5.24,0.05107327018400062,2026-09-03T18:03:23.525312+00:00
US1M,2026-08-13,1M,30.4375,0.08333333333333333,3.79,0.03719944098910626,2026-09-03T18:03:23.525312+00:00
US1_5M,2026-08-13,1.5M,45.65625,0.125,3.79,0.03719944098910626,2026-09-03T18:03:23.525312+00:00
US2M,2026-08-13,2M,60.875,0.16666666666666666,3.81,0.03739211921706267,2026-09-03T18:03:23.525312+00:00
US3M,2026-08-13,3M,91.3125,0.25,3.87,0.03796993125162867,2026-09-03T18:03:23.525312+00:00
US4M,2026-08-13,4M,121.75,0.3333333333333333,3.88,0.038066200806456334,2026-09-03T18:03:23.525312+00:00
US6M,2026-08-13,6M,182.625,0.5,3.94,0.03864362359220443,2026-09-03T18:03:23.525312+00:00
US1Y,2026-08-13,1Y,365.25,1.0,3.97,0.03893221000178747,2026-09-03T18:03:23.525312+00:00
US2Y,2026-08-13,2Y,730.5,2.0,4.15,0.040661981718889635,2026-09-03T18:03:23.525312+00:00
US3Y,2026-08-13,3Y,1095.75,3.0,4.2,0.04114194333117518,2026-09-03T18:03:23.525312+00:00
US5Y,2026-08-13,5Y,1826.25,5.0,4.32,0.042292912190251455,2026-09-03T18:03:23.525312+00:00
US7Y,2026-08-13,7Y,2556.75,7.0,4.47,0.04372976286132523,2026-09-03T18:03:23.525312+00:00
US10Y,2026-08-13,10Y,3652.5,10.0,4.63,0.04526013140486457,2026-09-03T18:03:23.525312+00:00
US20Y,2026-08-13,20Y,7305.0,20.0,5.2,0.05069311431551812,2026-09-03T18:03:23.525312+00:00
US30Y,2026-08-13,30Y,10957.5,30.0,5.21,0.05078816683210506,2026-09-03T18:03:23.525312+00:00
US1M,2026-08-14,1M,30.4375,0.08333333333333333,3.79,0.03719944098910626,2026-09-03T18:03:23.525312+00:00
US1_5M,2026-08-14,1.5M,45.65625,0.125,3.8,0.037295784743696894,2026-09-03T18:03:23.525312+00:00
US2M,2026-08-14,2M,60.875,0.16666666666666666,3.81,0.03739211921706267,2026-09-03T18:03:23.525312+00:00
US3M,2026-08-14,3M,91.3125,0.25,3.86,0.037873652428081515,2026-09-03T18:03:23.525312+00:00
US4M,2026-08-14,4M,121.75,0.3333333333333333,3.88,0.038066200806456334,2026-09-03T18:03:23.525312+00:00
US6M,2026-08-14,6M,182.625,0.5,3.95,0.038739828315930556,2026-09-03T18:03:23.525312+00:00
US1Y,2026-08-14,1Y,365.25,1.0,3.98,0.039028386967478346,2026-09-03T18:03:23.525312+00:00
US2Y,2026-08-14,2Y,730.5,2.0,4.17,0.04085399400826605,2026-09-03T18:03:23.525312+00:00
US3Y,2026-08-14,3Y,1095.75,3.0,4.24,0.04152574682849831,2026-09-03T18:03:23.525312+00:00
US5Y,2026-08-14,5Y,1826.25,5.0,4.36,0.04267627428043632,2026-09-03T18:03:23.525312+00:00
US7Y,2026-08-14,7Y,2556.75,7.0,4.51,0.04411257461832095,2026-09-03T18:03:23.525312+00:00
US10Y,2026-08-14,10Y,3652.5,10.0,4.68,0.04573789167385374,2026-09-03T18:03:23.525312+00:00
US20Y,2026-08-14,20Y,7305.0,20.0,5.25,0.05116828657439943,2026-09-03T18:03:23.525312+00:00
US30Y,2026-08-14,30Y,10957.5,30.0,5.25,0.05116828657439943,2026-09-03T18:03:23.525312+00:00
US1M,2026-08-17,1M,30.4375,0.08333333333333333,3.79,0.03719944098910626,2026-09-03T18:03:23.525312+00:00
US1_5M,2026-08-17,1.5M,45.65625,0.125,3.8,0.037295784743696894,2026-09-03T18:03:23.525312+00:00
US2M,2026-08-17,2M,60.875,0.16666666666666666,3.82,0.03748844441099159,2026-09-03T18:03:23.525312+00:00
US3M,2026-08-17,3M,91.3125,0.25,3.87,0.03796993125162867,2026-09-03T18:03:23.525312+00:00
US4M,2026-08-17,4M,121.75,0.3333333333333333,3.89,0.038162461094348926,2026-09-03T18:03:23.525312+00:00
US6M,2026-08-17,6M,182.625,0.5,3.95,0.038739828315930556,2026-09-03T18:03:23.525312+00:00
US1Y,2026-08-17,1Y,365.25,1.0,4.0,0.039220713153281295,2026-09-03T18:03:23.525312+00:00
US2Y,2026-08-17,2Y,730.5,2.0,4.19,0.04104596943600098,2026-09-03T18:03:23.525312+00:00
US3Y,2026-08-17,3Y,1095.75,3.0,4.25,0.04162167469081947,2026-09-03T18:03:23.525312+00:00
US5Y,2026-08-17,5Y,1826.25,5.0,4.38,0.042867900227175806,2026-09-03T18:03:23.525312+00:00
US7Y,2026-08-17,7Y,2556.75,7.0,4.54,0.04439958729668442,2026-09-03T18:03:23.525312+00:00
US10Y,2026-08-17,10Y,3652.5,10.0,4.72,0.04611993561355312,2026-09-03T18:03:23.525312+00:00
US20Y,2026-08-17,20Y,7305.0,20.0,5.3,0.05164323315183845,2026-09-03T18:03:23.525312+00:00
US30Y,2026-08-17,30Y,10957.5,30.0,5.31,0.05173819540441443,2026-09-03T18:03:23.525312+00:00
US1M,2026-08-18,1M,30.4375,0.08333333333333333,3.78,0.0371030879515022,2026-09-03T18:03:23.525312+00:00
US1_5M,2026-08-18,1.5M,45.65625,0.125,3.78,0.0371030879515022,2026-09-03T18:03:23.525312+00:00
US2M,2026-08-18,2M,60.875,0.16666666666666666,3.82,0.03748844441099159,2026-09-03T18:03:23.525312+00:00
US3M,2026-08-18,3M,91.3125,0.25,3.86,0.037873652428081515,2026-09-03T18:03:23.525312+00:00
US4M,2026-08-18,4M,121.75,0.3333333333333333,3.88,0.038066200806456334,2026-09-03T18:03:23.525312+00:00
US6M,2026-08-18,6M,182.625,0.5,3.94,0.03864362359220443,2026-09-03T18:03:23.525312+00:00
US1Y,2026-08-18,1Y,365.25,1.0,3.99,0.03912455468405004,2026-09-03T18:03:23.525312+00:00
US2Y,2026-08-18,2Y,730.5,2.0,4.19,0.04104596943600098,2026-09-03T18:03:23.525312+00:00
US3Y,2026-08-18,3Y,1095.75,3.0,4.26,0.0417175933518685,2026-09-03T18:03:23.525312+00:00
US5Y,2026-08-18,5Y,1826.25,5.0,4.37,0.04277209184386899,2026-09-03T18:03:23.525312+00:00
US7Y,2026-08-18,7Y,2556.75,7.0,4.53,0.04430392555652441,2026-09-03T18:03:23.525312+00:00
US10Y,2026-08-18,10Y,3652.5,10.0,4.71,0.04602443831127933,2026-09-03T18:03:23.525312+00:00
US20Y,2026-08-18,20Y,7305.0,20.0,5.28,0.051453281588915704,2026-09-03T18:03:23.525312+00:00
US30Y,2026-08-18,30Y,10957.5,30.0,5.28,0.051453281588915704,2026-09-03T18:03:23.525312+00:00
US1M,2026-08-19,1M,30.4375,0.08333333333333333,3.77,0.03700672562909567,2026-09-03T18:03:23.525312+00:00
US1_5M,2026-08-19,1.5M,45.65625,0.125,3.77,0.03700672562909567,2026-09-03T18:03:23.525312+00:00
US2M,2026-08-19,2M,60.875,0.16666666666666666,3.81,0.03739211921706267,2026-09-03T18:03:23.525312+00:00
US3M,2026-08-19,3M,91.3125,0.25,3.86,0.037873652428081515,2026-09-03T18:03:23.525312+00:00
US4M,2026-08-19,4M,121.75,0.3333333333333333,3.88,0.038066200806456334,2026-09-03T18:03:23.525312+00:00
US6M,2026-08-19,6M,182.625,0.5,3.94,0.03864362359220443,2026-09-03T18:03:23.525312+00:00
US1Y,2026-08-19,1Y,365.25,1.0,4.0,0.039220713153281295,2026-09-03T18:03:23.525312+00:00
US2Y,2026-08-19,2Y,730.5,2.0,4.19,0.04104596943600098,2026-09-03T18:03:23.525312+00:00
US3Y,2026-08-19,3Y,1095.75,3.0,4.25,0.04162167469081947,2026-09-03T18:03:23.525312+00:00
US5Y,2026-08-19,5Y,1826.25,5.0,4.35,0.04258044753511839,2026-09-03T18:03:23.525312+00:00
US7Y,2026-08-19,7Y,2556.75,7.0,4.48,0.04382547954002957,2026-09-03T18:03:23.525312+00:00
US10Y,2026-08-19,10Y,3652.5,10.0,4.65,0.04545126290391738,2026-09-03T18:03:23.525312+00:00
US20Y,2026-08-19,20Y,7305.0,20.0,5.17,0.05040790254384569,2026-09-03T18:03:23.525312+00:00
US30Y,2026-08-19,30Y,10957.5,30.0,5.19,0.05059805276309138,2026-09-03T18:03:23.525312+00:00
US1M,2026-08-20,1M,30.4375,0.08333333333333333,3.8,0.037295784743696894,2026-09-03T18:03:23.525312+00:00
US1_5M,2026-08-20,1.5M,45.65625,0.125,3.77,0.03700672562909567,2026-09-03T18:03:23.525312+00:00
US2M,2026-08-20,2M,60.875,0.16666666666666666,3.79,0.03719944098910626,2026-09-03T18:03:23.525312+00:00
US3M,2026-08-20,3M,91.3125,0.25,3.87,0.03796993125162867,2026-09-03T18:03:23.525312+00:00
US4M,2026-08-20,4M,121.75,0.3333333333333333,3.88,0.038066200806456334,2026-09-03T18:03:23.525312+00:00
US6M,2026-08-20,6M,182.625,0.5,3.94,0.03864362359220443,2026-09-03T18:03:23.525312+00:00
US1Y,2026-08-20,1Y,365.25,1.0,3.99,0.03912455468405004,2026-09-03T18:03:23.525312+00:00
US2Y,2026-08-20,2Y,730.5,2.0,4.19,0.04104596943600098,2026-09-03T18:03:23.525312+00:00
US3Y,2026-08-20,3Y,1095.75,3.0,4.26,0.0417175933518685,2026-09-03T18:03:23.525312+00:00
US5Y,2026-08-20,5Y,1826.25,5.0,4.39,0.042963699432115664,2026-09-03T18:03:23.525312+00:00
US7Y,2026-08-20,7Y,2556.75,7.0,4.53,0.04430392555652441,2026-09-03T18:03:23.525312+00:00
US10Y,2026-08-20,10Y,3652.5,10.0,4.69,0.045833416343172215,2026-09-03T18:03:23.525312+00:00
US20Y,2026-08-20,20Y,7305.0,20.0,5.2,0.05069311431551812,2026-09-03T18:03:23.525312+00:00
US30Y,2026-08-20,30Y,10957.5,30.0,5.23,0.05097824476462945,2026-09-03T18:03:23.525312+00:00
US1M,2026-08-21,1M,30.4375,0.08333333333333333,3.8,0.037295784743696894,2026-09-03T18:03:23.525312+00:00
US1_5M,2026-08-21,1.5M,45.65625,0.125,3.77,0.03700672562909567,2026-09-03T18:03:23.525312+00:00
US2M,2026-08-21,2M,60.875,0.16666666666666666,3.8,0.037295784743696894,2026-09-03T18:03:23.525312+00:00
US3M,2026-08-21,3M,91.3125,0.25,3.88,0.038066200806456334,2026-09-03T18:03:23.525312+00:00
US4M,2026-08-21,4M,121.75,0.3333333333333333,3.9,0.038258712117090345,2026-09-03T18:03:23.525312+00:00
US6M,2026-08-21,6M,182.625,0.5,3.95,0.038739828315930556,2026-09-03T18:03:23.525312+00:00
US1Y,2026-08-21,1Y,365.25,1.0,4.03,0.03950913309471249,2026-09-03T18:03:23.525312+00:00
US2Y,2026-08-21,2Y,730.5,2.0,4.24,0.04152574682849831,2026-09-03T18:03:23.525312+00:00
US3Y,2026-08-21,3Y,1095.75,3.0,4.31,0.04219704869978836,2026-09-03T18:03:23.525312+00:00
US5Y,2026-08-21,5Y,1826.25,5.0,4.43,0.04334680450336586,2026-09-03T18:03:23.525312+00:00
US7Y,2026-08-21,7Y,2556.75,7.0,4.57,0.044686517622406025,2026-09-03T18:03:23.525312+00:00
US10Y,2026-08-21,10Y,3652.5,10.0,4.74,0.046310902863250264,2026-09-03T18:03:23.525312+00:00
US20Y,2026-08-21,20Y,7305.0,20.0,5.25,0.05116828657439943,2026-09-03T18:03:23.525312+00:00
US30Y,2026-08-21,30Y,10957.5,30.0,5.27,0.05135829227514207,2026-09-03T18:03:23.525312+00:00
US1M,2026-08-24,1M,30.4375,0.08333333333333333,3.79,0.03719944098910626,2026-09-03T18:03:23.525312+00:00
US1_5M,2026-08-24,1.5M,45.65625,0.125,3.78,0.0371030879515022,2026-09-03T18:03:23.525312+00:00
US2M,2026-08-24,2M,60.875,0.16666666666666666,3.8,0.037295784743696894,2026-09-03T18:03:23.525312+00:00
US3M,2026-08-24,3M,91.3125,0.25,3.87,0.03796993125162867,2026-09-03T18:03:23.525312+00:00
US4M,2026-08-24,4M,121.75,0.3333333333333333,3.9,0.038258712117090345,2026-09-03T18:03:23.525312+00:00
US6M,2026-08-24,6M,182.625,0.5,3.96,0.03883602378519813,2026-09-03T18:03:23.525312+00:00
US1Y,2026-08-24,1Y,365.25,1.0,4.04,0.039605254592359425,2026-09-03T18:03:23.525312+00:00
US2Y,2026-08-24,2Y,730.5,2.0,4.24,0.04152574682849831,2026-09-03T18:03:23.525312+00:00
US3Y,2026-08-24,3Y,1095.75,3.0,4.31,0.04219704869978836,2026-09-03T18:03:23.525312+00:00
US5Y,2026-08-24,5Y,1826.25,5.0,4.41,0.0431552703139276,2026-09-03T18:03:23.525312+00:00
US7Y,2026-08-24,7Y,2556.75,7.0,4.55,0.04449523988655121,2026-09-03T18:03:23.525312+00:00
US10Y,2026-08-24,10Y,3652.5,10.0,4.7,0.045928931888399804,2026-09-03T18:03:23.525312+00:00
US20Y,2026-08-24,20Y,7305.0,20.0,5.21,0.05078816683210506,2026-09-03T18:03:23.525312+00:00
US30Y,2026-08-24,30Y,10957.5,30.0,5.23,0.05097824476462945,2026-09-03T18:03:23.525312+00:00
US1M,2026-08-25,1M,30.4375,0.08333333333333333,3.79,0.03719944098910626,2026-09-03T18:03:23.525312+00:00
US1_5M,2026-08-25,1.5M,45.65625,0.125,3.78,0.0371030879515022,2026-09-03T18:03:23.525312+00:00
US2M,2026-08-25,2M,60.875,0.16666666666666666,3.8,0.037295784743696894,2026-09-03T18:03:23.525312+00:00
US3M,2026-08-25,3M,91.3125,0.25,3.86,0.037873652428081515,2026-09-03T18:03:23.525312+00:00
US4M,2026-08-25,4M,121.75,0.3333333333333333,3.89,0.038162461094348926,2026-09-03T18:03:23.525312+00:00
US6M,2026-08-25,6M,182.625,0.5,3.95,0.038739828315930556,2026-09-03T18:03:23.525312+00:00
US1Y,2026-08-25,1Y,365.25,1.0,4.01,0.03931686237695038,2026-09-03T18:03:23.525312+00:00
US2Y,2026-08-25,2Y,730.5,2.0,4.17,0.04085399400826605,2026-09-03T18:03:23.525312+00:00
US3Y,2026-08-25,3Y,1095.75,3.0,4.25,0.04162167469081947,2026-09-03T18:03:23.525312+00:00
US5Y,2026-08-25,5Y,1826.25,5.0,4.35,0.04258044753511839,2026-09-03T18:03:23.525312+00:00
US7Y,2026-08-25,7Y,2556.75,7.0,4.48,0.04382547954002957,2026-09-03T18:03:23.525312+00:00
US10Y,2026-08-25,10Y,3652.5,10.0,4.64,0.0453557017207972,2026-09-03T18:03:23.525312+00:00
US20Y,2026-08-25,20Y,7305.0,20.0,5.16,0.050312813873589095,2026-09-03T18:03:23.525312+00:00
US30Y,2026-08-25,30Y,10957.5,30.0,5.17,0.05040790254384569,2026-09-03T18:03:23.525312+00:00
US1M,2026-08-26,1M,30.4375,0.08333333333333333,3.8,0.037295784743696894,2026-09-03T18:03:23.525312+00:00
US1_5M,2026-08-26,1.5M,45.65625,0.125,3.78,0.0371030879515022,2026-09-03T18:03:23.525312+00:00
US2M,2026-08-26,2M,60.875,0.16666666666666666,3.8,0.037295784743696894,2026-09-03T18:03:23.525312+00:00
US3M,2026-08-26,3M,91.3125,0.25,3.85,0.03777736433402994,2026-09-03T18:03:23.525312+00:00
US4M,2026-08-26,4M,121.75,0.3333333333333333,3.88,0.038066200806456334,2026-09-03T18:03:23.525312+00:00
US6M,2026-08-26,6M,182.625,0.5,3.94,0.03864362359220443,2026-09-03T18:03:23.525312+00:00
US1Y,2026-08-26,1Y,365.25,1.0,4.02,0.039413002356835036,2026-09-03T18:03:23.525312+00:00
US2Y,2026-08-26,2Y,730.5,2.0,4.19,0.04104596943600098,2026-09-03T18:03:23.525312+00:00
US3Y,2026-08-26,3Y,1095.75,3.0,4.29,0.04200529414503013,2026-09-03T18:03:23.525312+00:00
US5Y,2026-08-26,5Y,1826.25,5.0,4.37,0.04277209184386899,2026-09-03T18:03:23.525312+00:00
US7Y,2026-08-26,7Y,2556.75,7.0,4.51,0.04411257461832095,2026-09-03T18:03:23.525312+00:00
US10Y,2026-08-26,10Y,3652.5,10.0,4.66,0.04554681495597039,2026-09-03T18:03:23.525312+00:00
US20Y,2026-08-26,20Y,7305.0,20.0,5.17,0.05040790254384569,2026-09-03T18:03:23.525312+00:00
US30Y,2026-08-26,30Y,10957.5,30.0,5.18,0.05050298217310676,2026-09-03T18:03:23.525312+00:00
US1M,2026-08-27,1M,30.4375,0.08333333333333333,3.81,0.03739211921706267,2026-09-03T18:03:23.525312+00:00
US1_5M,2026-08-27,1.5M,45.65625,0.125,3.79,0.03719944098910626,2026-09-03T18:03:23.525312+00:00
US2M,2026-08-27,2M,60.875,0.16666666666666666,3.81,0.03739211921706267,2026-09-03T18:03:23.525312+00:00
US3M,2026-08-27,3M,91.3125,0.25,3.84,0.03768106696768849,2026-09-03T18:03:23.525312+00:00
US4M,2026-08-27,4M,121.75,0.3333333333333333,3.88,0.038066200806456334,2026-09-03T18:03:23.525312+00:00
US6M,2026-08-27,6M,182.625,0.5,3.94,0.03864362359220443,2026-09-03T18:03:23.525312+00:00
US1Y,2026-08-27,1Y,365.25,1.0,4.04,0.039605254592359425,2026-09-03T18:03:23.525312+00:00
US2Y,2026-08-27,2Y,730.5,2.0,4.2,0.04114194333117518,2026-09-03T18:03:23.525312+00:00
US3Y,2026-08-27,3Y,1095.75,3.0,4.3,0.042101176018635396,2026-09-03T18:03:23.525312+00:00
US5Y,2026-08-27,5Y,1826.25,5.0,4.38,0.042867900227175806,2026-09-03T18:03:23.525312+00:00
US7Y,2026-08-27,7Y,2556.75,7.0,4.52,0.044208254664320365,2026-09-03T18:03:23.525312+00:00
US10Y,2026-08-27,10Y,3652.5,10.0,4.67,0.04564235787870107,2026-09-03T18:03:23.525312+00:00
US20Y,2026-08-27,20Y,7305.0,20.0,5.18,0.05050298217310676,2026-09-03T18:03:23.525312+00:00
US30Y,2026-08-27,30Y,10957.5,30.0,5.19,0.05059805276309138,2026-09-03T18:03:23.525312+00:00
US1M,2026-08-28,1M,30.4375,0.08333333333333333,3.84,0.03768106696768849,2026-09-03T18:03:23.525312+00:00
US1_5M,2026-08-28,1.5M,45.65625,0.125,3.83,0.03758476032727121,2026-09-03T18:03:23.525312+00:00
US2M,2026-08-28,2M,60.875,0.16666666666666666,3.86,0.037873652428081515,2026-09-03T18:03:23.525312+00:00
US3M,2026-08-28,3M,91.3125,0.25,3.9,0.038258712117090345,2026-09-03T18:03:23.525312+00:00
US4M,2026-08-28,4M,121.75,0.3333333333333333,3.94,0.03864362359220443,2026-09-03T18:03:23.525312+00:00
US6M,2026-08-28,6M,182.625,0.5,4.02,0.039413002356835036,2026-09-03T18:03:23.525312+00:00
US1Y,2026-08-28,1Y,365.25,1.0,4.15,0.040661981718889635,2026-09-03T18:03:23.525312+00:00
US2Y,2026-08-28,2Y,730.5,2.0,4.34,0.0424846116061553,2026-09-03T18:03:23.525312+00:00
US3Y,2026-08-28,3Y,1095.75,3.0,4.41,0.0431552703139276,2026-09-03T18:03:23.525312+00:00
US5Y,2026-08-28,5Y,1826.25,5.0,4.48,0.04382547954002957,2026-09-03T18:03:23.525312+00:00
US7Y,2026-08-28,7Y,2556.75,7.0,4.59,0.04487775877808545,2026-09-03T18:03:23.525312+00:00
US10Y,2026-08-28,10Y,3652.5,10.0,4.73,0.04621542379696299,2026-09-03T18:03:23.525312+00:00
US20Y,2026-08-28,20Y,7305.0,20.0,5.21,0.05078816683210506,2026-09-03T18:03:23.525312+00:00
US30Y,2026-08-28,30Y,10957.5,30.0,5.22,0.05088321031456979,2026-09-03T18:03:23.525312+00:00
US1M,2026-08-31,1M,30.4375,0.08333333333333333,3.85,0.03777736433402994,2026-09-03T18:03:23.525312+00:00
US1_5M,2026-08-31,1.5M,45.65625,0.125,3.86,0.037873652428081515,2026-09-03T18:03:23.525312+00:00
US2M,2026-08-31,2M,60.875,0.16666666666666666,3.88,0.038066200806456334,2026-09-03T18:03:23.525312+00:00
US3M,2026-08-31,3M,91.3125,0.25,3.91,0.038354953876463996,2026-09-03T18:03:23.525312+00:00
US4M,2026-08-31,4M,121.75,0.3333333333333333,3.96,0.03883602378519813,2026-09-03T18:03:23.525312+00:00
US6M,2026-08-31,6M,182.625,0.5,3.99,0.03912455468405004,2026-09-03T18:03:23.525312+00:00
US1Y,2026-08-31,1Y,365.25,1.0,4.16,0.04075799247216774,2026-09-03T18:03:23.525312+00:00
US2Y,2026-08-31,2Y,730.5,2.0,4.34,0.0424846116061553,2026-09-03T18:03:23.525312+00:00
US3Y,2026-08-31,3Y,1095.75,3.0,4.4,0.04305948946044698,2026-09-03T18:03:23.525312+00:00
US5Y,2026-08-31,5Y,1826.25,5.0,4.49,0.04392118705792815,2026-09-03T18:03:23.525312+00:00
US7Y,2026-08-31,7Y,2556.75,7.0,4.62,0.04516455195437364,2026-09-03T18:03:23.525312+00:00
US10Y,2026-08-31,10Y,3652.5,10.0,4.75,0.046406372814155744,2026-09-03T18:03:23.525312+00:00
US20Y,2026-08-31,20Y,7305.0,20.0,5.24,0.05107327018400062,2026-09-03T18:03:23.525312+00:00
US30Y,2026-08-31,30Y,10957.5,30.0,5.25,0.05116828657439943,2026-09-03T18:03:23.525312+00:00
US1M,2026-09-01,1M,30.4375,0.08333333333333333,3.85,0.03777736433402994,2026-09-03T18:03:23.525312+00:00
US1_5M,2026-09-01,1.5M,45.65625,0.125,3.88,0.038066200806456334,2026-09-03T18:03:23.525312+00:00
US2M,2026-09-01,2M,60.875,0.16666666666666666,3.89,0.038162461094348926,2026-09-03T18:03:23.525312+00:00
US3M,2026-09-01,3M,91.3125,0.25,3.92,0.038451186374252724,2026-09-03T18:03:23.525312+00:00
US4M,2026-09-01,4M,121.75,0.3333333333333333,3.97,0.03893221000178747,2026-09-03T18:03:23.525312+00:00
US6M,2026-09-01,6M,182.625,0.5,4.0,0.039220713153281295,2026-09-03T18:03:23.525312+00:00
US1Y,2026-09-01,1Y,365.25,1.0,4.18,0.04094998632895411,2026-09-03T18:03:23.525312+00:00
US2Y,2026-09-01,2Y,730.5,2.0,4.39,0.042963699432115664,2026-09-03T18:03:23.525312+00:00
US3Y,2026-09-01,3Y,1095.75,3.0,4.46,0.04363403702006131,2026-09-03T18:03:23.525312+00:00
US5Y,2026-09-01,5Y,1826.25,5.0,4.55,0.04449523988655121,2026-09-03T18:03:23.525312+00:00
US7Y,2026-09-01,7Y,2556.75,7.0,4.66,0.04554681495597039,2026-09-03T18:03:23.525312+00:00
US10Y,2026-09-01,10Y,3652.5,10.0,4.79,0.046788161498758925,2026-09-03T18:03:23.525312+00:00
US20Y,2026-09-01,20Y,7305.0,20.0,5.27,0.05135829227514207,2026-09-03T18:03:23.525312+00:00
US30Y,2026-09-01,30Y,10957.5,30.0,5.27,0.05135829227514207,2026-09-03T18:03:23.525312+00:00
US1M,2026-09-02,1M,30.4375,0.08333333333333333,3.83,0.03758476032727121,2026-09-03T18:03:23.525312+00:00
US1_5M,2026-09-02,1.5M,45.65625,0.125,3.87,0.03796993125162867,2026-09-03T18:03:23.525312+00:00
US2M,2026-09-02,2M,60.875,0.16666666666666666,3.89,0.038162461094348926,2026-09-03T18:03:23.525312+00:00
US3M,2026-09-02,3M,91.3125,0.25,3.92,0.038451186374252724,2026-09-03T18:03:23.525312+00:00
US4M,2026-09-02,4M,121.75,0.3333333333333333,4.02,0.039413002356835036,2026-09-03T18:03:23.525312+00:00
US6M,2026-09-02,6M,182.625,0.5,4.0,0.039220713153281295,2026-09-03T18:03:23.525312+00:00
US1Y,2026-09-02,1Y,365.25,1.0,4.16,0.04075799247216774,2026-09-03T18:03:23.525312+00:00
US2Y,2026-09-02,2Y,730.5,2.0,4.39,0.042963699432115664,2026-09-03T18:03:23.525312+00:00
US3Y,2026-09-02,3Y,1095.75,3.0,4.45,0.04353830201448343,2026-09-03T18:03:23.525312+00:00
US5Y,2026-09-02,5Y,1826.25,5.0,4.54,0.04439958729668442,2026-09-03T18:03:23.525312+00:00
US7Y,2026-09-02,7Y,2556.75,7.0,4.66,0.04554681495597039,2026-09-03T18:03:23.525312+00:00
US10Y,2026-09-02,10Y,3652.5,10.0,4.79,0.046788161498758925,2026-09-03T18:03:23.525312+00:00
US20Y,2026-09-02,20Y,7305.0,20.0,5.27,0.05135829227514207,2026-09-03T18:03:23.525312+00:00
US30Y,2026-09-02,30Y,10957.5,30.0,5.27,0.05135829227514207,2026-09-03T18:03:23.525312+00:00
