date,timestamp,expiry,K,price,conId,localSymbol,T,dte,moneyness,rate,implied_vol,vega,spot,curve_date
2026-09-01,2026-09-01 20:00:00+00:00,2026-09-25,320.0,78.03,909093881,GLD   260925C00320000,0.06570841889117043,24,0.8065532451165721,0.0377773643340299,0.4525462377621793,6.268413609334192,396.75,2026-09-01
2026-09-01,2026-09-01 20:00:00+00:00,2026-09-25,325.0,73.03,909093919,GLD   260925C00325000,0.06570841889117043,24,0.8191556395715186,0.0377773643340299,0.4232061774141155,6.473277589262995,396.75,2026-09-01
2026-09-01,2026-09-01 20:00:00+00:00,2026-09-25,330.0,68.18,909093962,GLD   260925C00330000,0.06570841889117043,24,0.831758034026465,0.0377773643340299,0.41479480778900923,7.899592313785767,396.75,2026-09-01
2026-09-01,2026-09-01 20:00:00+00:00,2026-09-25,335.0,63.2,909094012,GLD   260925C00335000,0.06570841889117043,24,0.8443604284814115,0.0377773643340299,0.387817651818227,8.374810834812887,396.75,2026-09-01
2026-09-01,2026-09-01 20:00:00+00:00,2026-09-25,340.0,57.95,909094052,GLD   260925C00340000,0.06570841889117043,24,0.856962822936358,0.0377773643340299,0.3256195770231075,6.413140508682578,396.75,2026-09-01
2026-09-01,2026-09-01 20:00:00+00:00,2026-09-25,345.0,53.2,909094105,GLD   260925C00345000,0.06570841889117043,24,0.8695652173913043,0.0377773643340299,0.3296988326681777,9.158630362170934,396.75,2026-09-01
2026-09-01,2026-09-01 20:00:00+00:00,2026-09-25,346.0,52.25,909094154,GLD   260925C00346000,0.06570841889117043,24,0.8720856962822936,0.0377773643340299,0.3292264333969913,9.672599825170387,396.75,2026-09-01
2026-09-01,2026-09-01 20:00:00+00:00,2026-09-25,347.0,51.23,909094212,GLD   260925C00347000,0.06570841889117043,24,0.8746061751732829,0.0377773643340299,0.32136025841617955,9.601107987609415,396.75,2026-09-01
2026-09-01,2026-09-01 20:00:00+00:00,2026-09-25,348.0,50.25,909094252,GLD   260925C00348000,0.06570841889117043,24,0.8771266540642723,0.0377773643340299,0.3176318529075011,9.87047098066004,396.75,2026-09-01
2026-09-01,2026-09-01 20:00:00+00:00,2026-09-25,349.0,49.28,909094297,GLD   260925C00349000,0.06570841889117043,24,0.8796471329552615,0.0377773643340299,0.3148162835896947,10.227117184681601,396.75,2026-09-01
2026-09-01,2026-09-01 20:00:00+00:00,2026-09-25,350.0,48.35,909094354,GLD   260925C00350000,0.06570841889117043,24,0.8821676118462508,0.0377773643340299,0.3155962273636834,10.907688487255822,396.75,2026-09-01
2026-09-01,2026-09-01 20:00:00+00:00,2026-09-25,351.0,47.38,909094406,GLD   260925C00351000,0.06570841889117043,24,0.8846880907372401,0.0377773643340299,0.3124135939077475,11.263641645081963,396.75,2026-09-01
2026-09-01,2026-09-01 20:00:00+00:00,2026-09-25,352.0,46.35,909094453,GLD   260925C00352000,0.06570841889117043,24,0.8872085696282294,0.0377773643340299,0.3038531411466189,11.149446114136536,396.75,2026-09-01
2026-09-01,2026-09-01 20:00:00+00:00,2026-09-25,353.0,45.4,909094501,GLD   260925C00353000,0.06570841889117043,24,0.8897290485192186,0.0377773643340299,0.30234637517584495,11.676180763737632,396.75,2026-09-01
2026-09-01,2026-09-01 20:00:00+00:00,2026-09-25,354.0,44.48,909094549,GLD   260925C00354000,0.06570841889117043,24,0.8922495274102079,0.0377773643340299,0.3030392094350419,12.424245726646966,396.75,2026-09-01
2026-09-01,2026-09-01 20:00:00+00:00,2026-09-25,355.0,43.58,909094589,GLD   260925C00355000,0.06570841889117043,24,0.8947700063011972,0.0377773643340299,0.3047902517748996,13.291393282430718,396.75,2026-09-01
2026-09-01,2026-09-01 20:00:00+00:00,2026-09-25,356.0,42.53,909094631,GLD   260925C00356000,0.06570841889117043,24,0.8972904851921865,0.0377773643340299,0.29495249702278525,13.09243934124161,396.75,2026-09-01
2026-09-01,2026-09-01 20:00:00+00:00,2026-09-25,357.0,41.55,909094681,GLD   260925C00357000,0.06570841889117043,24,0.8998109640831758,0.0377773643340299,0.2904299034462311,13.398146555421283,396.75,2026-09-01
2026-09-01,2026-09-01 20:00:00+00:00,2026-09-25,358.0,40.6,909094726,GLD   260925C00358000,0.06570841889117043,24,0.9023314429741651,0.0377773643340299,0.2880269297165796,13.923906141889283,396.75,2026-09-01
2026-09-01,2026-09-01 20:00:00+00:00,2026-09-25,359.0,39.73,909094778,GLD   260925C00359000,0.06570841889117043,24,0.9048519218651544,0.0377773643340299,0.29087957424456257,14.983227979183637,396.75,2026-09-01
2026-09-01,2026-09-01 20:00:00+00:00,2026-09-25,360.0,38.7,909094824,GLD   260925C00360000,0.06570841889117043,24,0.9073724007561437,0.0377773643340299,0.2826899853416719,14.975293741781611,396.75,2026-09-01
2026-09-01,2026-09-01 20:00:00+00:00,2026-09-25,361.0,37.75,909094869,GLD   260925C00361000,0.06570841889117043,24,0.909892879647133,0.0377773643340299,0.2797739050452598,15.502330280014489,396.75,2026-09-01
2026-09-01,2026-09-01 20:00:00+00:00,2026-09-25,362.0,36.8,909094924,GLD   260925C00362000,0.06570841889117043,24,0.9124133585381222,0.0377773643340299,0.27670277195451787,16.031149472091304,396.75,2026-09-01
2026-09-01,2026-09-01 20:00:00+00:00,2026-09-25,363.0,35.73,909095001,GLD   260925C00363000,0.06570841889117043,24,0.9149338374291115,0.0377773643340299,0.26606467787195,15.786063527272264,396.75,2026-09-01
2026-09-01,2026-09-01 20:00:00+00:00,2026-09-25,364.0,34.85,909095044,GLD   260925C00364000,0.06570841889117043,24,0.9174543163201008,0.0377773643340299,0.26716858503734686,16.788542459387962,396.75,2026-09-01
2026-09-01,2026-09-01 20:00:00+00:00,2026-09-25,365.0,34.0,909095084,GLD   260925C00365000,0.06570841889117043,24,0.9199747952110902,0.0377773643340299,0.2694299493451603,17.92593182307365,396.75,2026-09-01
2026-09-01,2026-09-01 20:00:00+00:00,2026-09-25,366.0,33.0,909095131,GLD   260925C00366000,0.06570841889117043,24,0.9224952741020794,0.0377773643340299,0.2629816566863098,18.176774871052604,396.75,2026-09-01
2026-09-01,2026-09-01 20:00:00+00:00,2026-09-25,367.0,32.18,909095176,GLD   260925C00367000,0.06570841889117043,24,0.9250157529930687,0.0377773643340299,0.2660281195354648,19.42987149244702,396.75,2026-09-01
2026-09-01,2026-09-01 20:00:00+00:00,2026-09-25,368.0,31.28,909095220,GLD   260925C00368000,0.06570841889117043,24,0.927536231884058,0.0377773643340299,0.2644322464029305,20.218231190851448,396.75,2026-09-01
2026-09-01,2026-09-01 20:00:00+00:00,2026-09-25,369.0,30.38,909095275,GLD   260925C00369000,0.06570841889117043,24,0.9300567107750473,0.0377773643340299,0.2625605117279105,20.99504905939055,396.75,2026-09-01
2026-09-01,2026-09-01 20:00:00+00:00,2026-09-25,370.0,29.48,909095330,GLD   260925C00370000,0.06570841889117043,24,0.9325771896660365,0.0377773643340299,0.2604291481382214,21.762011995341172,396.75,2026-09-01
2026-09-01,2026-09-01 20:00:00+00:00,2026-09-25,371.0,28.58,909095374,GLD   260925C00371000,0.06570841889117043,24,0.9350976685570258,0.0377773643340299,0.2580517712975854,22.520606195745472,396.75,2026-09-01
2026-09-01,2026-09-01 20:00:00+00:00,2026-09-25,372.0,27.7,909095410,GLD   260925C00372000,0.06570841889117043,24,0.9376181474480151,0.0377773643340299,0.2562977161894554,23.353377545873673,396.75,2026-09-01
2026-09-01,2026-09-01 20:00:00+00:00,2026-09-25,373.0,26.83,909095440,GLD   260925C00373000,0.06570841889117043,24,0.9401386263390044,0.0377773643340299,0.25467633464178085,24.209889725292875,396.75,2026-09-01
2026-09-01,2026-09-01 20:00:00+00:00,2026-09-25,374.0,25.98,909095488,GLD   260925C00374000,0.06570841889117043,24,0.9426591052299937,0.0377773643340299,0.2535584020389243,25.12029460508278,396.75,2026-09-01
2026-09-01,2026-09-01 20:00:00+00:00,2026-09-25,375.0,25.13,909095542,GLD   260925C00375000,0.06570841889117043,24,0.945179584120983,0.0377773643340299,0.2521088786653243,26.00627233539251,396.75,2026-09-01
2026-09-01,2026-09-01 20:00:00+00:00,2026-09-25,376.0,24.28,908792971,GLD   260925C00376000,0.06570841889117043,24,0.9477000630119723,0.0377773643340299,0.25034652563901616,26.870248273294603,396.75,2026-09-01
2026-09-01,2026-09-01 20:00:00+00:00,2026-09-25,377.0,23.43,908813568,GLD   260925C00377000,0.06570841889117043,24,0.9502205419029616,0.0377773643340299,0.24828671878818423,27.71424512653227,396.75,2026-09-01
2026-09-01,2026-09-01 20:00:00+00:00,2026-09-25,378.0,22.6,908813633,GLD   260925C00378000,0.06570841889117043,24,0.9527410207939508,0.0377773643340299,0.24664215708523993,28.59263490880062,396.75,2026-09-01
2026-09-01,2026-09-01 20:00:00+00:00,2026-09-25,379.0,21.8,908813693,GLD   260925C00379000,0.06570841889117043,24,0.9552614996849401,0.0377773643340299,0.24570083696311334,29.518124061376138,396.75,2026-09-01
2026-09-01,2026-09-01 20:00:00+00:00,2026-09-25,380.0,21.0,908813769,GLD   260925C00380000,0.06570841889117043,24,0.9577819785759294,0.0377773643340299,0.24440006611263382,30.40800376661876,396.75,2026-09-01
2026-09-01,2026-09-01 20:00:00+00:00,2026-09-25,381.0,20.2,908813836,GLD   260925C00381000,0.06570841889117043,24,0.9603024574669187,0.0377773643340299,0.242757148161158,31.264865838176515,396.75,2026-09-01
2026-09-01,2026-09-01 20:00:00+00:00,2026-09-25,382.0,19.45,908813896,GLD   260925C00382000,0.06570841889117043,24,0.962822936357908,0.0377773643340299,0.24234180988287557,32.17850579634763,396.75,2026-09-01
2026-09-01,2026-09-01 20:00:00+00:00,2026-09-25,383.0,18.7,908813963,GLD   260925C00383000,0.06570841889117043,24,0.9653434152488973,0.0377773643340299,0.24153045788323513,33.043633811006444,396.75,2026-09-01
2026-09-01,2026-09-01 20:00:00+00:00,2026-09-25,384.0,17.93,908814016,GLD   260925C00384000,0.06570841889117043,24,0.9678638941398866,0.0377773643340299,0.2397510247425177,33.83630233293376,396.75,2026-09-01
2026-09-01,2026-09-01 20:00:00+00:00,2026-09-25,385.0,17.2,908814087,GLD   260925C00385000,0.06570841889117043,24,0.9703843730308759,0.0377773643340299,0.23879076655460524,34.640180953597756,396.75,2026-09-01
2026-09-01,2026-09-01 20:00:00+00:00,2026-09-25,386.0,16.5,908814156,GLD   260925C00386000,0.06570841889117043,24,0.9729048519218652,0.0377773643340299,0.23830077960835772,35.42631478460534,396.75,2026-09-01
2026-09-01,2026-09-01 20:00:00+00:00,2026-09-25,387.0,15.8,908814242,GLD   260925C00387000,0.06570841889117043,24,0.9754253308128544,0.0377773643340299,0.2374119058680721,36.15698935518523,396.75,2026-09-01
2026-09-01,2026-09-01 20:00:00+00:00,2026-09-25,388.0,15.1,908814298,GLD   260925C00388000,0.06570841889117043,24,0.9779458097038437,0.0377773643340299,0.23613789138002322,36.834549951361,396.75,2026-09-01
2026-09-01,2026-09-01 20:00:00+00:00,2026-09-25,389.0,14.45,908814364,GLD   260925C00389000,0.06570841889117043,24,0.980466288594833,0.0377773643340299,0.23582298957603054,37.48913491635545,396.75,2026-09-01
2026-09-01,2026-09-01 20:00:00+00:00,2026-09-25,390.0,13.8,908814433,GLD   260925C00390000,0.06570841889117043,24,0.9829867674858223,0.0377773643340299,0.23509875174770134,38.0809421937081,396.75,2026-09-01
2026-09-01,2026-09-01 20:00:00+00:00,2026-09-25,391.0,13.2,908814504,GLD   260925C00391000,0.06570841889117043,24,0.9855072463768116,0.0377773643340299,0.23527090793903918,38.62884812415366,396.75,2026-09-01
2026-09-01,2026-09-01 20:00:00+00:00,2026-09-25,392.0,12.6,908814559,GLD   260925C00392000,0.06570841889117043,24,0.9880277252678009,0.0377773643340299,0.23502068053772673,39.10750814914476,396.75,2026-09-01
2026-09-01,2026-09-01 20:00:00+00:00,2026-09-25,393.0,11.95,908814616,GLD   260925C00393000,0.06570841889117043,24,0.9905482041587902,0.0377773643340299,0.23309384060809385,39.5106765817851,396.75,2026-09-01
2026-09-01,2026-09-01 20:00:00+00:00,2026-09-25,394.0,11.35,908814698,GLD   260925C00394000,0.06570841889117043,24,0.9930686830497795,0.0377773643340299,0.23203927858239032,39.85924823974466,396.75,2026-09-01
2026-09-01,2026-09-01 20:00:00+00:00,2026-09-25,395.0,10.83,908814758,GLD   260925C00395000,0.06570841889117043,24,0.9955891619407687,0.0377773643340299,0.23257483423082154,40.145275092124606,396.75,2026-09-01
2026-09-01,2026-09-01 20:00:00+00:00,2026-09-25,396.0,10.3,908814823,GLD   260925C00396000,0.06570841889117043,24,0.998109640831758,0.0377773643340299,0.23243887316742912,40.35751521139586,396.75,2026-09-01
2026-09-01,2026-09-01 20:00:00+00:00,2026-09-25,397.0,9.75,908814899,GLD   260925C00397000,0.06570841889117043,24,1.0006301197227474,0.0377773643340299,0.23139423884181304,40.497899588644,396.75,2026-09-01
2026-09-01,2026-09-01 20:00:00+00:00,2026-09-25,398.0,9.25,908814968,GLD   260925C00398000,0.06570841889117043,24,1.0031505986137366,0.0377773643340299,0.2311710052854381,40.56614303730319,396.75,2026-09-01
2026-09-01,2026-09-01 20:00:00+00:00,2026-09-25,399.0,8.8,908815038,GLD   260925C00399000,0.06570841889117043,24,1.005671077504726,0.0377773643340299,0.23176523308260366,40.56164344757192,396.75,2026-09-01
2026-09-01,2026-09-01 20:00:00+00:00,2026-09-25,400.0,8.35,908815088,GLD   260925C00400000,0.06570841889117043,24,1.0081915563957151,0.0377773643340299,0.2319474613261409,40.485472308267504,396.75,2026-09-01
2026-09-01,2026-09-01 20:00:00+00:00,2026-09-25,401.0,7.93,908815142,GLD   260925C00401000,0.06570841889117043,24,1.0107120352867045,0.0377773643340299,0.232462877526693,40.339888569550624,396.75,2026-09-01
2026-09-01,2026-09-01 20:00:00+00:00,2026-09-25,402.0,7.5,908815202,GLD   260925C00402000,0.06570841889117043,24,1.0132325141776937,0.0377773643340299,0.23232444385131817,40.12346667108856,396.75,2026-09-01
2026-09-01,2026-09-01 20:00:00+00:00,2026-09-25,403.0,7.1,908815261,GLD   260925C00403000,0.06570841889117043,24,1.015752993068683,0.0377773643340299,0.23252910720696673,39.84135661015325,396.75,2026-09-01
2026-09-01,2026-09-01 20:00:00+00:00,2026-09-25,404.0,6.73,908815304,GLD   260925C00404000,0.06570841889117043,24,1.0182734719596724,0.0377773643340299,0.23309014333141964,39.498863119619415,396.75,2026-09-01
2026-09-01,2026-09-01 20:00:00+00:00,2026-09-25,405.0,6.35,909095714,GLD   260925C00405000,0.06570841889117043,24,1.0207939508506616,0.0377773643340299,0.23300200472576543,39.087262076994264,396.75,2026-09-01
2026-09-01,2026-09-01 20:00:00+00:00,2026-09-25,406.0,6.0,909095755,GLD   260925C00406000,0.06570841889117043,24,1.023314429741651,0.0377773643340299,0.23328568922141568,38.621485900595324,396.75,2026-09-01
2026-09-01,2026-09-01 20:00:00+00:00,2026-09-25,407.0,5.68,909095805,GLD   260925C00407000,0.06570841889117043,24,1.0258349086326402,0.0377773643340299,0.23396297070467842,38.10980687922545,396.75,2026-09-01
2026-09-01,2026-09-01 20:00:00+00:00,2026-09-25,408.0,5.33,909095857,GLD   260925C00408000,0.06570841889117043,24,1.0283553875236295,0.0377773643340299,0.233461915211007,37.51596849653158,396.75,2026-09-01
2026-09-01,2026-09-01 20:00:00+00:00,2026-09-25,409.0,5.03,909095901,GLD   260925C00409000,0.06570841889117043,24,1.0308758664146187,0.0377773643340299,0.23390154189625756,36.89758175061862,396.75,2026-09-01
2026-09-01,2026-09-01 20:00:00+00:00,2026-09-25,410.0,4.75,909095961,GLD   260925C00410000,0.06570841889117043,24,1.033396345305608,0.0377773643340299,0.2345127939295955,36.242507731877026,396.75,2026-09-01
2026-09-01,2026-09-01 20:00:00+00:00,2026-09-25,411.0,4.48,910568181,GLD   260925C00411000,0.06570841889117043,24,1.0359168241965973,0.0377773643340299,0.23503537651402878,35.54562790362945,396.75,2026-09-01
2026-09-01,2026-09-01 20:00:00+00:00,2026-09-25,412.0,4.22,910568253,GLD   260925C00412000,0.06570841889117043,24,1.0384373030875866,0.0377773643340299,0.23547565045552332,34.809616260722414,396.75,2026-09-01
2026-09-01,2026-09-01 20:00:00+00:00,2026-09-25,413.0,3.97,910568332,GLD   260925C00413000,0.06570841889117043,24,1.040957781978576,0.0377773643340299,0.23584010694259777,34.03722652937754,396.75,2026-09-01
2026-09-01,2026-09-01 20:00:00+00:00,2026-09-25,414.0,3.73,910568397,GLD   260925C00414000,0.06570841889117043,24,1.0434782608695652,0.0377773643340299,0.23613549792887645,33.23132046568748,396.75,2026-09-01
2026-09-01,2026-09-01 20:00:00+00:00,2026-09-25,415.0,3.53,909096012,GLD   260925C00415000,0.06570841889117043,24,1.0459987397605546,0.0377773643340299,0.2372941611099057,32.45683185516953,396.75,2026-09-01
2026-09-01,2026-09-01 20:00:00+00:00,2026-09-25,416.0,3.33,910568466,GLD   260925C00416000,0.06570841889117043,24,1.0485192186515437,0.0377773643340299,0.23813105877684432,31.645651709715974,396.75,2026-09-01
2026-09-01,2026-09-01 20:00:00+00:00,2026-09-25,417.0,3.13,910568525,GLD   260925C00417000,0.06570841889117043,24,1.0510396975425331,0.0377773643340299,0.23863470795201142,30.795287809836964,396.75,2026-09-01
2026-09-01,2026-09-01 20:00:00+00:00,2026-09-25,418.0,2.93,910568597,GLD   260925C00418000,0.06570841889117043,24,1.0535601764335223,0.0377773643340299,0.23879035678086802,29.902628516945644,396.75,2026-09-01
2026-09-01,2026-09-01 20:00:00+00:00,2026-09-25,419.0,2.78,912702951,GLD   260925C00419000,0.06570841889117043,24,1.0560806553245117,0.0377773643340299,0.24030118323685606,29.114000844882817,396.75,2026-09-01
2026-09-01,2026-09-01 20:00:00+00:00,2026-09-25,420.0,2.62,909096064,GLD   260925C00420000,0.06570841889117043,24,1.0586011342155008,0.0377773643340299,0.24117859262553976,28.269318595210493,396.75,2026-09-01
2026-09-01,2026-09-01 20:00:00+00:00,2026-09-25,421.0,2.47,912703075,GLD   260925C00421000,0.06570841889117043,24,1.0611216131064902,0.0377773643340299,0.2421085415264592,27.428275476315704,396.75,2026-09-01
2026-09-01,2026-09-01 20:00:00+00:00,2026-09-25,422.0,2.3,912703177,GLD   260925C00422000,0.06570841889117043,24,1.0636420919974796,0.0377773643340299,0.24198021249892193,26.483796102220488,396.75,2026-09-01
2026-09-01,2026-09-01 20:00:00+00:00,2026-09-25,423.0,2.18,912703267,GLD   260925C00423000,0.06570841889117043,24,1.0661625708884688,0.0377773643340299,0.24342920968579135,25.697777637331324,396.75,2026-09-01
2026-09-01,2026-09-01 20:00:00+00:00,2026-09-25,424.0,2.05,912703366,GLD   260925C00424000,0.06570841889117043,24,1.0686830497794582,0.0377773643340299,0.24421520227892324,24.850908439286815,396.75,2026-09-01
2026-09-01,2026-09-01 20:00:00+00:00,2026-09-25,425.0,1.93,909096121,GLD   260925C00425000,0.06570841889117043,24,1.0712035286704473,0.0377773643340299,0.2451168069441803,24.02369655031192,396.75,2026-09-01
2026-09-01,2026-09-01 20:00:00+00:00,2026-09-25,426.0,1.83,912703456,GLD   260925C00426000,0.06570841889117043,24,1.0737240075614367,0.0377773643340299,0.24659133117226886,23.269856738795312,396.75,2026-09-01
2026-09-01,2026-09-01 20:00:00+00:00,2026-09-25,427.0,1.73,912703559,GLD   260925C00427000,0.06570841889117043,24,1.0762444864524259,0.0377773643340299,0.24782293407851835,22.502046617860692,396.75,2026-09-01
2026-09-01,2026-09-01 20:00:00+00:00,2026-09-25,428.0,1.63,912703660,GLD   260925C00428000,0.06570841889117043,24,1.0787649653434153,0.0377773643340299,0.24879994176793846,21.718509282133507,396.75,2026-09-01
2026-09-01,2026-09-01 20:00:00+00:00,2026-09-25,429.0,1.55,912703763,GLD   260925C00429000,0.06570841889117043,24,1.0812854442344046,0.0377773643340299,0.25046183038083847,21.02871012081022,396.75,2026-09-01
2026-09-01,2026-09-01 20:00:00+00:00,2026-09-25,430.0,1.42,909096169,GLD   260925C00430000,0.06570841889117043,24,1.0838059231253938,0.0377773643340299,0.24943232508786023,20.036471943950524,396.75,2026-09-01
2026-09-01,2026-09-01 20:00:00+00:00,2026-09-25,431.0,1.38,917782874,GLD   260925C00431000,0.06570841889117043,24,1.0863264020163832,0.0377773643340299,0.252622883940395,19.560832164803983,396.75,2026-09-01
2026-09-01,2026-09-01 20:00:00+00:00,2026-09-25,432.0,1.31,917782949,GLD   260925C00432000,0.06570841889117043,24,1.0888468809073724,0.0377773643340299,0.2541213147408329,18.90122147557656,396.75,2026-09-01
2026-09-01,2026-09-01 20:00:00+00:00,2026-09-25,433.0,1.22,917783005,GLD   260925C00433000,0.06570841889117043,24,1.0913673597983617,0.0377773643340299,0.2543080318694003,18.101084188285903,396.75,2026-09-01
2026-09-01,2026-09-01 20:00:00+00:00,2026-09-25,434.0,1.17,917783086,GLD   260925C00434000,0.06570841889117043,24,1.093887838689351,0.0377773643340299,0.2564745242440142,17.55689632712374,396.75,2026-09-01
2026-09-01,2026-09-01 20:00:00+00:00,2026-09-25,435.0,1.11,909096215,GLD   260925C00435000,0.06570841889117043,24,1.0964083175803403,0.0377773643340299,0.2578964670511895,16.940719062729833,396.75,2026-09-01
2026-09-01,2026-09-01 20:00:00+00:00,2026-09-25,440.0,0.83,909096255,GLD   260925C00440000,0.06570841889117043,24,1.1090107120352868,0.0377773643340299,0.2631428747127764,13.906127907759691,396.75,2026-09-01
2026-09-01,2026-09-01 20:00:00+00:00,2026-09-25,445.0,0.68,909096293,GLD   260925C00445000,0.06570841889117043,24,1.121613106490233,0.0377773643340299,0.2734226449447684,11.885651005297916,396.75,2026-09-01
2026-09-01,2026-09-01 20:00:00+00:00,2026-09-25,450.0,0.53,909096341,GLD   260925C00450000,0.06570841889117043,24,1.1342155009451795,0.0377773643340299,0.280293721656967,9.854348514577502,396.75,2026-09-01
2026-09-01,2026-09-01 20:00:00+00:00,2026-09-25,455.0,0.43,909096389,GLD   260925C00455000,0.06570841889117043,24,1.146817895400126,0.0377773643340299,0.2888650101395325,8.329159545956431,396.75,2026-09-01
2026-09-01,2026-09-01 20:00:00+00:00,2026-09-25,460.0,0.33,909096465,GLD   260925C00460000,0.06570841889117043,24,1.1594202898550725,0.0377773643340299,0.29419884395925333,6.790344338900367,396.75,2026-09-01
2026-09-01,2026-09-01 20:00:00+00:00,2026-09-25,465.0,0.28,909096528,GLD   260925C00465000,0.06570841889117043,24,1.172022684310019,0.0377773643340299,0.3040289527059533,5.87479815667278,396.75,2026-09-01
2026-09-01,2026-09-01 20:00:00+00:00,2026-09-25,470.0,0.24,909096604,GLD   260925C00470000,0.06570841889117043,24,1.1846250787649653,0.0377773643340299,0.31381100151240826,5.115213177634705,396.75,2026-09-01
2026-09-01,2026-09-01 20:00:00+00:00,2026-09-25,475.0,0.2,909096663,GLD   260925C00475000,0.06570841889117043,24,1.1972274732199117,0.0377773643340299,0.32180764751983804,4.372449381722312,396.75,2026-09-01
2026-09-01,2026-09-01 20:00:00+00:00,2026-09-30,318.0,80.18,819193290,GLD   260930C00318000,0.07939767282683094,29,0.8015122873345936,0.0377773643340299,0.42121653500273826,6.67825317519935,396.75,2026-09-01
2026-09-01,2026-09-01 20:00:00+00:00,2026-09-30,319.0,79.18,819193300,GLD   260930C00319000,0.07939767282683094,29,0.8040327662255828,0.0377773643340299,0.41575703568477185,6.714230113732902,396.75,2026-09-01
2026-09-01,2026-09-01 20:00:00+00:00,2026-09-30,320.0,78.15,819193334,GLD   260930C00320000,0.07939767282683094,29,0.8065532451165721,0.0377773643340299,0.4057805771791376,6.486837205129003,396.75,2026-09-01
2026-09-01,2026-09-01 20:00:00+00:00,2026-09-30,321.0,77.2,819193359,GLD   260930C00321000,0.07939767282683094,29,0.8090737240075614,0.0377773643340299,0.4077940935672262,6.961286752862515,396.75,2026-09-01
2026-09-01,2026-09-01 20:00:00+00:00,2026-09-30,322.0,76.15,819193389,GLD   260930C00322000,0.07939767282683094,29,0.8115942028985508,0.0377773643340299,0.39498816603235903,6.556019011980743,396.75,2026-09-01
2026-09-01,2026-09-01 20:00:00+00:00,2026-09-30,323.0,75.25,819193412,GLD   260930C00323000,0.07939767282683094,29,0.81411468178954,0.0377773643340299,0.4038423287761398,7.468498290002276,396.75,2026-09-01
2026-09-01,2026-09-01 20:00:00+00:00,2026-09-30,324.0,74.2,819193446,GLD   260930C00324000,0.07939767282683094,29,0.8166351606805293,0.0377773643340299,0.3915510770551861,7.083242056147741,396.75,2026-09-01
2026-09-01,2026-09-01 20:00:00+00:00,2026-09-30,325.0,73.25,819193479,GLD   260930C00325000,0.07939767282683094,29,0.8191556395715186,0.0377773643340299,0.39297538071786975,7.561710444895114,396.75,2026-09-01
2026-09-01,2026-09-01 20:00:00+00:00,2026-09-30,326.0,72.33,819193504,GLD   260930C00326000,0.07939767282683094,29,0.8216761184625079,0.0377773643340299,0.3976389969947749,8.271015883848216,396.75,2026-09-01
2026-09-01,2026-09-01 20:00:00+00:00,2026-09-30,327.0,71.28,819193531,GLD   260930C00327000,0.07939767282683094,29,0.8241965973534972,0.0377773643340299,0.38601822823826226,7.91546191370144,396.75,2026-09-01
2026-09-01,2026-09-01 20:00:00+00:00,2026-09-30,328.0,70.28,819193559,GLD   260930C00328000,0.07939767282683094,29,0.8267170762444864,0.0377773643340299,0.3806091450595297,7.968270907312639,396.75,2026-09-01
2026-09-01,2026-09-01 20:00:00+00:00,2026-09-30,329.0,69.3,819193584,GLD   260930C00329000,0.07939767282683094,29,0.8292375551354757,0.0377773643340299,0.37768051078589626,8.192922907553898,396.75,2026-09-01
2026-09-01,2026-09-01 20:00:00+00:00,2026-09-30,330.0,68.38,819193614,GLD   260930C00330000,0.07939767282683094,29,0.831758034026465,0.0377773643340299,0.38160657158801337,8.908518634811,396.75,2026-09-01
2026-09-01,2026-09-01 20:00:00+00:00,2026-09-30,331.0,67.33,819193638,GLD   260930C00331000,0.07939767282683094,29,0.8342785129174544,0.0377773643340299,0.3704519670227543,8.56360196571174,396.75,2026-09-01
2026-09-01,2026-09-01 20:00:00+00:00,2026-09-30,332.0,66.22,819193664,GLD   260930C00332000,0.07939767282683094,29,0.8367989918084436,0.0377773643340299,0.35152591040125114,7.638412017594832,396.75,2026-09-01
2026-09-01,2026-09-01 20:00:00+00:00,2026-09-30,333.0,65.43,819193691,GLD   260930C00333000,0.07939767282683094,29,0.8393194706994329,0.0377773643340299,0.3706572170998901,9.509680217571246,396.75,2026-09-01
2026-09-01,2026-09-01 20:00:00+00:00,2026-09-30,334.0,64.25,819193715,GLD   260930C00334000,0.07939767282683094,29,0.8418399495904222,0.0377773643340299,0.34476220372123634,8.031342534789943,396.75,2026-09-01
2026-09-01,2026-09-01 20:00:00+00:00,2026-09-30,335.0,63.23,819193737,GLD   260930C00335000,0.07939767282683094,29,0.8443604284814115,0.0377773643340299,0.33696895449608566,7.896552927599561,396.75,2026-09-01
2026-09-01,2026-09-01 20:00:00+00:00,2026-09-30,336.0,62.45,819193774,GLD   260930C00336000,0.07939767282683094,29,0.8468809073724007,0.0377773643340299,0.356358288266603,9.897489665605148,396.75,2026-09-01
2026-09-01,2026-09-01 20:00:00+00:00,2026-09-30,337.0,61.28,819193800,GLD   260930C00337000,0.07939767282683094,29,0.84940138626339,0.0377773643340299,0.3325175777324475,8.498101421010023,396.75,2026-09-01
2026-09-01,2026-09-01 20:00:00+00:00,2026-09-30,338.0,60.35,819193834,GLD   260930C00338000,0.07939767282683094,29,0.8519218651543793,0.0377773643340299,0.33511274000136193,9.210375180462933,396.75,2026-09-01
2026-09-01,2026-09-01 20:00:00+00:00,2026-09-30,339.0,59.5,819193860,GLD   260930C00339000,0.07939767282683094,29,0.8544423440453687,0.0377773643340299,0.34490439520804217,10.548711722768969,396.75,2026-09-01
2026-09-01,2026-09-01 20:00:00+00:00,2026-09-30,340.0,58.4,819193894,GLD   260930C00340000,0.07939767282683094,29,0.856962822936358,0.0377773643340299,0.3296749493784271,9.808050228172574,396.75,2026-09-01
2026-09-01,2026-09-01 20:00:00+00:00,2026-09-30,341.0,57.35,819193920,GLD   260930C00341000,0.07939767282683094,29,0.8594833018273472,0.0377773643340299,0.3191478434438818,9.441738068158484,396.75,2026-09-01
2026-09-01,2026-09-01 20:00:00+00:00,2026-09-30,342.0,56.4,819193950,GLD   260930C00342000,0.07939767282683094,29,0.8620037807183365,0.0377773643340299,0.31897523557012897,9.978715339191721,396.75,2026-09-01
2026-09-01,2026-09-01 20:00:00+00:00,2026-09-30,343.0,55.45,819193971,GLD   260930C00343000,0.07939767282683094,29,0.8645242596093258,0.0377773643340299,0.31850057788686836,10.507279606236208,396.75,2026-09-01
2026-09-01,2026-09-01 20:00:00+00:00,2026-09-30,344.0,54.7,819193993,GLD   260930C00344000,0.07939767282683094,29,0.867044738500315,0.0377773643340299,0.3347019790819845,12.566400694980208,396.75,2026-09-01
2026-09-01,2026-09-01 20:00:00+00:00,2026-09-30,345.0,53.6,819194020,GLD   260930C00345000,0.07939767282683094,29,0.8695652173913043,0.0377773643340299,0.32101887964094067,11.939855802741663,396.75,2026-09-01
2026-09-01,2026-09-01 20:00:00+00:00,2026-09-30,346.0,52.65,819194050,GLD   260930C00346000,0.07939767282683094,29,0.8720856962822936,0.0377773643340299,0.3196241588481703,12.43942293175094,396.75,2026-09-01
2026-09-01,2026-09-01 20:00:00+00:00,2026-09-30,347.0,51.6,819194073,GLD   260930C00347000,0.07939767282683094,29,0.8746061751732829,0.0377773643340299,0.31007192326048394,12.173511554362811,396.75,2026-09-01
2026-09-01,2026-09-01 20:00:00+00:00,2026-09-30,348.0,50.65,819194095,GLD   260930C00348000,0.07939767282683094,29,0.8771266540642723,0.0377773643340299,0.3086118947783486,12.68771896028054,396.75,2026-09-01
2026-09-01,2026-09-01 20:00:00+00:00,2026-09-30,349.0,49.58,819194117,GLD   260930C00349000,0.07939767282683094,29,0.8796471329552615,0.0377773643340299,0.2975323253721931,12.256898890667431,396.75,2026-09-01
2026-09-01,2026-09-01 20:00:00+00:00,2026-09-30,350.0,48.65,819194151,GLD   260930C00350000,0.07939767282683094,29,0.8821676118462508,0.0377773643340299,0.2976253533235751,12.949947412055998,396.75,2026-09-01
2026-09-01,2026-09-01 20:00:00+00:00,2026-09-30,351.0,47.93,819194172,GLD   260930C00351000,0.07939767282683094,29,0.8846880907372401,0.0377773643340299,0.31199509385256097,15.10050259213595,396.75,2026-09-01
2026-09-01,2026-09-01 20:00:00+00:00,2026-09-30,352.0,46.83,819194202,GLD   260930C00352000,0.07939767282683094,29,0.8872085696282294,0.0377773643340299,0.29960359191810715,14.580810679097572,396.75,2026-09-01
2026-09-01,2026-09-01 20:00:00+00:00,2026-09-30,353.0,45.7,819194231,GLD   260930C00353000,0.07939767282683094,29,0.8897290485192186,0.0377773643340299,0.2848711271273904,13.771084031636239,396.75,2026-09-01
2026-09-01,2026-09-01 20:00:00+00:00,2026-09-30,354.0,44.93,819194259,GLD   260930C00354000,0.07939767282683094,29,0.8922495274102079,0.0377773643340299,0.29493395941769696,15.598613082233678,396.75,2026-09-01
2026-09-01,2026-09-01 20:00:00+00:00,2026-09-30,355.0,43.85,819194287,GLD   260930C00355000,0.07939767282683094,29,0.8947700063011972,0.0377773643340299,0.2840898934974335,15.21725462590651,396.75,2026-09-01
2026-09-01,2026-09-01 20:00:00+00:00,2026-09-30,356.0,43.18,819194310,GLD   260930C00356000,0.07939767282683094,29,0.8972904851921865,0.0377773643340299,0.2984932820380667,17.538816529437156,396.75,2026-09-01
2026-09-01,2026-09-01 20:00:00+00:00,2026-09-30,357.0,41.88,819194340,GLD   260930C00357000,0.07939767282683094,29,0.8998109640831758,0.0377773643340299,0.2747623722393998,15.790878186945514,396.75,2026-09-01
2026-09-01,2026-09-01 20:00:00+00:00,2026-09-30,358.0,40.9,819194367,GLD   260930C00358000,0.07939767282683094,29,0.9023314429741651,0.0377773643340299,0.27036744646457955,16.123542645908717,396.75,2026-09-01
2026-09-01,2026-09-01 20:00:00+00:00,2026-09-30,359.0,40.13,819194397,GLD   260930C00359000,0.07939767282683094,29,0.9048519218651544,0.0377773643340299,0.27816576663972814,17.8554525581084,396.75,2026-09-01
2026-09-01,2026-09-01 20:00:00+00:00,2026-09-30,360.0,39.15,819194426,GLD   260930C00360000,0.07939767282683094,29,0.9073724007561437,0.0377773643340299,0.2734487307683565,18.197590690888198,396.75,2026-09-01
2026-09-01,2026-09-01 20:00:00+00:00,2026-09-30,361.0,38.23,819194451,GLD   260930C00361000,0.07939767282683094,29,0.909892879647133,0.0377773643340299,0.27189840771192686,18.91039810700108,396.75,2026-09-01
2026-09-01,2026-09-01 20:00:00+00:00,2026-09-30,362.0,37.33,819194479,GLD   260930C00362000,0.07939767282683094,29,0.9124133585381222,0.0377773643340299,0.27114995132442554,19.730042826452966,396.75,2026-09-01
2026-09-01,2026-09-01 20:00:00+00:00,2026-09-30,363.0,36.42,819194497,GLD   260930C00363000,0.07939767282683094,29,0.9149338374291115,0.0377773643340299,0.2696368478302844,20.480436552677585,396.75,2026-09-01
2026-09-01,2026-09-01 20:00:00+00:00,2026-09-30,364.0,35.48,819194531,GLD   260930C00364000,0.07939767282683094,29,0.9174543163201008,0.0377773643340299,0.26648301494894555,21.065014058781347,396.75,2026-09-01
2026-09-01,2026-09-01 20:00:00+00:00,2026-09-30,365.0,34.28,819194552,GLD   260930C00365000,0.07939767282683094,29,0.9199747952110902,0.0377773643340299,0.25079074830925085,20.21301741571149,396.75,2026-09-01
2026-09-01,2026-09-01 20:00:00+00:00,2026-09-30,366.0,33.38,819194570,GLD   260930C00366000,0.07939767282683094,29,0.9224952741020794,0.0377773643340299,0.24965359824942424,21.070874597983412,396.75,2026-09-01
2026-09-01,2026-09-01 20:00:00+00:00,2026-09-30,367.0,32.67,819194599,GLD   260930C00367000,0.07939767282683094,29,0.9250157529930687,0.0377773643340299,0.25673142443811514,22.887722626684884,396.75,2026-09-01
2026-09-01,2026-09-01 20:00:00+00:00,2026-09-30,368.0,31.6,819194626,GLD   260930C00368000,0.07939767282683094,29,0.927536231884058,0.0377773643340299,0.24747909666085616,22.84786937340691,396.75,2026-09-01
2026-09-01,2026-09-01 20:00:00+00:00,2026-09-30,369.0,30.83,819194646,GLD   260930C00369000,0.07939767282683094,29,0.9300567107750473,0.0377773643340299,0.2509894420065917,24.273298165448896,396.75,2026-09-01
2026-09-01,2026-09-01 20:00:00+00:00,2026-09-30,370.0,29.95,819194661,GLD   260930C00370000,0.07939767282683094,29,0.9325771896660365,0.0377773643340299,0.24948144671460615,25.139435751035062,396.75,2026-09-01
2026-09-01,2026-09-01 20:00:00+00:00,2026-09-30,371.0,29.08,819194683,GLD   260930C00371000,0.07939767282683094,29,0.9350976685570258,0.0377773643340299,0.24811194563275202,26.031706492522343,396.75,2026-09-01
2026-09-01,2026-09-01 20:00:00+00:00,2026-09-30,372.0,28.23,819194706,GLD   260930C00372000,0.07939767282683094,29,0.9376181474480151,0.0377773643340299,0.24722667603874582,26.982735791779856,396.75,2026-09-01
2026-09-01,2026-09-01 20:00:00+00:00,2026-09-30,373.0,27.38,819194724,GLD   260930C00373000,0.07939767282683094,29,0.9401386263390044,0.0377773643340299,0.24604897700501605,27.90908594708537,396.75,2026-09-01
2026-09-01,2026-09-01 20:00:00+00:00,2026-09-30,374.0,26.53,819194746,GLD   260930C00374000,0.07939767282683094,29,0.9426591052299937,0.0377773643340299,0.24459567719390618,28.813166562519474,396.75,2026-09-01
2026-09-01,2026-09-01 20:00:00+00:00,2026-09-30,375.0,25.7,819194762,GLD   260930C00375000,0.07939767282683094,29,0.945179584120983,0.0377773643340299,0.24355353876287122,29.758649121196246,396.75,2026-09-01
2026-09-01,2026-09-01 20:00:00+00:00,2026-09-30,376.0,24.85,819194779,GLD   260930C00376000,0.07939767282683094,29,0.9477000630119723,0.0377773643340299,0.2415696657794528,30.619959788751203,396.75,2026-09-01
2026-09-01,2026-09-01 20:00:00+00:00,2026-09-30,377.0,24.05,819194797,GLD   260930C00377000,0.07939767282683094,29,0.9502205419029616,0.0377773643340299,0.2409325421224348,31.597069248471506,396.75,2026-09-01
2026-09-01,2026-09-01 20:00:00+00:00,2026-09-30,378.0,23.23,819194817,GLD   260930C00378000,0.07939767282683094,29,0.9527410207939508,0.0377773643340299,0.23936237297886986,32.49000582352188,396.75,2026-09-01
2026-09-01,2026-09-01 20:00:00+00:00,2026-09-30,379.0,22.45,819194837,GLD   260930C00379000,0.07939767282683094,29,0.9552614996849401,0.0377773643340299,0.23872078371942046,33.446304220860696,396.75,2026-09-01
2026-09-01,2026-09-01 20:00:00+00:00,2026-09-30,380.0,21.7,819194854,GLD   260930C00380000,0.07939767282683094,29,0.9577819785759294,0.0377773643340299,0.2386303634190932,34.42268210804043,396.75,2026-09-01
2026-09-01,2026-09-01 20:00:00+00:00,2026-09-30,381.0,20.9,819194871,GLD   260930C00381000,0.07939767282683094,29,0.9603024574669187,0.0377773643340299,0.23677291960315783,35.26160702954509,396.75,2026-09-01
2026-09-01,2026-09-01 20:00:00+00:00,2026-09-30,382.0,20.18,819194895,GLD   260930C00382000,0.07939767282683094,29,0.962822936357908,0.0377773643340299,0.2368629580688663,36.20134751630907,396.75,2026-09-01
2026-09-01,2026-09-01 20:00:00+00:00,2026-09-30,383.0,19.48,819194914,GLD   260930C00383000,0.07939767282683094,29,0.9653434152488973,0.0377773643340299,0.2371320397186093,37.114347599297304,396.75,2026-09-01
2026-09-01,2026-09-01 20:00:00+00:00,2026-09-30,384.0,18.73,819194931,GLD   260930C00384000,0.07939767282683094,29,0.9678638941398866,0.0377773643340299,0.23571686749113724,37.90901829952015,396.75,2026-09-01
2026-09-01,2026-09-01 20:00:00+00:00,2026-09-30,385.0,18.0,819194945,GLD   260930C00385000,0.07939767282683094,29,0.9703843730308759,0.0377773643340299,0.23452322453381497,38.686433120289735,396.75,2026-09-01
2026-09-01,2026-09-01 20:00:00+00:00,2026-09-30,386.0,17.27,819194960,GLD   260930C00386000,0.07939767282683094,29,0.9729048519218652,0.0377773643340299,0.23302169249122956,39.4205732615887,396.75,2026-09-01
2026-09-01,2026-09-01 20:00:00+00:00,2026-09-30,387.0,16.65,819194982,GLD   260930C00387000,0.07939767282683094,29,0.9754253308128544,0.0377773643340299,0.233958882280346,40.1975821296814,396.75,2026-09-01
2026-09-01,2026-09-01 20:00:00+00:00,2026-09-30,388.0,16.0,819195005,GLD   260930C00388000,0.07939767282683094,29,0.9779458097038437,0.0377773643340299,0.23377577395457774,40.885368796958964,396.75,2026-09-01
2026-09-01,2026-09-01 20:00:00+00:00,2026-09-30,389.0,15.38,897212423,GLD   260930C00389000,0.07939767282683094,29,0.980466288594833,0.0377773643340299,0.23396866097180172,41.529386561493205,396.75,2026-09-01
2026-09-01,2026-09-01 20:00:00+00:00,2026-09-30,390.0,14.65,819195021,GLD   260930C00390000,0.07939767282683094,29,0.9829867674858223,0.0377773643340299,0.23119158710269255,42.06576530318538,396.75,2026-09-01
2026-09-01,2026-09-01 20:00:00+00:00,2026-09-30,391.0,14.08,897212438,GLD   260930C00391000,0.07939767282683094,29,0.9855072463768116,0.0377773643340299,0.23188834680803122,42.61142209464677,396.75,2026-09-01
2026-09-01,2026-09-01 20:00:00+00:00,2026-09-30,392.0,13.48,897212458,GLD   260930C00392000,0.07939767282683094,29,0.9880277252678009,0.0377773643340299,0.23152108243955294,43.08097830297281,396.75,2026-09-01
2026-09-01,2026-09-01 20:00:00+00:00,2026-09-30,393.0,12.85,897212475,GLD   260930C00393000,0.07939767282683094,29,0.9905482041587902,0.0377773643340299,0.23012073657093574,43.48349031764352,396.75,2026-09-01
2026-09-01,2026-09-01 20:00:00+00:00,2026-09-30,394.0,12.18,897212489,GLD   260930C00394000,0.07939767282683094,29,0.9930686830497795,0.0377773643340299,0.22748036880837758,43.82365361342331,396.75,2026-09-01
2026-09-01,2026-09-01 20:00:00+00:00,2026-09-30,395.0,11.63,819195045,GLD   260930C00395000,0.07939767282683094,29,0.9955891619407687,0.0377773643340299,0.22724424600536008,44.11448081286478,396.75,2026-09-01
2026-09-01,2026-09-01 20:00:00+00:00,2026-09-30,396.0,11.18,897212509,GLD   260930C00396000,0.07939767282683094,29,0.998109640831758,0.0377773643340299,0.2289128446632065,44.3398273292636,396.75,2026-09-01
2026-09-01,2026-09-01 20:00:00+00:00,2026-09-30,397.0,10.7,897212528,GLD   260930C00397000,0.07939767282683094,29,1.0006301197227474,0.0377773643340299,0.22954343987954784,44.4936276717209,396.75,2026-09-01
2026-09-01,2026-09-01 20:00:00+00:00,2026-09-30,398.0,10.18,897212544,GLD   260930C00398000,0.07939767282683094,29,1.0031505986137366,0.0377773643340299,0.22892594810975714,44.57954526490543,396.75,2026-09-01
2026-09-01,2026-09-01 20:00:00+00:00,2026-09-30,399.0,9.68,897212561,GLD   260930C00399000,0.07939767282683094,29,1.005671077504726,0.0377773643340299,0.22841122573064643,44.59775326803757,396.75,2026-09-01
2026-09-01,2026-09-01 20:00:00+00:00,2026-09-30,400.0,9.25,819195067,GLD   260930C00400000,0.07939767282683094,29,1.0081915563957151,0.0377773643340299,0.22912075826963407,44.54904161645604,396.75,2026-09-01
2026-09-01,2026-09-01 20:00:00+00:00,2026-09-30,401.0,8.8,897212574,GLD   260930C00401000,0.07939767282683094,29,1.0107120352867045,0.0377773643340299,0.22903838443541902,44.433610957497066,396.75,2026-09-01
2026-09-01,2026-09-01 20:00:00+00:00,2026-09-30,402.0,8.38,897212598,GLD   260930C00402000,0.07939767282683094,29,1.0132325141776937,0.0377773643340299,0.2292900507013313,44.25395928183713,396.75,2026-09-01
2026-09-01,2026-09-01 20:00:00+00:00,2026-09-30,403.0,7.95,897212612,GLD   260930C00403000,0.07939767282683094,29,1.015752993068683,0.0377773643340299,0.22897516752341762,44.00738976746566,396.75,2026-09-01
2026-09-01,2026-09-01 20:00:00+00:00,2026-09-30,404.0,7.55,897212629,GLD   260930C00404000,0.07939767282683094,29,1.0182734719596724,0.0377773643340299,0.22900175625113767,43.69988702972793,396.75,2026-09-01
2026-09-01,2026-09-01 20:00:00+00:00,2026-09-30,405.0,7.18,819195090,GLD   260930C00405000,0.07939767282683094,29,1.0207939508506616,0.0377773643340299,0.2293812812360935,43.336612219003115,396.75,2026-09-01
2026-09-01,2026-09-01 20:00:00+00:00,2026-09-30,406.0,6.78,897212646,GLD   260930C00406000,0.07939767282683094,29,1.023314429741651,0.0377773643340299,0.22873055122839286,42.89920628575103,396.75,2026-09-01
2026-09-01,2026-09-01 20:00:00+00:00,2026-09-30,407.0,6.45,897212663,GLD   260930C00407000,0.07939767282683094,29,1.0258349086326402,0.0377773643340299,0.22937817999394614,42.428628235809455,396.75,2026-09-01
2026-09-01,2026-09-01 20:00:00+00:00,2026-09-30,408.0,6.13,897212678,GLD   260930C00408000,0.07939767282683094,29,1.0283553875236295,0.0377773643340299,0.22994437554227193,41.9078060321262,396.75,2026-09-01
2026-09-01,2026-09-01 20:00:00+00:00,2026-09-30,409.0,5.83,897212696,GLD   260930C00409000,0.07939767282683094,29,1.0308758664146187,0.0377773643340299,0.23067592410659415,41.346603587123155,396.75,2026-09-01
2026-09-01,2026-09-01 20:00:00+00:00,2026-09-30,410.0,5.53,819195101,GLD   260930C00410000,0.07939767282683094,29,1.033396345305608,0.0377773643340299,0.23109753471696748,40.733270323623906,396.75,2026-09-01
2026-09-01,2026-09-01 20:00:00+00:00,2026-09-30,411.0,5.25,912704594,GLD   260930C00411000,0.07939767282683094,29,1.0359168241965973,0.0377773643340299,0.23170215586619453,40.0869903554694,396.75,2026-09-01
2026-09-01,2026-09-01 20:00:00+00:00,2026-09-30,412.0,4.98,912704691,GLD   260930C00412000,0.07939767282683094,29,1.0384373030875866,0.0377773643340299,0.23225398139460007,39.40273202806796,396.75,2026-09-01
2026-09-01,2026-09-01 20:00:00+00:00,2026-09-30,413.0,4.7,912704760,GLD   260930C00413000,0.07939767282683094,29,1.040957781978576,0.0377773643340299,0.23224207933014257,38.65566832963961,396.75,2026-09-01
2026-09-01,2026-09-01 20:00:00+00:00,2026-09-30,414.0,4.45,912704840,GLD   260930C00414000,0.07939767282683094,29,1.0434782608695652,0.0377773643340299,0.2326971610044129,37.900217435406795,396.75,2026-09-01
2026-09-01,2026-09-01 20:00:00+00:00,2026-09-30,415.0,4.22,819195125,GLD   260930C00415000,0.07939767282683094,29,1.0459987397605546,0.0377773643340299,0.23338778807325283,37.132561782386226,396.75,2026-09-01
2026-09-01,2026-09-01 20:00:00+00:00,2026-09-30,416.0,4.0,912704917,GLD   260930C00416000,0.07939767282683094,29,1.0485192186515437,0.0377773643340299,0.23406385886138303,36.34223262857375,396.75,2026-09-01
2026-09-01,2026-09-01 20:00:00+00:00,2026-09-30,417.0,3.78,912704987,GLD   260930C00417000,0.07939767282683094,29,1.0510396975425331,0.0377773643340299,0.23445318116387354,35.511462232468176,396.75,2026-09-01
2026-09-01,2026-09-01 20:00:00+00:00,2026-09-30,418.0,3.58,912705058,GLD   260930C00418000,0.07939767282683094,29,1.0535601764335223,0.0377773643340299,0.23512212747680022,34.68451328914766,396.75,2026-09-01
2026-09-01,2026-09-01 20:00:00+00:00,2026-09-30,419.0,3.38,912705126,GLD   260930C00419000,0.07939767282683094,29,1.0560806553245117,0.0377773643340299,0.235510797866527,33.82039451706376,396.75,2026-09-01
2026-09-01,2026-09-01 20:00:00+00:00,2026-09-30,420.0,3.2,819195147,GLD   260930C00420000,0.07939767282683094,29,1.0586011342155008,0.0377773643340299,0.23621466807750988,32.972094808026995,396.75,2026-09-01
2026-09-01,2026-09-01 20:00:00+00:00,2026-09-30,421.0,3.04,912705201,GLD   260930C00421000,0.07939767282683094,29,1.0611216131064902,0.0377773643340299,0.2372695188074373,32.15038587275401,396.75,2026-09-01
2026-09-01,2026-09-01 20:00:00+00:00,2026-09-30,422.0,2.88,912705269,GLD   260930C00422000,0.07939767282683094,29,1.0636420919974796,0.0377773643340299,0.23807570207016543,31.302130387744917,396.75,2026-09-01
2026-09-01,2026-09-01 20:00:00+00:00,2026-09-30,423.0,2.73,912705324,GLD   260930C00423000,0.07939767282683094,29,1.0661625708884688,0.0377773643340299,0.23895200320715088,30.45968256099169,396.75,2026-09-01
2026-09-01,2026-09-01 20:00:00+00:00,2026-09-30,424.0,2.6,912705411,GLD   260930C00424000,0.07939767282683094,29,1.0686830497794582,0.0377773643340299,0.24025280199674895,29.66442083607991,396.75,2026-09-01
2026-09-01,2026-09-01 20:00:00+00:00,2026-09-30,425.0,2.46,819195171,GLD   260930C00425000,0.07939767282683094,29,1.0712035286704473,0.0377773643340299,0.2409848069000058,28.81160442824571,396.75,2026-09-01
2026-09-01,2026-09-01 20:00:00+00:00,2026-09-30,426.0,2.33,912705456,GLD   260930C00426000,0.07939767282683094,29,1.0737240075614367,0.0377773643340299,0.24182295251423497,27.974799019319377,396.75,2026-09-01
2026-09-01,2026-09-01 20:00:00+00:00,2026-09-30,427.0,2.21,912705537,GLD   260930C00427000,0.07939767282683094,29,1.0762444864524259,0.0377773643340299,0.2427881652391516,27.159257240725278,396.75,2026-09-01
2026-09-01,2026-09-01 20:00:00+00:00,2026-09-30,428.0,2.09,912705615,GLD   260930C00428000,0.07939767282683094,29,1.0787649653434153,0.0377773643340299,0.24352362528005617,26.324245859278403,396.75,2026-09-01
2026-09-01,2026-09-01 20:00:00+00:00,2026-09-30,429.0,1.98,912705670,GLD   260930C00429000,0.07939767282683094,29,1.0812854442344046,0.0377773643340299,0.24441022663870832,25.51654647157038,396.75,2026-09-01
2026-09-01,2026-09-01 20:00:00+00:00,2026-09-30,430.0,1.85,819195191,GLD   260930C00430000,0.07939767282683094,29,1.0838059231253938,0.0377773643340299,0.2442574369129725,24.587473147561028,396.75,2026-09-01
2026-09-01,2026-09-01 20:00:00+00:00,2026-09-30,435.0,1.45,819195215,GLD   260930C00435000,0.07939767282683094,29,1.0964083175803403,0.0377773643340299,0.2507171659843065,21.05953943275326,396.75,2026-09-01
2026-09-01,2026-09-01 20:00:00+00:00,2026-09-30,440.0,1.12,819195239,GLD   260930C00440000,0.07939767282683094,29,1.1090107120352868,0.0377773643340299,0.25596673076627785,17.762944575829906,396.75,2026-09-01
2026-09-01,2026-09-01 20:00:00+00:00,2026-09-30,445.0,0.88,819195260,GLD   260930C00445000,0.07939767282683094,29,1.121613106490233,0.0377773643340299,0.2620796189647168,14.993055460084552,396.75,2026-09-01
2026-09-01,2026-09-01 20:00:00+00:00,2026-09-30,450.0,0.7,819195282,GLD   260930C00450000,0.07939767282683094,29,1.1342155009451795,0.0377773643340299,0.2685880226369016,12.667563154718643,396.75,2026-09-01
2026-09-01,2026-09-01 20:00:00+00:00,2026-09-30,455.0,0.56,821007666,GLD   260930C00455000,0.07939767282683094,29,1.146817895400126,0.0377773643340299,0.27505502984859054,10.692366895350373,396.75,2026-09-01
2026-09-01,2026-09-01 20:00:00+00:00,2026-09-30,460.0,0.47,821007725,GLD   260930C00460000,0.07939767282683094,29,1.1594202898550725,0.0377773643340299,0.2835969589741901,9.252925181300945,396.75,2026-09-01
2026-09-01,2026-09-01 20:00:00+00:00,2026-09-30,465.0,0.4,821007756,GLD   260930C00465000,0.07939767282683094,29,1.172022684310019,0.0377773643340299,0.29234265274712823,8.066454651881994,396.75,2026-09-01
2026-09-01,2026-09-01 20:00:00+00:00,2026-09-30,470.0,0.35,821007815,GLD   260930C00470000,0.07939767282683094,29,1.1846250787649653,0.0377773643340299,0.30196820989465345,7.150320081418645,396.75,2026-09-01
2026-09-01,2026-09-01 20:00:00+00:00,2026-09-30,475.0,0.37,822000539,GLD   260930C00475000,0.07939767282683094,29,1.1972274732199117,0.0377773643340299,0.320582954888884,7.137323908348496,396.75,2026-09-01
2026-09-01,2026-09-01 20:00:00+00:00,2026-10-02,320.0,78.35,910964943,GLD   261002C00320000,0.08487337440109514,31,0.8065532451165721,0.037788040014735604,0.4111670110458509,7.855372680863697,396.75,2026-09-01
2026-09-01,2026-09-01 20:00:00+00:00,2026-10-02,325.0,73.4,910964999,GLD   261002C00325000,0.08487337440109514,31,0.8191556395715186,0.037788040014735604,0.3905465679601766,8.51092391373502,396.75,2026-09-01
2026-09-01,2026-09-01 20:00:00+00:00,2026-10-02,330.0,68.55,910965054,GLD   261002C00330000,0.08487337440109514,31,0.831758034026465,0.037788040014735604,0.3800156203968451,10.002906483851914,396.75,2026-09-01
2026-09-01,2026-09-01 20:00:00+00:00,2026-10-02,335.0,63.43,910965099,GLD   261002C00335000,0.08487337440109514,31,0.8443604284814115,0.037788040014735604,0.3411366048553959,9.387289632533449,396.75,2026-09-01
2026-09-01,2026-09-01 20:00:00+00:00,2026-10-02,340.0,58.53,910965140,GLD   261002C00340000,0.08487337440109514,31,0.856962822936358,0.037788040014735604,0.3249407123231328,10.653869410733682,396.75,2026-09-01
2026-09-01,2026-09-01 20:00:00+00:00,2026-10-02,345.0,53.5,910965219,GLD   261002C00345000,0.08487337440109514,31,0.8695652173913043,0.037788040014735604,0.2960712631426753,10.858626598080756,396.75,2026-09-01
2026-09-01,2026-09-01 20:00:00+00:00,2026-10-02,346.0,52.68,910965269,GLD   261002C00346000,0.08487337440109514,31,0.8720856962822936,0.037788040014735604,0.3062241013030521,12.520763492539201,396.75,2026-09-01
2026-09-01,2026-09-01 20:00:00+00:00,2026-10-02,347.0,51.55,910965322,GLD   261002C00347000,0.08487337440109514,31,0.8746061751732829,0.037788040014735604,0.29015493595553565,11.5260895936801,396.75,2026-09-01
2026-09-01,2026-09-01 20:00:00+00:00,2026-10-02,348.0,50.78,910965385,GLD   261002C00348000,0.08487337440109514,31,0.8771266540642723,0.037788040014735604,0.3032031841211953,13.557608587619521,396.75,2026-09-01
2026-09-01,2026-09-01 20:00:00+00:00,2026-10-02,349.0,49.63,910965447,GLD   261002C00349000,0.08487337440109514,31,0.8796471329552615,0.037788040014735604,0.2863651156079955,12.470049455536122,396.75,2026-09-01
2026-09-01,2026-09-01 20:00:00+00:00,2026-10-02,350.0,48.65,910965504,GLD   261002C00350000,0.08487337440109514,31,0.8821676118462508,0.037788040014735604,0.28268956625489516,12.770570393902544,396.75,2026-09-01
2026-09-01,2026-09-01 20:00:00+00:00,2026-10-02,351.0,47.88,910965561,GLD   261002C00351000,0.08487337440109514,31,0.8846880907372401,0.037788040014735604,0.29406209128750493,14.737248457071246,396.75,2026-09-01
2026-09-01,2026-09-01 20:00:00+00:00,2026-10-02,352.0,46.75,910965603,GLD   261002C00352000,0.08487337440109514,31,0.8872085696282294,0.037788040014735604,0.2795984473814257,13.886107880921742,396.75,2026-09-01
2026-09-01,2026-09-01 20:00:00+00:00,2026-10-02,353.0,45.88,910965660,GLD   261002C00353000,0.08487337440109514,31,0.8897290485192186,0.037788040014735604,0.28320446558175616,15.054825363397626,396.75,2026-09-01
2026-09-01,2026-09-01 20:00:00+00:00,2026-10-02,354.0,44.83,910965702,GLD   261002C00354000,0.08487337440109514,31,0.8922495274102079,0.037788040014735604,0.27445451109325514,14.836477796056853,396.75,2026-09-01
2026-09-01,2026-09-01 20:00:00+00:00,2026-10-02,355.0,43.75,910965762,GLD   261002C00355000,0.08487337440109514,31,0.8947700063011972,0.037788040014735604,0.2636213693683036,14.350922547161058,396.75,2026-09-01
2026-09-01,2026-09-01 20:00:00+00:00,2026-10-02,356.0,43.23,910965830,GLD   261002C00356000,0.08487337440109514,31,0.8972904851921865,0.037788040014735604,0.2877948068640195,17.97211147129358,396.75,2026-09-01
2026-09-01,2026-09-01 20:00:00+00:00,2026-10-02,357.0,42.65,910965888,GLD   261002C00357000,0.08487337440109514,31,0.8998109640831758,0.037788040014735604,0.30383584217578175,20.503761616194538,396.75,2026-09-01
2026-09-01,2026-09-01 20:00:00+00:00,2026-10-02,358.0,41.23,910965939,GLD   261002C00358000,0.08487337440109514,31,0.9023314429741651,0.037788040014735604,0.2764888188419864,18.388245520649605,396.75,2026-09-01
2026-09-01,2026-09-01 20:00:00+00:00,2026-10-02,359.0,40.25,910966002,GLD   261002C00359000,0.08487337440109514,31,0.9048519218651544,0.037788040014735604,0.27190633310852574,18.731449647310633,396.75,2026-09-01
2026-09-01,2026-09-01 20:00:00+00:00,2026-10-02,360.0,39.33,910966059,GLD   261002C00360000,0.08487337440109514,31,0.9073724007561437,0.037788040014735604,0.27040421434445305,19.44870618571194,396.75,2026-09-01
2026-09-01,2026-09-01 20:00:00+00:00,2026-10-02,361.0,38.33,910966105,GLD   261002C00361000,0.08487337440109514,31,0.909892879647133,0.037788040014735604,0.2646836612167769,19.685924701008837,396.75,2026-09-01
2026-09-01,2026-09-01 20:00:00+00:00,2026-10-02,362.0,37.4,910966148,GLD   261002C00362000,0.08487337440109514,31,0.9124133585381222,0.037788040014735604,0.26243530722511943,20.34948428211646,396.75,2026-09-01
2026-09-01,2026-09-01 20:00:00+00:00,2026-10-02,363.0,36.58,910966200,GLD   261002C00363000,0.08487337440109514,31,0.9149338374291115,0.037788040014735604,0.26518812528289865,21.61805667977474,396.75,2026-09-01
2026-09-01,2026-09-01 20:00:00+00:00,2026-10-02,364.0,35.67,910966247,GLD   261002C00364000,0.08487337440109514,31,0.9174543163201008,0.037788040014735604,0.2633713142582216,22.364497679017294,396.75,2026-09-01
2026-09-01,2026-09-01 20:00:00+00:00,2026-10-02,365.0,34.75,910966289,GLD   261002C00365000,0.08487337440109514,31,0.9199747952110902,0.037788040014735604,0.26092951912349105,23.054984627365513,396.75,2026-09-01
2026-09-01,2026-09-01 20:00:00+00:00,2026-10-02,366.0,33.85,910966340,GLD   261002C00366000,0.08487337440109514,31,0.9224952741020794,0.037788040014735604,0.2591717294865288,23.839319146056052,396.75,2026-09-01
2026-09-01,2026-09-01 20:00:00+00:00,2026-10-02,367.0,32.95,910966391,GLD   261002C00367000,0.08487337440109514,31,0.9250157529930687,0.037788040014735604,0.2572126152185724,24.615390549072366,396.75,2026-09-01
2026-09-01,2026-09-01 20:00:00+00:00,2026-10-02,368.0,32.1,910966452,GLD   261002C00368000,0.08487337440109514,31,0.927536231884058,0.037788040014735604,0.25702296913908795,25.599989594643414,396.75,2026-09-01
2026-09-01,2026-09-01 20:00:00+00:00,2026-10-02,369.0,31.18,910966500,GLD   261002C00369000,0.08487337440109514,31,0.9300567107750473,0.037788040014735604,0.25387138070026416,26.271831765400464,396.75,2026-09-01
2026-09-01,2026-09-01 20:00:00+00:00,2026-10-02,370.0,30.35,910966554,GLD   261002C00370000,0.08487337440109514,31,0.9325771896660365,0.037788040014735604,0.2539047586337664,27.296813464526487,396.75,2026-09-01
2026-09-01,2026-09-01 20:00:00+00:00,2026-10-02,371.0,29.43,910966602,GLD   261002C00371000,0.08487337440109514,31,0.9350976685570258,0.037788040014735604,0.250408783307951,27.960292574814602,396.75,2026-09-01
2026-09-01,2026-09-01 20:00:00+00:00,2026-10-02,372.0,28.6,910966662,GLD   261002C00372000,0.08487337440109514,31,0.9376181474480151,0.037788040014735604,0.24991368350302806,28.942534777015393,396.75,2026-09-01
2026-09-01,2026-09-01 20:00:00+00:00,2026-10-02,373.0,27.75,910966714,GLD   261002C00373000,0.08487337440109514,31,0.9401386263390044,0.037788040014735604,0.24845251417355618,29.830626819961832,396.75,2026-09-01
2026-09-01,2026-09-01 20:00:00+00:00,2026-10-02,374.0,26.9,910966767,GLD   261002C00374000,0.08487337440109514,31,0.9426591052299937,0.037788040014735604,0.24675165514694525,30.700106313591327,396.75,2026-09-01
2026-09-01,2026-09-01 20:00:00+00:00,2026-10-02,375.0,26.08,910966832,GLD   261002C00375000,0.08487337440109514,31,0.945179584120983,0.037788040014735604,0.24577072201138356,31.637355593170874,396.75,2026-09-01
2026-09-01,2026-09-01 20:00:00+00:00,2026-10-02,376.0,25.25,910966895,GLD   261002C00376000,0.08487337440109514,31,0.9477000630119723,0.037788040014735604,0.24421015461152418,32.521074575830944,396.75,2026-09-01
2026-09-01,2026-09-01 20:00:00+00:00,2026-10-02,377.0,24.45,910966950,GLD   261002C00377000,0.08487337440109514,31,0.9502205419029616,0.037788040014735604,0.24330364197446036,33.45570493682724,396.75,2026-09-01
2026-09-01,2026-09-01 20:00:00+00:00,2026-10-02,378.0,23.63,910967006,GLD   261002C00378000,0.08487337440109514,31,0.9527410207939508,0.037788040014735604,0.2415339782121592,34.314586388568515,396.75,2026-09-01
2026-09-01,2026-09-01 20:00:00+00:00,2026-10-02,379.0,22.88,910967062,GLD   261002C00379000,0.08487337440109514,31,0.9552614996849401,0.037788040014735604,0.2415115198174492,35.29302008197364,396.75,2026-09-01
2026-09-01,2026-09-01 20:00:00+00:00,2026-10-02,380.0,21.98,910967116,GLD   261002C00380000,0.08487337440109514,31,0.9577819785759294,0.037788040014735604,0.23700287717403845,35.94761671374135,396.75,2026-09-01
2026-09-01,2026-09-01 20:00:00+00:00,2026-10-02,381.0,21.35,910967168,GLD   261002C00381000,0.08487337440109514,31,0.9603024574669187,0.037788040014735604,0.2396860849182122,37.06407783779417,396.75,2026-09-01
2026-09-01,2026-09-01 20:00:00+00:00,2026-10-02,382.0,20.63,910967228,GLD   261002C00382000,0.08487337440109514,31,0.962822936357908,0.037788040014735604,0.2395319261756726,37.95997398739507,396.75,2026-09-01
2026-09-01,2026-09-01 20:00:00+00:00,2026-10-02,383.0,19.88,910967282,GLD   261002C00383000,0.08487337440109514,31,0.9653434152488973,0.037788040014735604,0.23828171581653876,38.768428559196295,396.75,2026-09-01
2026-09-01,2026-09-01 20:00:00+00:00,2026-10-02,384.0,19.18,910967337,GLD   261002C00384000,0.08487337440109514,31,0.9678638941398866,0.037788040014735604,0.23801702992143114,39.59606415754354,396.75,2026-09-01
2026-09-01,2026-09-01 20:00:00+00:00,2026-10-02,385.0,18.45,910967394,GLD   261002C00385000,0.08487337440109514,31,0.9703843730308759,0.037788040014735604,0.2366905271428637,40.34398107926668,396.75,2026-09-01
2026-09-01,2026-09-01 20:00:00+00:00,2026-10-02,386.0,17.77,910967457,GLD   261002C00386000,0.08487337440109514,31,0.9729048519218652,0.037788040014735604,0.23630045048417525,41.09381089732234,396.75,2026-09-01
2026-09-01,2026-09-01 20:00:00+00:00,2026-10-02,387.0,17.08,910967525,GLD   261002C00387000,0.08487337440109514,31,0.9754253308128544,0.037788040014735604,0.23535580095043407,41.784591672800396,396.75,2026-09-01
2026-09-01,2026-09-01 20:00:00+00:00,2026-10-02,388.0,16.42,910967582,GLD   261002C00388000,0.08487337440109514,31,0.9779458097038437,0.037788040014735604,0.23481944438060742,42.44522234370378,396.75,2026-09-01
2026-09-01,2026-09-01 20:00:00+00:00,2026-10-02,389.0,15.78,910967630,GLD   261002C00389000,0.08487337440109514,31,0.980466288594833,0.037788040014735604,0.2344350952412002,43.06199169475547,396.75,2026-09-01
2026-09-01,2026-09-01 20:00:00+00:00,2026-10-02,390.0,15.15,910569075,GLD   261002C00390000,0.08487337440109514,31,0.9829867674858223,0.037788040014735604,0.2339626633743755,43.62644149732208,396.75,2026-09-01
2026-09-01,2026-09-01 20:00:00+00:00,2026-10-02,391.0,14.48,910569141,GLD   261002C00391000,0.08487337440109514,31,0.9855072463768116,0.037788040014735604,0.2322681558406911,44.12264228771658,396.75,2026-09-01
2026-09-01,2026-09-01 20:00:00+00:00,2026-10-02,392.0,13.88,910569204,GLD   261002C00392000,0.08487337440109514,31,0.9880277252678009,0.037788040014735604,0.23185233794087545,44.584296579898464,396.75,2026-09-01
2026-09-01,2026-09-01 20:00:00+00:00,2026-10-02,393.0,13.3,910569261,GLD   261002C00393000,0.08487337440109514,31,0.9905482041587902,0.037788040014735604,0.23156141721354795,44.989005745125574,396.75,2026-09-01
2026-09-01,2026-09-01 20:00:00+00:00,2026-10-02,394.0,12.75,910569335,GLD   261002C00394000,0.08487337440109514,31,0.9930686830497795,0.037788040014735604,0.23161017097523434,45.33492802610134,396.75,2026-09-01
2026-09-01,2026-09-01 20:00:00+00:00,2026-10-02,395.0,12.2,910569393,GLD   261002C00395000,0.08487337440109514,31,0.9955891619407687,0.037788040014735604,0.2313326237726025,45.617148460437654,396.75,2026-09-01
2026-09-01,2026-09-01 20:00:00+00:00,2026-10-02,396.0,11.68,910569454,GLD   261002C00396000,0.08487337440109514,31,0.998109640831758,0.037788040014735604,0.23138777559241275,45.83699522262859,396.75,2026-09-01
2026-09-01,2026-09-01 20:00:00+00:00,2026-10-02,397.0,11.18,910569507,GLD   261002C00397000,0.08487337440109514,31,1.0006301197227474,0.037788040014735604,0.23155376189509408,45.99271934092288,396.75,2026-09-01
2026-09-01,2026-09-01 20:00:00+00:00,2026-10-02,398.0,10.73,910569566,GLD   261002C00398000,0.08487337440109514,31,1.0031505986137366,0.037788040014735604,0.23248165727080777,46.08399972973806,396.75,2026-09-01
2026-09-01,2026-09-01 20:00:00+00:00,2026-10-02,399.0,10.23,910569624,GLD   261002C00399000,0.08487337440109514,31,1.005671077504726,0.037788040014735604,0.23200312070660295,46.111734896599735,396.75,2026-09-01
2026-09-01,2026-09-01 20:00:00+00:00,2026-10-02,400.0,9.78,910569686,GLD   261002C00400000,0.08487337440109514,31,1.0081915563957151,0.037788040014735604,0.2322904512572102,46.07623150627359,396.75,2026-09-01
2026-09-01,2026-09-01 20:00:00+00:00,2026-10-02,401.0,9.33,910569745,GLD   261002C00401000,0.08487337440109514,31,1.0107120352867045,0.037788040014735604,0.23226096617421133,45.97805836272099,396.75,2026-09-01
2026-09-01,2026-09-01 20:00:00+00:00,2026-10-02,402.0,8.85,910569803,GLD   261002C00402000,0.08487337440109514,31,1.0132325141776937,0.037788040014735604,0.23125996343856675,45.81410207283644,396.75,2026-09-01
2026-09-01,2026-09-01 20:00:00+00:00,2026-10-02,403.0,8.48,910569853,GLD   261002C00403000,0.08487337440109514,31,1.015752993068683,0.037788040014735604,0.23234638537233687,45.59817539752661,396.75,2026-09-01
2026-09-01,2026-09-01 20:00:00+00:00,2026-10-02,404.0,8.07,910569929,GLD   261002C00404000,0.08487337440109514,31,1.0182734719596724,0.037788040014735604,0.23224796517109497,45.317669069883536,396.75,2026-09-01
2026-09-01,2026-09-01 20:00:00+00:00,2026-10-02,405.0,7.65,910569983,GLD   261002C00405000,0.08487337440109514,31,1.0207939508506616,0.037788040014735604,0.23161269480893387,44.97202712226316,396.75,2026-09-01
2026-09-01,2026-09-01 20:00:00+00:00,2026-10-02,406.0,7.33,910570050,GLD   261002C00406000,0.08487337440109514,31,1.023314429741651,0.037788040014735604,0.23289708402296527,44.59691696832957,396.75,2026-09-01
2026-09-01,2026-09-01 20:00:00+00:00,2026-10-02,407.0,6.98,910570113,GLD   261002C00407000,0.08487337440109514,31,1.0258349086326402,0.037788040014735604,0.23321609287736939,44.15834394545924,396.75,2026-09-01
2026-09-01,2026-09-01 20:00:00+00:00,2026-10-02,408.0,6.63,910570167,GLD   261002C00408000,0.08487337440109514,31,1.0283553875236295,0.037788040014735604,0.23323351757423955,43.66347748663783,396.75,2026-09-01
2026-09-01,2026-09-01 20:00:00+00:00,2026-10-02,409.0,6.3,910570227,GLD   261002C00409000,0.08487337440109514,31,1.0308758664146187,0.037788040014735604,0.2334079135515727,43.12405750916856,396.75,2026-09-01
2026-09-01,2026-09-01 20:00:00+00:00,2026-10-02,410.0,5.98,910570299,GLD   261002C00410000,0.08487337440109514,31,1.033396345305608,0.037788040014735604,0.23351613107034935,42.53718403158066,396.75,2026-09-01
2026-09-01,2026-09-01 20:00:00+00:00,2026-10-02,411.0,5.68,910570350,GLD   261002C00411000,0.08487337440109514,31,1.0359168241965973,0.037788040014735604,0.23380008564414456,41.91403935735225,396.75,2026-09-01
2026-09-01,2026-09-01 20:00:00+00:00,2026-10-02,412.0,5.43,910570408,GLD   261002C00412000,0.08487337440109514,31,1.0384373030875866,0.037788040014735604,0.23500145842423664,41.29324513529123,396.75,2026-09-01
2026-09-01,2026-09-01 20:00:00+00:00,2026-10-02,413.0,5.13,910570476,GLD   261002C00413000,0.08487337440109514,31,1.040957781978576,0.037788040014735604,0.23471034212308006,40.57190016148644,396.75,2026-09-01
2026-09-01,2026-09-01 20:00:00+00:00,2026-10-02,414.0,4.88,910570547,GLD   261002C00414000,0.08487337440109514,31,1.0434782608695652,0.037788040014735604,0.23536389398174362,39.863894642386384,396.75,2026-09-01
2026-09-01,2026-09-01 20:00:00+00:00,2026-10-02,415.0,4.63,910570604,GLD   261002C00415000,0.08487337440109514,31,1.0459987397605546,0.037788040014735604,0.23574454584447666,39.11328612429118,396.75,2026-09-01
2026-09-01,2026-09-01 20:00:00+00:00,2026-10-02,416.0,4.43,910570666,GLD   261002C00416000,0.08487337440109514,31,1.0485192186515437,0.037788040014735604,0.2371478532596491,38.40450953894517,396.75,2026-09-01
2026-09-01,2026-09-01 20:00:00+00:00,2026-10-02,417.0,4.18,910570736,GLD   261002C00417000,0.08487337440109514,31,1.0510396975425331,0.037788040014735604,0.23698613232905047,37.57140992814576,396.75,2026-09-01
2026-09-01,2026-09-01 20:00:00+00:00,2026-10-02,418.0,3.97,910570790,GLD   261002C00418000,0.08487337440109514,31,1.0535601764335223,0.037788040014735604,0.23761330965990202,36.77285114450591,396.75,2026-09-01
2026-09-01,2026-09-01 20:00:00+00:00,2026-10-02,419.0,3.78,912707067,GLD   261002C00419000,0.08487337440109514,31,1.0560806553245117,0.037788040014735604,0.23853533782074232,35.98348278231304,396.75,2026-09-01
2026-09-01,2026-09-01 20:00:00+00:00,2026-10-02,420.0,3.58,910967821,GLD   261002C00420000,0.08487337440109514,31,1.0586011342155008,0.037788040014735604,0.23892867404324936,35.138393821328656,396.75,2026-09-01
2026-09-01,2026-09-01 20:00:00+00:00,2026-10-02,421.0,3.38,912707154,GLD   261002C00421000,0.08487337440109514,31,1.0611216131064902,0.037788040014735604,0.23905531275412067,34.256144377547166,396.75,2026-09-01
2026-09-01,2026-09-01 20:00:00+00:00,2026-10-02,422.0,3.23,912707227,GLD   261002C00422000,0.08487337440109514,31,1.0636420919974796,0.037788040014735604,0.2403997710728087,33.48001540738375,396.75,2026-09-01
2026-09-01,2026-09-01 20:00:00+00:00,2026-10-02,423.0,3.08,912707295,GLD   261002C00423000,0.08487337440109514,31,1.0661625708884688,0.037788040014735604,0.24153156147841368,32.68318329750728,396.75,2026-09-01
2026-09-01,2026-09-01 20:00:00+00:00,2026-10-02,424.0,2.9,912707361,GLD   261002C00424000,0.08487337440109514,31,1.0686830497794582,0.037788040014735604,0.24150145707828924,31.764658334243546,396.75,2026-09-01
2026-09-01,2026-09-01 20:00:00+00:00,2026-10-02,425.0,2.74,910967884,GLD   261002C00425000,0.08487337440109514,31,1.0712035286704473,0.037788040014735604,0.24183832834241914,30.879516405961404,396.75,2026-09-01
2026-09-01,2026-09-01 20:00:00+00:00,2026-10-02,426.0,2.6,912707434,GLD   261002C00426000,0.08487337440109514,31,1.0737240075614367,0.037788040014735604,0.24258431211793802,30.039548613979015,396.75,2026-09-01
2026-09-01,2026-09-01 20:00:00+00:00,2026-10-02,427.0,2.49,912707506,GLD   261002C00427000,0.08487337440109514,31,1.0762444864524259,0.037788040014735604,0.24412600198676815,29.296418555813535,396.75,2026-09-01
2026-09-01,2026-09-01 20:00:00+00:00,2026-10-02,428.0,2.36,912707577,GLD   261002C00428000,0.08487337440109514,31,1.0787649653434153,0.037788040014735604,0.24478377265231688,28.456911127897406,396.75,2026-09-01
2026-09-01,2026-09-01 20:00:00+00:00,2026-10-02,429.0,2.25,912707643,GLD   261002C00429000,0.08487337440109514,31,1.0812854442344046,0.037788040014735604,0.24593604708826167,27.68411047753472,396.75,2026-09-01
2026-09-01,2026-09-01 20:00:00+00:00,2026-10-02,430.0,2.15,910967941,GLD   261002C00430000,0.08487337440109514,31,1.0838059231253938,0.037788040014735604,0.2472638071271591,26.943081303583316,396.75,2026-09-01
2026-09-01,2026-09-01 20:00:00+00:00,2026-10-02,431.0,2.03,917783458,GLD   261002C00431000,0.08487337440109514,31,1.0863264020163832,0.037788040014735604,0.24764443105077372,26.092574450917876,396.75,2026-09-01
2026-09-01,2026-09-01 20:00:00+00:00,2026-10-02,432.0,1.92,917783529,GLD   261002C00432000,0.08487337440109514,31,1.0888468809073724,0.037788040014735604,0.24818260366329925,25.2706734993701,396.75,2026-09-01
2026-09-01,2026-09-01 20:00:00+00:00,2026-10-02,433.0,1.84,917783591,GLD   261002C00433000,0.08487337440109514,31,1.0913673597983617,0.037788040014735604,0.24971928311688824,24.590921492349146,396.75,2026-09-01
2026-09-01,2026-09-01 20:00:00+00:00,2026-10-02,434.0,1.76,917783647,GLD   261002C00434000,0.08487337440109514,31,1.093887838689351,0.037788040014735604,0.25109662577798597,23.904113972011945,396.75,2026-09-01
2026-09-01,2026-09-01 20:00:00+00:00,2026-10-02,435.0,1.67,910967996,GLD   261002C00435000,0.08487337440109514,31,1.0964083175803403,0.037788040014735604,0.25187760795587677,23.151315375875864,396.75,2026-09-01
2026-09-01,2026-09-01 20:00:00+00:00,2026-10-02,440.0,1.32,910968055,GLD   261002C00440000,0.08487337440109514,31,1.1090107120352868,0.037788040014735604,0.25765035135680814,19.854272283509918,396.75,2026-09-01
2026-09-01,2026-09-01 20:00:00+00:00,2026-10-02,445.0,1.05,910968107,GLD   261002C00445000,0.08487337440109514,31,1.121613106490233,0.037788040014735604,0.2635914745115675,16.95997385775564,396.75,2026-09-01
2026-09-01,2026-09-01 20:00:00+00:00,2026-10-02,450.0,0.85,910968165,GLD   261002C00450000,0.08487337440109514,31,1.1342155009451795,0.037788040014735604,0.27028477926962075,14.540194469847316,396.75,2026-09-01
2026-09-01,2026-09-01 20:00:00+00:00,2026-10-02,455.0,0.72,910968206,GLD   261002C00455000,0.08487337440109514,31,1.146817895400126,0.037788040014735604,0.27915227828593925,12.731192815883409,396.75,2026-09-01
2026-09-01,2026-09-01 20:00:00+00:00,2026-10-02,460.0,0.6,910968273,GLD   261002C00460000,0.08487337440109514,31,1.1594202898550725,0.037788040014735604,0.2865982861774973,11.02944934469133,396.75,2026-09-01
2026-09-01,2026-09-01 20:00:00+00:00,2026-10-02,465.0,0.51,910968335,GLD   261002C00465000,0.08487337440109514,31,1.172022684310019,0.037788040014735604,0.2946742559987121,9.649564764451068,396.75,2026-09-01
2026-09-01,2026-09-01 20:00:00+00:00,2026-10-02,470.0,0.42,910968380,GLD   261002C00470000,0.08487337440109514,31,1.1846250787649653,0.037788040014735604,0.3006989776523785,8.274020145772619,396.75,2026-09-01
2026-09-01,2026-09-01 20:00:00+00:00,2026-10-02,475.0,0.37,910968440,GLD   261002C00475000,0.08487337440109514,31,1.1972274732199117,0.037788040014735604,0.30976916565997537,7.384433533944261,396.75,2026-09-01
2026-09-01,2026-09-01 20:00:00+00:00,2026-10-09,320.0,78.68,918881252,GLD   261009C00320000,0.10403832991101986,38,0.8065532451165721,0.037920892930184295,0.38285153870591904,9.487228115887527,396.75,2026-09-01
2026-09-01,2026-09-01 20:00:00+00:00,2026-10-09,325.0,73.85,918881299,GLD   261009C00325000,0.10403832991101986,38,0.8191556395715186,0.037920892930184295,0.3743653388085775,11.137040235831778,396.75,2026-09-01
2026-09-01,2026-09-01 20:00:00+00:00,2026-10-09,330.0,68.95,918881350,GLD   261009C00330000,0.10403832991101986,38,0.831758034026465,0.037920892930184295,0.3578305308000185,12.283892197898838,396.75,2026-09-01
2026-09-01,2026-09-01 20:00:00+00:00,2026-10-09,335.0,64.05,918881402,GLD   261009C00335000,0.10403832991101986,38,0.8443604284814115,0.037920892930184295,0.3405059397912584,13.497439282465132,396.75,2026-09-01
2026-09-01,2026-09-01 20:00:00+00:00,2026-10-09,340.0,59.15,918881453,GLD   261009C00340000,0.10403832991101986,38,0.856962822936358,0.037920892930184295,0.32245435429448255,14.791138706793538,396.75,2026-09-01
2026-09-01,2026-09-01 20:00:00+00:00,2026-10-09,345.0,54.28,918881488,GLD   261009C00345000,0.10403832991101986,38,0.8695652173913043,0.037920892930184295,0.30555738080656136,16.391553564252234,396.75,2026-09-01
2026-09-01,2026-09-01 20:00:00+00:00,2026-10-09,350.0,49.5,918881533,GLD   261009C00350000,0.10403832991101986,38,0.8821676118462508,0.037920892930184295,0.29255349996099256,18.691176435971283,396.75,2026-09-01
2026-09-01,2026-09-01 20:00:00+00:00,2026-10-09,355.0,44.78,918881569,GLD   261009C00355000,0.10403832991101986,38,0.8947700063011972,0.037920892930184295,0.28041717530833554,21.41552533864879,396.75,2026-09-01
2026-09-01,2026-09-01 20:00:00+00:00,2026-10-09,360.0,40.17,918881619,GLD   261009C00360000,0.10403832991101986,38,0.9073724007561437,0.037920892930184295,0.2704172246606089,24.753306097342886,396.75,2026-09-01
2026-09-01,2026-09-01 20:00:00+00:00,2026-10-09,365.0,35.67,918881668,GLD   261009C00365000,0.10403832991101986,38,0.9199747952110902,0.037920892930184295,0.2612071687695571,28.525846054914055,396.75,2026-09-01
2026-09-01,2026-09-01 20:00:00+00:00,2026-10-09,370.0,31.33,918881719,GLD   261009C00370000,0.10403832991101986,38,0.9325771896660365,0.037920892930184295,0.25337152193216617,32.720365118084075,396.75,2026-09-01
2026-09-01,2026-09-01 20:00:00+00:00,2026-10-09,371.0,30.45,918881768,GLD   261009C00371000,0.10403832991101986,38,0.9350976685570258,0.037920892930184295,0.2509256383731031,33.489016567842356,396.75,2026-09-01
2026-09-01,2026-09-01 20:00:00+00:00,2026-10-09,372.0,29.65,918881819,GLD   261009C00372000,0.10403832991101986,38,0.9376181474480151,0.037920892930184295,0.25066376035939897,34.48285184955147,396.75,2026-09-01
2026-09-01,2026-09-01 20:00:00+00:00,2026-10-09,373.0,28.83,918881872,GLD   261009C00373000,0.10403832991101986,38,0.9401386263390044,0.037920892930184295,0.24958253044513987,35.39138855426792,396.75,2026-09-01
2026-09-01,2026-09-01 20:00:00+00:00,2026-10-09,374.0,27.9,918881917,GLD   261009C00374000,0.10403832991101986,38,0.9426591052299937,0.037920892930184295,0.24524459115890787,35.99883208679712,396.75,2026-09-01
2026-09-01,2026-09-01 20:00:00+00:00,2026-10-09,375.0,27.18,918881982,GLD   261009C00375000,0.10403832991101986,38,0.945179584120983,0.037920892930184295,0.24652040306357667,37.1189696556054,396.75,2026-09-01
2026-09-01,2026-09-01 20:00:00+00:00,2026-10-09,376.0,26.38,918882047,GLD   261009C00376000,0.10403832991101986,38,0.9477000630119723,0.037920892930184295,0.24535664564995094,38.00871050133473,396.75,2026-09-01
2026-09-01,2026-09-01 20:00:00+00:00,2026-10-09,377.0,25.5,918882098,GLD   261009C00377000,0.10403832991101986,38,0.9502205419029616,0.037920892930184295,0.2419156358831563,38.71143003392606,396.75,2026-09-01
2026-09-01,2026-09-01 20:00:00+00:00,2026-10-09,378.0,24.83,918882146,GLD   261009C00378000,0.10403832991101986,38,0.9527410207939508,0.037920892930184295,0.24364885772196573,39.805113061220034,396.75,2026-09-01
2026-09-01,2026-09-01 20:00:00+00:00,2026-10-09,379.0,24.08,918882188,GLD   261009C00379000,0.10403832991101986,38,0.9552614996849401,0.037920892930184295,0.24306495342906573,40.69842955482666,396.75,2026-09-01
2026-09-01,2026-09-01 20:00:00+00:00,2026-10-09,380.0,23.4,918882222,GLD   261009C00380000,0.10403832991101986,38,0.9577819785759294,0.037920892930184295,0.24391924319723624,41.65870759598115,396.75,2026-09-01
2026-09-01,2026-09-01 20:00:00+00:00,2026-10-09,381.0,22.63,918882268,GLD   261009C00381000,0.10403832991101986,38,0.9603024574669187,0.037920892930184295,0.24235235224356882,42.444411699140964,396.75,2026-09-01
2026-09-01,2026-09-01 20:00:00+00:00,2026-10-09,382.0,21.88,918882315,GLD   261009C00382000,0.10403832991101986,38,0.962822936357908,0.037920892930184295,0.2410394790982828,43.226608336744185,396.75,2026-09-01
2026-09-01,2026-09-01 20:00:00+00:00,2026-10-09,383.0,21.18,918882359,GLD   261009C00383000,0.10403832991101986,38,0.9653434152488973,0.037920892930184295,0.24064240369042383,44.03006975878089,396.75,2026-09-01
2026-09-01,2026-09-01 20:00:00+00:00,2026-10-09,384.0,20.48,918882402,GLD   261009C00384000,0.10403832991101986,38,0.9678638941398866,0.037920892930184295,0.23999182269135494,44.79004209473784,396.75,2026-09-01
2026-09-01,2026-09-01 20:00:00+00:00,2026-10-09,385.0,19.77,918882438,GLD   261009C00385000,0.10403832991101986,38,0.9703843730308759,0.037920892930184295,0.23887585513982926,45.50009031477389,396.75,2026-09-01
2026-09-01,2026-09-01 20:00:00+00:00,2026-10-09,386.0,19.08,918882478,GLD   261009C00386000,0.10403832991101986,38,0.9729048519218652,0.037920892930184295,0.23796008068500088,46.185662844382016,396.75,2026-09-01
2026-09-01,2026-09-01 20:00:00+00:00,2026-10-09,387.0,18.43,918882518,GLD   261009C00387000,0.10403832991101986,38,0.9754253308128544,0.037920892930184295,0.23765763041479515,46.85294529875018,396.75,2026-09-01
2026-09-01,2026-09-01 20:00:00+00:00,2026-10-09,388.0,17.8,918882548,GLD   261009C00388000,0.10403832991101986,38,0.9779458097038437,0.037920892930184295,0.23751824215287348,47.480991298060694,396.75,2026-09-01
2026-09-01,2026-09-01 20:00:00+00:00,2026-10-09,389.0,17.15,918882590,GLD   261009C00389000,0.10403832991101986,38,0.980466288594833,0.037920892930184295,0.23670062247766183,48.04975683844518,396.75,2026-09-01
2026-09-01,2026-09-01 20:00:00+00:00,2026-10-09,390.0,16.48,918882620,GLD   261009C00390000,0.10403832991101986,38,0.9829867674858223,0.037920892930184295,0.23522446846766393,48.565330699448886,396.75,2026-09-01
2026-09-01,2026-09-01 20:00:00+00:00,2026-10-09,391.0,15.9,918882668,GLD   261009C00391000,0.10403832991101986,38,0.9855072463768116,0.037920892930184295,0.23534770791912452,49.059796626699544,396.75,2026-09-01
2026-09-01,2026-09-01 20:00:00+00:00,2026-10-09,392.0,15.25,918882707,GLD   261009C00392000,0.10403832991101986,38,0.9880277252678009,0.037920892930184295,0.23378952465737235,49.48568848984648,396.75,2026-09-01
2026-09-01,2026-09-01 20:00:00+00:00,2026-10-09,393.0,14.33,918882770,GLD   261009C00393000,0.10403832991101986,38,0.9905482041587902,0.037920892930184295,0.22657485266653818,49.82744780019989,396.75,2026-09-01
2026-09-01,2026-09-01 20:00:00+00:00,2026-10-09,394.0,14.13,918882822,GLD   261009C00394000,0.10403832991101986,38,0.9930686830497795,0.037920892930184295,0.2335383380129933,50.21128315111189,396.75,2026-09-01
2026-09-01,2026-09-01 20:00:00+00:00,2026-10-09,395.0,13.6,918882879,GLD   261009C00395000,0.10403832991101986,38,0.9955891619407687,0.037920892930184295,0.23361417875001206,50.49196329465035,396.75,2026-09-01
2026-09-01,2026-09-01 20:00:00+00:00,2026-10-09,396.0,13.1,918882939,GLD   261009C00396000,0.10403832991101986,38,0.998109640831758,0.037920892930184295,0.23401828084615986,50.71636855358091,396.75,2026-09-01
2026-09-01,2026-09-01 20:00:00+00:00,2026-10-09,397.0,12.6,918883000,GLD   261009C00397000,0.10403832991101986,38,1.0006301197227474,0.037920892930184295,0.23415823720349,50.88335104779359,396.75,2026-09-01
2026-09-01,2026-09-01 20:00:00+00:00,2026-10-09,398.0,12.08,918883048,GLD   261009C00398000,0.10403832991101986,38,1.0031505986137366,0.037920892930184295,0.2336453774322756,50.99379061281,396.75,2026-09-01
2026-09-01,2026-09-01 20:00:00+00:00,2026-10-09,399.0,11.6,918883097,GLD   261009C00399000,0.10403832991101986,38,1.005671077504726,0.037920892930184295,0.23365834118323403,51.0475441166829,396.75,2026-09-01
2026-09-01,2026-09-01 20:00:00+00:00,2026-10-09,400.0,11.15,918883142,GLD   261009C00400000,0.10403832991101986,38,1.0081915563957151,0.037920892930184295,0.2340006233233027,51.04494128126594,396.75,2026-09-01
2026-09-01,2026-09-01 20:00:00+00:00,2026-10-09,401.0,10.7,918883194,GLD   261009C00401000,0.10403832991101986,38,1.0107120352867045,0.037920892930184295,0.23408632191261275,50.98663459763747,396.75,2026-09-01
2026-09-01,2026-09-01 20:00:00+00:00,2026-10-09,402.0,10.25,918883251,GLD   261009C00402000,0.10403832991101986,38,1.0132325141776937,0.037920892930184295,0.23391640550727028,50.872555558149806,396.75,2026-09-01
2026-09-01,2026-09-01 20:00:00+00:00,2026-10-09,403.0,9.78,918883290,GLD   261009C00403000,0.10403832991101986,38,1.015752993068683,0.037920892930184295,0.23309597329413517,50.70013977452852,396.75,2026-09-01
2026-09-01,2026-09-01 20:00:00+00:00,2026-10-09,404.0,9.4,918883338,GLD   261009C00404000,0.10403832991101986,38,1.0182734719596724,0.037920892930184295,0.23379709150195122,50.48133096469211,396.75,2026-09-01
2026-09-01,2026-09-01 20:00:00+00:00,2026-10-09,405.0,9.0,918883393,GLD   261009C00405000,0.10403832991101986,38,1.0207939508506616,0.037920892930184295,0.23385353317772967,50.207109992728874,396.75,2026-09-01
2026-09-01,2026-09-01 20:00:00+00:00,2026-10-09,406.0,8.6,918883447,GLD   261009C00406000,0.10403832991101986,38,1.023314429741651,0.037920892930184295,0.23365844362666832,49.878617159314885,396.75,2026-09-01
2026-09-01,2026-09-01 20:00:00+00:00,2026-10-09,407.0,8.25,917783923,GLD   261009C00407000,0.10403832991101986,38,1.0258349086326402,0.037920892930184295,0.23421914448169992,49.511709043296484,396.75,2026-09-01
2026-09-01,2026-09-01 20:00:00+00:00,2026-10-09,408.0,7.88,917783979,GLD   261009C00408000,0.10403832991101986,38,1.0283553875236295,0.037920892930184295,0.23413162984969094,49.087312893035566,396.75,2026-09-01
2026-09-01,2026-09-01 20:00:00+00:00,2026-10-09,409.0,7.55,917784042,GLD   261009C00409000,0.10403832991101986,38,1.0308758664146187,0.037920892930184295,0.2346162059199996,48.63003321517399,396.75,2026-09-01
2026-09-01,2026-09-01 20:00:00+00:00,2026-10-09,410.0,7.23,917784106,GLD   261009C00410000,0.10403832991101986,38,1.033396345305608,0.037920892930184295,0.23507085919445375,48.13146914778889,396.75,2026-09-01
2026-09-01,2026-09-01 20:00:00+00:00,2026-10-09,411.0,6.93,917784174,GLD   261009C00411000,0.10403832991101986,38,1.0359168241965973,0.037920892930184295,0.23570976164201274,47.6007423358486,396.75,2026-09-01
2026-09-01,2026-09-01 20:00:00+00:00,2026-10-09,412.0,6.6,917784231,GLD   261009C00412000,0.10403832991101986,38,1.0384373030875866,0.037920892930184295,0.23548143385304138,47.00180339515167,396.75,2026-09-01
2026-09-01,2026-09-01 20:00:00+00:00,2026-10-09,413.0,6.33,917784311,GLD   261009C00413000,0.10403832991101986,38,1.040957781978576,0.037920892930184295,0.23629691618569193,46.40813606663339,396.75,2026-09-01
2026-09-01,2026-09-01 20:00:00+00:00,2026-10-09,414.0,6.03,917784366,GLD   261009C00414000,0.10403832991101986,38,1.0434782608695652,0.037920892930184295,0.2362373546416871,45.74340021295805,396.75,2026-09-01
2026-09-01,2026-09-01 20:00:00+00:00,2026-10-09,415.0,5.78,917784416,GLD   261009C00415000,0.10403832991101986,38,1.0459987397605546,0.037920892930184295,0.2370445064605214,45.09125169175395,396.75,2026-09-01
2026-09-01,2026-09-01 20:00:00+00:00,2026-10-09,416.0,5.53,917784462,GLD   261009C00416000,0.10403832991101986,38,1.0485192186515437,0.037920892930184295,0.23763754218863326,44.40296510610749,396.75,2026-09-01
2026-09-01,2026-09-01 20:00:00+00:00,2026-10-09,417.0,5.28,917784517,GLD   261009C00417000,0.10403832991101986,38,1.0510396975425331,0.037920892930184295,0.23801250378424305,43.677238326976216,396.75,2026-09-01
2026-09-01,2026-09-01 20:00:00+00:00,2026-10-09,418.0,5.05,917784588,GLD   261009C00418000,0.10403832991101986,38,1.0535601764335223,0.037920892930184295,0.2386301212800667,42.945302515350924,396.75,2026-09-01
2026-09-01,2026-09-01 20:00:00+00:00,2026-10-09,419.0,4.8,917784659,GLD   261009C00419000,0.10403832991101986,38,1.0560806553245117,0.037920892930184295,0.2385610324966721,42.14275296874845,396.75,2026-09-01
2026-09-01,2026-09-01 20:00:00+00:00,2026-10-09,420.0,4.6,917784718,GLD   261009C00420000,0.10403832991101986,38,1.0586011342155008,0.037920892930184295,0.23946438801335174,41.39566793096682,396.75,2026-09-01
2026-09-01,2026-09-01 20:00:00+00:00,2026-10-09,421.0,4.38,917784768,GLD   261009C00421000,0.10403832991101986,38,1.0611216131064902,0.037920892930184295,0.23967839234760036,40.57778334361621,396.75,2026-09-01
2026-09-01,2026-09-01 20:00:00+00:00,2026-10-09,422.0,4.2,917784825,GLD   261009C00422000,0.10403832991101986,38,1.0636420919974796,0.037920892930184295,0.2406761262063869,39.815419332333,396.75,2026-09-01
2026-09-01,2026-09-01 20:00:00+00:00,2026-10-09,423.0,4.0,917784869,GLD   261009C00423000,0.10403832991101986,38,1.0661625708884688,0.037920892930184295,0.2409738361394964,38.979228307118966,396.75,2026-09-01
2026-09-01,2026-09-01 20:00:00+00:00,2026-10-09,424.0,3.8,917784925,GLD   261009C00424000,0.10403832991101986,38,1.0686830497794582,0.037920892930184295,0.24105696432990953,38.10982185427489,396.75,2026-09-01
2026-09-01,2026-09-01 20:00:00+00:00,2026-10-09,425.0,3.65,917784999,GLD   261009C00425000,0.10403832991101986,38,1.0712035286704473,0.037920892930184295,0.24225824397960682,37.347877245538974,396.75,2026-09-01
2026-09-01,2026-09-01 20:00:00+00:00,2026-10-09,426.0,3.48,917785059,GLD   261009C00426000,0.10403832991101986,38,1.0737240075614367,0.037920892930184295,0.24274205638067803,36.50728306181466,396.75,2026-09-01
2026-09-01,2026-09-01 20:00:00+00:00,2026-10-09,427.0,3.33,917785126,GLD   261009C00427000,0.10403832991101986,38,1.0762444864524259,0.037920892930184295,0.24358669318342585,35.70401002061832,396.75,2026-09-01
2026-09-01,2026-09-01 20:00:00+00:00,2026-10-09,428.0,3.15,917785209,GLD   261009C00428000,0.10403832991101986,38,1.0787649653434153,0.037920892930184295,0.2433897317114286,34.77730468768414,396.75,2026-09-01
2026-09-01,2026-09-01 20:00:00+00:00,2026-10-09,429.0,3.03,917785282,GLD   261009C00429000,0.10403832991101986,38,1.0812854442344046,0.037920892930184295,0.2447290771714412,34.03341304877873,396.75,2026-09-01
2026-09-01,2026-09-01 20:00:00+00:00,2026-10-09,430.0,2.89,917785342,GLD   261009C00430000,0.10403832991101986,38,1.0838059231253938,0.037920892930184295,0.24531473697228356,33.201080490896516,396.75,2026-09-01
2026-09-01,2026-09-01 20:00:00+00:00,2026-10-09,431.0,2.76,917785398,GLD   261009C00431000,0.10403832991101986,38,1.0863264020163832,0.037920892930184295,0.2460233475203626,32.38742314126555,396.75,2026-09-01
2026-09-01,2026-09-01 20:00:00+00:00,2026-10-09,432.0,2.63,917785458,GLD   261009C00432000,0.10403832991101986,38,1.0888468809073724,0.037920892930184295,0.24655464710975067,31.554953293629964,396.75,2026-09-01
2026-09-01,2026-09-01 20:00:00+00:00,2026-10-09,433.0,2.52,917785519,GLD   261009C00433000,0.10403832991101986,38,1.0913673597983617,0.037920892930184295,0.24755175699489196,30.79065560521087,396.75,2026-09-01
2026-09-01,2026-09-01 20:00:00+00:00,2026-10-09,434.0,2.4,917785572,GLD   261009C00434000,0.10403832991101986,38,1.093887838689351,0.037920892930184295,0.24805800450807436,29.96683472743806,396.75,2026-09-01
2026-09-01,2026-09-01 20:00:00+00:00,2026-10-09,435.0,2.3,917785628,GLD   261009C00435000,0.10403832991101986,38,1.0964083175803403,0.037920892930184295,0.2490679757007398,29.22089830617462,396.75,2026-09-01
2026-09-01,2026-09-01 20:00:00+00:00,2026-10-09,440.0,1.85,918883663,GLD   261009C00440000,0.10403832991101986,38,1.1090107120352868,0.037920892930184295,0.2536780792527832,25.587116685088166,396.75,2026-09-01
2026-09-01,2026-09-01 20:00:00+00:00,2026-10-09,445.0,1.5,918883724,GLD   261009C00445000,0.10403832991101986,38,1.121613106490233,0.037920892930184295,0.25872971400665135,22.32414552599562,396.75,2026-09-01
2026-09-01,2026-09-01 20:00:00+00:00,2026-10-09,450.0,1.24,918883778,GLD   261009C00450000,0.10403832991101986,38,1.1342155009451795,0.037920892930184295,0.2648190448717215,19.55103485681875,396.75,2026-09-01
2026-09-01,2026-09-01 20:00:00+00:00,2026-10-09,455.0,1.09,918883828,GLD   261009C00455000,0.10403832991101986,38,1.146817895400126,0.037920892930184295,0.27433726923922086,17.603061325332455,396.75,2026-09-01
2026-09-01,2026-09-01 20:00:00+00:00,2026-10-09,460.0,0.92,918883872,GLD   261009C00460000,0.10403832991101986,38,1.1594202898550725,0.037920892930184295,0.2808623944737949,15.501684537873762,396.75,2026-09-01
2026-09-01,2026-09-01 20:00:00+00:00,2026-10-09,465.0,0.79,918883933,GLD   261009C00465000,0.10403832991101986,38,1.172022684310019,0.037920892930184295,0.28802425221772865,13.752373722295808,396.75,2026-09-01
2026-09-01,2026-09-01 20:00:00+00:00,2026-10-09,470.0,0.68,918883978,GLD   261009C00470000,0.10403832991101986,38,1.1846250787649653,0.037920892930184295,0.29493803852899003,12.201675995590957,396.75,2026-09-01
2026-09-01,2026-09-01 20:00:00+00:00,2026-10-09,475.0,0.6,918884019,GLD   261009C00475000,0.10403832991101986,38,1.1972274732199117,0.037920892930184295,0.30284668096983813,10.972599092403444,396.75,2026-09-01
2026-09-01,2026-09-01 20:00:00+00:00,2026-10-16,320.0,78.9,827013756,GLD   261016C00320000,0.12320328542094455,45,0.8065532451165721,0.03805374584563299,0.35117457598680624,10.151743191355234,396.75,2026-09-01
2026-09-01,2026-09-01 20:00:00+00:00,2026-10-16,325.0,74.25,827013823,GLD   261016C00325000,0.12320328542094455,45,0.8191556395715186,0.03805374584563299,0.35759927871664987,13.33544744349766,396.75,2026-09-01
2026-09-01,2026-09-01 20:00:00+00:00,2026-10-16,330.0,69.13,827013883,GLD   261016C00330000,0.12320328542094455,45,0.831758034026465,0.03805374584563299,0.32497249772688364,12.80768322671516,396.75,2026-09-01
2026-09-01,2026-09-01 20:00:00+00:00,2026-10-16,335.0,64.53,827013908,GLD   261016C00335000,0.12320328542094455,45,0.8443604284814115,0.03805374584563299,0.32894915627250454,16.36389889549754,396.75,2026-09-01
2026-09-01,2026-09-01 20:00:00+00:00,2026-10-16,340.0,59.45,827013990,GLD   261016C00340000,0.12320328542094455,45,0.856962822936358,0.03805374584563299,0.3004032933053561,16.425986200548934,396.75,2026-09-01
2026-09-01,2026-09-01 20:00:00+00:00,2026-10-16,341.0,58.48,897212988,GLD   261016C00341000,0.12320328542094455,45,0.8594833018273472,0.03805374584563299,0.29751424876255916,16.78684548373638,396.75,2026-09-01
2026-09-01,2026-09-01 20:00:00+00:00,2026-10-16,342.0,57.4,897213008,GLD   261016C00342000,0.12320328542094455,45,0.8620037807183365,0.03805374584563299,0.28800463895658035,16.304646085135314,396.75,2026-09-01
2026-09-01,2026-09-01 20:00:00+00:00,2026-10-16,343.0,56.78,897213027,GLD   261016C00343000,0.12320328542094455,45,0.8645242596093258,0.03805374584563299,0.30467768972320475,19.17693956229656,396.75,2026-09-01
2026-09-01,2026-09-01 20:00:00+00:00,2026-10-16,344.0,55.6,897213042,GLD   261016C00344000,0.12320328542094455,45,0.867044738500315,0.03805374584563299,0.2902461851163768,18.109400332968253,396.75,2026-09-01
2026-09-01,2026-09-01 20:00:00+00:00,2026-10-16,345.0,54.63,827014044,GLD   261016C00345000,0.12320328542094455,45,0.8695652173913043,0.03805374584563299,0.28714768100259824,18.48398835137376,396.75,2026-09-01
2026-09-01,2026-09-01 20:00:00+00:00,2026-10-16,346.0,53.8,897213058,GLD   261016C00346000,0.12320328542094455,45,0.8720856962822936,0.03805374584563299,0.2912461354785598,19.818622351581766,396.75,2026-09-01
2026-09-01,2026-09-01 20:00:00+00:00,2026-10-16,347.0,52.55,897213075,GLD   261016C00347000,0.12320328542094455,45,0.8746061751732829,0.03805374584563299,0.27335641526449483,18.220618940269873,396.75,2026-09-01
2026-09-01,2026-09-01 20:00:00+00:00,2026-10-16,348.0,51.48,897213093,GLD   261016C00348000,0.12320328542094455,45,0.8771266540642723,0.03805374584563299,0.2648042417954654,17.836153907154227,396.75,2026-09-01
2026-09-01,2026-09-01 20:00:00+00:00,2026-10-16,349.0,50.85,897213105,GLD   261016C00349000,0.12320328542094455,45,0.8796471329552615,0.03805374584563299,0.27926091489149263,20.70343365505071,396.75,2026-09-01
2026-09-01,2026-09-01 20:00:00+00:00,2026-10-16,350.0,49.98,827014109,GLD   261016C00350000,0.12320328542094455,45,0.8821676118462508,0.03805374584563299,0.28053921337770305,21.734050543125296,396.75,2026-09-01
2026-09-01,2026-09-01 20:00:00+00:00,2026-10-16,351.0,49.08,897213123,GLD   261016C00351000,0.12320328542094455,45,0.8846880907372401,0.03805374584563299,0.2801602285490372,22.553732467964583,396.75,2026-09-01
2026-09-01,2026-09-01 20:00:00+00:00,2026-10-16,352.0,48.13,897213132,GLD   261016C00352000,0.12320328542094455,45,0.8872085696282294,0.03805374584563299,0.27742818322582175,23.069806193483576,396.75,2026-09-01
2026-09-01,2026-09-01 20:00:00+00:00,2026-10-16,353.0,47.2,897213144,GLD   261016C00353000,0.12320328542094455,45,0.8897290485192186,0.03805374584563299,0.27547482907278475,23.704342089404765,396.75,2026-09-01
2026-09-01,2026-09-01 20:00:00+00:00,2026-10-16,354.0,46.28,897213163,GLD   261016C00354000,0.12320328542094455,45,0.8922495274102079,0.03805374584563299,0.27382582505000763,24.39374039811133,396.75,2026-09-01
2026-09-01,2026-09-01 20:00:00+00:00,2026-10-16,355.0,45.35,827014181,GLD   261016C00355000,0.12320328542094455,45,0.8947700063011972,0.03805374584563299,0.27165387523425755,25.025676688883458,396.75,2026-09-01
2026-09-01,2026-09-01 20:00:00+00:00,2026-10-16,356.0,44.43,897213173,GLD   261016C00356000,0.12320328542094455,45,0.8972904851921865,0.03805374584563299,0.2697731348500588,25.710620709027573,396.75,2026-09-01
2026-09-01,2026-09-01 20:00:00+00:00,2026-10-16,357.0,43.5,897213185,GLD   261016C00357000,0.12320328542094455,45,0.8998109640831758,0.03805374584563299,0.2673986636777408,26.34201655777286,396.75,2026-09-01
2026-09-01,2026-09-01 20:00:00+00:00,2026-10-16,358.0,42.6,897213198,GLD   261016C00358000,0.12320328542094455,45,0.9023314429741651,0.03805374584563299,0.2660413999297656,27.12447571748237,396.75,2026-09-01
2026-09-01,2026-09-01 20:00:00+00:00,2026-10-16,359.0,41.7,897213215,GLD   261016C00359000,0.12320328542094455,45,0.9048519218651544,0.03805374584563299,0.2645383778008633,27.899630723110228,396.75,2026-09-01
2026-09-01,2026-09-01 20:00:00+00:00,2026-10-16,360.0,40.8,827014251,GLD   261016C00360000,0.12320328542094455,45,0.9073724007561437,0.03805374584563299,0.26289615367082886,28.668354211098542,396.75,2026-09-01
2026-09-01,2026-09-01 20:00:00+00:00,2026-10-16,361.0,39.9,897213225,GLD   261016C00361000,0.12320328542094455,45,0.909892879647133,0.03805374584563299,0.2611205388762988,29.431447462147116,396.75,2026-09-01
2026-09-01,2026-09-01 20:00:00+00:00,2026-10-16,362.0,38.95,897213239,GLD   261016C00362000,0.12320328542094455,45,0.9124133585381222,0.03805374584563299,0.2575544270501473,29.9716358031967,396.75,2026-09-01
2026-09-01,2026-09-01 20:00:00+00:00,2026-10-16,363.0,38.13,897213248,GLD   261016C00363000,0.12320328542094455,45,0.9149338374291115,0.03805374584563299,0.25815644054831943,31.068037685165027,396.75,2026-09-01
2026-09-01,2026-09-01 20:00:00+00:00,2026-10-16,364.0,37.25,897213265,GLD   261016C00364000,0.12320328542094455,45,0.9174543163201008,0.03805374584563299,0.25661394044505426,31.89358713730436,396.75,2026-09-01
2026-09-01,2026-09-01 20:00:00+00:00,2026-10-16,365.0,36.3,827014302,GLD   261016C00365000,0.12320328542094455,45,0.9199747952110902,0.03805374584563299,0.25277736863931644,32.44128840840449,396.75,2026-09-01
2026-09-01,2026-09-01 20:00:00+00:00,2026-10-16,366.0,35.45,897213278,GLD   261016C00366000,0.12320328542094455,45,0.9224952741020794,0.03805374584563299,0.2519025203364902,33.372397913331085,396.75,2026-09-01
2026-09-01,2026-09-01 20:00:00+00:00,2026-10-16,367.0,34.65,897213293,GLD   261016C00367000,0.12320328542094455,45,0.9250157529930687,0.03805374584563299,0.2522986225317233,34.45921298982175,396.75,2026-09-01
2026-09-01,2026-09-01 20:00:00+00:00,2026-10-16,368.0,33.72,897213308,GLD   261016C00368000,0.12320328542094455,45,0.927536231884058,0.03805374584563299,0.2487563427736052,35.08190615104615,396.75,2026-09-01
2026-09-01,2026-09-01 20:00:00+00:00,2026-10-16,369.0,32.9,897213330,GLD   261016C00369000,0.12320328542094455,45,0.9300567107750473,0.03805374584563299,0.24820876399120312,36.063523914485685,396.75,2026-09-01
2026-09-01,2026-09-01 20:00:00+00:00,2026-10-16,370.0,32.08,827014362,GLD   261016C00370000,0.12320328542094455,45,0.9325771896660365,0.03805374584563299,0.24745721567459406,37.020070253182126,396.75,2026-09-01
2026-09-01,2026-09-01 20:00:00+00:00,2026-10-16,371.0,31.33,897213345,GLD   261016C00371000,0.12320328542094455,45,0.9350976685570258,0.03805374584563299,0.2483511743344367,38.146150888197006,396.75,2026-09-01
2026-09-01,2026-09-01 20:00:00+00:00,2026-10-16,372.0,30.48,897213360,GLD   261016C00372000,0.12320328542094455,45,0.9376181474480151,0.03805374584563299,0.2464078270423226,38.968932105432316,396.75,2026-09-01
2026-09-01,2026-09-01 20:00:00+00:00,2026-10-16,373.0,29.63,897213378,GLD   261016C00373000,0.12320328542094455,45,0.9401386263390044,0.03805374584563299,0.24432141749421138,39.78072262991943,396.75,2026-09-01
2026-09-01,2026-09-01 20:00:00+00:00,2026-10-16,374.0,28.83,897213395,GLD   261016C00374000,0.12320328542094455,45,0.9426591052299937,0.03805374584563299,0.24332535066949207,40.69699760979153,396.75,2026-09-01
2026-09-01,2026-09-01 20:00:00+00:00,2026-10-16,375.0,28.08,827014423,GLD   261016C00375000,0.12320328542094455,45,0.945179584120983,0.03805374584563299,0.24334259841861205,41.69449185722469,396.75,2026-09-01
2026-09-01,2026-09-01 20:00:00+00:00,2026-10-16,376.0,27.3,897213408,GLD   261016C00376000,0.12320328542094455,45,0.9477000630119723,0.03805374584563299,0.24242342936089267,42.595016426851195,396.75,2026-09-01
2026-09-01,2026-09-01 20:00:00+00:00,2026-10-16,377.0,26.53,897213423,GLD   261016C00377000,0.12320328542094455,45,0.9502205419029616,0.03805374584563299,0.241541670782771,43.48602843468579,396.75,2026-09-01
2026-09-01,2026-09-01 20:00:00+00:00,2026-10-16,378.0,25.78,897213438,GLD   261016C00378000,0.12320328542094455,45,0.9527410207939508,0.03805374584563299,0.24091542941238733,44.38072615789324,396.75,2026-09-01
2026-09-01,2026-09-01 20:00:00+00:00,2026-10-16,379.0,25.08,897213449,GLD   261016C00379000,0.12320328542094455,45,0.9552614996849401,0.03805374584563299,0.24118731894353412,45.31583611431111,396.75,2026-09-01
2026-09-01,2026-09-01 20:00:00+00:00,2026-10-16,380.0,24.28,827014471,GLD   261016C00380000,0.12320328542094455,45,0.9577819785759294,0.03805374584563299,0.23905138265145948,46.07144893502811,396.75,2026-09-01
2026-09-01,2026-09-01 20:00:00+00:00,2026-10-16,381.0,23.6,897213469,GLD   261016C00381000,0.12320328542094455,45,0.9603024574669187,0.03805374584563299,0.2393182384847664,46.95501983871395,396.75,2026-09-01
2026-09-01,2026-09-01 20:00:00+00:00,2026-10-16,382.0,22.93,897213486,GLD   261016C00382000,0.12320328542094455,45,0.962822936357908,0.03805374584563299,0.23955522740045565,47.80141015695373,396.75,2026-09-01
2026-09-01,2026-09-01 20:00:00+00:00,2026-10-16,383.0,22.2,897213503,GLD   261016C00383000,0.12320328542094455,45,0.9653434152488973,0.03805374584563299,0.23832058844333515,48.54337677251797,396.75,2026-09-01
2026-09-01,2026-09-01 20:00:00+00:00,2026-10-16,384.0,21.48,897213517,GLD   261016C00384000,0.12320328542094455,45,0.9678638941398866,0.03805374584563299,0.23709817750705403,49.26158838235038,396.75,2026-09-01
2026-09-01,2026-09-01 20:00:00+00:00,2026-10-16,385.0,20.88,827014526,GLD   261016C00385000,0.12320328542094455,45,0.9703843730308759,0.03805374584563299,0.23808304074527697,50.03363779766443,396.75,2026-09-01
2026-09-01,2026-09-01 20:00:00+00:00,2026-10-16,386.0,20.2,897213532,GLD   261016C00386000,0.12320328542094455,45,0.9729048519218652,0.03805374584563299,0.23723569384804,50.69845508454424,396.75,2026-09-01
2026-09-01,2026-09-01 20:00:00+00:00,2026-10-16,387.0,19.52,897213551,GLD   261016C00387000,0.12320328542094455,45,0.9754253308128544,0.03805374584563299,0.23618337626485153,51.32356762892528,396.75,2026-09-01
2026-09-01,2026-09-01 20:00:00+00:00,2026-10-16,388.0,18.88,897213556,GLD   261016C00388000,0.12320328542094455,45,0.9779458097038437,0.03805374584563299,0.2356998805071227,51.927328666125256,396.75,2026-09-01
2026-09-01,2026-09-01 20:00:00+00:00,2026-10-16,389.0,18.3,897213572,GLD   261016C00389000,0.12320328542094455,45,0.980466288594833,0.03805374584563299,0.2361438703513704,52.50762854639277,396.75,2026-09-01
2026-09-01,2026-09-01 20:00:00+00:00,2026-10-16,390.0,17.6,827014584,GLD   261016C00390000,0.12320328542094455,45,0.9829867674858223,0.03805374584563299,0.2340903637717478,52.999849041206225,396.75,2026-09-01
2026-09-01,2026-09-01 20:00:00+00:00,2026-10-16,391.0,16.95,897213584,GLD   261016C00391000,0.12320328542094455,45,0.9855072463768116,0.03805374584563299,0.23278386540198698,53.46729489109335,396.75,2026-09-01
2026-09-01,2026-09-01 20:00:00+00:00,2026-10-16,392.0,16.45,897213599,GLD   261016C00392000,0.12320328542094455,45,0.9880277252678009,0.03805374584563299,0.23405586827350783,53.91754891130298,396.75,2026-09-01
2026-09-01,2026-09-01 20:00:00+00:00,2026-10-16,393.0,15.9,897213609,GLD   261016C00393000,0.12320328542094455,45,0.9905482041587902,0.03805374584563299,0.2341636573924683,54.302939680793216,396.75,2026-09-01
2026-09-01,2026-09-01 20:00:00+00:00,2026-10-16,394.0,15.35,897213624,GLD   261016C00394000,0.12320328542094455,45,0.9930686830497795,0.03805374584563299,0.23404700225992126,54.63627214316104,396.75,2026-09-01
2026-09-01,2026-09-01 20:00:00+00:00,2026-10-16,395.0,14.8,827014632,GLD   261016C00395000,0.12320328542094455,45,0.9955891619407687,0.03805374584563299,0.23370941389175134,54.9183442372077,396.75,2026-09-01
2026-09-01,2026-09-01 20:00:00+00:00,2026-10-16,396.0,14.28,897213637,GLD   261016C00396000,0.12320328542094455,45,0.998109640831758,0.03805374584563299,0.23369730694042523,55.15012024964255,396.75,2026-09-01
2026-09-01,2026-09-01 20:00:00+00:00,2026-10-16,397.0,13.75,897213649,GLD   261016C00397000,0.12320328542094455,45,1.0006301197227474,0.03805374584563299,0.23328381730047984,55.32984485477201,396.75,2026-09-01
2026-09-01,2026-09-01 20:00:00+00:00,2026-10-16,398.0,13.28,897213662,GLD   261016C00398000,0.12320328542094455,45,1.0031505986137366,0.03805374584563299,0.23373429833324624,55.457588145424516,396.75,2026-09-01
2026-09-01,2026-09-01 20:00:00+00:00,2026-10-16,399.0,12.8,897213672,GLD   261016C00399000,0.12320328542094455,45,1.005671077504726,0.03805374584563299,0.23378415103359146,55.533158851268745,396.75,2026-09-01
2026-09-01,2026-09-01 20:00:00+00:00,2026-10-16,400.0,12.3,827014701,GLD   261016C00400000,0.12320328542094455,45,1.0081915563957151,0.03805374584563299,0.23325595268635077,55.55686015978253,396.75,2026-09-01
2026-09-01,2026-09-01 20:00:00+00:00,2026-10-16,401.0,11.88,897213686,GLD   261016C00401000,0.12320328542094455,45,1.0107120352867045,0.03805374584563299,0.23395082650119442,55.52918296680656,396.75,2026-09-01
2026-09-01,2026-09-01 20:00:00+00:00,2026-10-16,402.0,11.43,897213698,GLD   261016C00402000,0.12320328542094455,45,1.0132325141776937,0.03805374584563299,0.23388995647514238,55.45034343178158,396.75,2026-09-01
2026-09-01,2026-09-01 20:00:00+00:00,2026-10-16,403.0,11.0,897213709,GLD   261016C00403000,0.12320328542094455,45,1.015752993068683,0.03805374584563299,0.2339751614733599,55.32143473773017,396.75,2026-09-01
2026-09-01,2026-09-01 20:00:00+00:00,2026-10-16,404.0,10.58,897213728,GLD   261016C00404000,0.12320328542094455,45,1.0182734719596724,0.03805374584563299,0.23402791984202342,55.14297510619141,396.75,2026-09-01
2026-09-01,2026-09-01 20:00:00+00:00,2026-10-16,405.0,10.18,827014751,GLD   261016C00405000,0.12320328542094455,45,1.0207939508506616,0.03805374584563299,0.2342318940327503,54.91721646095201,396.75,2026-09-01
2026-09-01,2026-09-01 20:00:00+00:00,2026-10-16,406.0,9.8,897213743,GLD   261016C00406000,0.12320328542094455,45,1.023314429741651,0.03805374584563299,0.2345914332349785,54.6465333282166,396.75,2026-09-01
2026-09-01,2026-09-01 20:00:00+00:00,2026-10-16,407.0,9.43,897213758,GLD   261016C00407000,0.12320328542094455,45,1.0258349086326402,0.03805374584563299,0.2349278202210553,54.33114874050133,396.75,2026-09-01
2026-09-01,2026-09-01 20:00:00+00:00,2026-10-16,408.0,9.07,897213769,GLD   261016C00408000,0.12320328542094455,45,1.0283553875236295,0.03805374584563299,0.2352437743985094,53.97242169680858,396.75,2026-09-01
2026-09-01,2026-09-01 20:00:00+00:00,2026-10-16,409.0,8.7,897213784,GLD   261016C00409000,0.12320328542094455,45,1.0308758664146187,0.03805374584563299,0.23516873923940584,53.563691007797765,396.75,2026-09-01
2026-09-01,2026-09-01 20:00:00+00:00,2026-10-16,410.0,8.38,827014809,GLD   261016C00410000,0.12320328542094455,45,1.033396345305608,0.03805374584563299,0.23582569967051964,53.13074387435586,396.75,2026-09-01
2026-09-01,2026-09-01 20:00:00+00:00,2026-10-16,411.0,8.0,912708356,GLD   261016C00411000,0.12320328542094455,45,1.0359168241965973,0.03805374584563299,0.23514771970929582,52.622213870034116,396.75,2026-09-01
2026-09-01,2026-09-01 20:00:00+00:00,2026-10-16,412.0,7.73,912708461,GLD   261016C00412000,0.12320328542094455,45,1.0384373030875866,0.03805374584563299,0.2363610876842402,52.13393194258896,396.75,2026-09-01
2026-09-01,2026-09-01 20:00:00+00:00,2026-10-16,413.0,7.43,912708526,GLD   261016C00413000,0.12320328542094455,45,1.040957781978576,0.03805374584563299,0.23681331025538965,51.58924830789692,396.75,2026-09-01
2026-09-01,2026-09-01 20:00:00+00:00,2026-10-16,414.0,7.1,912708596,GLD   261016C00414000,0.12320328542094455,45,1.0434782608695652,0.03805374584563299,0.23648407568363475,50.97846549068198,396.75,2026-09-01
2026-09-01,2026-09-01 20:00:00+00:00,2026-10-16,415.0,6.85,827014881,GLD   261016C00415000,0.12320328542094455,45,1.0459987397605546,0.03805374584563299,0.23753244453808292,50.39824085598693,396.75,2026-09-01
2026-09-01,2026-09-01 20:00:00+00:00,2026-10-16,416.0,6.55,912708680,GLD   261016C00416000,0.12320328542094455,45,1.0485192186515437,0.03805374584563299,0.23740114930747075,49.732148599216806,396.75,2026-09-01
2026-09-01,2026-09-01 20:00:00+00:00,2026-10-16,417.0,6.3,912708757,GLD   261016C00417000,0.12320328542094455,45,1.0510396975425331,0.03805374584563299,0.23808514549219983,49.08289165995656,396.75,2026-09-01
2026-09-01,2026-09-01 20:00:00+00:00,2026-10-16,418.0,6.05,912708830,GLD   261016C00418000,0.12320328542094455,45,1.0535601764335223,0.03805374584563299,0.2385895769626834,48.400520915840076,396.75,2026-09-01
2026-09-01,2026-09-01 20:00:00+00:00,2026-10-16,419.0,5.78,912708896,GLD   261016C00419000,0.12320328542094455,45,1.0560806553245117,0.03805374584563299,0.23849186455244203,47.65438375825975,396.75,2026-09-01
2026-09-01,2026-09-01 20:00:00+00:00,2026-10-16,420.0,5.48,827014933,GLD   261016C00420000,0.12320328542094455,45,1.0586011342155008,0.03805374584563299,0.23755348269427196,46.81758499990965,396.75,2026-09-01
2026-09-01,2026-09-01 20:00:00+00:00,2026-10-16,421.0,5.3,912708991,GLD   261016C00421000,0.12320328542094455,45,1.0611216131064902,0.03805374584563299,0.23899098293390128,46.14229933381829,396.75,2026-09-01
2026-09-01,2026-09-01 20:00:00+00:00,2026-10-16,422.0,5.1,912709070,GLD   261016C00422000,0.12320328542094455,45,1.0636420919974796,0.03805374584563299,0.23984035541722548,45.40952694500669,396.75,2026-09-01
2026-09-01,2026-09-01 20:00:00+00:00,2026-10-16,423.0,4.9,912709158,GLD   261016C00423000,0.12320328542094455,45,1.0661625708884688,0.03805374584563299,0.24052597207082438,44.65120534723613,396.75,2026-09-01
2026-09-01,2026-09-01 20:00:00+00:00,2026-10-16,424.0,4.7,912709235,GLD   261016C00424000,0.12320328542094455,45,1.0686830497794582,0.03805374584563299,0.24104449417004364,43.86625280822228,396.75,2026-09-01
2026-09-01,2026-09-01 20:00:00+00:00,2026-10-16,425.0,4.55,827395259,GLD   261016C00425000,0.12320328542094455,45,1.0712035286704473,0.03805374584563299,0.24255162334935748,43.17069720543995,396.75,2026-09-01
2026-09-01,2026-09-01 20:00:00+00:00,2026-10-16,426.0,4.33,912709314,GLD   261016C00426000,0.12320328542094455,45,1.0737240075614367,0.03805374584563299,0.24227321934709328,42.28682716210568,396.75,2026-09-01
2026-09-01,2026-09-01 20:00:00+00:00,2026-10-16,427.0,4.13,912709403,GLD   261016C00427000,0.12320328542094455,45,1.0762444864524259,0.03805374584563299,0.24227753128437327,41.41886188171609,396.75,2026-09-01
2026-09-01,2026-09-01 20:00:00+00:00,2026-10-16,428.0,3.97,912709471,GLD   261016C00428000,0.12320328542094455,45,1.0787649653434153,0.03805374584563299,0.24308006383562464,40.63286400290619,396.75,2026-09-01
2026-09-01,2026-09-01 20:00:00+00:00,2026-10-16,429.0,3.78,912709553,GLD   261016C00429000,0.12320328542094455,45,1.0812854442344046,0.03805374584563299,0.24297612565848983,39.7357639592503,396.75,2026-09-01
2026-09-01,2026-09-01 20:00:00+00:00,2026-10-16,430.0,3.63,827395322,GLD   261016C00430000,0.12320328542094455,45,1.0838059231253938,0.03805374584563299,0.24371064973892645,38.93520603208702,396.75,2026-09-01
2026-09-01,2026-09-01 20:00:00+00:00,2026-10-16,435.0,2.97,827395402,GLD   261016C00435000,0.12320328542094455,45,1.0964083175803403,0.03805374584563299,0.24759287406420338,34.98786115881175,396.75,2026-09-01
2026-09-01,2026-09-01 20:00:00+00:00,2026-10-16,440.0,2.42,827395449,GLD   261016C00440000,0.12320328542094455,45,1.1090107120352868,0.03805374584563299,0.2511737284318545,31.129240522332445,396.75,2026-09-01
2026-09-01,2026-09-01 20:00:00+00:00,2026-10-16,445.0,1.97,827395514,GLD   261016C00445000,0.12320328542094455,45,1.121613106490233,0.03805374584563299,0.254710825483501,27.47986562314502,396.75,2026-09-01
2026-09-01,2026-09-01 20:00:00+00:00,2026-10-16,450.0,1.61,827395582,GLD   261016C00450000,0.12320328542094455,45,1.1342155009451795,0.03805374584563299,0.2585036818819122,24.145899128826585,396.75,2026-09-01
2026-09-01,2026-09-01 20:00:00+00:00,2026-10-16,455.0,1.36,827395643,GLD   261016C00455000,0.12320328542094455,45,1.146817895400126,0.03805374584563299,0.26430568219637496,21.447277022974227,396.75,2026-09-01
2026-09-01,2026-09-01 20:00:00+00:00,2026-10-16,460.0,1.13,827395672,GLD   261016C00460000,0.12320328542094455,45,1.1594202898550725,0.03805374584563299,0.2688097800765187,18.834466924690275,396.75,2026-09-01
2026-09-01,2026-09-01 20:00:00+00:00,2026-10-16,465.0,0.96,827395727,GLD   261016C00465000,0.12320328542094455,45,1.172022684310019,0.03805374584563299,0.2744067445137538,16.682471333998482,396.75,2026-09-01
2026-09-01,2026-09-01 20:00:00+00:00,2026-10-16,470.0,0.83,827395802,GLD   261016C00470000,0.12320328542094455,45,1.1846250787649653,0.03805374584563299,0.28069815902253625,14.890567977771559,396.75,2026-09-01
2026-09-01,2026-09-01 20:00:00+00:00,2026-10-16,475.0,0.72,827395864,GLD   261016C00475000,0.12320328542094455,45,1.1972274732199117,0.03805374584563299,0.286850557790976,13.300465854209115,396.75,2026-09-01
2026-09-01,2026-09-01 20:00:00+00:00,2026-11-20,320.0,80.85,838421424,GLD   261120C00320000,0.2190280629705681,80,0.8065532451165721,0.03834387779999687,0.3124131655079313,20.565360399551036,396.75,2026-09-01
2026-09-01,2026-09-01 20:00:00+00:00,2026-11-20,325.0,76.05,838421482,GLD   261120C00325000,0.2190280629705681,80,0.8191556395715186,0.03834387779999687,0.30209857382131744,22.594903953707483,396.75,2026-09-01
2026-09-01,2026-09-01 20:00:00+00:00,2026-11-20,330.0,71.3,838421537,GLD   261120C00330000,0.2190280629705681,80,0.831758034026465,0.03834387779999687,0.2929928146594205,25.024967490697524,396.75,2026-09-01
2026-09-01,2026-09-01 20:00:00+00:00,2026-11-20,335.0,66.53,838421587,GLD   261120C00335000,0.2190280629705681,80,0.8443604284814115,0.03834387779999687,0.2820948821187951,27.373068313774343,396.75,2026-09-01
2026-09-01,2026-09-01 20:00:00+00:00,2026-11-20,340.0,62.05,838421643,GLD   261120C00340000,0.2190280629705681,80,0.856962822936358,0.03834387779999687,0.27984327787635854,31.48036474238856,396.75,2026-09-01
2026-09-01,2026-09-01 20:00:00+00:00,2026-11-20,345.0,57.08,838421701,GLD   261120C00345000,0.2190280629705681,80,0.8695652173913043,0.03834387779999687,0.26067633483214314,32.84180992918388,396.75,2026-09-01
2026-09-01,2026-09-01 20:00:00+00:00,2026-11-20,350.0,52.73,838421767,GLD   261120C00350000,0.2190280629705681,80,0.8821676118462508,0.03834387779999687,0.2587873989732006,37.57714921812326,396.75,2026-09-01
2026-09-01,2026-09-01 20:00:00+00:00,2026-11-20,355.0,48.58,838421807,GLD   261120C00355000,0.2190280629705681,80,0.8947700063011972,0.03834387779999687,0.2588584760905245,42.78790905327631,396.75,2026-09-01
2026-09-01,2026-09-01 20:00:00+00:00,2026-11-20,360.0,44.28,838421860,GLD   261120C00360000,0.2190280629705681,80,0.9073724007561437,0.03834387779999687,0.25260966873737056,47.068593779461146,396.75,2026-09-01
2026-09-01,2026-09-01 20:00:00+00:00,2026-11-20,365.0,40.2,838421927,GLD   261120C00365000,0.2190280629705681,80,0.9199747952110902,0.03834387779999687,0.24860550878616053,51.73716802999789,396.75,2026-09-01
2026-09-01,2026-09-01 20:00:00+00:00,2026-11-20,370.0,36.15,838421990,GLD   261120C00370000,0.2190280629705681,80,0.9325771896660365,0.03834387779999687,0.24266098637199035,56.10879596993622,396.75,2026-09-01
2026-09-01,2026-09-01 20:00:00+00:00,2026-11-20,375.0,32.72,838422047,GLD   261120C00375000,0.2190280629705681,80,0.945179584120983,0.03834387779999687,0.24466599995503202,61.009945359351626,396.75,2026-09-01
2026-09-01,2026-09-01 20:00:00+00:00,2026-11-20,380.0,29.25,838422090,GLD   261120C00380000,0.2190280629705681,80,0.9577819785759294,0.03834387779999687,0.24267642739145087,65.0247926442042,396.75,2026-09-01
2026-09-01,2026-09-01 20:00:00+00:00,2026-11-20,385.0,26.0,838422120,GLD   261120C00385000,0.2190280629705681,80,0.9703843730308759,0.03834387779999687,0.2410292021592148,68.45259069316707,396.75,2026-09-01
2026-09-01,2026-09-01 20:00:00+00:00,2026-11-20,390.0,22.93,838422150,GLD   261120C00390000,0.2190280629705681,80,0.9829867674858223,0.03834387779999687,0.23898444983670492,71.1392165421455,396.75,2026-09-01
2026-09-01,2026-09-01 20:00:00+00:00,2026-11-20,395.0,20.2,838422190,GLD   261120C00395000,0.2190280629705681,80,0.9955891619407687,0.03834387779999687,0.23866886818083005,73.0055611656818,396.75,2026-09-01
2026-09-01,2026-09-01 20:00:00+00:00,2026-11-20,400.0,17.73,838422240,GLD   261120C00400000,0.2190280629705681,80,1.0081915563957151,0.03834387779999687,0.23885838853428143,73.95121920568062,396.75,2026-09-01
2026-09-01,2026-09-01 20:00:00+00:00,2026-11-20,405.0,15.5,838422292,GLD   261120C00405000,0.2190280629705681,80,1.0207939508506616,0.03834387779999687,0.23930709077650686,73.97280244912662,396.75,2026-09-01
2026-09-01,2026-09-01 20:00:00+00:00,2026-11-20,410.0,13.43,838422347,GLD   261120C00410000,0.2190280629705681,80,1.033396345305608,0.03834387779999687,0.23900988374752924,73.10221622322095,396.75,2026-09-01
2026-09-01,2026-09-01 20:00:00+00:00,2026-11-20,415.0,11.7,838422419,GLD   261120C00415000,0.2190280629705681,80,1.0459987397605546,0.03834387779999687,0.24055695655317982,71.45188371824463,396.75,2026-09-01
2026-09-01,2026-09-01 20:00:00+00:00,2026-11-20,420.0,10.18,838422473,GLD   261120C00420000,0.2190280629705681,80,1.0586011342155008,0.03834387779999687,0.24238617720296607,69.1425202012587,396.75,2026-09-01
2026-09-01,2026-09-01 20:00:00+00:00,2026-11-20,425.0,8.8,838422532,GLD   261120C00425000,0.2190280629705681,80,1.0712035286704473,0.03834387779999687,0.2436892856263556,66.25354700483624,396.75,2026-09-01
2026-09-01,2026-09-01 20:00:00+00:00,2026-11-20,430.0,7.6,838422584,GLD   261120C00430000,0.2190280629705681,80,1.0838059231253938,0.03834387779999687,0.2452545281720348,62.947415220640075,396.75,2026-09-01
2026-09-01,2026-09-01 20:00:00+00:00,2026-11-20,435.0,6.55,838422631,GLD   261120C00435000,0.2190280629705681,80,1.0964083175803403,0.03834387779999687,0.24686496689831838,59.33427230750534,396.75,2026-09-01
2026-09-01,2026-09-01 20:00:00+00:00,2026-11-20,440.0,5.65,838422685,GLD   261120C00440000,0.2190280629705681,80,1.1090107120352868,0.03834387779999687,0.24878715030821041,55.56647018774625,396.75,2026-09-01
2026-09-01,2026-09-01 20:00:00+00:00,2026-11-20,445.0,4.9,838422733,GLD   261120C00445000,0.2190280629705681,80,1.121613106490233,0.03834387779999687,0.2513567203446292,51.81776115291087,396.75,2026-09-01
2026-09-01,2026-09-01 20:00:00+00:00,2026-11-20,450.0,4.22,838422769,GLD   261120C00450000,0.2190280629705681,80,1.1342155009451795,0.03834387779999687,0.2533323699141853,47.97367083733692,396.75,2026-09-01
2026-09-01,2026-09-01 20:00:00+00:00,2026-11-20,455.0,3.68,838422824,GLD   261120C00455000,0.2190280629705681,80,1.146817895400126,0.03834387779999687,0.25641436200896284,44.40917535378231,396.75,2026-09-01
2026-09-01,2026-09-01 20:00:00+00:00,2026-11-20,460.0,3.2,838422879,GLD   261120C00460000,0.2190280629705681,80,1.1594202898550725,0.03834387779999687,0.25920052540460603,40.918570722182075,396.75,2026-09-01
2026-09-01,2026-09-01 20:00:00+00:00,2026-11-20,465.0,2.79,838422937,GLD   261120C00465000,0.2190280629705681,80,1.172022684310019,0.03834387779999687,0.2621302027386613,37.62027587670334,396.75,2026-09-01
2026-09-01,2026-09-01 20:00:00+00:00,2026-11-20,470.0,2.47,838422999,GLD   261120C00470000,0.2190280629705681,80,1.1846250787649653,0.03834387779999687,0.2660652040586807,34.72611681009238,396.75,2026-09-01
2026-09-01,2026-09-01 20:00:00+00:00,2026-11-20,475.0,2.17,838423049,GLD   261120C00475000,0.2190280629705681,80,1.1972274732199117,0.03834387779999687,0.26930707310223956,31.879117438683245,396.75,2026-09-01
2026-09-01,2026-09-01 20:00:00+00:00,2026-12-18,320.0,82.38,843266781,GLD   261218C00320000,0.29568788501026694,108,0.8065532451165721,0.03871490980043702,0.29361221560230477,28.02347002267578,396.75,2026-09-01
2026-09-01,2026-09-01 20:00:00+00:00,2026-12-18,325.0,77.75,843266837,GLD   261218C00325000,0.29568788501026694,108,0.8191556395715186,0.03871490980043702,0.28810943858986726,31.195268100711093,396.75,2026-09-01
2026-09-01,2026-09-01 20:00:00+00:00,2026-12-18,330.0,72.72,843266880,GLD   261218C00330000,0.29568788501026694,108,0.831758034026465,0.03871490980043702,0.26923365841200575,31.866612006568346,396.75,2026-09-01
2026-09-01,2026-09-01 20:00:00+00:00,2026-12-18,335.0,68.32,843266934,GLD   261218C00335000,0.29568788501026694,108,0.8443604284814115,0.03871490980043702,0.2688241361268796,36.553151056114224,396.75,2026-09-01
2026-09-01,2026-09-01 20:00:00+00:00,2026-12-18,340.0,63.85,843266977,GLD   261218C00340000,0.29568788501026694,108,0.856962822936358,0.03871490980043702,0.26430864839945,40.61712814168969,396.75,2026-09-01
2026-09-01,2026-09-01 20:00:00+00:00,2026-12-18,345.0,59.4,843267030,GLD   261218C00345000,0.29568788501026694,108,0.8695652173913043,0.03871490980043702,0.25866280913101514,44.665420878148055,396.75,2026-09-01
2026-09-01,2026-09-01 20:00:00+00:00,2026-12-18,350.0,55.03,843267095,GLD   261218C00350000,0.29568788501026694,108,0.8821676118462508,0.03871490980043702,0.2532305318274536,48.94632854839441,396.75,2026-09-01
2026-09-01,2026-09-01 20:00:00+00:00,2026-12-18,355.0,50.83,843267155,GLD   261218C00355000,0.29568788501026694,108,0.8947700063011972,0.03871490980043702,0.24947084847567602,53.67197518232884,396.75,2026-09-01
2026-09-01,2026-09-01 20:00:00+00:00,2026-12-18,360.0,46.8,843267204,GLD   261218C00360000,0.29568788501026694,108,0.9073724007561437,0.03871490980043702,0.24680256953379137,58.60686251817158,396.75,2026-09-01
2026-09-01,2026-09-01 20:00:00+00:00,2026-12-18,365.0,42.83,843267244,GLD   261218C00365000,0.29568788501026694,108,0.9199747952110902,0.03871490980043702,0.24306703489338982,63.307622946885324,396.75,2026-09-01
2026-09-01,2026-09-01 20:00:00+00:00,2026-12-18,370.0,39.1,843267291,GLD   261218C00370000,0.29568788501026694,108,0.9325771896660365,0.03871490980043702,0.24096868602866317,68.04154985903416,396.75,2026-09-01
2026-09-01,2026-09-01 20:00:00+00:00,2026-12-18,375.0,35.7,843267336,GLD   261218C00375000,0.29568788501026694,108,0.945179584120983,0.03871490980043702,0.2412881512220018,72.63549819779175,396.75,2026-09-01
2026-09-01,2026-09-01 20:00:00+00:00,2026-12-18,380.0,32.2,843267377,GLD   261218C00380000,0.29568788501026694,108,0.9577819785759294,0.03871490980043702,0.23790347603103146,76.458501334894,396.75,2026-09-01
2026-09-01,2026-09-01 20:00:00+00:00,2026-12-18,385.0,29.2,843267421,GLD   261218C00385000,0.29568788501026694,108,0.9703843730308759,0.03871490980043702,0.23873677886473016,79.93051588417644,396.75,2026-09-01
2026-09-01,2026-09-01 20:00:00+00:00,2026-12-18,390.0,26.13,843267461,GLD   261218C00390000,0.29568788501026694,108,0.9829867674858223,0.03871490980043702,0.2363512903667055,82.59933542177579,396.75,2026-09-01
2026-09-01,2026-09-01 20:00:00+00:00,2026-12-18,395.0,23.55,843267516,GLD   261218C00395000,0.29568788501026694,108,0.9955891619407687,0.03871490980043702,0.23759664863226937,84.56998938904981,396.75,2026-09-01
2026-09-01,2026-09-01 20:00:00+00:00,2026-12-18,400.0,21.1,843267561,GLD   261218C00400000,0.29568788501026694,108,1.0081915563957151,0.03871490980043702,0.23806502932691953,85.7194846795988,396.75,2026-09-01
2026-09-01,2026-09-01 20:00:00+00:00,2026-12-18,405.0,18.85,843267622,GLD   261218C00405000,0.29568788501026694,108,1.0207939508506616,0.03871490980043702,0.2386399418802001,86.06710595196341,396.75,2026-09-01
2026-09-01,2026-09-01 20:00:00+00:00,2026-12-18,410.0,16.8,843267653,GLD   261218C00410000,0.29568788501026694,108,1.033396345305608,0.03871490980043702,0.23938143677068874,85.64475213861952,396.75,2026-09-01
2026-09-01,2026-09-01 20:00:00+00:00,2026-12-18,415.0,14.88,843267705,GLD   261218C00415000,0.29568788501026694,108,1.0459987397605546,0.03871490980043702,0.23954686429100114,84.49263147143374,396.75,2026-09-01
2026-09-01,2026-09-01 20:00:00+00:00,2026-12-18,420.0,13.25,843267745,GLD   261218C00420000,0.29568788501026694,108,1.0586011342155008,0.03871490980043702,0.24113225094107915,82.72603205285645,396.75,2026-09-01
2026-09-01,2026-09-01 20:00:00+00:00,2026-12-18,425.0,11.75,843267789,GLD   261218C00425000,0.29568788501026694,108,1.0712035286704473,0.03871490980043702,0.24237187237432228,80.39979537830513,396.75,2026-09-01
2026-09-01,2026-09-01 20:00:00+00:00,2026-12-18,430.0,10.4,843267838,GLD   261218C00430000,0.29568788501026694,108,1.0838059231253938,0.03871490980043702,0.2436271723095328,77.610486338879,396.75,2026-09-01
2026-09-01,2026-09-01 20:00:00+00:00,2026-12-18,435.0,9.2,843267905,GLD   261218C00435000,0.29568788501026694,108,1.0964083175803403,0.03871490980043702,0.24504334568874914,74.46354745313626,396.75,2026-09-01
2026-09-01,2026-09-01 20:00:00+00:00,2026-12-18,440.0,8.13,843267970,GLD   261218C00440000,0.29568788501026694,108,1.1090107120352868,0.03871490980043702,0.24651265461472793,71.04239905908918,396.75,2026-09-01
2026-09-01,2026-09-01 20:00:00+00:00,2026-12-18,445.0,7.2,843268027,GLD   261218C00445000,0.29568788501026694,108,1.121613106490233,0.03871490980043702,0.2483493815743365,67.4812730690374,396.75,2026-09-01
2026-09-01,2026-09-01 20:00:00+00:00,2026-12-18,450.0,6.43,843268078,GLD   261218C00450000,0.29568788501026694,108,1.1342155009451795,0.03871490980043702,0.2510906561196783,63.97340118164712,396.75,2026-09-01
2026-09-01,2026-09-01 20:00:00+00:00,2026-12-18,455.0,5.65,843268128,GLD   261218C00455000,0.29568788501026694,108,1.146817895400126,0.03871490980043702,0.252243182007689,60.14063352438266,396.75,2026-09-01
2026-09-01,2026-09-01 20:00:00+00:00,2026-12-18,460.0,5.03,843268193,GLD   261218C00460000,0.29568788501026694,108,1.1594202898550725,0.03871490980043702,0.25466679808935166,56.564243756726114,396.75,2026-09-01
2026-09-01,2026-09-01 20:00:00+00:00,2026-12-18,465.0,4.48,843268254,GLD   261218C00465000,0.29568788501026694,108,1.172022684310019,0.03871490980043702,0.2570837367217057,53.055474729331124,396.75,2026-09-01
2026-09-01,2026-09-01 20:00:00+00:00,2026-12-18,470.0,4.0,843268302,GLD   261218C00470000,0.29568788501026694,108,1.1846250787649653,0.03871490980043702,0.259647961073462,49.68258601981916,396.75,2026-09-01
2026-09-01,2026-09-01 20:00:00+00:00,2026-12-18,475.0,3.63,843268355,GLD   261218C00475000,0.29568788501026694,108,1.1972274732199117,0.03871490980043702,0.2633984803943895,46.72840884563588,396.75,2026-09-01
2026-09-01,2026-09-01 20:00:00+00:00,2026-12-31,320.0,83.18,843069601,GLD   261231C00320000,0.33127994524298426,121,0.8065532451165721,0.03892035726353192,0.2899420119338669,31.888342217315806,396.75,2026-09-01
2026-09-01,2026-09-01 20:00:00+00:00,2026-12-31,325.0,78.5,843069639,GLD   261231C00325000,0.33127994524298426,121,0.8191556395715186,0.03892035726353192,0.2820839672365226,34.70842655700913,396.75,2026-09-01
2026-09-01,2026-09-01 20:00:00+00:00,2026-12-31,330.0,74.0,843069691,GLD   261231C00330000,0.33127994524298426,121,0.831758034026465,0.03892035726353192,0.27818113781139264,38.56966994083694,396.75,2026-09-01
2026-09-01,2026-09-01 20:00:00+00:00,2026-12-31,335.0,69.47,843069756,GLD   261231C00335000,0.33127994524298426,121,0.8443604284814115,0.03892035726353192,0.2721102421079762,42.18917232587842,396.75,2026-09-01
2026-09-01,2026-09-01 20:00:00+00:00,2026-12-31,340.0,64.63,843069801,GLD   261231C00340000,0.33127994524298426,121,0.856962822936358,0.03892035726353192,0.2580385002163239,44.32212476365064,396.75,2026-09-01
2026-09-01,2026-09-01 20:00:00+00:00,2026-12-31,345.0,60.68,843069849,GLD   261231C00345000,0.33127994524298426,121,0.8695652173913043,0.03892035726353192,0.26214447962818677,50.44973695850768,396.75,2026-09-01
2026-09-01,2026-09-01 20:00:00+00:00,2026-12-31,350.0,56.35,843069906,GLD   261231C00350000,0.33127994524298426,121,0.8821676118462508,0.03892035726353192,0.25637920528491975,54.66025491988575,396.75,2026-09-01
2026-09-01,2026-09-01 20:00:00+00:00,2026-12-31,355.0,52.23,843069951,GLD   261231C00355000,0.33127994524298426,121,0.8947700063011972,0.03892035726353192,0.25287940229987727,59.376502474747504,396.75,2026-09-01
2026-09-01,2026-09-01 20:00:00+00:00,2026-12-31,360.0,48.2,843070010,GLD   261231C00360000,0.33127994524298426,121,0.9073724007561437,0.03892035726353192,0.24913783280989155,64.04685474117656,396.75,2026-09-01
2026-09-01,2026-09-01 20:00:00+00:00,2026-12-31,361.0,47.13,843070041,GLD   261231C00361000,0.33127994524298426,121,0.909892879647133,0.03892035726353192,0.24410181602323427,64.33439231607926,396.75,2026-09-01
2026-09-01,2026-09-01 20:00:00+00:00,2026-12-31,362.0,46.58,843070091,GLD   261231C00362000,0.33127994524298426,121,0.9124133585381222,0.03892035726353192,0.24704826614139602,65.81377923834084,396.75,2026-09-01
2026-09-01,2026-09-01 20:00:00+00:00,2026-12-31,363.0,45.85,843070136,GLD   261231C00363000,0.33127994524298426,121,0.9149338374291115,0.03892035726353192,0.2471092665500007,66.84729983439829,396.75,2026-09-01
2026-09-01,2026-09-01 20:00:00+00:00,2026-12-31,364.0,45.1,843070178,GLD   261231C00364000,0.33127994524298426,121,0.9174543163201008,0.03892035726353192,0.24678228107728067,67.81659613858426,396.75,2026-09-01
2026-09-01,2026-09-01 20:00:00+00:00,2026-12-31,365.0,44.33,843070227,GLD   261231C00365000,0.33127994524298426,121,0.9199747952110902,0.03892035726353192,0.24608271814705807,68.72865614598075,396.75,2026-09-01
2026-09-01,2026-09-01 20:00:00+00:00,2026-12-31,366.0,43.58,843070260,GLD   261231C00366000,0.33127994524298426,121,0.9224952741020794,0.03892035726353192,0.24559860772872344,69.66028407354173,396.75,2026-09-01
2026-09-01,2026-09-01 20:00:00+00:00,2026-12-31,367.0,42.8,843070284,GLD   261231C00367000,0.33127994524298426,121,0.9250157529930687,0.03892035726353192,0.24461181669132787,70.52274527766085,396.75,2026-09-01
2026-09-01,2026-09-01 20:00:00+00:00,2026-12-31,368.0,42.15,843070325,GLD   261231C00368000,0.33127994524298426,121,0.927536231884058,0.03892035726353192,0.2453786989274435,71.57784840113217,396.75,2026-09-01
2026-09-01,2026-09-01 20:00:00+00:00,2026-12-31,369.0,41.4,843070366,GLD   261231C00369000,0.33127994524298426,121,0.9300567107750473,0.03892035726353192,0.2446560256897472,72.44872349859597,396.75,2026-09-01
2026-09-01,2026-09-01 20:00:00+00:00,2026-12-31,370.0,40.6,843070396,GLD   261231C00370000,0.33127994524298426,121,0.9325771896660365,0.03892035726353192,0.2431792197669857,73.23201399949937,396.75,2026-09-01
2026-09-01,2026-09-01 20:00:00+00:00,2026-12-31,371.0,39.98,843070455,GLD   261231C00371000,0.33127994524298426,121,0.9350976685570258,0.03892035726353192,0.24407521798247478,74.24486303315963,396.75,2026-09-01
2026-09-01,2026-09-01 20:00:00+00:00,2026-12-31,372.0,39.2,843070491,GLD   261231C00372000,0.33127994524298426,121,0.9376181474480151,0.03892035726353192,0.24272989355111496,75.02236927124092,396.75,2026-09-01
2026-09-01,2026-09-01 20:00:00+00:00,2026-12-31,373.0,38.58,843070539,GLD   261231C00373000,0.33127994524298426,121,0.9401386263390044,0.03892035726353192,0.24343388948813088,75.97363841136627,396.75,2026-09-01
2026-09-01,2026-09-01 20:00:00+00:00,2026-12-31,374.0,37.88,843070578,GLD   261231C00374000,0.33127994524298426,121,0.9426591052299937,0.03892035726353192,0.2429921766820364,76.8033795307346,396.75,2026-09-01
2026-09-01,2026-09-01 20:00:00+00:00,2026-12-31,375.0,37.17,843070629,GLD   261231C00375000,0.33127994524298426,121,0.945179584120983,0.03892035726353192,0.24234329065615318,77.60081655564423,396.75,2026-09-01
2026-09-01,2026-09-01 20:00:00+00:00,2026-12-31,376.0,36.53,843070679,GLD   261231C00376000,0.33127994524298426,121,0.9477000630119723,0.03892035726353192,0.2425129369833507,78.44246083423212,396.75,2026-09-01
2026-09-01,2026-09-01 20:00:00+00:00,2026-12-31,377.0,35.83,843070741,GLD   261231C00377000,0.33127994524298426,121,0.9502205419029616,0.03892035726353192,0.24183463106574493,79.20321639241108,396.75,2026-09-01
2026-09-01,2026-09-01 20:00:00+00:00,2026-12-31,378.0,35.17,843070801,GLD   261231C00378000,0.33127994524298426,121,0.9527410207939508,0.03892035726353192,0.241582741286885,79.97445460349434,396.75,2026-09-01
2026-09-01,2026-09-01 20:00:00+00:00,2026-12-31,379.0,34.55,843070854,GLD   261231C00379000,0.33127994524298426,121,0.9552614996849401,0.03892035726353192,0.24174445290444418,80.7486246094091,396.75,2026-09-01
2026-09-01,2026-09-01 20:00:00+00:00,2026-12-31,380.0,33.88,843070906,GLD   261231C00380000,0.33127994524298426,121,0.9577819785759294,0.03892035726353192,0.24120336531056097,81.45985589808423,396.75,2026-09-01
2026-09-01,2026-09-01 20:00:00+00:00,2026-12-31,381.0,33.25,843070940,GLD   261231C00381000,0.33127994524298426,121,0.9603024574669187,0.03892035726353192,0.24107261954927822,82.17142092260458,396.75,2026-09-01
2026-09-01,2026-09-01 20:00:00+00:00,2026-12-31,382.0,32.53,843070984,GLD   261231C00382000,0.33127994524298426,121,0.962822936357908,0.03892035726353192,0.2397719977074303,82.80658630720292,396.75,2026-09-01
2026-09-01,2026-09-01 20:00:00+00:00,2026-12-31,383.0,31.9,843071018,GLD   261231C00383000,0.33127994524298426,121,0.9653434152488973,0.03892035726353192,0.239484774256777,83.46817075981104,396.75,2026-09-01
2026-09-01,2026-09-01 20:00:00+00:00,2026-12-31,384.0,31.3,843071063,GLD   261231C00384000,0.33127994524298426,121,0.9678638941398866,0.03892035726353192,0.23947343097468837,84.11588832264302,396.75,2026-09-01
2026-09-01,2026-09-01 20:00:00+00:00,2026-12-31,385.0,30.78,843071103,GLD   261231C00385000,0.33127994524298426,121,0.9703843730308759,0.03892035726353192,0.2403213552803733,84.76474860596169,396.75,2026-09-01
2026-09-01,2026-09-01 20:00:00+00:00,2026-12-31,386.0,30.08,843071143,GLD   261231C00386000,0.33127994524298426,121,0.9729048519218652,0.03892035726353192,0.238963840080332,85.31641146962393,396.75,2026-09-01
2026-09-01,2026-09-01 20:00:00+00:00,2026-12-31,387.0,29.53,843071179,GLD   261231C00387000,0.33127994524298426,121,0.9754253308128544,0.03892035726353192,0.23928666728092363,85.8927351741246,396.75,2026-09-01
2026-09-01,2026-09-01 20:00:00+00:00,2026-12-31,388.0,28.9,843071224,GLD   261231C00388000,0.33127994524298426,121,0.9779458097038437,0.03892035726353192,0.23859599364688622,86.41641823852872,396.75,2026-09-01
2026-09-01,2026-09-01 20:00:00+00:00,2026-12-31,389.0,28.35,843071265,GLD   261231C00389000,0.33127994524298426,121,0.980466288594833,0.03892035726353192,0.2387503665893339,86.93198295596024,396.75,2026-09-01
2026-09-01,2026-09-01 20:00:00+00:00,2026-12-31,390.0,27.8,843071309,GLD   261231C00390000,0.33127994524298426,121,0.9829867674858223,0.03892035726353192,0.23881989774210377,87.41639022685722,396.75,2026-09-01
2026-09-01,2026-09-01 20:00:00+00:00,2026-12-31,391.0,27.23,843071333,GLD   261231C00391000,0.33127994524298426,121,0.9855072463768116,0.03892035726353192,0.2385784013153054,87.86724595943058,396.75,2026-09-01
2026-09-01,2026-09-01 20:00:00+00:00,2026-12-31,392.0,26.68,843071386,GLD   261231C00392000,0.33127994524298426,121,0.9880277252678009,0.03892035726353192,0.23848347350386903,88.2915230583721,396.75,2026-09-01
2026-09-01,2026-09-01 20:00:00+00:00,2026-12-31,393.0,26.13,843071441,GLD   261231C00393000,0.33127994524298426,121,0.9905482041587902,0.03892035726353192,0.23830741049246867,88.68597197678305,396.75,2026-09-01
2026-09-01,2026-09-01 20:00:00+00:00,2026-12-31,394.0,25.63,843071489,GLD   261231C00394000,0.33127994524298426,121,0.9930686830497795,0.03892035726353192,0.23861265467451886,89.05426649757196,396.75,2026-09-01
2026-09-01,2026-09-01 20:00:00+00:00,2026-12-31,395.0,25.1,843071544,GLD   261231C00395000,0.33127994524298426,121,0.9955891619407687,0.03892035726353192,0.23849870032342155,89.38967673327798,396.75,2026-09-01
2026-09-01,2026-09-01 20:00:00+00:00,2026-12-31,396.0,24.58,843071597,GLD   261231C00396000,0.33127994524298426,121,0.998109640831758,0.03892035726353192,0.2384162147327326,89.69550089961736,396.75,2026-09-01
2026-09-01,2026-09-01 20:00:00+00:00,2026-12-31,397.0,24.08,843071640,GLD   261231C00397000,0.33127994524298426,121,1.0006301197227474,0.03892035726353192,0.23847606032444169,89.97158294686662,396.75,2026-09-01
2026-09-01,2026-09-01 20:00:00+00:00,2026-12-31,398.0,23.58,843071687,GLD   261231C00398000,0.33127994524298426,121,1.0031505986137366,0.03892035726353192,0.23845547850718724,90.21730905894336,396.75,2026-09-01
2026-09-01,2026-09-01 20:00:00+00:00,2026-12-31,399.0,23.08,843071732,GLD   261231C00399000,0.33127994524298426,121,1.005671077504726,0.03892035726353192,0.2383552702023648,90.43291115504141,396.75,2026-09-01
2026-09-01,2026-09-01 20:00:00+00:00,2026-12-31,400.0,22.53,843071784,GLD   261231C00400000,0.33127994524298426,121,1.0081915563957151,0.03892035726353192,0.23762436423776673,90.61926237460679,396.75,2026-09-01
2026-09-01,2026-09-01 20:00:00+00:00,2026-12-31,401.0,22.15,843071839,GLD   261231C00401000,0.33127994524298426,121,1.0107120352867045,0.03892035726353192,0.23868972938926894,90.77290663489217,396.75,2026-09-01
2026-09-01,2026-09-01 20:00:00+00:00,2026-12-31,402.0,21.68,843071894,GLD   261231C00402000,0.33127994524298426,121,1.0132325141776937,0.03892035726353192,0.23868315438339488,90.89794317738452,396.75,2026-09-01
2026-09-01,2026-09-01 20:00:00+00:00,2026-12-31,403.0,21.2,843071934,GLD   261231C00403000,0.33127994524298426,121,1.015752993068683,0.03892035726353192,0.23848853048430757,90.99334768201953,396.75,2026-09-01
2026-09-01,2026-09-01 20:00:00+00:00,2026-12-31,404.0,20.75,843071994,GLD   261231C00404000,0.33127994524298426,121,1.0182734719596724,0.03892035726353192,0.2385458336162381,91.05847035990399,396.75,2026-09-01
2026-09-01,2026-09-01 20:00:00+00:00,2026-12-31,405.0,20.27,843072046,GLD   261231C00405000,0.33127994524298426,121,1.0207939508506616,0.03892035726353192,0.2381962407401763,91.09420712999855,396.75,2026-09-01
2026-09-01,2026-09-01 20:00:00+00:00,2026-12-31,406.0,19.9,843072092,GLD   261231C00406000,0.33127994524298426,121,1.023314429741651,0.03892035726353192,0.23897701803119858,91.10014181945286,396.75,2026-09-01
2026-09-01,2026-09-01 20:00:00+00:00,2026-12-31,407.0,19.45,843072139,GLD   261231C00407000,0.33127994524298426,121,1.0258349086326402,0.03892035726353192,0.2388029107580893,91.07711417658693,396.75,2026-09-01
2026-09-01,2026-09-01 20:00:00+00:00,2026-12-31,408.0,18.8,843072184,GLD   261231C00408000,0.33127994524298426,121,1.0283553875236295,0.03892035726353192,0.23635503420857712,91.01813806836428,396.75,2026-09-01
2026-09-01,2026-09-01 20:00:00+00:00,2026-12-31,409.0,18.52,843072231,GLD   261231C00409000,0.33127994524298426,121,1.0308758664146187,0.03892035726353192,0.23789538299972196,90.94042106910209,396.75,2026-09-01
2026-09-01,2026-09-01 20:00:00+00:00,2026-12-31,410.0,18.2,843072278,GLD   261231C00410000,0.33127994524298426,121,1.033396345305608,0.03892035726353192,0.23892261125454684,90.836031682788,396.75,2026-09-01
2026-09-01,2026-09-01 20:00:00+00:00,2026-12-31,411.0,17.83,843072326,GLD   261231C00411000,0.33127994524298426,121,1.0359168241965973,0.03892035726353192,0.239326042811852,90.70232287090248,396.75,2026-09-01
2026-09-01,2026-09-01 20:00:00+00:00,2026-12-31,412.0,17.45,843072366,GLD   261231C00412000,0.33127994524298426,121,1.0384373030875866,0.03892035726353192,0.2395455511524342,90.54073368953377,396.75,2026-09-01
2026-09-01,2026-09-01 20:00:00+00:00,2026-12-31,413.0,17.05,843072414,GLD   261231C00413000,0.33127994524298426,121,1.040957781978576,0.03892035726353192,0.23947016209783034,90.34908639050822,396.75,2026-09-01
2026-09-01,2026-09-01 20:00:00+00:00,2026-12-31,414.0,16.67,843072459,GLD   261231C00414000,0.33127994524298426,121,1.0434782608695652,0.03892035726353192,0.2395422543364577,90.13243216913985,396.75,2026-09-01
2026-09-01,2026-09-01 20:00:00+00:00,2026-12-31,415.0,16.23,843072512,GLD   261231C00415000,0.33127994524298426,121,1.0459987397605546,0.03892035726353192,0.23887345703216276,89.87588009527455,396.75,2026-09-01
2026-09-01,2026-09-01 20:00:00+00:00,2026-12-31,416.0,15.93,843072566,GLD   261231C00416000,0.33127994524298426,121,1.0485192186515437,0.03892035726353192,0.23968950280370194,89.6213125420484,396.75,2026-09-01
2026-09-01,2026-09-01 20:00:00+00:00,2026-12-31,417.0,15.53,843072617,GLD   261231C00417000,0.33127994524298426,121,1.0510396975425331,0.03892035726353192,0.2393181267282926,89.31667137704994,396.75,2026-09-01
2026-09-01,2026-09-01 20:00:00+00:00,2026-12-31,418.0,15.28,843072659,GLD   261231C00418000,0.33127994524298426,121,1.0535601764335223,0.03892035726353192,0.24055659334464002,89.02979169477474,396.75,2026-09-01
2026-09-01,2026-09-01 20:00:00+00:00,2026-12-31,419.0,14.93,843072716,GLD   261231C00419000,0.33127994524298426,121,1.0560806553245117,0.03892035726353192,0.24060441580237824,88.68916035338486,396.75,2026-09-01
2026-09-01,2026-09-01 20:00:00+00:00,2026-12-31,420.0,14.58,843072784,GLD   261231C00420000,0.33127994524298426,121,1.0586011342155008,0.03892035726353192,0.24058086312552918,88.3222745712337,396.75,2026-09-01
2026-09-01,2026-09-01 20:00:00+00:00,2026-12-31,421.0,14.25,843072842,GLD   261231C00421000,0.33127994524298426,121,1.0611216131064902,0.03892035726353192,0.24071310828616843,87.93773864281513,396.75,2026-09-01
2026-09-01,2026-09-01 20:00:00+00:00,2026-12-31,422.0,13.95,843072889,GLD   261231C00422000,0.33127994524298426,121,1.0636420919974796,0.03892035726353192,0.2411181975645013,87.54298424775361,396.75,2026-09-01
2026-09-01,2026-09-01 20:00:00+00:00,2026-12-31,423.0,13.65,843072949,GLD   261231C00423000,0.33127994524298426,121,1.0661625708884688,0.03892035726353192,0.2414564937236719,87.12586473842784,396.75,2026-09-01
2026-09-01,2026-09-01 20:00:00+00:00,2026-12-31,424.0,13.35,843073002,GLD   261231C00424000,0.33127994524298426,121,1.0686830497794582,0.03892035726353192,0.24172795951152226,86.68622841646221,396.75,2026-09-01
2026-09-01,2026-09-01 20:00:00+00:00,2026-12-31,425.0,13.05,843073052,GLD   261231C00425000,0.33127994524298426,121,1.0712035286704473,0.03892035726353192,0.24193246454549955,86.22386664484213,396.75,2026-09-01
2026-09-01,2026-09-01 20:00:00+00:00,2026-12-31,426.0,12.75,843073111,GLD   261231C00426000,0.33127994524298426,121,1.0737240075614367,0.03892035726353192,0.24206978531265638,85.73851324133759,396.75,2026-09-01
2026-09-01,2026-09-01 20:00:00+00:00,2026-12-31,427.0,12.43,843073169,GLD   261231C00427000,0.33127994524298426,121,1.0762444864524259,0.03892035726353192,0.2419049072616734,85.2146122587419,396.75,2026-09-01
2026-09-01,2026-09-01 20:00:00+00:00,2026-12-31,428.0,12.2,843073212,GLD   261231C00428000,0.33127994524298426,121,1.0787649653434153,0.03892035726353192,0.24273164440253753,84.73840220429523,396.75,2026-09-01
2026-09-01,2026-09-01 20:00:00+00:00,2026-12-31,429.0,11.9,843073266,GLD   261231C00429000,0.33127994524298426,121,1.0812854442344046,0.03892035726353192,0.24266892108162869,84.18508084935782,396.75,2026-09-01
2026-09-01,2026-09-01 20:00:00+00:00,2026-12-31,430.0,11.65,843073313,GLD   261231C00430000,0.33127994524298426,121,1.0838059231253938,0.03892035726353192,0.24313516909023747,83.65438547253666,396.75,2026-09-01
2026-09-01,2026-09-01 20:00:00+00:00,2026-12-31,431.0,11.38,843073357,GLD   261231C00431000,0.33127994524298426,121,1.0863264020163832,0.03892035726353192,0.24329937660237777,83.0851531274161,396.75,2026-09-01
2026-09-01,2026-09-01 20:00:00+00:00,2026-12-31,432.0,11.1,843073393,GLD   261231C00432000,0.33127994524298426,121,1.0888468809073724,0.03892035726353192,0.24327741645528006,82.48385215896452,396.75,2026-09-01
2026-09-01,2026-09-01 20:00:00+00:00,2026-12-31,433.0,10.88,843073463,GLD   261231C00433000,0.33127994524298426,121,1.0913673597983617,0.03892035726353192,0.24392079847482964,81.92779832355549,396.75,2026-09-01
2026-09-01,2026-09-01 20:00:00+00:00,2026-12-31,434.0,10.63,843073489,GLD   261231C00434000,0.33127994524298426,121,1.093887838689351,0.03892035726353192,0.2441382300076075,81.32028449559596,396.75,2026-09-01
2026-09-01,2026-09-01 20:00:00+00:00,2026-12-31,435.0,10.4,843073545,GLD   261231C00435000,0.33127994524298426,121,1.0964083175803403,0.03892035726353192,0.2445406930088066,80.71857791824912,396.75,2026-09-01
2026-09-01,2026-09-01 20:00:00+00:00,2026-12-31,436.0,10.18,843073608,GLD   261231C00436000,0.33127994524298426,121,1.0989287964713295,0.03892035726353192,0.24500855217324574,80.11309680122001,396.75,2026-09-01
2026-09-01,2026-09-01 20:00:00+00:00,2026-12-31,437.0,9.93,843073649,GLD   261231C00437000,0.33127994524298426,121,1.1014492753623188,0.03892035726353192,0.24504109193319457,79.44911323865801,396.75,2026-09-01
2026-09-01,2026-09-01 20:00:00+00:00,2026-12-31,438.0,9.73,843073690,GLD   261231C00438000,0.33127994524298426,121,1.1039697542533082,0.03892035726353192,0.24564361764853815,78.8388349268472,396.75,2026-09-01
2026-09-01,2026-09-01 20:00:00+00:00,2026-12-31,440.0,9.28,843073728,GLD   261231C00440000,0.33127994524298426,121,1.1090107120352868,0.03892035726353192,0.246039887478482,77.49492115680121,396.75,2026-09-01
2026-09-01,2026-09-01 20:00:00+00:00,2026-12-31,445.0,8.23,843073788,GLD   261231C00445000,0.33127994524298426,121,1.121613106490233,0.03892035726353192,0.24696507275970656,73.9626811790743,396.75,2026-09-01
2026-09-01,2026-09-01 20:00:00+00:00,2026-12-31,450.0,7.35,843073841,GLD   261231C00450000,0.33127994524298426,121,1.1342155009451795,0.03892035726353192,0.24878182324962694,70.40662700299347,396.75,2026-09-01
2026-09-01,2026-09-01 20:00:00+00:00,2026-12-31,455.0,6.55,843073889,GLD   261231C00455000,0.33127994524298426,121,1.146817895400126,0.03892035726353192,0.25042125346781685,66.73826529250887,396.75,2026-09-01
2026-09-01,2026-09-01 20:00:00+00:00,2026-12-31,460.0,5.9,843073930,GLD   261231C00460000,0.33127994524298426,121,1.1594202898550725,0.03892035726353192,0.2530970014673657,63.26025392694456,396.75,2026-09-01
2026-09-01,2026-09-01 20:00:00+00:00,2026-12-31,465.0,5.25,843073971,GLD   261231C00465000,0.33127994524298426,121,1.172022684310019,0.03892035726353192,0.25461434705099095,59.56355769826401,396.75,2026-09-01
2026-09-01,2026-09-01 20:00:00+00:00,2026-12-31,470.0,4.73,843074015,GLD   261231C00470000,0.33127994524298426,121,1.1846250787649653,0.03892035726353192,0.25720235690558335,56.17480467244167,396.75,2026-09-01
2026-09-01,2026-09-01 20:00:00+00:00,2026-12-31,475.0,4.25,843074064,GLD   261231C00475000,0.33127994524298426,121,1.1972274732199117,0.03892035726353192,0.25949241468803963,52.813543498201035,396.75,2026-09-01
2026-09-01,2026-09-01 20:00:00+00:00,2027-01-15,318.0,86.05,776885052,GLD   270115C00318000,0.3723477070499658,136,0.8015122873345936,0.03899974462041223,0.29202838422982025,35.631011713246046,396.75,2026-09-01
2026-09-01,2026-09-01 20:00:00+00:00,2027-01-15,319.0,85.1,776885082,GLD   270115C00319000,0.3723477070499658,136,0.8040327662255828,0.03899974462041223,0.2900157153283246,36.094094575522675,396.75,2026-09-01
2026-09-01,2026-09-01 20:00:00+00:00,2027-01-15,320.0,84.18,731137337,GLD   270115C00320000,0.3723477070499658,136,0.8065532451165721,0.03899974462041223,0.2888068548644893,36.73629930439513,396.75,2026-09-01
2026-09-01,2026-09-01 20:00:00+00:00,2027-01-15,321.0,83.15,776885117,GLD   270115C00321000,0.3723477070499658,136,0.8090737240075614,0.03899974462041223,0.28459051593476914,36.73421534400108,396.75,2026-09-01
2026-09-01,2026-09-01 20:00:00+00:00,2027-01-15,322.0,82.35,776885152,GLD   270115C00322000,0.3723477070499658,136,0.8115942028985508,0.03899974462041223,0.28653592606512834,38.07609915425638,396.75,2026-09-01
2026-09-01,2026-09-01 20:00:00+00:00,2027-01-15,323.0,81.4,776885187,GLD   270115C00323000,0.3723477070499658,136,0.81411468178954,0.03899974462041223,0.28443237121133136,38.54828830056531,396.75,2026-09-01
2026-09-01,2026-09-01 20:00:00+00:00,2027-01-15,324.0,80.38,776885208,GLD   270115C00324000,0.3723477070499658,136,0.8166351606805293,0.03899974462041223,0.28051238251095645,38.628143333545985,396.75,2026-09-01
2026-09-01,2026-09-01 20:00:00+00:00,2027-01-15,325.0,79.5,731137385,GLD   270115C00325000,0.3723477070499658,136,0.8191556395715186,0.03899974462041223,0.28018476840807127,39.50284050383986,396.75,2026-09-01
2026-09-01,2026-09-01 20:00:00+00:00,2027-01-15,326.0,78.58,776885237,GLD   270115C00326000,0.3723477070499658,136,0.8216761184625079,0.03899974462041223,0.27878967509372166,40.15070104258488,396.75,2026-09-01
2026-09-01,2026-09-01 20:00:00+00:00,2027-01-15,327.0,77.72,776885267,GLD   270115C00327000,0.3723477070499658,136,0.8241965973534972,0.03899974462041223,0.27882530212625867,41.121132237261264,396.75,2026-09-01
2026-09-01,2026-09-01 20:00:00+00:00,2027-01-15,328.0,76.78,776885310,GLD   270115C00328000,0.3723477070499658,136,0.8267170762444864,0.03899974462041223,0.27686058606505404,41.66013687467345,396.75,2026-09-01
2026-09-01,2026-09-01 20:00:00+00:00,2027-01-15,329.0,75.88,776885341,GLD   270115C00329000,0.3723477070499658,136,0.8292375551354757,0.03899974462041223,0.2758229877407663,42.41068215302327,396.75,2026-09-01
2026-09-01,2026-09-01 20:00:00+00:00,2027-01-15,330.0,74.97,731137430,GLD   270115C00330000,0.3723477070499658,136,0.831758034026465,0.03899974462041223,0.2745069248794577,43.10785598930649,396.75,2026-09-01
2026-09-01,2026-09-01 20:00:00+00:00,2027-01-15,331.0,74.08,811874759,GLD   270115C00331000,0.3723477070499658,136,0.8342785129174544,0.03899974462041223,0.27360932482117784,43.90479060542455,396.75,2026-09-01
2026-09-01,2026-09-01 20:00:00+00:00,2027-01-15,332.0,73.18,811874818,GLD   270115C00332000,0.3723477070499658,136,0.8367989918084436,0.03899974462041223,0.2724359936029651,44.648856555969616,396.75,2026-09-01
2026-09-01,2026-09-01 20:00:00+00:00,2027-01-15,333.0,72.28,811874868,GLD   270115C00333000,0.3723477070499658,136,0.8393194706994329,0.03899974462041223,0.27122000866392626,45.391248355988104,396.75,2026-09-01
2026-09-01,2026-09-01 20:00:00+00:00,2027-01-15,334.0,71.38,811874933,GLD   270115C00334000,0.3723477070499658,136,0.8418399495904222,0.03899974462041223,0.2699624968818388,46.132185198110115,396.75,2026-09-01
2026-09-01,2026-09-01 20:00:00+00:00,2027-01-15,335.0,70.47,731137475,GLD   270115C00335000,0.3723477070499658,136,0.8443604284814115,0.03899974462041223,0.26845110233044256,46.825348034764716,396.75,2026-09-01
2026-09-01,2026-09-01 20:00:00+00:00,2027-01-15,336.0,69.63,811874983,GLD   270115C00336000,0.3723477070499658,136,0.8468809073724007,0.03899974462041223,0.2683748564762063,47.837521293870466,396.75,2026-09-01
2026-09-01,2026-09-01 20:00:00+00:00,2027-01-15,337.0,68.72,811875034,GLD   270115C00337000,0.3723477070499658,136,0.84940138626339,0.03899974462041223,0.2667770648575388,48.52698328454691,396.75,2026-09-01
2026-09-01,2026-09-01 20:00:00+00:00,2027-01-15,338.0,67.83,811875095,GLD   270115C00338000,0.3723477070499658,136,0.8519218651543793,0.03899974462041223,0.26555407651280993,49.30465664248639,396.75,2026-09-01
2026-09-01,2026-09-01 20:00:00+00:00,2027-01-15,339.0,66.97,811875143,GLD   270115C00339000,0.3723477070499658,136,0.8544423440453687,0.03899974462041223,0.2648867879209109,50.207995435024,396.75,2026-09-01
2026-09-01,2026-09-01 20:00:00+00:00,2027-01-15,340.0,66.13,731137508,GLD   270115C00340000,0.3723477070499658,136,0.856962822936358,0.03899974462041223,0.2645493858135306,51.18612754347983,396.75,2026-09-01
2026-09-01,2026-09-01 20:00:00+00:00,2027-01-15,341.0,65.22,811875201,GLD   270115C00341000,0.3723477070499658,136,0.8594833018273472,0.03899974462041223,0.2627930955759249,51.87108598785704,396.75,2026-09-01
2026-09-01,2026-09-01 20:00:00+00:00,2027-01-15,342.0,64.33,811875255,GLD   270115C00342000,0.3723477070499658,136,0.8620037807183365,0.03899974462041223,0.2613886705960148,52.63718636919217,396.75,2026-09-01
2026-09-01,2026-09-01 20:00:00+00:00,2027-01-15,343.0,63.47,811875315,GLD   270115C00343000,0.3723477070499658,136,0.8645242596093258,0.03899974462041223,0.26050702377436685,53.51864271314525,396.75,2026-09-01
2026-09-01,2026-09-01 20:00:00+00:00,2027-01-15,344.0,62.68,811875363,GLD   270115C00344000,0.3723477070499658,136,0.867044738500315,0.03899974462041223,0.2608545957208612,54.65584323469323,396.75,2026-09-01
2026-09-01,2026-09-01 20:00:00+00:00,2027-01-15,345.0,61.8,731137548,GLD   270115C00345000,0.3723477070499658,136,0.8695652173913043,0.03899974462041223,0.2594847407435067,55.446034754792436,396.75,2026-09-01
2026-09-01,2026-09-01 20:00:00+00:00,2027-01-15,346.0,60.93,811875432,GLD   270115C00346000,0.3723477070499658,136,0.8720856962822936,0.03899974462041223,0.2582522996637041,56.26982990902971,396.75,2026-09-01
2026-09-01,2026-09-01 20:00:00+00:00,2027-01-15,347.0,60.08,811875499,GLD   270115C00347000,0.3723477070499658,136,0.8746061751732829,0.03899974462041223,0.2573253542180174,57.1594626958463,396.75,2026-09-01
2026-09-01,2026-09-01 20:00:00+00:00,2027-01-15,348.0,59.23,811875548,GLD   270115C00348000,0.3723477070499658,136,0.8771266540642723,0.03899974462041223,0.25634444902157416,58.042440965367994,396.75,2026-09-01
2026-09-01,2026-09-01 20:00:00+00:00,2027-01-15,349.0,58.43,811875601,GLD   270115C00349000,0.3723477070499658,136,0.8796471329552615,0.03899974462041223,0.2561584210579284,59.08152892719707,396.75,2026-09-01
2026-09-01,2026-09-01 20:00:00+00:00,2027-01-15,350.0,57.6,731137602,GLD   270115C00350000,0.3723477070499658,136,0.8821676118462508,0.03899974462041223,0.25539480769867084,60.01046357134823,396.75,2026-09-01
2026-09-01,2026-09-01 20:00:00+00:00,2027-01-15,351.0,56.73,811875652,GLD   270115C00351000,0.3723477070499658,136,0.8846880907372401,0.03899974462041223,0.2539146118295379,60.80827943772736,396.75,2026-09-01
2026-09-01,2026-09-01 20:00:00+00:00,2027-01-15,352.0,55.9,811875709,GLD   270115C00352000,0.3723477070499658,136,0.8872085696282294,0.03899974462041223,0.2530434235512279,61.72283119516749,396.75,2026-09-01
2026-09-01,2026-09-01 20:00:00+00:00,2027-01-15,353.0,55.1,811875761,GLD   270115C00353000,0.3723477070499658,136,0.8897290485192186,0.03899974462041223,0.25259419046575216,62.71455676010318,396.75,2026-09-01
2026-09-01,2026-09-01 20:00:00+00:00,2027-01-15,354.0,54.33,811875834,GLD   270115C00354000,0.3723477070499658,136,0.8922495274102079,0.03899974462041223,0.25254620968634267,63.77428644576149,396.75,2026-09-01
2026-09-01,2026-09-01 20:00:00+00:00,2027-01-15,355.0,53.45,731137652,GLD   270115C00355000,0.3723477070499658,136,0.8947700063011972,0.03899974462041223,0.25071534062856815,64.52327095412113,396.75,2026-09-01
2026-09-01,2026-09-01 20:00:00+00:00,2027-01-15,356.0,52.73,811875903,GLD   270115C00356000,0.3723477070499658,136,0.8972904851921865,0.03899974462041223,0.2512950121450238,65.68332936928265,396.75,2026-09-01
2026-09-01,2026-09-01 20:00:00+00:00,2027-01-15,357.0,51.9,811875969,GLD   270115C00357000,0.3723477070499658,136,0.8998109640831758,0.03899974462041223,0.25012293818714104,66.5456305798947,396.75,2026-09-01
2026-09-01,2026-09-01 20:00:00+00:00,2027-01-15,358.0,51.13,811876009,GLD   270115C00358000,0.3723477070499658,136,0.9023314429741651,0.03899974462041223,0.2497902857298963,67.54268772482062,396.75,2026-09-01
2026-09-01,2026-09-01 20:00:00+00:00,2027-01-15,359.0,50.35,811876098,GLD   270115C00359000,0.3723477070499658,136,0.9048519218651544,0.03899974462041223,0.24923889791434628,68.49993578692253,396.75,2026-09-01
2026-09-01,2026-09-01 20:00:00+00:00,2027-01-15,360.0,49.58,731137705,GLD   270115C00360000,0.3723477070499658,136,0.9073724007561437,0.03899974462041223,0.24876486420473087,69.4639886470047,396.75,2026-09-01
2026-09-01,2026-09-01 20:00:00+00:00,2027-01-15,365.0,45.78,731137762,GLD   270115C00365000,0.3723477070499658,136,0.9199747952110902,0.03899974462041223,0.24607198021253573,74.1387088386431,396.75,2026-09-01
2026-09-01,2026-09-01 20:00:00+00:00,2027-01-15,370.0,42.13,731137800,GLD   270115C00370000,0.3723477070499658,136,0.9325771896660365,0.03899974462041223,0.24368123916024348,78.62402741577047,396.75,2026-09-01
2026-09-01,2026-09-01 20:00:00+00:00,2027-01-15,375.0,38.67,731137844,GLD   270115C00375000,0.3723477070499658,136,0.945179584120983,0.03899974462041223,0.241931989580486,82.83885883965921,396.75,2026-09-01
2026-09-01,2026-09-01 20:00:00+00:00,2027-01-15,380.0,35.42,731137909,GLD   270115C00380000,0.3723477070499658,136,0.9577819785759294,0.03899974462041223,0.2408850828732364,86.6558597743104,396.75,2026-09-01
2026-09-01,2026-09-01 20:00:00+00:00,2027-01-15,385.0,32.35,759656704,GLD   270115C00385000,0.3723477070499658,136,0.9703843730308759,0.03899974462041223,0.24006420363420622,89.93735135634859,396.75,2026-09-01
2026-09-01,2026-09-01 20:00:00+00:00,2027-01-15,390.0,29.4,759656749,GLD   270115C00390000,0.3723477070499658,136,0.9829867674858223,0.03899974462041223,0.23876082513267183,92.59802443013974,396.75,2026-09-01
2026-09-01,2026-09-01 20:00:00+00:00,2027-01-15,395.0,26.73,759656782,GLD   270115C00395000,0.3723477070499658,136,0.9955891619407687,0.03899974462041223,0.23867327324850485,94.61574116209772,396.75,2026-09-01
2026-09-01,2026-09-01 20:00:00+00:00,2027-01-15,400.0,24.2,761418429,GLD   270115C00400000,0.3723477070499658,136,1.0081915563957151,0.03899974462041223,0.23827097788201645,95.93035554775376,396.75,2026-09-01
2026-09-01,2026-09-01 20:00:00+00:00,2027-01-15,405.0,21.9,764260513,GLD   270115C00405000,0.3723477070499658,136,1.0207939508506616,0.03899974462041223,0.23851010879678652,96.53633753779916,396.75,2026-09-01
2026-09-01,2026-09-01 20:00:00+00:00,2027-01-15,410.0,19.8,769169487,GLD   270115C00410000,0.3723477070499658,136,1.033396345305608,0.03899974462041223,0.2391047370546498,96.44923969083187,396.75,2026-09-01
2026-09-01,2026-09-01 20:00:00+00:00,2027-01-15,415.0,17.88,770772181,GLD   270115C00415000,0.3723477070499658,136,1.0459987397605546,0.03899974462041223,0.23990269690351562,95.70939162783081,396.75,2026-09-01
2026-09-01,2026-09-01 20:00:00+00:00,2027-01-15,420.0,16.13,772352864,GLD   270115C00420000,0.3723477070499658,136,1.0586011342155008,0.03899974462041223,0.24087239851346243,94.37311837267342,396.75,2026-09-01
2026-09-01,2026-09-01 20:00:00+00:00,2027-01-15,425.0,14.53,772834192,GLD   270115C00425000,0.3723477070499658,136,1.0712035286704473,0.03899974462041223,0.24188609492192048,92.50267445900076,396.75,2026-09-01
2026-09-01,2026-09-01 20:00:00+00:00,2027-01-15,430.0,13.08,772834250,GLD   270115C00430000,0.3723477070499658,136,1.0838059231253938,0.03899974462041223,0.24303521223748104,90.17306126556772,396.75,2026-09-01
2026-09-01,2026-09-01 20:00:00+00:00,2027-01-15,435.0,11.73,776885391,GLD   270115C00435000,0.3723477070499658,136,1.0964083175803403,0.03899974462041223,0.24385497856829316,87.41790394837645,396.75,2026-09-01
2026-09-01,2026-09-01 20:00:00+00:00,2027-01-15,440.0,10.55,776885430,GLD   270115C00440000,0.3723477070499658,136,1.1090107120352868,0.03899974462041223,0.24524003708260134,84.38873344266112,396.75,2026-09-01
2026-09-01,2026-09-01 20:00:00+00:00,2027-01-15,445.0,9.53,776885456,GLD   270115C00445000,0.3723477070499658,136,1.121613106490233,0.03899974462041223,0.24723672480834652,81.2000472311128,396.75,2026-09-01
2026-09-01,2026-09-01 20:00:00+00:00,2027-01-15,450.0,8.43,778908528,GLD   270115C00450000,0.3723477070499658,136,1.1342155009451795,0.03899974462041223,0.24694486346403138,77.47141533525117,396.75,2026-09-01
2026-09-01,2026-09-01 20:00:00+00:00,2027-01-15,455.0,7.65,778908583,GLD   270115C00455000,0.3723477070499658,136,1.146817895400126,0.03899974462041223,0.24954883586829524,74.09296827853996,396.75,2026-09-01
2026-09-01,2026-09-01 20:00:00+00:00,2027-01-15,460.0,6.95,778908639,GLD   270115C00460000,0.3723477070499658,136,1.1594202898550725,0.03899974462041223,0.25219018149999906,70.69821202930768,396.75,2026-09-01
2026-09-01,2026-09-01 20:00:00+00:00,2027-01-15,465.0,6.25,779174794,GLD   270115C00465000,0.3723477070499658,136,1.172022684310019,0.03899974462041223,0.25379548408500857,67.08486745557872,396.75,2026-09-01
2026-09-01,2026-09-01 20:00:00+00:00,2027-01-15,470.0,5.65,779174835,GLD   270115C00470000,0.3723477070499658,136,1.1846250787649653,0.03899974462041223,0.2558738983887249,63.60277760533536,396.75,2026-09-01
2026-09-01,2026-09-01 20:00:00+00:00,2027-01-15,475.0,5.13,813159158,GLD   270115C00475000,0.3723477070499658,136,1.1972274732199117,0.03899974462041223,0.2582814122251236,60.26641556709284,396.75,2026-09-01
2026-09-01,2026-09-01 20:00:00+00:00,2027-02-19,320.0,86.23,910573957,GLD   270219C00320000,0.4681724845995893,171,0.8065532451165721,0.03916561912229778,0.28042006235057493,45.80008247032303,396.75,2026-09-01
2026-09-01,2026-09-01 20:00:00+00:00,2027-02-19,325.0,81.68,910574009,GLD   270219C00325000,0.4681724845995893,171,0.8191556395715186,0.03916561912229778,0.27383275395138196,49.198994891143315,396.75,2026-09-01
2026-09-01,2026-09-01 20:00:00+00:00,2027-02-19,330.0,77.25,910574066,GLD   270219C00330000,0.4681724845995893,171,0.831758034026465,0.03916561912229778,0.2688601589635946,53.15752281436414,396.75,2026-09-01
2026-09-01,2026-09-01 20:00:00+00:00,2027-02-19,335.0,72.93,910574121,GLD   270219C00335000,0.4681724845995893,171,0.8443604284814115,0.03916561912229778,0.2649169062905946,57.51146912322073,396.75,2026-09-01
2026-09-01,2026-09-01 20:00:00+00:00,2027-02-19,340.0,68.68,910574154,GLD   270219C00340000,0.4681724845995893,171,0.856962822936358,0.03916561912229778,0.26105605539092813,62.00382282886681,396.75,2026-09-01
2026-09-01,2026-09-01 20:00:00+00:00,2027-02-19,345.0,64.47,910574226,GLD   270219C00345000,0.4681724845995893,171,0.8695652173913043,0.03916561912229778,0.25672337797200306,66.48474468066823,396.75,2026-09-01
2026-09-01,2026-09-01 20:00:00+00:00,2027-02-19,350.0,60.38,910574256,GLD   270219C00350000,0.4681724845995893,171,0.8821676118462508,0.03916561912229778,0.253049514279049,71.15483686954487,396.75,2026-09-01
2026-09-01,2026-09-01 20:00:00+00:00,2027-02-19,355.0,56.4,910574319,GLD   270219C00355000,0.4681724845995893,171,0.8947700063011972,0.03916561912229778,0.24969676418742165,75.87790035718494,396.75,2026-09-01
2026-09-01,2026-09-01 20:00:00+00:00,2027-02-19,360.0,52.6,910574390,GLD   270219C00360000,0.4681724845995893,171,0.9073724007561437,0.03916561912229778,0.2473943666276522,80.69046662210944,396.75,2026-09-01
2026-09-01,2026-09-01 20:00:00+00:00,2027-02-19,365.0,48.93,910574441,GLD   270219C00365000,0.4681724845995893,171,0.9199747952110902,0.03916561912229778,0.24530548912407835,85.3521191030538,396.75,2026-09-01
2026-09-01,2026-09-01 20:00:00+00:00,2027-02-19,370.0,45.18,910574501,GLD   270219C00370000,0.4681724845995893,171,0.9325771896660365,0.03916561912229778,0.2409866881339811,89.53028628481323,396.75,2026-09-01
2026-09-01,2026-09-01 20:00:00+00:00,2027-02-19,375.0,42.05,910574551,GLD   270219C00375000,0.4681724845995893,171,0.945179584120983,0.03916561912229778,0.2421343339893036,93.91851140587792,396.75,2026-09-01
2026-09-01,2026-09-01 20:00:00+00:00,2027-02-19,380.0,38.8,910574599,GLD   270219C00380000,0.4681724845995893,171,0.9577819785759294,0.03916561912229778,0.24045096485083922,97.61089703388811,396.75,2026-09-01
2026-09-01,2026-09-01 20:00:00+00:00,2027-02-19,385.0,35.83,910574644,GLD   270219C00385000,0.4681724845995893,171,0.9703843730308759,0.03916561912229778,0.240173119630944,100.88314222492343,396.75,2026-09-01
2026-09-01,2026-09-01 20:00:00+00:00,2027-02-19,390.0,32.5,910574719,GLD   270219C00390000,0.4681724845995893,171,0.9829867674858223,0.03916561912229778,0.23497384526217358,103.49859809404892,396.75,2026-09-01
2026-09-01,2026-09-01 20:00:00+00:00,2027-02-19,395.0,30.2,910574800,GLD   270219C00395000,0.4681724845995893,171,0.9955891619407687,0.03916561912229778,0.23829899150477724,105.6854518339129,396.75,2026-09-01
2026-09-01,2026-09-01 20:00:00+00:00,2027-02-19,400.0,27.68,910574851,GLD   270219C00400000,0.4681724845995893,171,1.0081915563957151,0.03916561912229778,0.23804278047559785,107.18442809427823,396.75,2026-09-01
2026-09-01,2026-09-01 20:00:00+00:00,2027-02-19,405.0,25.38,910574896,GLD   270219C00405000,0.4681724845995893,171,1.0207939508506616,0.03916561912229778,0.238438091062475,108.05161829076599,396.75,2026-09-01
2026-09-01,2026-09-01 20:00:00+00:00,2027-02-19,410.0,23.2,910574987,GLD   270219C00410000,0.4681724845995893,171,1.033396345305608,0.03916561912229778,0.23857570984689522,108.29748982538271,396.75,2026-09-01
2026-09-01,2026-09-01 20:00:00+00:00,2027-02-19,415.0,21.2,910575057,GLD   270219C00415000,0.4681724845995893,171,1.0459987397605546,0.03916561912229778,0.2390456737582572,107.94508653673088,396.75,2026-09-01
2026-09-01,2026-09-01 20:00:00+00:00,2027-02-19,420.0,19.38,910575124,GLD   270219C00420000,0.4681724845995893,171,1.0586011342155008,0.03916561912229778,0.2398952930371277,107.03751642355301,396.75,2026-09-01
2026-09-01,2026-09-01 20:00:00+00:00,2027-02-19,425.0,17.68,910575199,GLD   270219C00425000,0.4681724845995893,171,1.0712035286704473,0.03916561912229778,0.24062150522982706,105.61515850911013,396.75,2026-09-01
2026-09-01,2026-09-01 20:00:00+00:00,2027-02-19,430.0,16.1,910575264,GLD   270219C00430000,0.4681724845995893,171,1.0838059231253938,0.03916561912229778,0.24127730153100568,103.72342239362078,396.75,2026-09-01
2026-09-01,2026-09-01 20:00:00+00:00,2027-02-19,435.0,14.7,910575329,GLD   270219C00435000,0.4681724845995893,171,1.0964083175803403,0.03916561912229778,0.24251131651448088,101.46089921298456,396.75,2026-09-01
2026-09-01,2026-09-01 20:00:00+00:00,2027-02-19,440.0,13.43,910575386,GLD   270219C00440000,0.4681724845995893,171,1.1090107120352868,0.03916561912229778,0.24392815577602012,98.8800616596103,396.75,2026-09-01
2026-09-01,2026-09-01 20:00:00+00:00,2027-02-19,445.0,12.2,910575458,GLD   270219C00445000,0.4681724845995893,171,1.121613106490233,0.03916561912229778,0.24467939210580664,95.9411779279488,396.75,2026-09-01
2026-09-01,2026-09-01 20:00:00+00:00,2027-02-19,450.0,11.13,910575511,GLD   270219C00450000,0.4681724845995893,171,1.1342155009451795,0.03916561912229778,0.24606587085863574,92.84530012050668,396.75,2026-09-01
2026-09-01,2026-09-01 20:00:00+00:00,2027-02-19,455.0,10.15,910575565,GLD   270219C00455000,0.4681724845995893,171,1.146817895400126,0.03916561912229778,0.2474480842393823,89.57601957286249,396.75,2026-09-01
2026-09-01,2026-09-01 20:00:00+00:00,2027-02-19,460.0,9.28,910575627,GLD   270219C00460000,0.4681724845995893,171,1.1594202898550725,0.03916561912229778,0.24913389339419081,86.23991183984253,396.75,2026-09-01
2026-09-01,2026-09-01 20:00:00+00:00,2027-02-19,465.0,8.45,910575677,GLD   270219C00465000,0.4681724845995893,171,1.172022684310019,0.03916561912229778,0.25039168456746275,82.7380009916245,396.75,2026-09-01
2026-09-01,2026-09-01 20:00:00+00:00,2027-02-19,470.0,7.75,910575731,GLD   270219C00470000,0.4681724845995893,171,1.1846250787649653,0.03916561912229778,0.25237621877668426,79.35687517957685,396.75,2026-09-01
2026-09-01,2026-09-01 20:00:00+00:00,2027-02-19,475.0,7.1,910575787,GLD   270219C00475000,0.4681724845995893,171,1.1972274732199117,0.03916561912229778,0.2542069853910246,75.94328501017574,396.75,2026-09-01
2026-09-01,2026-09-01 20:00:00+00:00,2027-03-19,320.0,87.95,848877339,GLD   270319C00320000,0.5448323066392882,199,0.8065532451165721,0.03937576776383092,0.27708831316297877,52.93579354962959,396.75,2026-09-01
2026-09-01,2026-09-01 20:00:00+00:00,2027-03-19,325.0,83.53,848877380,GLD   270319C00325000,0.5448323066392882,199,0.8191556395715186,0.03937576776383092,0.27214012765167284,56.84720399835734,396.75,2026-09-01
2026-09-01,2026-09-01 20:00:00+00:00,2027-03-19,330.0,79.25,848877447,GLD   270319C00330000,0.5448323066392882,199,0.831758034026465,0.03937576776383092,0.2687437925352715,61.2829154746556,396.75,2026-09-01
2026-09-01,2026-09-01 20:00:00+00:00,2027-03-19,335.0,74.58,848877502,GLD   270319C00335000,0.5448323066392882,199,0.8443604284814115,0.03937576776383092,0.2583813131996432,64.15720577307506,396.75,2026-09-01
2026-09-01,2026-09-01 20:00:00+00:00,2027-03-19,340.0,70.47,848877540,GLD   270319C00340000,0.5448323066392882,199,0.856962822936358,0.03937576776383092,0.25602944477414724,69.10389668154228,396.75,2026-09-01
2026-09-01,2026-09-01 20:00:00+00:00,2027-03-19,345.0,66.33,848877588,GLD   270319C00345000,0.5448323066392882,199,0.8695652173913043,0.03937576776383092,0.25215555561920633,73.74856427852697,396.75,2026-09-01
2026-09-01,2026-09-01 20:00:00+00:00,2027-03-19,350.0,62.75,848877633,GLD   270319C00350000,0.5448323066392882,199,0.8821676118462508,0.03937576776383092,0.2544392898478546,79.6236706627809,396.75,2026-09-01
2026-09-01,2026-09-01 20:00:00+00:00,2027-03-19,355.0,58.9,848877673,GLD   270319C00355000,0.5448323066392882,199,0.8947700063011972,0.03937576776383092,0.2518606489109807,84.39882612687221,396.75,2026-09-01
2026-09-01,2026-09-01 20:00:00+00:00,2027-03-19,360.0,55.15,848877733,GLD   270319C00360000,0.5448323066392882,199,0.9073724007561437,0.03937576776383092,0.24932098304433747,89.0600354961508,396.75,2026-09-01
2026-09-01,2026-09-01 20:00:00+00:00,2027-03-19,365.0,51.53,848877783,GLD   270319C00365000,0.5448323066392882,199,0.9199747952110902,0.03937576776383092,0.24707791885910557,93.58207761105234,396.75,2026-09-01
2026-09-01,2026-09-01 20:00:00+00:00,2027-03-19,370.0,48.1,848877838,GLD   270319C00370000,0.5448323066392882,199,0.9325771896660365,0.03937576776383092,0.24565158961033445,97.9389078745822,396.75,2026-09-01
2026-09-01,2026-09-01 20:00:00+00:00,2027-03-19,375.0,44.73,848877898,GLD   270319C00375000,0.5448323066392882,199,0.945179584120983,0.03937576776383092,0.24362264151582497,101.91094283239315,396.75,2026-09-01
2026-09-01,2026-09-01 20:00:00+00:00,2027-03-19,380.0,41.45,848877958,GLD   270319C00380000,0.5448323066392882,199,0.9577819785759294,0.03937576776383092,0.24130230704201389,105.50097265968715,396.75,2026-09-01
2026-09-01,2026-09-01 20:00:00+00:00,2027-03-19,385.0,38.4,848877995,GLD   270319C00385000,0.5448323066392882,199,0.9703843730308759,0.03937576776383092,0.23996762741478164,108.71766602951669,396.75,2026-09-01
2026-09-01,2026-09-01 20:00:00+00:00,2027-03-19,390.0,35.5,848878035,GLD   270319C00390000,0.5448323066392882,199,0.9829867674858223,0.03937576776383092,0.2387927595450543,111.44642680094591,396.75,2026-09-01
2026-09-01,2026-09-01 20:00:00+00:00,2027-03-19,395.0,33.05,848878088,GLD   270319C00395000,0.5448323066392882,199,0.9955891619407687,0.03937576776383092,0.24039019726822158,113.66156286374942,396.75,2026-09-01
2026-09-01,2026-09-01 20:00:00+00:00,2027-03-19,400.0,30.45,848878142,GLD   270319C00400000,0.5448323066392882,199,1.0081915563957151,0.03937576776383092,0.23942779708122836,115.27815398786875,396.75,2026-09-01
2026-09-01,2026-09-01 20:00:00+00:00,2027-03-19,405.0,28.08,848878207,GLD   270319C00405000,0.5448323066392882,199,1.0207939508506616,0.03937576776383092,0.23927811791067943,116.32424887078584,396.75,2026-09-01
2026-09-01,2026-09-01 20:00:00+00:00,2027-03-19,410.0,25.88,848878259,GLD   270319C00410000,0.5448323066392882,199,1.033396345305608,0.03937576776383092,0.23942192055331546,116.79781586610761,396.75,2026-09-01
2026-09-01,2026-09-01 20:00:00+00:00,2027-03-19,415.0,23.83,848878307,GLD   270319C00415000,0.5448323066392882,199,1.0459987397605546,0.03937576776383092,0.23970988904712726,116.7157030690939,396.75,2026-09-01
2026-09-01,2026-09-01 20:00:00+00:00,2027-03-19,420.0,21.98,848878345,GLD   270319C00420000,0.5448323066392882,199,1.0586011342155008,0.03937576776383092,0.24060516084553674,116.11273220212318,396.75,2026-09-01
2026-09-01,2026-09-01 20:00:00+00:00,2027-03-19,425.0,20.15,848878379,GLD   270319C00425000,0.5448323066392882,199,1.0712035286704473,0.03937576776383092,0.24059643452754248,115.00068679561349,396.75,2026-09-01
2026-09-01,2026-09-01 20:00:00+00:00,2027-03-19,430.0,18.58,848878413,GLD   270319C00430000,0.5448323066392882,199,1.0838059231253938,0.03937576776383092,0.24180925303315742,113.47449031402776,396.75,2026-09-01
2026-09-01,2026-09-01 20:00:00+00:00,2027-03-19,435.0,17.05,848878462,GLD   270319C00435000,0.5448323066392882,199,1.0964083175803403,0.03937576776383092,0.24237483392087747,111.5180655905573,396.75,2026-09-01
2026-09-01,2026-09-01 20:00:00+00:00,2027-03-19,440.0,15.7,848878514,GLD   270319C00440000,0.5448323066392882,199,1.1090107120352868,0.03937576776383092,0.24358943121703344,109.25241865795363,396.75,2026-09-01
2026-09-01,2026-09-01 20:00:00+00:00,2027-03-19,445.0,14.43,848878548,GLD   270319C00445000,0.5448323066392882,199,1.121613106490233,0.03937576776383092,0.2446137631165795,106.6722367647159,396.75,2026-09-01
2026-09-01,2026-09-01 20:00:00+00:00,2027-03-19,450.0,13.33,848878603,GLD   270319C00450000,0.5448323066392882,199,1.1342155009451795,0.03937576776383092,0.2463564656295814,103.93369007134949,396.75,2026-09-01
2026-09-01,2026-09-01 20:00:00+00:00,2027-03-19,455.0,12.2,848878642,GLD   270319C00455000,0.5448323066392882,199,1.146817895400126,0.03937576776383092,0.24695650476338343,100.83391177872195,396.75,2026-09-01
2026-09-01,2026-09-01 20:00:00+00:00,2027-03-19,460.0,11.23,848878676,GLD   270319C00460000,0.5448323066392882,199,1.1594202898550725,0.03937576776383092,0.24830845076581465,97.68110218276234,396.75,2026-09-01
2026-09-01,2026-09-01 20:00:00+00:00,2027-03-19,465.0,10.33,848878710,GLD   270319C00465000,0.5448323066392882,199,1.172022684310019,0.03937576776383092,0.24959377128379423,94.39724823652982,396.75,2026-09-01
2026-09-01,2026-09-01 20:00:00+00:00,2027-03-19,470.0,9.53,848878756,GLD   270319C00470000,0.5448323066392882,199,1.1846250787649653,0.03937576776383092,0.2511934534494765,91.09997168264017,396.75,2026-09-01
2026-09-01,2026-09-01 20:00:00+00:00,2027-03-19,475.0,8.8,848878797,GLD   270319C00475000,0.5448323066392882,199,1.1972274732199117,0.03937576776383092,0.25285983560392633,87.77856524300245,396.75,2026-09-01
2026-09-01,2026-09-01 20:00:00+00:00,2027-03-31,320.0,88.55,870310641,GLD   270331C00320000,0.5776865160848734,211,0.8065532451165721,0.03948939557003531,0.27341975790252904,55.203225095073705,396.75,2026-09-01
2026-09-01,2026-09-01 20:00:00+00:00,2027-03-31,325.0,84.18,870310661,GLD   270331C00325000,0.5776865160848734,211,0.8191556395715186,0.03948939557003531,0.26916286068586637,59.34027016118328,396.75,2026-09-01
2026-09-01,2026-09-01 20:00:00+00:00,2027-03-31,330.0,79.85,870310683,GLD   270331C00330000,0.5776865160848734,211,0.831758034026465,0.03948939557003531,0.2647509665531106,63.57310783205037,396.75,2026-09-01
2026-09-01,2026-09-01 20:00:00+00:00,2027-03-31,335.0,75.63,870310701,GLD   270331C00335000,0.5776865160848734,211,0.8443604284814115,0.03948939557003531,0.2611822098237463,68.12982131572942,396.75,2026-09-01
2026-09-01,2026-09-01 20:00:00+00:00,2027-03-31,340.0,71.35,870310731,GLD   270331C00340000,0.5776865160848734,211,0.856962822936358,0.03948939557003531,0.25589512280570337,72.36946594917032,396.75,2026-09-01
2026-09-01,2026-09-01 20:00:00+00:00,2027-03-31,345.0,67.47,870310741,GLD   270331C00345000,0.5776865160848734,211,0.8695652173913043,0.03948939557003531,0.2550897590904496,77.66948491091038,396.75,2026-09-01
2026-09-01,2026-09-01 20:00:00+00:00,2027-03-31,350.0,63.5,870310761,GLD   270331C00350000,0.5776865160848734,211,0.8821676118462508,0.03948939557003531,0.2519605964506977,82.42981379998255,396.75,2026-09-01
2026-09-01,2026-09-01 20:00:00+00:00,2027-03-31,355.0,59.55,870310786,GLD   270331C00355000,0.5776865160848734,211,0.8947700063011972,0.03948939557003531,0.2480963276655413,87.0136645262067,396.75,2026-09-01
2026-09-01,2026-09-01 20:00:00+00:00,2027-03-31,360.0,55.98,870310797,GLD   270331C00360000,0.5776865160848734,211,0.9073724007561437,0.03948939557003531,0.2474722329507582,92.02084145992887,396.75,2026-09-01
2026-09-01,2026-09-01 20:00:00+00:00,2027-03-31,365.0,52.43,870310821,GLD   270331C00365000,0.5776865160848734,211,0.9199747952110902,0.03948939557003531,0.24583495404468847,96.63497636881718,396.75,2026-09-01
2026-09-01,2026-09-01 20:00:00+00:00,2027-03-31,370.0,48.98,870310854,GLD   270331C00370000,0.5776865160848734,211,0.9325771896660365,0.03948939557003531,0.24407250788798562,100.96457157707667,396.75,2026-09-01
2026-09-01,2026-09-01 20:00:00+00:00,2027-03-31,375.0,45.15,870310872,GLD   270331C00375000,0.5776865160848734,211,0.945179584120983,0.03948939557003531,0.23757967096129434,104.6022972048083,396.75,2026-09-01
2026-09-01,2026-09-01 20:00:00+00:00,2027-03-31,380.0,42.2,870310901,GLD   270331C00380000,0.5776865160848734,211,0.9577819785759294,0.03948939557003531,0.23842022865274926,108.49534264729326,396.75,2026-09-01
2026-09-01,2026-09-01 20:00:00+00:00,2027-03-31,381.0,41.93,870310920,GLD   270331C00381000,0.5776865160848734,211,0.9603024574669187,0.03948939557003531,0.24136009445199746,109.35181588930118,396.75,2026-09-01
2026-09-01,2026-09-01 20:00:00+00:00,2027-03-31,382.0,41.33,870310944,GLD   270331C00382000,0.5776865160848734,211,0.962822936357908,0.03948939557003531,0.24121285529779274,110.01856592881947,396.75,2026-09-01
2026-09-01,2026-09-01 20:00:00+00:00,2027-03-31,383.0,40.73,870310971,GLD   270331C00383000,0.5776865160848734,211,0.9653434152488973,0.03948939557003531,0.24101848285077143,110.66433712318494,396.75,2026-09-01
2026-09-01,2026-09-01 20:00:00+00:00,2027-03-31,384.0,40.13,870310999,GLD   270331C00384000,0.5776865160848734,211,0.9678638941398866,0.03948939557003531,0.24077766627585517,111.28940303178355,396.75,2026-09-01
2026-09-01,2026-09-01 20:00:00+00:00,2027-03-31,385.0,39.55,870311024,GLD   270331C00385000,0.5776865160848734,211,0.9703843730308759,0.03948939557003531,0.24066975608738142,111.90025250962185,396.75,2026-09-01
2026-09-01,2026-09-01 20:00:00+00:00,2027-03-31,386.0,38.98,870311057,GLD   270331C00386000,0.5776865160848734,211,0.9729048519218652,0.03948939557003531,0.24060363350706176,112.492328927549,396.75,2026-09-01
2026-09-01,2026-09-01 20:00:00+00:00,2027-03-31,387.0,38.35,870311074,GLD   270331C00387000,0.5776865160848734,211,0.9754253308128544,0.03948939557003531,0.2399594319400378,113.04751568798218,396.75,2026-09-01
2026-09-01,2026-09-01 20:00:00+00:00,2027-03-31,388.0,37.83,870311105,GLD   270331C00388000,0.5776865160848734,211,0.9779458097038437,0.03948939557003531,0.24024193367967384,113.60877586764394,396.75,2026-09-01
2026-09-01,2026-09-01 20:00:00+00:00,2027-03-31,389.0,36.85,870311125,GLD   270331C00389000,0.5776865160848734,211,0.980466288594833,0.03948939557003531,0.23644258609274404,114.05523278882315,396.75,2026-09-01
2026-09-01,2026-09-01 20:00:00+00:00,2027-03-31,390.0,36.25,870311154,GLD   270331C00390000,0.5776865160848734,211,0.9829867674858223,0.03948939557003531,0.2359452977235429,114.56688597292543,396.75,2026-09-01
2026-09-01,2026-09-01 20:00:00+00:00,2027-03-31,391.0,35.73,870311180,GLD   270331C00391000,0.5776865160848734,211,0.9855072463768116,0.03948939557003531,0.23609963341383264,115.07030973948659,396.75,2026-09-01
2026-09-01,2026-09-01 20:00:00+00:00,2027-03-31,392.0,35.08,870311204,GLD   270331C00392000,0.5776865160848734,211,0.9880277252678009,0.03948939557003531,0.23507976246019824,115.53312712799935,396.75,2026-09-01
2026-09-01,2026-09-01 20:00:00+00:00,2027-03-31,393.0,34.75,870311231,GLD   270331C00393000,0.5776865160848734,211,0.9905482041587902,0.03948939557003531,0.23677901964401826,116.0112607374728,396.75,2026-09-01
2026-09-01,2026-09-01 20:00:00+00:00,2027-03-31,394.0,34.08,870311251,GLD   270331C00394000,0.5776865160848734,211,0.9930686830497795,0.03948939557003531,0.2354980576285161,116.42971852379654,396.75,2026-09-01
2026-09-01,2026-09-01 20:00:00+00:00,2027-03-31,395.0,33.63,870311279,GLD   270331C00395000,0.5776865160848734,211,0.9955891619407687,0.03948939557003531,0.23606199010824785,116.84476239274342,396.75,2026-09-01
2026-09-01,2026-09-01 20:00:00+00:00,2027-03-31,396.0,33.08,870311307,GLD   270331C00396000,0.5776865160848734,211,0.998109640831758,0.03948939557003531,0.23572221317579967,117.22959578522673,396.75,2026-09-01
2026-09-01,2026-09-01 20:00:00+00:00,2027-03-31,397.0,32.53,870311331,GLD   270331C00397000,0.5776865160848734,211,1.0006301197227474,0.03948939557003531,0.23533791991462932,117.5925186851326,396.75,2026-09-01
2026-09-01,2026-09-01 20:00:00+00:00,2027-03-31,398.0,32.03,870311352,GLD   270331C00398000,0.5776865160848734,211,1.0031505986137366,0.03948939557003531,0.23533336583832282,117.93439615362118,396.75,2026-09-01
2026-09-01,2026-09-01 20:00:00+00:00,2027-03-31,399.0,31.53,870311380,GLD   270331C00399000,0.5776865160848734,211,1.005671077504726,0.03948939557003531,0.23528251664275307,118.25308495724252,396.75,2026-09-01
2026-09-01,2026-09-01 20:00:00+00:00,2027-03-31,400.0,31.1,870311405,GLD   270331C00400000,0.5776865160848734,211,1.0081915563957151,0.03948939557003531,0.23577631262214854,118.5483545783638,396.75,2026-09-01
2026-09-01,2026-09-01 20:00:00+00:00,2027-03-31,401.0,30.63,870311424,GLD   270331C00401000,0.5776865160848734,211,1.0107120352867045,0.03948939557003531,0.23588533106232062,118.82004287394012,396.75,2026-09-01
2026-09-01,2026-09-01 20:00:00+00:00,2027-03-31,402.0,30.18,870311451,GLD   270331C00402000,0.5776865160848734,211,1.0132325141776937,0.03948939557003531,0.2361163037545047,119.06813993017406,396.75,2026-09-01
2026-09-01,2026-09-01 20:00:00+00:00,2027-03-31,403.0,29.63,870311469,GLD   270331C00403000,0.5776865160848734,211,1.015752993068683,0.03948939557003531,0.23546280777407808,119.29576814407686,396.75,2026-09-01
2026-09-01,2026-09-01 20:00:00+00:00,2027-03-31,404.0,29.23,870311492,GLD   270331C00404000,0.5776865160848734,211,1.0182734719596724,0.03948939557003531,0.23602172983856876,119.49654860616387,396.75,2026-09-01
2026-09-01,2026-09-01 20:00:00+00:00,2027-03-31,405.0,28.68,870311514,GLD   270331C00405000,0.5776865160848734,211,1.0207939508506616,0.03948939557003531,0.23528063540877775,119.67918762446514,396.75,2026-09-01
2026-09-01,2026-09-01 20:00:00+00:00,2027-03-31,406.0,28.3,870311532,GLD   270331C00406000,0.5776865160848734,211,1.023314429741651,0.03948939557003531,0.23591544011896476,119.83349005593712,396.75,2026-09-01
2026-09-01,2026-09-01 20:00:00+00:00,2027-03-31,407.0,27.85,870311560,GLD   270331C00407000,0.5776865160848734,211,1.0258349086326402,0.03948939557003531,0.23592075786450878,119.96751450074939,396.75,2026-09-01
2026-09-01,2026-09-01 20:00:00+00:00,2027-03-31,408.0,27.43,870311580,GLD   270331C00408000,0.5776865160848734,211,1.0283553875236295,0.03948939557003531,0.23613165164357047,120.0780865855226,396.75,2026-09-01
2026-09-01,2026-09-01 20:00:00+00:00,2027-03-31,409.0,26.98,870311601,GLD   270331C00409000,0.5776865160848734,211,1.0308758664146187,0.03948939557003531,0.23604853276619686,120.16720615335849,396.75,2026-09-01
2026-09-01,2026-09-01 20:00:00+00:00,2027-03-31,410.0,26.85,870311628,GLD   270331C00410000,0.5776865160848734,211,1.033396345305608,0.03948939557003531,0.23858326272191482,120.22709681307776,396.75,2026-09-01
2026-09-01,2026-09-01 20:00:00+00:00,2027-03-31,411.0,26.1,870311659,GLD   270331C00411000,0.5776865160848734,211,1.0359168241965973,0.03948939557003531,0.2359176473093219,120.27780669280773,396.75,2026-09-01
2026-09-01,2026-09-01 20:00:00+00:00,2027-03-31,412.0,25.13,870311679,GLD   270331C00412000,0.5776865160848734,211,1.0384373030875866,0.03948939557003531,0.2313814054734073,120.30146592859673,396.75,2026-09-01
2026-09-01,2026-09-01 20:00:00+00:00,2027-03-31,413.0,24.7,870311701,GLD   270331C00413000,0.5776865160848734,211,1.040957781978576,0.03948939557003531,0.23129056608630338,120.2952174400161,396.75,2026-09-01
2026-09-01,2026-09-01 20:00:00+00:00,2027-03-31,414.0,24.6,870311724,GLD   270331C00414000,0.5776865160848734,211,1.0434782608695652,0.03948939557003531,0.23389966066228224,120.27246141493666,396.75,2026-09-01
2026-09-01,2026-09-01 20:00:00+00:00,2027-03-31,415.0,24.55,870311754,GLD   270331C00415000,0.5776865160848734,211,1.0459987397605546,0.03948939557003531,0.2368828507211991,120.23636290114396,396.75,2026-09-01
2026-09-01,2026-09-01 20:00:00+00:00,2027-03-31,416.0,23.78,870311771,GLD   270331C00416000,0.5776865160848734,211,1.0485192186515437,0.03948939557003531,0.2338345532032661,120.15560346413268,396.75,2026-09-01
2026-09-01,2026-09-01 20:00:00+00:00,2027-03-31,417.0,23.73,870311798,GLD   270331C00417000,0.5776865160848734,211,1.0510396975425331,0.03948939557003531,0.2367357326365076,120.08638430920894,396.75,2026-09-01
2026-09-01,2026-09-01 20:00:00+00:00,2027-03-31,418.0,23.38,870311820,GLD   270331C00418000,0.5776865160848734,211,1.0535601764335223,0.03948939557003531,0.2370988480458967,119.98342347583798,396.75,2026-09-01
2026-09-01,2026-09-01 20:00:00+00:00,2027-03-31,419.0,23.03,870311854,GLD   270331C00419000,0.5776865160848734,211,1.0560806553245117,0.03948939557003531,0.23742082775989554,119.86079212639706,396.75,2026-09-01
2026-09-01,2026-09-01 20:00:00+00:00,2027-03-31,420.0,22.9,870311879,GLD   270331C00420000,0.5776865160848734,211,1.0586011342155008,0.03948939557003531,0.2395393952333369,119.74366954893614,396.75,2026-09-01
2026-09-01,2026-09-01 20:00:00+00:00,2027-03-31,421.0,22.33,870311904,GLD   270331C00421000,0.5776865160848734,211,1.0611216131064902,0.03948939557003531,0.23794245110126214,119.55688318148329,396.75,2026-09-01
2026-09-01,2026-09-01 20:00:00+00:00,2027-03-31,422.0,21.93,870311931,GLD   270331C00422000,0.5776865160848734,211,1.0636420919974796,0.03948939557003531,0.23772367849079892,119.36771252746387,396.75,2026-09-01
2026-09-01,2026-09-01 20:00:00+00:00,2027-03-31,423.0,21.58,870311957,GLD   270331C00423000,0.5776865160848734,211,1.0661625708884688,0.03948939557003531,0.23788282902250069,119.16588624303374,396.75,2026-09-01
2026-09-01,2026-09-01 20:00:00+00:00,2027-03-31,424.0,21.23,870311977,GLD   270331C00424000,0.5776865160848734,211,1.0686830497794582,0.03948939557003531,0.23800180310187863,118.94450904426313,396.75,2026-09-01
2026-09-01,2026-09-01 20:00:00+00:00,2027-03-31,425.0,20.9,870312000,GLD   270331C00425000,0.5776865160848734,211,1.0712035286704473,0.03948939557003531,0.23824918536962944,118.70825603562542,396.75,2026-09-01
2026-09-01,2026-09-01 20:00:00+00:00,2027-03-31,426.0,20.55,870312027,GLD   270331C00426000,0.5776865160848734,211,1.0737240075614367,0.03948939557003531,0.23828843983104453,118.44815390679935,396.75,2026-09-01
2026-09-01,2026-09-01 20:00:00+00:00,2027-03-31,427.0,20.25,870312045,GLD   270331C00427000,0.5776865160848734,211,1.0762444864524259,0.03948939557003531,0.23871086067585276,118.18293887392251,396.75,2026-09-01
2026-09-01,2026-09-01 20:00:00+00:00,2027-03-31,428.0,20.1,870312076,GLD   270331C00428000,0.5776865160848734,211,1.0787649653434153,0.03948939557003531,0.2403674175736495,117.94858415923524,396.75,2026-09-01
2026-09-01,2026-09-01 20:00:00+00:00,2027-03-31,429.0,19.43,870312100,GLD   270331C00429000,0.5776865160848734,211,1.0812854442344046,0.03948939557003531,0.23757095395633948,117.52347936071587,396.75,2026-09-01
2026-09-01,2026-09-01 20:00:00+00:00,2027-03-31,430.0,19.13,870312136,GLD   270331C00430000,0.5776865160848734,211,1.0838059231253938,0.03948939557003531,0.23787520164316522,117.20064604267773,396.75,2026-09-01
2026-09-01,2026-09-01 20:00:00+00:00,2027-03-31,431.0,18.77,870312153,GLD   270331C00431000,0.5776865160848734,211,1.0863264020163832,0.03948939557003531,0.23762824777523056,116.83496994400134,396.75,2026-09-01
2026-09-01,2026-09-01 20:00:00+00:00,2027-03-31,432.0,18.63,870312177,GLD   270331C00432000,0.5776865160848734,211,1.0888468809073724,0.03948939557003531,0.23922881467966364,116.54942119627867,396.75,2026-09-01
2026-09-01,2026-09-01 20:00:00+00:00,2027-03-31,433.0,18.53,870312192,GLD   270331C00433000,0.5776865160848734,211,1.0913673597983617,0.03948939557003531,0.2411436687274836,116.27588593384657,396.75,2026-09-01
2026-09-01,2026-09-01 20:00:00+00:00,2027-03-31,434.0,18.23,870312222,GLD   270331C00434000,0.5776865160848734,211,1.093887838689351,0.03948939557003531,0.24130605088388551,115.89522514431407,396.75,2026-09-01
2026-09-01,2026-09-01 20:00:00+00:00,2027-03-31,435.0,17.58,870312243,GLD   270331C00435000,0.5776865160848734,211,1.0964083175803403,0.03948939557003531,0.2383983802621253,115.29937216028289,396.75,2026-09-01
2026-09-01,2026-09-01 20:00:00+00:00,2027-03-31,436.0,17.65,870312257,GLD   270331C00436000,0.5776865160848734,211,1.0989287964713295,0.03948939557003531,0.24169324981337414,115.09450325987541,396.75,2026-09-01
2026-09-01,2026-09-01 20:00:00+00:00,2027-03-31,437.0,17.35,870312287,GLD   270331C00437000,0.5776865160848734,211,1.1014492753623188,0.03948939557003531,0.24174485336514193,114.6631077921633,396.75,2026-09-01
2026-09-01,2026-09-01 20:00:00+00:00,2027-03-31,438.0,17.08,870312306,GLD   270331C00438000,0.5776865160848734,211,1.1039697542533082,0.03948939557003531,0.24202185109844437,114.23443844967349,396.75,2026-09-01
2026-09-01,2026-09-01 20:00:00+00:00,2027-03-31,439.0,16.8,870312328,GLD   270331C00439000,0.5776865160848734,211,1.1064902331442974,0.03948939557003531,0.24217571182372055,113.78348282904237,396.75,2026-09-01
2026-09-01,2026-09-01 20:00:00+00:00,2027-03-31,440.0,16.55,870312348,GLD   270331C00440000,0.5776865160848734,211,1.1090107120352868,0.03948939557003531,0.24255831011170526,113.33908685451036,396.75,2026-09-01
2026-09-01,2026-09-01 20:00:00+00:00,2027-03-31,441.0,16.25,870312372,GLD   270331C00441000,0.5776865160848734,211,1.111531190926276,0.03948939557003531,0.24246402489999314,112.84111074672232,396.75,2026-09-01
2026-09-01,2026-09-01 20:00:00+00:00,2027-03-31,442.0,16.0,870312402,GLD   270331C00442000,0.5776865160848734,211,1.1140516698172653,0.03948939557003531,0.24277708272216847,112.36713492729972,396.75,2026-09-01
2026-09-01,2026-09-01 20:00:00+00:00,2027-03-31,443.0,15.75,870312427,GLD   270331C00443000,0.5776865160848734,211,1.1165721487082545,0.03948939557003531,0.24305624108063062,111.87925940376827,396.75,2026-09-01
2026-09-01,2026-09-01 20:00:00+00:00,2027-03-31,444.0,15.5,870312442,GLD   270331C00444000,0.5776865160848734,211,1.1190926275992439,0.03948939557003531,0.2433014999753796,111.37738300328074,396.75,2026-09-01
2026-09-01,2026-09-01 20:00:00+00:00,2027-03-31,445.0,15.25,870312471,GLD   270331C00445000,0.5776865160848734,211,1.121613106490233,0.03948939557003531,0.243512794215139,110.86138257698695,396.75,2026-09-01
2026-09-01,2026-09-01 20:00:00+00:00,2027-03-31,446.0,15.0,870312491,GLD   270331C00446000,0.5776865160848734,211,1.1241335853812224,0.03948939557003531,0.24369005860863252,110.33111926808019,396.75,2026-09-01
2026-09-01,2026-09-01 20:00:00+00:00,2027-03-31,447.0,14.75,870312514,GLD   270331C00447000,0.5776865160848734,211,1.1266540642722118,0.03948939557003531,0.24383319071242587,109.78643447156465,396.75,2026-09-01
2026-09-01,2026-09-01 20:00:00+00:00,2027-03-31,448.0,14.5,870312540,GLD   270331C00448000,0.5776865160848734,211,1.129174543163201,0.03948939557003531,0.24394208808308465,109.22715383600439,396.75,2026-09-01
2026-09-01,2026-09-01 20:00:00+00:00,2027-03-31,449.0,14.28,870312564,GLD   270331C00449000,0.5776865160848734,211,1.1316950220541904,0.03948939557003531,0.24429264020221314,108.68834942079984,396.75,2026-09-01
2026-09-01,2026-09-01 20:00:00+00:00,2027-03-31,450.0,14.05,870312587,GLD   270331C00450000,0.5776865160848734,211,1.1342155009451795,0.03948939557003531,0.24451905881809072,108.12537508477484,396.75,2026-09-01
2026-09-01,2026-09-01 20:00:00+00:00,2027-03-31,451.0,13.83,870312597,GLD   270331C00451000,0.5776865160848734,211,1.136735979836169,0.03948939557003531,0.24480575142549355,107.56207940526234,396.75,2026-09-01
2026-09-01,2026-09-01 20:00:00+00:00,2027-03-31,452.0,13.6,870312626,GLD   270331C00452000,0.5776865160848734,211,1.139256458727158,0.03948939557003531,0.24496716502578933,106.97332905400953,396.75,2026-09-01
2026-09-01,2026-09-01 20:00:00+00:00,2027-03-31,453.0,13.38,870312645,GLD   270331C00453000,0.5776865160848734,211,1.1417769376181475,0.03948939557003531,0.2451896349129267,106.38497910418843,396.75,2026-09-01
2026-09-01,2026-09-01 20:00:00+00:00,2027-03-31,454.0,13.18,870312670,GLD   270331C00454000,0.5776865160848734,211,1.1442974165091366,0.03948939557003531,0.2455690947066061,105.81275956897447,396.75,2026-09-01
2026-09-01,2026-09-01 20:00:00+00:00,2027-03-31,455.0,12.98,870312694,GLD   270331C00455000,0.5776865160848734,211,1.146817895400126,0.03948939557003531,0.24591852926099672,105.229997718798,396.75,2026-09-01
2026-09-01,2026-09-01 20:00:00+00:00,2027-03-31,456.0,12.78,870312723,GLD   270331C00456000,0.5776865160848734,211,1.1493383742911154,0.03948939557003531,0.24623786407178266,104.63657720047205,396.75,2026-09-01
2026-09-01,2026-09-01 20:00:00+00:00,2027-03-31,457.0,12.55,870312751,GLD   270331C00457000,0.5776865160848734,211,1.1518588531821046,0.03948939557003531,0.24623858117582276,103.98462904559486,396.75,2026-09-01
2026-09-01,2026-09-01 20:00:00+00:00,2027-03-31,458.0,12.35,870312771,GLD   270331C00458000,0.5776865160848734,211,1.154379332073094,0.03948939557003531,0.24649572350895033,103.36784006124789,396.75,2026-09-01
2026-09-01,2026-09-01 20:00:00+00:00,2027-03-31,459.0,12.18,870312786,GLD   270331C00459000,0.5776865160848734,211,1.1568998109640831,0.03948939557003531,0.24701431079944597,102.79102489962104,396.75,2026-09-01
2026-09-01,2026-09-01 20:00:00+00:00,2027-03-31,460.0,11.98,870312811,GLD   270331C00460000,0.5776865160848734,211,1.1594202898550725,0.03948939557003531,0.24721218494931235,102.1535667590115,396.75,2026-09-01
2026-09-01,2026-09-01 20:00:00+00:00,2027-03-31,461.0,11.78,870312832,GLD   270331C00461000,0.5776865160848734,211,1.1619407687460617,0.03948939557003531,0.24737932606888935,101.50468352898957,396.75,2026-09-01
2026-09-01,2026-09-01 20:00:00+00:00,2027-03-31,462.0,11.58,870312847,GLD   270331C00462000,0.5776865160848734,211,1.164461247637051,0.03948939557003531,0.24751552927130838,100.84417899249671,396.75,2026-09-01
2026-09-01,2026-09-01 20:00:00+00:00,2027-03-31,463.0,11.4,870312871,GLD   270331C00463000,0.5776865160848734,211,1.1669817265280402,0.03948939557003531,0.2478202053579502,100.21057812635692,396.75,2026-09-01
2026-09-01,2026-09-01 20:00:00+00:00,2027-03-31,464.0,11.23,870312889,GLD   270331C00464000,0.5776865160848734,211,1.1695022054190296,0.03948939557003531,0.24819658253556115,99.58727271350187,396.75,2026-09-01
2026-09-01,2026-09-01 20:00:00+00:00,2027-03-31,465.0,11.05,870312917,GLD   270331C00465000,0.5776865160848734,211,1.172022684310019,0.03948939557003531,0.24844433732489124,98.93488022425946,396.75,2026-09-01
2026-09-01,2026-09-01 20:00:00+00:00,2027-03-31,470.0,10.23,870312946,GLD   270331C00470000,0.5776865160848734,211,1.1846250787649653,0.03948939557003531,0.2500805545444601,95.70875488246672,396.75,2026-09-01
2026-09-01,2026-09-01 20:00:00+00:00,2027-03-31,475.0,9.45,870312975,GLD   270331C00475000,0.5776865160848734,211,1.1972274732199117,0.03948939557003531,0.2514598063786514,92.36970629462184,396.75,2026-09-01
2026-09-01,2026-09-01 20:00:00+00:00,2027-06-17,320.0,93.58,800378835,GLD   270617C00320000,0.7912388774811773,289,0.8065532451165721,0.040227976310363775,0.27246271271323785,73.55166603853898,396.75,2026-09-01
2026-09-01,2026-09-01 20:00:00+00:00,2027-06-17,325.0,89.35,800378868,GLD   270617C00325000,0.7912388774811773,289,0.8191556395715186,0.040227976310363775,0.26833128076447177,77.86136057561633,396.75,2026-09-01
2026-09-01,2026-09-01 20:00:00+00:00,2027-06-17,330.0,85.3,800378900,GLD   270617C00330000,0.7912388774811773,289,0.831758034026465,0.040227976310363775,0.2658216773892753,82.67092122823566,396.75,2026-09-01
2026-09-01,2026-09-01 20:00:00+00:00,2027-06-17,335.0,81.33,800378925,GLD   270617C00335000,0.7912388774811773,289,0.8443604284814115,0.040227976310363775,0.26349023245936265,87.54671480308696,396.75,2026-09-01
2026-09-01,2026-09-01 20:00:00+00:00,2027-06-17,340.0,77.47,800378958,GLD   270617C00340000,0.7912388774811773,289,0.856962822936358,0.040227976310363775,0.2615967145849951,92.50898832063315,396.75,2026-09-01
2026-09-01,2026-09-01 20:00:00+00:00,2027-06-17,345.0,73.38,800379021,GLD   270617C00345000,0.7912388774811773,289,0.8695652173913043,0.040227976310363775,0.25653960376391194,96.76363140379203,396.75,2026-09-01
2026-09-01,2026-09-01 20:00:00+00:00,2027-06-17,350.0,69.63,800379070,GLD   270617C00350000,0.7912388774811773,289,0.8821676118462508,0.040227976310363775,0.2543286602518522,101.58129730085605,396.75,2026-09-01
2026-09-01,2026-09-01 20:00:00+00:00,2027-06-17,355.0,66.2,800379115,GLD   270617C00355000,0.7912388774811773,289,0.8947700063011972,0.040227976310363775,0.2543623175765388,106.65578002781332,396.75,2026-09-01
2026-09-01,2026-09-01 20:00:00+00:00,2027-06-17,360.0,62.08,800379157,GLD   270617C00360000,0.7912388774811773,289,0.9073724007561437,0.040227976310363775,0.2472281381859444,110.45366677521542,396.75,2026-09-01
2026-09-01,2026-09-01 20:00:00+00:00,2027-06-17,365.0,59.2,800379210,GLD   270617C00365000,0.7912388774811773,289,0.9199747952110902,0.040227976310363775,0.25047415153207253,115.54995245225255,396.75,2026-09-01
2026-09-01,2026-09-01 20:00:00+00:00,2027-06-17,370.0,55.9,800379260,GLD   270617C00370000,0.7912388774811773,289,0.9325771896660365,0.040227976310363775,0.24905433209789918,119.71417437056277,396.75,2026-09-01
2026-09-01,2026-09-01 20:00:00+00:00,2027-06-17,375.0,52.63,800379300,GLD   270617C00375000,0.7912388774811773,289,0.945179584120983,0.040227976310363775,0.2470736721131019,123.54440160024731,396.75,2026-09-01
2026-09-01,2026-09-01 20:00:00+00:00,2027-06-17,380.0,49.08,800379353,GLD   270617C00380000,0.7912388774811773,289,0.9577819785759294,0.040227976310363775,0.24212072763862091,126.9040665308631,396.75,2026-09-01
2026-09-01,2026-09-01 20:00:00+00:00,2027-06-17,385.0,46.33,800379387,GLD   270617C00385000,0.7912388774811773,289,0.9703843730308759,0.040227976310363775,0.24269182184571408,130.24521088870006,396.75,2026-09-01
2026-09-01,2026-09-01 20:00:00+00:00,2027-06-17,390.0,43.5,800379434,GLD   270617C00390000,0.7912388774811773,289,0.9829867674858223,0.040227976310363775,0.24177615449083972,133.09584107793054,396.75,2026-09-01
2026-09-01,2026-09-01 20:00:00+00:00,2027-06-17,395.0,40.6,800379480,GLD   270617C00395000,0.7912388774811773,289,0.9955891619407687,0.040227976310363775,0.2395360891043209,135.50618300831084,396.75,2026-09-01
2026-09-01,2026-09-01 20:00:00+00:00,2027-06-17,400.0,38.15,800379535,GLD   270617C00400000,0.7912388774811773,289,1.0081915563957151,0.040227976310363775,0.23980799260502683,137.49796029006887,396.75,2026-09-01
2026-09-01,2026-09-01 20:00:00+00:00,2027-06-17,405.0,35.73,800379585,GLD   270617C00405000,0.7912388774811773,289,1.0207939508506616,0.040227976310363775,0.23947457647854464,139.01740210692287,396.75,2026-09-01
2026-09-01,2026-09-01 20:00:00+00:00,2027-06-17,410.0,33.47,800379657,GLD   270617C00410000,0.7912388774811773,289,1.033396345305608,0.040227976310363775,0.2394914191104472,140.066357541646,396.75,2026-09-01
2026-09-01,2026-09-01 20:00:00+00:00,2027-06-17,415.0,31.3,800379714,GLD   270617C00415000,0.7912388774811773,289,1.0459987397605546,0.040227976310363775,0.23936656384663663,140.6520998802726,396.75,2026-09-01
2026-09-01,2026-09-01 20:00:00+00:00,2027-06-17,420.0,29.28,800379764,GLD   270617C00420000,0.7912388774811773,289,1.0586011342155008,0.040227976310363775,0.2395422543364577,140.78385609158158,396.75,2026-09-01
2026-09-01,2026-09-01 20:00:00+00:00,2027-06-17,425.0,27.38,800379840,GLD   270617C00425000,0.7912388774811773,289,1.0712035286704473,0.040227976310363775,0.23982314492026346,140.48140155843404,396.75,2026-09-01
2026-09-01,2026-09-01 20:00:00+00:00,2027-06-17,430.0,25.6,800379908,GLD   270617C00430000,0.7912388774811773,289,1.0838059231253938,0.040227976310363775,0.2402316613971256,139.76911194196288,396.75,2026-09-01
2026-09-01,2026-09-01 20:00:00+00:00,2027-06-17,435.0,23.98,800379978,GLD   270617C00435000,0.7912388774811773,289,1.0964083175803403,0.040227976310363775,0.2410824727450498,138.68862540127716,396.75,2026-09-01
2026-09-01,2026-09-01 20:00:00+00:00,2027-06-17,440.0,22.4,800380022,GLD   270617C00440000,0.7912388774811773,289,1.1090107120352868,0.040227976310363775,0.24154068360058598,137.2428488305931,396.75,2026-09-01
2026-09-01,2026-09-01 20:00:00+00:00,2027-06-17,445.0,20.98,800380075,GLD   270617C00445000,0.7912388774811773,289,1.121613106490233,0.040227976310363775,0.24250643648179251,135.50780902126456,396.75,2026-09-01
2026-09-01,2026-09-01 20:00:00+00:00,2027-06-17,450.0,19.8,800380138,GLD   270617C00450000,0.7912388774811773,289,1.1342155009451795,0.040227976310363775,0.24462934383163226,133.60688090919913,396.75,2026-09-01
2026-09-01,2026-09-01 20:00:00+00:00,2027-06-17,455.0,18.65,800824420,GLD   270617C00455000,0.7912388774811773,289,1.146817895400126,0.040227976310363775,0.2464002182890661,131.4677840620802,396.75,2026-09-01
2026-09-01,2026-09-01 20:00:00+00:00,2027-06-17,460.0,17.48,800824505,GLD   270617C00460000,0.7912388774811773,289,1.1594202898550725,0.040227976310363775,0.24744942531706765,129.0492477310234,396.75,2026-09-01
2026-09-01,2026-09-01 20:00:00+00:00,2027-06-17,465.0,16.38,801599385,GLD   270617C00465000,0.7912388774811773,289,1.172022684310019,0.040227976310363775,0.24847923328382893,126.44569708699916,396.75,2026-09-01
2026-09-01,2026-09-01 20:00:00+00:00,2027-06-17,470.0,15.35,801599430,GLD   270617C00470000,0.7912388774811773,289,1.1846250787649653,0.040227976310363775,0.2495198164372705,123.68883223331864,396.75,2026-09-01
2026-09-01,2026-09-01 20:00:00+00:00,2027-06-17,475.0,14.38,813159478,GLD   270617C00475000,0.7912388774811773,289,1.1972274732199117,0.040227976310363775,0.25052039077309896,120.79483311167469,396.75,2026-09-01
2026-09-01,2026-09-01 20:00:00+00:00,2027-06-30,320.0,94.5,897587780,GLD   270630C00320000,0.8268309377138946,302,0.8065532451165721,0.040351073100418515,0.27357146731568505,76.633081267558,396.75,2026-09-01
2026-09-01,2026-09-01 20:00:00+00:00,2027-06-30,325.0,90.35,897587853,GLD   270630C00325000,0.8268309377138946,302,0.8191556395715186,0.040351073100418515,0.27014004066651687,81.13017759089811,396.75,2026-09-01
2026-09-01,2026-09-01 20:00:00+00:00,2027-06-30,330.0,86.25,897587927,GLD   270630C00330000,0.8268309377138946,302,0.831758034026465,0.040351073100418515,0.2666879949479364,85.68211690878108,396.75,2026-09-01
2026-09-01,2026-09-01 20:00:00+00:00,2027-06-30,333.0,83.85,897587994,GLD   270630C00333000,0.8268309377138946,302,0.8393194706994329,0.040351073100418515,0.2650009471588769,88.52867210007568,396.75,2026-09-01
2026-09-01,2026-09-01 20:00:00+00:00,2027-06-30,334.0,83.05,897588072,GLD   270630C00334000,0.8268309377138946,302,0.8418399495904222,0.040351073100418515,0.2643831387457438,89.46510156513537,396.75,2026-09-01
2026-09-01,2026-09-01 20:00:00+00:00,2027-06-30,335.0,82.25,897588139,GLD   270630C00335000,0.8268309377138946,302,0.8443604284814115,0.040351073100418515,0.2637385739701801,90.39562589765501,396.75,2026-09-01
2026-09-01,2026-09-01 20:00:00+00:00,2027-06-30,336.0,81.45,897588197,GLD   270630C00336000,0.8268309377138946,302,0.8468809073724007,0.040351073100418515,0.26306778367543593,91.32041097617554,396.75,2026-09-01
2026-09-01,2026-09-01 20:00:00+00:00,2027-06-30,337.0,80.7,897588233,GLD   270630C00337000,0.8268309377138946,302,0.84940138626339,0.040351073100418515,0.2629129916462116,92.36589849031054,396.75,2026-09-01
2026-09-01,2026-09-01 20:00:00+00:00,2027-06-30,338.0,79.88,897588260,GLD   270630C00338000,0.8268309377138946,302,0.8519218651543793,0.040351073100418515,0.2619714992328548,93.22756875762282,396.75,2026-09-01
2026-09-01,2026-09-01 20:00:00+00:00,2027-06-30,339.0,79.1,897588282,GLD   270630C00339000,0.8268309377138946,302,0.8544423440453687,0.040351073100418515,0.2614343231155538,94.18258909214786,396.75,2026-09-01
2026-09-01,2026-09-01 20:00:00+00:00,2027-06-30,340.0,78.33,897588307,GLD   270630C00340000,0.8268309377138946,302,0.856962822936358,0.040351073100418515,0.260973858504463,95.15365302474406,396.75,2026-09-01
2026-09-01,2026-09-01 20:00:00+00:00,2027-06-30,341.0,77.53,897588350,GLD   270630C00341000,0.8268309377138946,302,0.8594833018273472,0.040351073100418515,0.26017127007497487,96.04769244228054,396.75,2026-09-01
2026-09-01,2026-09-01 20:00:00+00:00,2027-06-30,342.0,76.78,897588366,GLD   270630C00342000,0.8268309377138946,302,0.8620037807183365,0.040351073100418515,0.25986083852993325,97.0485090420811,396.75,2026-09-01
2026-09-01,2026-09-01 20:00:00+00:00,2027-06-30,343.0,76.05,897588393,GLD   270630C00343000,0.8268309377138946,302,0.8645242596093258,0.040351073100418515,0.259721515459288,98.08202736889012,396.75,2026-09-01
2026-09-01,2026-09-01 20:00:00+00:00,2027-06-30,344.0,75.28,897588426,GLD   270630C00344000,0.8268309377138946,302,0.867044738500315,0.040351073100418515,0.2591421698992141,99.01896772593507,396.75,2026-09-01
2026-09-01,2026-09-01 20:00:00+00:00,2027-06-30,345.0,74.5,897588450,GLD   270630C00345000,0.8268309377138946,302,0.8695652173913043,0.040351073100418515,0.25843524501128123,99.92786290599302,396.75,2026-09-01
2026-09-01,2026-09-01 20:00:00+00:00,2027-06-30,346.0,73.72,897588476,GLD   270630C00346000,0.8268309377138946,302,0.8720856962822936,0.040351073100418515,0.2577030910993927,100.83039317621197,396.75,2026-09-01
2026-09-01,2026-09-01 20:00:00+00:00,2027-06-30,347.0,72.97,897588508,GLD   270630C00347000,0.8268309377138946,302,0.8746061751732829,0.040351073100418515,0.25724095945423475,101.78488384528802,396.75,2026-09-01
2026-09-01,2026-09-01 20:00:00+00:00,2027-06-30,348.0,72.22,897588547,GLD   270630C00348000,0.8268309377138946,302,0.8771266540642723,0.040351073100418515,0.25674911455661065,102.73003485594752,396.75,2026-09-01
2026-09-01,2026-09-01 20:00:00+00:00,2027-06-30,349.0,71.53,897588590,GLD   270630C00349000,0.8268309377138946,302,0.8796471329552615,0.040351073100418515,0.2568066086058505,103.77513729394721,396.75,2026-09-01
2026-09-01,2026-09-01 20:00:00+00:00,2027-06-30,350.0,70.75,897588647,GLD   270630C00350000,0.8268309377138946,302,0.8821676118462508,0.040351073100418515,0.2559652872451582,104.64613695563918,396.75,2026-09-01
2026-09-01,2026-09-01 20:00:00+00:00,2027-06-30,351.0,70.03,897588698,GLD   270630C00351000,0.8268309377138946,302,0.8846880907372401,0.040351073100418515,0.2556692070939578,105.61410370658234,396.75,2026-09-01
2026-09-01,2026-09-01 20:00:00+00:00,2027-06-30,352.0,69.33,897588752,GLD   270630C00352000,0.8268309377138946,302,0.8872085696282294,0.040351073100418515,0.25552823561532423,106.6031728749826,396.75,2026-09-01
2026-09-01,2026-09-01 20:00:00+00:00,2027-06-30,353.0,68.55,897588815,GLD   270630C00353000,0.8268309377138946,302,0.8897290485192186,0.040351073100418515,0.25460793967982753,107.45092239275313,396.75,2026-09-01
2026-09-01,2026-09-01 20:00:00+00:00,2027-06-30,354.0,67.88,897588870,GLD   270630C00354000,0.8268309377138946,302,0.8922495274102079,0.040351073100418515,0.254680516196508,108.46341457979534,396.75,2026-09-01
2026-09-01,2026-09-01 20:00:00+00:00,2027-06-30,355.0,67.15,897588907,GLD   270630C00355000,0.8268309377138946,302,0.8947700063011972,0.040351073100418515,0.25416584969563405,109.37016462169049,396.75,2026-09-01
2026-09-01,2026-09-01 20:00:00+00:00,2027-06-30,356.0,66.4,897588922,GLD   270630C00356000,0.8268309377138946,302,0.8972904851921865,0.040351073100418515,0.2534411555283703,110.23827334071518,396.75,2026-09-01
2026-09-01,2026-09-01 20:00:00+00:00,2027-06-30,357.0,65.7,897588950,GLD   270630C00357000,0.8268309377138946,302,0.8998109640831758,0.040351073100418515,0.25314106145715354,111.16808693389285,396.75,2026-09-01
2026-09-01,2026-09-01 20:00:00+00:00,2027-06-30,358.0,65.28,897588992,GLD   270630C00358000,0.8268309377138946,302,0.9023314429741651,0.040351073100418515,0.2553028600598686,112.45337786558534,396.75,2026-09-01
2026-09-01,2026-09-01 20:00:00+00:00,2027-06-30,359.0,64.3,897589019,GLD   270630C00359000,0.8268309377138946,302,0.9048519218651544,0.040351073100418515,0.2524451725210064,112.99022715406458,396.75,2026-09-01
2026-09-01,2026-09-01 20:00:00+00:00,2027-06-30,360.0,63.58,897589052,GLD   270630C00360000,0.8268309377138946,302,0.9073724007561437,0.040351073100418515,0.2518748792353087,113.85827780323123,396.75,2026-09-01
2026-09-01,2026-09-01 20:00:00+00:00,2027-06-30,361.0,62.88,897589087,GLD   270630C00361000,0.8268309377138946,302,0.909892879647133,0.040351073100418515,0.251451135938894,114.74011041084725,396.75,2026-09-01
2026-09-01,2026-09-01 20:00:00+00:00,2027-06-30,362.0,62.23,897589127,GLD   270630C00362000,0.8268309377138946,302,0.9124133585381222,0.040351073100418515,0.2514297904524022,115.66721916567009,396.75,2026-09-01
2026-09-01,2026-09-01 20:00:00+00:00,2027-06-30,363.0,61.55,897589148,GLD   270630C00363000,0.8268309377138946,302,0.9149338374291115,0.040351073100418515,0.25111499109184365,116.54527401209131,396.75,2026-09-01
2026-09-01,2026-09-01 20:00:00+00:00,2027-06-30,364.0,60.88,897589187,GLD   270630C00364000,0.8268309377138946,302,0.9174543163201008,0.040351073100418515,0.2508538720908575,117.42058374645539,396.75,2026-09-01
2026-09-01,2026-09-01 20:00:00+00:00,2027-06-30,365.0,59.58,897589208,GLD   270630C00365000,0.8268309377138946,302,0.9199747952110902,0.040351073100418515,0.24521977190868932,117.63209207284804,396.75,2026-09-01
2026-09-01,2026-09-01 20:00:00+00:00,2027-06-30,366.0,59.48,897589260,GLD   270630C00366000,0.8268309377138946,302,0.9224952741020794,0.040351073100418515,0.2497317719028332,119.07248991449191,396.75,2026-09-01
2026-09-01,2026-09-01 20:00:00+00:00,2027-06-30,367.0,58.83,897589296,GLD   270630C00367000,0.8268309377138946,302,0.9250157529930687,0.040351073100418515,0.24954590226085857,119.92770649311694,396.75,2026-09-01
2026-09-01,2026-09-01 20:00:00+00:00,2027-06-30,368.0,58.15,897589337,GLD   270630C00368000,0.8268309377138946,302,0.927536231884058,0.040351073100418515,0.24907849943535404,120.74176348727845,396.75,2026-09-01
2026-09-01,2026-09-01 20:00:00+00:00,2027-06-30,369.0,57.5,897589380,GLD   270630C00369000,0.8268309377138946,302,0.9300567107750473,0.040351073100418515,0.24882870509037747,121.56839395945312,396.75,2026-09-01
2026-09-01,2026-09-01 20:00:00+00:00,2027-06-30,370.0,56.85,897589420,GLD   270630C00370000,0.8268309377138946,302,0.9325771896660365,0.040351073100418515,0.24854684595046564,122.38040118513311,396.75,2026-09-01
2026-09-01,2026-09-01 20:00:00+00:00,2027-06-30,371.0,56.2,897589467,GLD   270630C00371000,0.8268309377138946,302,0.9350976685570258,0.040351073100418515,0.24823342957627031,123.17799453007353,396.75,2026-09-01
2026-09-01,2026-09-01 20:00:00+00:00,2027-06-30,372.0,55.55,897589491,GLD   270630C00372000,0.8268309377138946,302,0.9376181474480151,0.040351073100418515,0.24788891696324572,123.9613611830837,396.75,2026-09-01
2026-09-01,2026-09-01 20:00:00+00:00,2027-06-30,373.0,54.95,897589536,GLD   270630C00373000,0.8268309377138946,302,0.9401386263390044,0.040351073100418515,0.24791455576093868,124.7640824891318,396.75,2026-09-01
2026-09-01,2026-09-01 20:00:00+00:00,2027-06-30,374.0,54.33,897589580,GLD   270630C00374000,0.8268309377138946,302,0.9426591052299937,0.040351073100418515,0.24774571035513654,125.53652655504379,396.75,2026-09-01
2026-09-01,2026-09-01 20:00:00+00:00,2027-06-30,375.0,53.65,897589621,GLD   270630C00375000,0.8268309377138946,302,0.945179584120983,0.040351073100418515,0.24706909009767697,126.25750322104982,396.75,2026-09-01
2026-09-01,2026-09-01 20:00:00+00:00,2027-06-30,376.0,53.08,897589671,GLD   270630C00376000,0.8268309377138946,302,0.9477000630119723,0.040351073100418515,0.24723191927997396,127.02839343868676,396.75,2026-09-01
2026-09-01,2026-09-01 20:00:00+00:00,2027-06-30,377.0,52.45,897589722,GLD   270630C00377000,0.8268309377138946,302,0.9502205419029616,0.040351073100418515,0.24688880827939136,127.74891434781628,396.75,2026-09-01
2026-09-01,2026-09-01 20:00:00+00:00,2027-06-30,378.0,51.85,897589774,GLD   270630C00378000,0.8268309377138946,302,0.9527410207939508,0.040351073100418515,0.24674882398294284,128.4694214093971,396.75,2026-09-01
2026-09-01,2026-09-01 20:00:00+00:00,2027-06-30,379.0,51.2,897589841,GLD   270630C00379000,0.8268309377138946,302,0.9552614996849401,0.040351073100418515,0.2461891755013727,129.15067220128563,396.75,2026-09-01
2026-09-01,2026-09-01 20:00:00+00:00,2027-06-30,380.0,50.6,897589891,GLD   270630C00380000,0.8268309377138946,302,0.9577819785759294,0.040351073100418515,0.24598658895352854,129.84001503593106,396.75,2026-09-01
2026-09-01,2026-09-01 20:00:00+00:00,2027-06-30,381.0,50.03,897589934,GLD   270630C00381000,0.8268309377138946,302,0.9603024574669187,0.040351073100418515,0.24598210938153786,130.52499931597757,396.75,2026-09-01
2026-09-01,2026-09-01 20:00:00+00:00,2027-06-30,382.0,48.63,897590004,GLD   270630C00382000,0.8268309377138946,302,0.962822936357908,0.040351073100418515,0.23960990425525233,130.87759855792905,396.75,2026-09-01
2026-09-01,2026-09-01 20:00:00+00:00,2027-06-30,383.0,48.05,897590091,GLD   270630C00383000,0.8268309377138946,302,0.9653434152488973,0.040351073100418515,0.2394944598178379,131.54901751101386,396.75,2026-09-01
2026-09-01,2026-09-01 20:00:00+00:00,2027-06-30,384.0,47.45,897590152,GLD   270630C00384000,0.8268309377138946,302,0.9678638941398866,0.040351073100418515,0.23919462651172657,132.1958992291311,396.75,2026-09-01
2026-09-01,2026-09-01 20:00:00+00:00,2027-06-30,385.0,46.88,897590231,GLD   270630C00385000,0.8268309377138946,302,0.9703843730308759,0.040351073100418515,0.23908944504382096,132.83551027328747,396.75,2026-09-01
2026-09-01,2026-09-01 20:00:00+00:00,2027-06-30,386.0,46.3,897590285,GLD   270630C00386000,0.8268309377138946,302,0.9729048519218652,0.040351073100418515,0.2388763533874415,133.45430382658017,396.75,2026-09-01
2026-09-01,2026-09-01 20:00:00+00:00,2027-06-30,387.0,45.75,897590342,GLD   270630C00387000,0.8268309377138946,302,0.9754253308128544,0.040351073100418515,0.23885517553566027,134.06335605258022,396.75,2026-09-01
2026-09-01,2026-09-01 20:00:00+00:00,2027-06-30,388.0,45.2,897590400,GLD   270630C00388000,0.8268309377138946,302,0.9779458097038437,0.040351073100418515,0.23880052661998197,134.6537014944336,396.75,2026-09-01
2026-09-01,2026-09-01 20:00:00+00:00,2027-06-30,389.0,44.63,897590468,GLD   270630C00389000,0.8268309377138946,302,0.980466288594833,0.040351073100418515,0.2385649439732544,135.2215308916508,396.75,2026-09-01
2026-09-01,2026-09-01 20:00:00+00:00,2027-06-30,390.0,44.43,897590531,GLD   270630C00390000,0.8268309377138946,302,0.9829867674858223,0.040351073100418515,0.2410224502055906,135.83664917771827,396.75,2026-09-01
2026-09-01,2026-09-01 20:00:00+00:00,2027-06-30,391.0,44.25,897590586,GLD   270630C00391000,0.8268309377138946,302,0.9855072463768116,0.040351073100418515,0.24357320790225645,136.41885816575748,396.75,2026-09-01
2026-09-01,2026-09-01 20:00:00+00:00,2027-06-30,392.0,43.7,897590644,GLD   270630C00392000,0.8268309377138946,302,0.9880277252678009,0.040351073100418515,0.2433696714243852,136.9222345265784,396.75,2026-09-01
2026-09-01,2026-09-01 20:00:00+00:00,2027-06-30,393.0,43.2,897590697,GLD   270630C00393000,0.8268309377138946,302,0.9905482041587902,0.040351073100418515,0.24349924374269322,137.41376103356853,396.75,2026-09-01
2026-09-01,2026-09-01 20:00:00+00:00,2027-06-30,394.0,42.68,897590760,GLD   270630C00394000,0.8268309377138946,302,0.9930686830497795,0.040351073100418515,0.2434508252504282,137.8848500614144,396.75,2026-09-01
2026-09-01,2026-09-01 20:00:00+00:00,2027-06-30,395.0,41.93,897590829,GLD   270630C00395000,0.8268309377138946,302,0.9955891619407687,0.040351073100418515,0.24170814136350532,138.32181078096508,396.75,2026-09-01
2026-09-01,2026-09-01 20:00:00+00:00,2027-06-30,396.0,41.4,897590862,GLD   270630C00396000,0.8268309377138946,302,0.998109640831758,0.040351073100418515,0.24153007604861637,138.7603874524199,396.75,2026-09-01
2026-09-01,2026-09-01 20:00:00+00:00,2027-06-30,397.0,40.9,897590904,GLD   270630C00397000,0.8268309377138946,302,1.0006301197227474,0.040351073100418515,0.24153682800224058,139.1826956227709,396.75,2026-09-01
2026-09-01,2026-09-01 20:00:00+00:00,2027-06-30,398.0,40.4,897590964,GLD   270630C00398000,0.8268309377138946,302,1.0031505986137366,0.040351073100418515,0.2415118597433903,139.58673077736458,396.75,2026-09-01
2026-09-01,2026-09-01 20:00:00+00:00,2027-06-30,399.0,39.9,897591022,GLD   270630C00399000,0.8268309377138946,302,1.005671077504726,0.040351073100418515,0.24145551585452635,139.9726400493522,396.75,2026-09-01
2026-09-01,2026-09-01 20:00:00+00:00,2027-06-30,400.0,39.43,897591090,GLD   270630C00400000,0.8268309377138946,302,1.0081915563957151,0.040351073100418515,0.2415818472350948,140.34068744458318,396.75,2026-09-01
2026-09-01,2026-09-01 20:00:00+00:00,2027-06-30,401.0,38.9,897591201,GLD   270630C00401000,0.8268309377138946,302,1.0107120352867045,0.040351073100418515,0.24124986531669285,140.6905563807864,396.75,2026-09-01
2026-09-01,2026-09-01 20:00:00+00:00,2027-06-30,402.0,38.42,897591281,GLD   270630C00402000,0.8268309377138946,302,1.0132325141776937,0.040351073100418515,0.24124292710227896,141.02245434728235,396.75,2026-09-01
2026-09-01,2026-09-01 20:00:00+00:00,2027-06-30,403.0,38.17,897591346,GLD   270630C00403000,0.8268309377138946,302,1.015752993068683,0.040351073100418515,0.24283243011580785,141.33093530474255,396.75,2026-09-01
2026-09-01,2026-09-01 20:00:00+00:00,2027-06-30,404.0,37.7,897591399,GLD   270630C00404000,0.8268309377138946,302,1.0182734719596724,0.040351073100418515,0.24283115422939888,141.62487073577714,396.75,2026-09-01
2026-09-01,2026-09-01 20:00:00+00:00,2027-06-30,405.0,37.1,897591482,GLD   270630C00405000,0.8268309377138946,302,1.0207939508506616,0.040351073100418515,0.24188331032311544,141.90574422641404,396.75,2026-09-01
2026-09-01,2026-09-01 20:00:00+00:00,2027-06-30,406.0,36.73,897591547,GLD   270630C00406000,0.8268309377138946,302,1.023314429741651,0.040351073100418515,0.2425264688297175,142.16075834200626,396.75,2026-09-01
2026-09-01,2026-09-01 20:00:00+00:00,2027-06-30,407.0,36.25,897591606,GLD   270630C00407000,0.8268309377138946,302,1.0258349086326402,0.040351073100418515,0.24236471996000042,142.40219635438402,396.75,2026-09-01
2026-09-01,2026-09-01 20:00:00+00:00,2027-06-30,410.0,34.83,897591672,GLD   270630C00410000,0.8268309377138946,302,1.033396345305608,0.040351073100418515,0.2418426589057781,143.02025824169397,396.75,2026-09-01
2026-09-01,2026-09-01 20:00:00+00:00,2027-06-30,415.0,32.67,897591742,GLD   270630C00415000,0.8268309377138946,302,1.0459987397605546,0.040351073100418515,0.24182792567731815,143.68981765580307,396.75,2026-09-01
2026-09-01,2026-09-01 20:00:00+00:00,2027-06-30,420.0,31.5,897591811,GLD   270630C00420000,0.8268309377138946,302,1.0586011342155008,0.040351073100418515,0.2479673327556811,143.91994212675536,396.75,2026-09-01
2026-09-01,2026-09-01 20:00:00+00:00,2027-06-30,425.0,28.53,897591871,GLD   270630C00425000,0.8268309377138946,302,1.0712035286704473,0.040351073100418515,0.2408900932884775,143.72890687732172,396.75,2026-09-01
2026-09-01,2026-09-01 20:00:00+00:00,2027-06-30,430.0,26.9,897591919,GLD   270630C00430000,0.8268309377138946,302,1.0838059231253938,0.040351073100418515,0.242437957702484,143.15590174531434,396.75,2026-09-01
2026-09-01,2026-09-01 20:00:00+00:00,2027-06-30,435.0,25.15,897591957,GLD   270630C00435000,0.8268309377138946,302,1.0964083175803403,0.040351073100418515,0.24247970805848024,142.1867823760222,396.75,2026-09-01
2026-09-01,2026-09-01 20:00:00+00:00,2027-06-30,440.0,23.75,897592020,GLD   270630C00440000,0.8268309377138946,302,1.1090107120352868,0.040351073100418515,0.24434122632918878,140.94815352352336,396.75,2026-09-01
2026-09-01,2026-09-01 20:00:00+00:00,2027-06-30,445.0,22.25,897592083,GLD   270630C00445000,0.8268309377138946,302,1.121613106490233,0.040351073100418515,0.24487708930792287,139.3470786963516,396.75,2026-09-01
2026-09-01,2026-09-01 20:00:00+00:00,2027-06-30,450.0,21.88,897592137,GLD   270630C00450000,0.8268309377138946,302,1.1342155009451795,0.040351073100418515,0.25299737057099125,138.10190613569642,396.75,2026-09-01
2026-09-01,2026-09-01 20:00:00+00:00,2027-06-30,455.0,19.52,897592191,GLD   270630C00455000,0.8268309377138946,302,1.146817895400126,0.040351073100418515,0.2460862105368637,135.31588929059987,396.75,2026-09-01
2026-09-01,2026-09-01 20:00:00+00:00,2027-06-30,460.0,18.4,897592219,GLD   270630C00460000,0.8268309377138946,302,1.1594202898550725,0.040351073100418515,0.24764491532882676,133.06396808825605,396.75,2026-09-01
2026-09-01,2026-09-01 20:00:00+00:00,2027-06-30,465.0,17.25,897592243,GLD   270630C00465000,0.8268309377138946,302,1.172022684310019,0.040351073100418515,0.24844415106410161,130.53143206349688,396.75,2026-09-01
2026-09-01,2026-09-01 20:00:00+00:00,2027-06-30,470.0,16.65,897592267,GLD   270630C00470000,0.8268309377138946,302,1.1846250787649653,0.040351073100418515,0.2529951168154366,128.48332052365865,396.75,2026-09-01
2026-09-01,2026-09-01 20:00:00+00:00,2027-06-30,475.0,15.25,897592300,GLD   270630C00475000,0.8268309377138946,302,1.1972274732199117,0.040351073100418515,0.2508101101183333,125.13387640117968,396.75,2026-09-01
2026-09-01,2026-09-01 20:00:00+00:00,2027-09-17,320.0,98.8,887869656,GLD   270917C00320000,1.0431211498973305,381,0.8065532451165721,0.04103681995352575,0.2659771772095003,89.75416279809507,396.75,2026-09-01
2026-09-01,2026-09-01 20:00:00+00:00,2027-09-17,325.0,94.85,887869727,GLD   270917C00325000,1.0431211498973305,381,0.8191556395715186,0.04103681995352575,0.2639135007907637,94.7514949544354,396.75,2026-09-01
2026-09-01,2026-09-01 20:00:00+00:00,2027-09-17,330.0,91.05,887869790,GLD   270917C00330000,1.0431211498973305,381,0.831758034026465,0.04103681995352575,0.26275494936620813,99.99762687276132,396.75,2026-09-01
2026-09-01,2026-09-01 20:00:00+00:00,2027-09-17,335.0,87.13,887869857,GLD   270917C00335000,1.0431211498973305,381,0.8443604284814115,0.04103681995352575,0.2597741341323593,104.7421370421904,396.75,2026-09-01
2026-09-01,2026-09-01 20:00:00+00:00,2027-09-17,340.0,83.5,887869910,GLD   270917C00340000,1.0431211498973305,381,0.856962822936358,0.04103681995352575,0.25892946007745343,109.9710598906674,396.75,2026-09-01
2026-09-01,2026-09-01 20:00:00+00:00,2027-09-17,345.0,79.78,887869959,GLD   270917C00345000,1.0431211498973305,381,0.8695652173913043,0.04103681995352575,0.25661315814973784,114.77631918403571,396.75,2026-09-01
2026-09-01,2026-09-01 20:00:00+00:00,2027-09-17,350.0,76.1,887870022,GLD   270917C00350000,1.0431211498973305,381,0.8821676118462508,0.04103681995352575,0.2540721232662909,119.4557775967183,396.75,2026-09-01
2026-09-01,2026-09-01 20:00:00+00:00,2027-09-17,355.0,72.6,887870079,GLD   270917C00355000,1.0431211498973305,381,0.8947700063011972,0.04103681995352575,0.25243984546242293,124.18786426815502,396.75,2026-09-01
2026-09-01,2026-09-01 20:00:00+00:00,2027-09-17,360.0,69.28,887870134,GLD   270917C00360000,1.0431211498973305,381,0.9073724007561437,0.04103681995352575,0.2516001259445212,128.8678476396913,396.75,2026-09-01
2026-09-01,2026-09-01 20:00:00+00:00,2027-09-17,365.0,65.93,887870182,GLD   270917C00365000,1.0431211498973305,381,0.9199747952110902,0.04103681995352575,0.2498830063509755,133.21153155729556,396.75,2026-09-01
2026-09-01,2026-09-01 20:00:00+00:00,2027-09-17,370.0,62.65,887870217,GLD   270917C00370000,1.0431211498973305,381,0.9325771896660365,0.04103681995352575,0.24808597156563778,137.32991754211292,396.75,2026-09-01
2026-09-01,2026-09-01 20:00:00+00:00,2027-09-17,375.0,59.53,887870280,GLD   270917C00375000,1.0431211498973305,381,0.945179584120983,0.04103681995352575,0.2468398961960338,141.2517447427329,396.75,2026-09-01
2026-09-01,2026-09-01 20:00:00+00:00,2027-09-17,380.0,56.75,887870334,GLD   270917C00380000,1.0431211498973305,381,0.9577819785759294,0.04103681995352575,0.2473327422454022,144.98874243778116,396.75,2026-09-01
2026-09-01,2026-09-01 20:00:00+00:00,2027-09-17,385.0,54.08,887870377,GLD   270917C00385000,1.0431211498973305,381,0.9703843730308759,0.04103681995352575,0.24788788321586328,148.35514840547873,396.75,2026-09-01
2026-09-01,2026-09-01 20:00:00+00:00,2027-09-17,390.0,51.3,887870430,GLD   270917C00390000,1.0431211498973305,381,0.9829867674858223,0.04103681995352575,0.24705354663478207,151.30462201027248,396.75,2026-09-01
2026-09-01,2026-09-01 20:00:00+00:00,2027-09-17,395.0,48.73,887870478,GLD   270917C00395000,1.0431211498973305,381,0.9955891619407687,0.04103681995352575,0.24698695840248835,153.912382359878,396.75,2026-09-01
2026-09-01,2026-09-01 20:00:00+00:00,2027-09-17,400.0,46.28,887870533,GLD   270917C00400000,1.0431211498973305,381,1.0081915563957151,0.04103681995352575,0.24707804924165833,156.1420832993994,396.75,2026-09-01
2026-09-01,2026-09-01 20:00:00+00:00,2027-09-17,405.0,43.6,887870585,GLD   270917C00405000,1.0431211498973305,381,1.0207939508506616,0.04103681995352575,0.24511199675928802,157.9990064850527,396.75,2026-09-01
2026-09-01,2026-09-01 20:00:00+00:00,2027-09-17,410.0,41.3,887870628,GLD   270917C00410000,1.0431211498973305,381,1.033396345305608,0.04103681995352575,0.24497937442054973,159.47413481896928,396.75,2026-09-01
2026-09-01,2026-09-01 20:00:00+00:00,2027-09-17,415.0,39.33,887870681,GLD   270917C00415000,1.0431211498973305,381,1.0459987397605546,0.04103681995352575,0.24632624481646345,160.5508465851506,396.75,2026-09-01
2026-09-01,2026-09-01 20:00:00+00:00,2027-09-17,420.0,36.92,887870740,GLD   270917C00420000,1.0431211498973305,381,1.0586011342155008,0.04103681995352575,0.24436744253532966,161.28223208923453,396.75,2026-09-01
2026-09-01,2026-09-01 20:00:00+00:00,2027-09-17,425.0,35.05,887870798,GLD   270917C00425000,1.0431211498973305,381,1.0712035286704473,0.04103681995352575,0.24520788847031075,161.61960442992995,396.75,2026-09-01
2026-09-01,2026-09-01 20:00:00+00:00,2027-09-17,430.0,33.42,887870856,GLD   270917C00430000,1.0431211498973305,381,1.0838059231253938,0.04103681995352575,0.24699058117484674,161.61341081145517,396.75,2026-09-01
2026-09-01,2026-09-01 20:00:00+00:00,2027-09-17,435.0,31.48,887870918,GLD   270917C00435000,1.0431211498973305,381,1.0964083175803403,0.04103681995352575,0.24632900147615,161.26248666734284,396.75,2026-09-01
2026-09-01,2026-09-01 20:00:00+00:00,2027-09-17,440.0,29.78,887870960,GLD   270917C00440000,1.0431211498973305,381,1.1090107120352868,0.04103681995352575,0.24664141669860112,160.59404058077286,396.75,2026-09-01
2026-09-01,2026-09-01 20:00:00+00:00,2027-09-17,445.0,28.03,887871012,GLD   270917C00445000,1.0431211498973305,381,1.121613106490233,0.04103681995352575,0.2461388012708165,159.58659828720064,396.75,2026-09-01
2026-09-01,2026-09-01 20:00:00+00:00,2027-09-17,450.0,26.83,887871065,GLD   270917C00450000,1.0431211498973305,381,1.1342155009451795,0.04103681995352575,0.2486065890987404,158.44122596814833,396.75,2026-09-01
2026-09-01,2026-09-01 20:00:00+00:00,2027-09-17,455.0,25.2,887871118,GLD   270917C00455000,1.0431211498973305,381,1.146817895400126,0.04103681995352575,0.2478960973166861,156.86160871664848,396.75,2026-09-01
2026-09-01,2026-09-01 20:00:00+00:00,2027-09-17,460.0,23.95,887871178,GLD   270917C00460000,1.0431211498973305,381,1.1594202898550725,0.04103681995352575,0.24914793745772912,155.18556817948925,396.75,2026-09-01
2026-09-01,2026-09-01 20:00:00+00:00,2027-09-17,465.0,22.7,887871225,GLD   270917C00465000,1.0431211498973305,381,1.172022684310019,0.04103681995352575,0.24996948723560203,153.2701834927675,396.75,2026-09-01
2026-09-01,2026-09-01 20:00:00+00:00,2027-09-17,470.0,21.53,887871279,GLD   270917C00470000,1.0431211498973305,381,1.1846250787649653,0.04103681995352575,0.25089301479579884,151.18340729690846,396.75,2026-09-01
2026-09-01,2026-09-01 20:00:00+00:00,2027-09-17,475.0,20.35,887871325,GLD   270917C00475000,1.0431211498973305,381,1.1972274732199117,0.04103681995352575,0.25133798250919215,148.85963341986803,396.75,2026-09-01
2026-09-01,2026-09-01 20:00:00+00:00,2028-01-21,320.0,106.13,814295236,GLD   280121C00320000,1.3880903490759753,507,0.8065532451165721,0.04173148895009891,0.2656880352727138,109.89940707747277,396.75,2026-09-01
2026-09-01,2026-09-01 20:00:00+00:00,2028-01-21,325.0,102.48,814295299,GLD   280121C00325000,1.3880903490759753,507,0.8191556395715186,0.04173148895009891,0.26493175127552826,115.28533887069048,396.75,2026-09-01
2026-09-01,2026-09-01 20:00:00+00:00,2028-01-21,330.0,98.6,814295359,GLD   280121C00330000,1.3880903490759753,507,0.831758034026465,0.04173148895009891,0.2617151298820042,119.94542488533084,396.75,2026-09-01
2026-09-01,2026-09-01 20:00:00+00:00,2028-01-21,335.0,95.03,814295409,GLD   280121C00335000,1.3880903490759753,507,0.8443604284814115,0.04173148895009891,0.26063662403179344,125.15002598646832,396.75,2026-09-01
2026-09-01,2026-09-01 20:00:00+00:00,2028-01-21,340.0,91.53,814295468,GLD   280121C00340000,1.3880903490759753,507,0.856962822936358,0.04173148895009891,0.25959169168891383,130.2694102218566,396.75,2026-09-01
2026-09-01,2026-09-01 20:00:00+00:00,2028-01-21,345.0,87.98,814295533,GLD   280121C00345000,1.3880903490759753,507,0.8695652173913043,0.04173148895009891,0.2576787654402667,135.0918741828308,396.75,2026-09-01
2026-09-01,2026-09-01 20:00:00+00:00,2028-01-21,350.0,84.48,814295591,GLD   280121C00350000,1.3880903490759753,507,0.8821676118462508,0.04173148895009891,0.2556922661797144,139.8013527292143,396.75,2026-09-01
2026-09-01,2026-09-01 20:00:00+00:00,2028-01-21,355.0,81.1,814295637,GLD   280121C00355000,1.3880903490759753,507,0.8947700063011972,0.04173148895009891,0.2541133055268787,144.46422589993918,396.75,2026-09-01
2026-09-01,2026-09-01 20:00:00+00:00,2028-01-21,360.0,77.85,814295687,GLD   280121C00360000,1.3880903490759753,507,0.9073724007561437,0.04173148895009891,0.2529616830036976,149.03757440101953,396.75,2026-09-01
2026-09-01,2026-09-01 20:00:00+00:00,2028-01-21,365.0,74.65,814295739,GLD   280121C00365000,1.3880903490759753,507,0.9199747952110902,0.04173148895009891,0.25167086779242387,153.40334023370923,396.75,2026-09-01
2026-09-01,2026-09-01 20:00:00+00:00,2028-01-21,370.0,71.3,814295802,GLD   280121C00370000,1.3880903490759753,507,0.9325771896660365,0.04173148895009891,0.24897574867075312,157.418403410642,396.75,2026-09-01
2026-09-01,2026-09-01 20:00:00+00:00,2028-01-21,375.0,68.6,814295869,GLD   280121C00375000,1.3880903490759753,507,0.945179584120983,0.04173148895009891,0.24992817459246147,161.57873812931194,396.75,2026-09-01
2026-09-01,2026-09-01 20:00:00+00:00,2028-01-21,380.0,65.75,814295954,GLD   280121C00380000,1.3880903490759753,507,0.9577819785759294,0.04173148895009891,0.24942731932913886,165.31814876095456,396.75,2026-09-01
2026-09-01,2026-09-01 20:00:00+00:00,2028-01-21,385.0,62.93,814295994,GLD   280121C00385000,1.3880903490759753,507,0.9703843730308759,0.04173148895009891,0.24863593448614707,168.76358143472348,396.75,2026-09-01
2026-09-01,2026-09-01 20:00:00+00:00,2028-01-21,390.0,60.23,814296032,GLD   280121C00390000,1.3880903490759753,507,0.9829867674858223,0.04173148895009891,0.2480934871884994,171.93462419850897,396.75,2026-09-01
2026-09-01,2026-09-01 20:00:00+00:00,2028-01-21,395.0,57.65,814296088,GLD   280121C00395000,1.3880903490759753,507,0.9955891619407687,0.04173148895009891,0.24778693918092176,174.81003143362884,396.75,2026-09-01
2026-09-01,2026-09-01 20:00:00+00:00,2028-01-21,400.0,55.93,814296135,GLD   280121C00400000,1.3880903490759753,507,1.0081915563957151,0.04173148895009891,0.2518789955987596,177.39458985358394,396.75,2026-09-01
2026-09-01,2026-09-01 20:00:00+00:00,2028-01-21,405.0,52.85,814296206,GLD   280121C00405000,1.3880903490759753,507,1.0207939508506616,0.04173148895009891,0.24784914097161967,179.6161274311011,396.75,2026-09-01
2026-09-01,2026-09-01 20:00:00+00:00,2028-01-21,410.0,50.48,816976248,GLD   280121C00410000,1.3880903490759753,507,1.033396345305608,0.04173148895009891,0.2473842247276567,181.5396930357343,396.75,2026-09-01
2026-09-01,2026-09-01 20:00:00+00:00,2028-01-21,415.0,48.45,816976281,GLD   280121C00415000,1.3880903490759753,507,1.0459987397605546,0.04173148895009891,0.24835552818039436,183.1256407876428,396.75,2026-09-01
2026-09-01,2026-09-01 20:00:00+00:00,2028-01-21,420.0,46.1,816976318,GLD   280121C00420000,1.3880903490759753,507,1.0586011342155008,0.04173148895009891,0.2471583555811085,184.4240938664469,396.75,2026-09-01
2026-09-01,2026-09-01 20:00:00+00:00,2028-01-21,425.0,43.9,816976363,GLD   280121C00425000,1.3880903490759753,507,1.0712035286704473,0.04173148895009891,0.24637399276988586,185.40241529348086,396.75,2026-09-01
2026-09-01,2026-09-01 20:00:00+00:00,2028-01-21,430.0,42.03,816976417,GLD   280121C00430000,1.3880903490759753,507,1.0838059231253938,0.04173148895009891,0.24696687948936602,186.05116523913867,396.75,2026-09-01
2026-09-01,2026-09-01 20:00:00+00:00,2028-01-21,435.0,40.2,816976485,GLD   280121C00435000,1.3880903490759753,507,1.0964083175803403,0.04173148895009891,0.2473775193392299,186.40485112527745,396.75,2026-09-01
2026-09-01,2026-09-01 20:00:00+00:00,2028-01-21,440.0,38.45,816976556,GLD   280121C00440000,1.3880903490759753,507,1.1090107120352868,0.04173148895009891,0.2478316603965126,186.47227146684918,396.75,2026-09-01
2026-09-01,2026-09-01 20:00:00+00:00,2028-01-21,445.0,36.67,816976610,GLD   280121C00445000,1.3880903490759753,507,1.121613106490233,0.04173148895009891,0.24774931450141596,186.25975105624946,396.75,2026-09-01
2026-09-01,2026-09-01 20:00:00+00:00,2028-01-21,450.0,35.3,816976653,GLD   280121C00450000,1.3880903490759753,507,1.1342155009451795,0.04173148895009891,0.2495053719130345,185.8186739968225,396.75,2026-09-01
2026-09-01,2026-09-01 20:00:00+00:00,2028-01-21,455.0,33.48,816976727,GLD   280121C00455000,1.3880903490759753,507,1.146817895400126,0.04173148895009891,0.24848347071679314,185.0604967138179,396.75,2026-09-01
2026-09-01,2026-09-01 20:00:00+00:00,2028-01-21,460.0,31.98,816976778,GLD   280121C00460000,1.3880903490759753,507,1.1594202898550725,0.04173148895009891,0.2488383720253594,184.09878406236692,396.75,2026-09-01
2026-09-01,2026-09-01 20:00:00+00:00,2028-01-21,465.0,30.78,816976825,GLD   280121C00465000,1.3880903490759753,507,1.172022684310019,0.04173148895009891,0.25049301975006244,183.00505088090654,396.75,2026-09-01
2026-09-01,2026-09-01 20:00:00+00:00,2028-01-21,470.0,29.45,816976882,GLD   280121C00470000,1.3880903490759753,507,1.1846250787649653,0.04173148895009891,0.2511197779941373,181.65834161623522,396.75,2026-09-01
2026-09-01,2026-09-01 20:00:00+00:00,2028-01-21,475.0,28.05,816976936,GLD   280121C00475000,1.3880903490759753,507,1.1972274732199117,0.04173148895009891,0.25104055196726704,180.0533218264601,396.75,2026-09-01
2026-09-01,2026-09-01 20:00:00+00:00,2028-06-16,320.0,114.43,851891480,GLD   280616C00320000,1.7905544147843941,654,0.8065532451165721,0.04254193611276761,0.2669834324994125,129.28159300442164,396.75,2026-09-01
2026-09-01,2026-09-01 20:00:00+00:00,2028-06-16,325.0,110.7,852304105,GLD   280616C00325000,1.7905544147843941,654,0.8191556395715186,0.04254193611276761,0.264417792565655,134.11166291776294,396.75,2026-09-01
2026-09-01,2026-09-01 20:00:00+00:00,2028-06-16,330.0,107.2,851891539,GLD   280616C00330000,1.7905544147843941,654,0.831758034026465,0.04254193611276761,0.2632153022208251,139.30350241885463,396.75,2026-09-01
2026-09-01,2026-09-01 20:00:00+00:00,2028-06-16,335.0,103.7,852304174,GLD   280616C00335000,1.7905544147843941,654,0.8443604284814115,0.04254193611276761,0.26163149878745906,144.32483347291625,396.75,2026-09-01
2026-09-01,2026-09-01 20:00:00+00:00,2028-06-16,340.0,100.5,851891588,GLD   280616C00340000,1.7905544147843941,654,0.856962822936358,0.04254193611276761,0.2617056492078119,149.65752000764343,396.75,2026-09-01
2026-09-01,2026-09-01 20:00:00+00:00,2028-06-16,345.0,97.08,852304254,GLD   280616C00345000,1.7905544147843941,654,0.8695652173913043,0.04254193611276761,0.2599054573020898,154.43772435549224,396.75,2026-09-01
2026-09-01,2026-09-01 20:00:00+00:00,2028-06-16,350.0,93.68,851891628,GLD   280616C00350000,1.7905544147843941,654,0.8821676118462508,0.04254193611276761,0.2579043365695515,159.08415271432125,396.75,2026-09-01
2026-09-01,2026-09-01 20:00:00+00:00,2028-06-16,355.0,90.58,852304325,GLD   280616C00355000,1.7905544147843941,654,0.8947700063011972,0.04254193611276761,0.2574229176196271,163.88894616960295,396.75,2026-09-01
2026-09-01,2026-09-01 20:00:00+00:00,2028-06-16,360.0,87.53,851891668,GLD   280616C00360000,1.7905544147843941,654,0.9073724007561437,0.04254193611276761,0.25684688750160867,168.50080934099037,396.75,2026-09-01
2026-09-01,2026-09-01 20:00:00+00:00,2028-06-16,365.0,84.5,852304389,GLD   280616C00365000,1.7905544147843941,654,0.9199747952110902,0.04254193611276761,0.2560082110441291,172.8917892983535,396.75,2026-09-01
2026-09-01,2026-09-01 20:00:00+00:00,2028-06-16,370.0,81.5,851891693,GLD   280616C00370000,1.7905544147843941,654,0.9325771896660365,0.04254193611276761,0.2549805264503695,177.07366794818222,396.75,2026-09-01
2026-09-01,2026-09-01 20:00:00+00:00,2028-06-16,375.0,78.58,852304452,GLD   280616C00375000,1.7905544147843941,654,0.945179584120983,0.04254193611276761,0.25405054495381185,181.07074706862971,396.75,2026-09-01
2026-09-01,2026-09-01 20:00:00+00:00,2028-06-16,380.0,75.9,851891739,GLD   280616C00380000,1.7905544147843941,654,0.9577819785759294,0.04254193611276761,0.2540755132126622,184.92549183982885,396.75,2026-09-01
2026-09-01,2026-09-01 20:00:00+00:00,2028-06-16,385.0,73.18,852304531,GLD   280616C00385000,1.7905544147843941,654,0.9703843730308759,0.04254193611276761,0.25351402074927465,188.4984929241071,396.75,2026-09-01
2026-09-01,2026-09-01 20:00:00+00:00,2028-06-16,390.0,70.55,851891780,GLD   280616C00390000,1.7905544147843941,654,0.9829867674858223,0.04254193611276761,0.2530769411803224,191.8375812019602,396.75,2026-09-01
2026-09-01,2026-09-01 20:00:00+00:00,2028-06-16,395.0,67.97,852304600,GLD   280616C00395000,1.7905544147843941,654,0.9955891619407687,0.04254193611276761,0.2525538836308756,194.92609174727082,396.75,2026-09-01
2026-09-01,2026-09-01 20:00:00+00:00,2028-06-16,400.0,65.45,851891820,GLD   280616C00400000,1.7905544147843941,654,1.0081915563957151,0.04254193611276761,0.2520007077117451,197.76257876506273,396.75,2026-09-01
2026-09-01,2026-09-01 20:00:00+00:00,2028-06-16,405.0,62.95,852304666,GLD   280616C00405000,1.7905544147843941,654,1.0207939508506616,0.04254193611276761,0.25122054508132863,200.34359593679443,396.75,2026-09-01
2026-09-01,2026-09-01 20:00:00+00:00,2028-06-16,410.0,60.78,851891862,GLD   280616C00410000,1.7905544147843941,654,1.033396345305608,0.04254193611276761,0.2517526642181911,202.6568640229837,396.75,2026-09-01
2026-09-01,2026-09-01 20:00:00+00:00,2028-06-16,415.0,58.6,852304743,GLD   280616C00415000,1.7905544147843941,654,1.0459987397605546,0.04254193611276761,0.2518980035123416,204.69958714533576,396.75,2026-09-01
2026-09-01,2026-09-01 20:00:00+00:00,2028-06-16,420.0,57.15,851891902,GLD   280616C00420000,1.7905544147843941,654,1.0586011342155008,0.04254193611276761,0.2552576825053432,206.40711191174952,396.75,2026-09-01
2026-09-01,2026-09-01 20:00:00+00:00,2028-06-16,425.0,54.23,852304826,GLD   280616C00425000,1.7905544147843941,654,1.0712035286704473,0.04254193611276761,0.25118782837362963,208.00692039803093,396.75,2026-09-01
2026-09-01,2026-09-01 20:00:00+00:00,2028-06-16,430.0,52.35,851891950,GLD   280616C00430000,1.7905544147843941,654,1.0838059231253938,0.04254193611276761,0.2518366771473549,209.24513608426724,396.75,2026-09-01
2026-09-01,2026-09-01 20:00:00+00:00,2028-06-16,435.0,50.33,852304894,GLD   280616C00435000,1.7905544147843941,654,1.0964083175803403,0.04254193611276761,0.25151430628569793,210.24922218783306,396.75,2026-09-01
2026-09-01,2026-09-01 20:00:00+00:00,2028-06-16,440.0,48.3,851891989,GLD   280616C00440000,1.7905544147843941,654,1.1090107120352868,0.04254193611276761,0.25085491515127956,211.0061659669896,396.75,2026-09-01
2026-09-01,2026-09-01 20:00:00+00:00,2028-06-16,445.0,46.48,852304959,GLD   280616C00445000,1.7905544147843941,654,1.121613106490233,0.04254193611276761,0.25090549426870423,211.50112872916299,396.75,2026-09-01
2026-09-01,2026-09-01 20:00:00+00:00,2028-06-16,450.0,44.75,851892032,GLD   280616C00450000,1.7905544147843941,654,1.1342155009451795,0.04254193611276761,0.2511002485503443,211.7556046872446,396.75,2026-09-01
2026-09-01,2026-09-01 20:00:00+00:00,2028-06-16,455.0,43.2,852305055,GLD   280616C00455000,1.7905544147843941,654,1.146817895400126,0.04254193611276761,0.2518701388982124,211.78238473230064,396.75,2026-09-01
2026-09-01,2026-09-01 20:00:00+00:00,2028-06-16,460.0,41.55,851892072,GLD   280616C00460000,1.7905544147843941,654,1.1594202898550725,0.04254193611276761,0.25190000581583016,211.589587445677,396.75,2026-09-01
2026-09-01,2026-09-01 20:00:00+00:00,2028-06-16,465.0,40.15,852305139,GLD   280616C00465000,1.7905544147843941,654,1.172022684310019,0.04254193611276761,0.25285128623368225,211.2052841634538,396.75,2026-09-01
2026-09-01,2026-09-01 20:00:00+00:00,2028-06-16,470.0,38.65,851892108,GLD   280616C00470000,1.7905544147843941,654,1.1846250787649653,0.04254193611276761,0.25307611231980853,210.60986991458697,396.75,2026-09-01
2026-09-01,2026-09-01 20:00:00+00:00,2028-06-16,475.0,37.17,852305199,GLD   280616C00475000,1.7905544147843941,654,1.1972274732199117,0.04254193611276761,0.2531470590545797,209.8144851449419,396.75,2026-09-01
