date,timestamp,expiry,K,price,conId,localSymbol,T,dte,moneyness,rate,implied_vol,vega,spot,curve_date
2026-08-31,2026-08-31 20:00:00+00:00,2026-09-25,347.0,62.35,909094212,GLD   260925C00347000,0.06844626967830253,25,0.8496155917927624,0.0377773643340299,0.24254197969697422,1.304212633581993,408.42,2026-08-31
2026-08-31,2026-08-31 20:00:00+00:00,2026-09-25,348.0,61.35,909094252,GLD   260925C00348000,0.06844626967830253,25,0.8520640517114735,0.0377773643340299,0.23672701097503307,1.2472274767546672,408.42,2026-08-31
2026-08-31,2026-08-31 20:00:00+00:00,2026-09-25,349.0,60.35,909094297,GLD   260925C00349000,0.06844626967830253,25,0.8545125116301846,0.0377773643340299,0.23084808029793202,1.1868267128964212,408.42,2026-08-31
2026-08-31,2026-08-31 20:00:00+00:00,2026-09-25,350.0,59.35,909094354,GLD   260925C00350000,0.06844626967830253,25,0.8569609715488957,0.0377773643340299,0.2248901377938688,1.1226498814009036,408.42,2026-08-31
2026-08-31,2026-08-31 20:00:00+00:00,2026-09-25,351.0,58.7,909094406,GLD   260925C00351000,0.06844626967830253,25,0.8594094314676068,0.0377773643340299,0.31520543360095465,6.880779908058889,408.42,2026-08-31
2026-08-31,2026-08-31 20:00:00+00:00,2026-09-25,352.0,57.78,909094453,GLD   260925C00352000,0.06844626967830253,25,0.861857891386318,0.0377773643340299,0.3208055179064162,7.785049470713826,408.42,2026-08-31
2026-08-31,2026-08-31 20:00:00+00:00,2026-09-25,353.0,56.4,909094501,GLD   260925C00353000,0.06844626967830253,25,0.8643063513050291,0.0377773643340299,0.23841064087860292,2.3325451297006703,408.42,2026-08-31
2026-08-31,2026-08-31 20:00:00+00:00,2026-09-25,354.0,55.43,909094549,GLD   260925C00354000,0.06844626967830253,25,0.8667548112237402,0.0377773643340299,0.24465628179833293,2.9818276746071852,408.42,2026-08-31
2026-08-31,2026-08-31 20:00:00+00:00,2026-09-25,355.0,54.45,909094589,GLD   260925C00355000,0.06844626967830253,25,0.8692032711424513,0.0377773643340299,0.24592895520869643,3.38342117517996,408.42,2026-08-31
2026-08-31,2026-08-31 20:00:00+00:00,2026-09-25,356.0,53.45,909094631,GLD   260925C00356000,0.06844626967830253,25,0.8716517310611624,0.0377773643340299,0.24093287273533642,3.37785046028751,408.42,2026-08-31
2026-08-31,2026-08-31 20:00:00+00:00,2026-09-25,357.0,52.53,909094681,GLD   260925C00357000,0.06844626967830253,25,0.8741001909798736,0.0377773643340299,0.25548933970592924,4.847325832204124,408.42,2026-08-31
2026-08-31,2026-08-31 20:00:00+00:00,2026-09-25,358.0,51.75,909094726,GLD   260925C00358000,0.06844626967830253,25,0.8765486508985848,0.0377773643340299,0.2851404881683177,7.869043058890307,408.42,2026-08-31
2026-08-31,2026-08-31 20:00:00+00:00,2026-09-25,359.0,50.6,909094778,GLD   260925C00359000,0.06844626967830253,25,0.8789971108172959,0.0377773643340299,0.2583492390916684,6.000544910137986,408.42,2026-08-31
2026-08-31,2026-08-31 20:00:00+00:00,2026-09-25,360.0,49.8,909094824,GLD   260925C00360000,0.06844626967830253,25,0.881445570736007,0.0377773643340299,0.2806682362266818,8.581311876197036,408.42,2026-08-31
2026-08-31,2026-08-31 20:00:00+00:00,2026-09-25,361.0,48.53,909094869,GLD   260925C00361000,0.06844626967830253,25,0.8838940306547182,0.0377773643340299,0.2355419313575141,4.945722393272757,408.42,2026-08-31
2026-08-31,2026-08-31 20:00:00+00:00,2026-09-25,362.0,47.68,909094924,GLD   260925C00362000,0.06844626967830253,25,0.8863424905734293,0.0377773643340299,0.25512350023249175,7.284839378706868,408.42,2026-08-31
2026-08-31,2026-08-31 20:00:00+00:00,2026-09-25,363.0,46.58,909095001,GLD   260925C00363000,0.06844626967830253,25,0.8887909504921404,0.0377773643340299,0.23485402369620278,5.867219796079177,408.42,2026-08-31
2026-08-31,2026-08-31 20:00:00+00:00,2026-09-25,364.0,45.63,909095044,GLD   260925C00364000,0.06844626967830253,25,0.8912394104108515,0.0377773643340299,0.2377928231524304,6.703479380990784,408.42,2026-08-31
2026-08-31,2026-08-31 20:00:00+00:00,2026-09-25,365.0,44.7,909095084,GLD   260925C00365000,0.06844626967830253,25,0.8936878703295627,0.0377773643340299,0.2423806778531522,7.771847551645269,408.42,2026-08-31
2026-08-31,2026-08-31 20:00:00+00:00,2026-09-25,366.0,44.08,909095131,GLD   260925C00366000,0.06844626967830253,25,0.8961363302482738,0.0377773643340299,0.2755340600038879,11.981625913233623,408.42,2026-08-31
2026-08-31,2026-08-31 20:00:00+00:00,2026-09-25,367.0,42.75,909095176,GLD   260925C00367000,0.06844626967830253,25,0.8985847901669849,0.0377773643340299,0.23817624564440923,8.607912627303282,408.42,2026-08-31
2026-08-31,2026-08-31 20:00:00+00:00,2026-09-25,368.0,42.1,909095220,GLD   260925C00368000,0.06844626967830253,25,0.901033250085696,0.0377773643340299,0.2660532740551048,12.44590998469188,408.42,2026-08-31
2026-08-31,2026-08-31 20:00:00+00:00,2026-09-25,369.0,41.1,909095275,GLD   260925C00369000,0.06844626967830253,25,0.9034817100044072,0.0377773643340299,0.26048823471721266,12.59816848448424,408.42,2026-08-31
2026-08-31,2026-08-31 20:00:00+00:00,2026-09-25,370.0,40.03,909095330,GLD   260925C00370000,0.06844626967830253,25,0.9059301699231184,0.0377773643340299,0.24929295079549774,12.10002216591364,408.42,2026-08-31
2026-08-31,2026-08-31 20:00:00+00:00,2026-09-25,371.0,39.05,909095374,GLD   260925C00371000,0.06844626967830253,25,0.9083786298418295,0.0377773643340299,0.24542148303082217,12.44907955360461,408.42,2026-08-31
2026-08-31,2026-08-31 20:00:00+00:00,2026-09-25,372.0,38.13,909095410,GLD   260925C00372000,0.06844626967830253,25,0.9108270897605406,0.0377773643340299,0.24607082073912023,13.362225538707216,408.42,2026-08-31
2026-08-31,2026-08-31 20:00:00+00:00,2026-09-25,373.0,37.2,909095440,GLD   260925C00373000,0.06844626967830253,25,0.9132755496792517,0.0377773643340299,0.24553361202618101,14.160858623267618,408.42,2026-08-31
2026-08-31,2026-08-31 20:00:00+00:00,2026-09-25,374.0,36.23,909095488,GLD   260925C00374000,0.06844626967830253,25,0.9157240095979629,0.0377773643340299,0.24194553073989228,14.610924270361599,408.42,2026-08-31
2026-08-31,2026-08-31 20:00:00+00:00,2026-09-25,375.0,35.3,909095542,GLD   260925C00375000,0.06844626967830253,25,0.918172469516674,0.0377773643340299,0.2408892364888452,15.396359636638104,408.42,2026-08-31
2026-08-31,2026-08-31 20:00:00+00:00,2026-09-25,376.0,34.35,908792971,GLD   260925C00376000,0.06844626967830253,25,0.9206209294353851,0.0377773643340299,0.2382926306988113,16.014398637007602,408.42,2026-08-31
2026-08-31,2026-08-31 20:00:00+00:00,2026-09-25,377.0,33.42,908813568,GLD   260925C00377000,0.06844626967830253,25,0.9230693893540962,0.0377773643340299,0.2367229504898191,16.785467922145568,408.42,2026-08-31
2026-08-31,2026-08-31 20:00:00+00:00,2026-09-25,378.0,32.5,908813633,GLD   260925C00378000,0.06844626967830253,25,0.9255178492728073,0.0377773643340299,0.23546464244285598,17.62049520734036,408.42,2026-08-31
2026-08-31,2026-08-31 20:00:00+00:00,2026-09-25,379.0,31.43,908813693,GLD   260925C00379000,0.06844626967830253,25,0.9279663091915185,0.0377773643340299,0.22554161750124768,17.362422151130918,408.42,2026-08-31
2026-08-31,2026-08-31 20:00:00+00:00,2026-09-25,380.0,30.65,908813769,GLD   260925C00380000,0.06844626967830253,25,0.9304147691102296,0.0377773643340299,0.23158476500352843,19.190730355576466,408.42,2026-08-31
2026-08-31,2026-08-31 20:00:00+00:00,2026-09-25,381.0,29.78,908813836,GLD   260925C00381000,0.06844626967830253,25,0.9328632290289408,0.0377773643340299,0.2320248713103123,20.307074117524447,408.42,2026-08-31
2026-08-31,2026-08-31 20:00:00+00:00,2026-09-25,382.0,28.88,908813896,GLD   260925C00382000,0.06844626967830253,25,0.9353116889476519,0.0377773643340299,0.2305997806957923,21.21084491201746,408.42,2026-08-31
2026-08-31,2026-08-31 20:00:00+00:00,2026-09-25,383.0,27.95,908813963,GLD   260925C00383000,0.06844626967830253,25,0.937760148866363,0.0377773643340299,0.22752463368503376,21.93494357332536,408.42,2026-08-31
2026-08-31,2026-08-31 20:00:00+00:00,2026-09-25,384.0,26.95,908814016,GLD   260925C00384000,0.06844626967830253,25,0.9402086087850742,0.0377773643340299,0.22116092205075547,22.27911110928594,408.42,2026-08-31
2026-08-31,2026-08-31 20:00:00+00:00,2026-09-25,385.0,26.1,908814087,GLD   260925C00385000,0.06844626967830253,25,0.9426570687037853,0.0377773643340299,0.22128603807967154,23.440960731032312,408.42,2026-08-31
2026-08-31,2026-08-31 20:00:00+00:00,2026-09-25,386.0,25.23,908814156,GLD   260925C00386000,0.06844626967830253,25,0.9451055286224964,0.0377773643340299,0.2201586573982611,24.462662564602166,408.42,2026-08-31
2026-08-31,2026-08-31 20:00:00+00:00,2026-09-25,387.0,24.4,908814242,GLD   260925C00387000,0.06844626967830253,25,0.9475539885412075,0.0377773643340299,0.220266134530399,25.6347470501935,408.42,2026-08-31
2026-08-31,2026-08-31 20:00:00+00:00,2026-09-25,388.0,23.68,908814298,GLD   260925C00388000,0.06844626967830253,25,0.9500024484599187,0.0377773643340299,0.2240186654678546,27.183620922712898,408.42,2026-08-31
2026-08-31,2026-08-31 20:00:00+00:00,2026-09-25,389.0,22.75,908814364,GLD   260925C00389000,0.06844626967830253,25,0.9524509083786298,0.0377773643340299,0.21957640151334928,27.873280562951386,408.42,2026-08-31
2026-08-31,2026-08-31 20:00:00+00:00,2026-09-25,390.0,21.95,908814433,GLD   260925C00390000,0.06844626967830253,25,0.9548993682973409,0.0377773643340299,0.2195079227340408,29.01003494787717,408.42,2026-08-31
2026-08-31,2026-08-31 20:00:00+00:00,2026-09-25,391.0,21.2,908814504,GLD   260925C00391000,0.06844626967830253,25,0.957347828216052,0.0377773643340299,0.2206804530308582,30.24076940844958,408.42,2026-08-31
2026-08-31,2026-08-31 20:00:00+00:00,2026-09-25,392.0,20.35,908814559,GLD   260925C00392000,0.06844626967830253,25,0.9597962881347631,0.0377773643340299,0.21815086387293414,31.13163068344397,408.42,2026-08-31
2026-08-31,2026-08-31 20:00:00+00:00,2026-09-25,393.0,19.58,908814616,GLD   260925C00393000,0.06844626967830253,25,0.9622447480534744,0.0377773643340299,0.21784719359455634,32.19781074113839,408.42,2026-08-31
2026-08-31,2026-08-31 20:00:00+00:00,2026-09-25,394.0,18.85,908814698,GLD   260925C00394000,0.06844626967830253,25,0.9646932079721855,0.0377773643340299,0.21834517112867913,33.293001741322534,408.42,2026-08-31
2026-08-31,2026-08-31 20:00:00+00:00,2026-09-25,395.0,18.08,908814758,GLD   260925C00395000,0.06844626967830253,25,0.9671416678908966,0.0377773643340299,0.21722770883431664,34.244214661328805,408.42,2026-08-31
2026-08-31,2026-08-31 20:00:00+00:00,2026-09-25,396.0,17.4,908814823,GLD   260925C00396000,0.06844626967830253,25,0.9695901278096077,0.0377773643340299,0.21830761164044965,35.29278418951612,408.42,2026-08-31
2026-08-31,2026-08-31 20:00:00+00:00,2026-09-25,397.0,16.65,908814899,GLD   260925C00397000,0.06844626967830253,25,0.9720385877283189,0.0377773643340299,0.21698030794048684,36.16327224854438,408.42,2026-08-31
2026-08-31,2026-08-31 20:00:00+00:00,2026-09-25,398.0,16.0,908814968,GLD   260925C00398000,0.06844626967830253,25,0.97448704764703,0.0377773643340299,0.21799858636436986,37.10098262478929,408.42,2026-08-31
2026-08-31,2026-08-31 20:00:00+00:00,2026-09-25,399.0,15.33,908815038,GLD   260925C00399000,0.06844626967830253,25,0.9769355075657411,0.0377773643340299,0.21802904000347478,37.935655059477526,408.42,2026-08-31
2026-08-31,2026-08-31 20:00:00+00:00,2026-09-25,400.0,14.65,908815088,GLD   260925C00400000,0.06844626967830253,25,0.9793839674844522,0.0377773643340299,0.21738731570495295,38.691705526642444,408.42,2026-08-31
2026-08-31,2026-08-31 20:00:00+00:00,2026-09-25,401.0,14.1,908815142,GLD   260925C00401000,0.06844626967830253,25,0.9818324274031633,0.0377773643340299,0.2196546124189161,39.463155736202445,408.42,2026-08-31
2026-08-31,2026-08-31 20:00:00+00:00,2026-09-25,402.0,13.38,908815202,GLD   260925C00402000,0.06844626967830253,25,0.9842808873218745,0.0377773643340299,0.21719654740421104,40.05647130927411,408.42,2026-08-31
2026-08-31,2026-08-31 20:00:00+00:00,2026-09-25,403.0,12.75,908815261,GLD   260925C00403000,0.06844626967830253,25,0.9867293472405856,0.0377773643340299,0.21661574900997804,40.63168000729756,408.42,2026-08-31
2026-08-31,2026-08-31 20:00:00+00:00,2026-09-25,404.0,12.2,908815304,GLD   260925C00404000,0.06844626967830253,25,0.9891778071592968,0.0377773643340299,0.21758453794205562,41.156529042682074,408.42,2026-08-31
2026-08-31,2026-08-31 20:00:00+00:00,2026-09-25,405.0,11.53,909095714,GLD   260925C00405000,0.06844626967830253,25,0.9916262670780079,0.0377773643340299,0.21523855535751207,41.57710284489725,408.42,2026-08-31
2026-08-31,2026-08-31 20:00:00+00:00,2026-09-25,406.0,11.0,909095755,GLD   260925C00406000,0.06844626967830253,25,0.9940747269967191,0.0377773643340299,0.2158649131408893,41.948328016923746,408.42,2026-08-31
2026-08-31,2026-08-31 20:00:00+00:00,2026-09-25,407.0,10.48,909095805,GLD   260925C00407000,0.06844626967830253,25,0.9965231869154302,0.0377773643340299,0.21631054208008574,42.237994050445934,408.42,2026-08-31
2026-08-31,2026-08-31 20:00:00+00:00,2026-09-25,408.0,9.98,909095857,GLD   260925C00408000,0.06844626967830253,25,0.9989716468341413,0.0377773643340299,0.21681645432384686,42.447355924855266,408.42,2026-08-31
2026-08-31,2026-08-31 20:00:00+00:00,2026-09-25,409.0,9.53,909095901,GLD   260925C00409000,0.06844626967830253,25,1.0014201067528523,0.0377773643340299,0.21808919292548673,42.57661383178714,408.42,2026-08-31
2026-08-31,2026-08-31 20:00:00+00:00,2026-09-25,410.0,9.03,909095961,GLD   260925C00410000,0.06844626967830253,25,1.0038685666715637,0.0377773643340299,0.21778367866529152,42.62691148292544,408.42,2026-08-31
2026-08-31,2026-08-31 20:00:00+00:00,2026-09-25,411.0,8.57,910568181,GLD   260925C00411000,0.06844626967830253,25,1.0063170265902748,0.0377773643340299,0.21801803199080752,42.599242110592726,408.42,2026-08-31
2026-08-31,2026-08-31 20:00:00+00:00,2026-09-25,412.0,8.15,910568253,GLD   260925C00412000,0.06844626967830253,25,1.008765486508986,0.0377773643340299,0.21879676972618328,42.49599860758708,408.42,2026-08-31
2026-08-31,2026-08-31 20:00:00+00:00,2026-09-25,413.0,7.78,910568332,GLD   260925C00413000,0.06844626967830253,25,1.011213946427697,0.0377773643340299,0.22036717169573533,42.323162248721104,408.42,2026-08-31
2026-08-31,2026-08-31 20:00:00+00:00,2026-09-25,414.0,7.38,910568397,GLD   260925C00414000,0.06844626967830253,25,1.0136624063464081,0.0377773643340299,0.2208493915670552,42.0773227191576,408.42,2026-08-31
2026-08-31,2026-08-31 20:00:00+00:00,2026-09-25,415.0,6.95,909096012,GLD   260925C00415000,0.06844626967830253,25,1.0161108662651193,0.0377773643340299,0.22023081948468465,41.75239381944408,408.42,2026-08-31
2026-08-31,2026-08-31 20:00:00+00:00,2026-09-25,416.0,6.58,910568466,GLD   260925C00416000,0.06844626967830253,25,1.0185593261838304,0.0377773643340299,0.22066338222948836,41.36855840850847,408.42,2026-08-31
2026-08-31,2026-08-31 20:00:00+00:00,2026-09-25,417.0,6.3,910568525,GLD   260925C00417000,0.06844626967830253,25,1.0210077861025415,0.0377773643340299,0.22291664419295265,40.954570020889086,408.42,2026-08-31
2026-08-31,2026-08-31 20:00:00+00:00,2026-09-25,418.0,5.95,910568597,GLD   260925C00418000,0.06844626967830253,25,1.0234562460212526,0.0377773643340299,0.22310984319699928,40.4515487650393,408.42,2026-08-31
2026-08-31,2026-08-31 20:00:00+00:00,2026-09-25,419.0,5.65,912702951,GLD   260925C00419000,0.06844626967830253,25,1.0259047059399637,0.0377773643340299,0.22418135495455935,39.91492501736121,408.42,2026-08-31
2026-08-31,2026-08-31 20:00:00+00:00,2026-09-25,420.0,5.35,909096064,GLD   260925C00420000,0.06844626967830253,25,1.0283531658586749,0.0377773643340299,0.22490742745166642,39.32206057930099,408.42,2026-08-31
2026-08-31,2026-08-31 20:00:00+00:00,2026-09-25,421.0,5.08,912703075,GLD   260925C00421000,0.06844626967830253,25,1.030801625777386,0.0377773643340299,0.2260581559230574,38.70059544735831,408.42,2026-08-31
2026-08-31,2026-08-31 20:00:00+00:00,2026-09-25,422.0,4.8,912703177,GLD   260925C00422000,0.06844626967830253,25,1.033250085696097,0.0377773643340299,0.2266149173623882,38.01755117179834,408.42,2026-08-31
2026-08-31,2026-08-31 20:00:00+00:00,2026-09-25,423.0,4.53,912703267,GLD   260925C00423000,0.06844626967830253,25,1.0356985456148082,0.0377773643340299,0.22709212681846697,37.29201017483041,408.42,2026-08-31
2026-08-31,2026-08-31 20:00:00+00:00,2026-09-25,424.0,4.25,912703366,GLD   260925C00424000,0.06844626967830253,25,1.0381470055335194,0.0377773643340299,0.22694800753248862,36.49654169961112,408.42,2026-08-31
2026-08-31,2026-08-31 20:00:00+00:00,2026-09-25,425.0,4.05,909096121,GLD   260925C00425000,0.06844626967830253,25,1.0405954654522305,0.0377773643340299,0.2286712085408159,35.77541961869017,408.42,2026-08-31
2026-08-31,2026-08-31 20:00:00+00:00,2026-09-25,426.0,3.83,912703456,GLD   260925C00426000,0.06844626967830253,25,1.0430439253709416,0.0377773643340299,0.22953856915989895,34.98355855283239,408.42,2026-08-31
2026-08-31,2026-08-31 20:00:00+00:00,2026-09-25,427.0,3.6,912703559,GLD   260925C00427000,0.06844626967830253,25,1.0454923852896527,0.0377773643340299,0.22979601416680964,34.12784843870644,408.42,2026-08-31
2026-08-31,2026-08-31 20:00:00+00:00,2026-09-25,428.0,3.43,912703660,GLD   260925C00428000,0.06844626967830253,25,1.0479408452083638,0.0377773643340299,0.2315112385568209,33.36135809952883,408.42,2026-08-31
2026-08-31,2026-08-31 20:00:00+00:00,2026-09-25,429.0,3.23,912703763,GLD   260925C00429000,0.06844626967830253,25,1.050389305127075,0.0377773643340299,0.23203939033886412,32.492887304141995,408.42,2026-08-31
2026-08-31,2026-08-31 20:00:00+00:00,2026-09-25,430.0,3.06,909096169,GLD   260925C00430000,0.06844626967830253,25,1.052837765045786,0.0377773643340299,0.23319435624321921,31.665453666289196,408.42,2026-08-31
2026-08-31,2026-08-31 20:00:00+00:00,2026-09-25,431.0,2.89,917782874,GLD   260925C00431000,0.06844626967830253,25,1.0552862249644972,0.0377773643340299,0.23406715567735956,30.80767035493409,408.42,2026-08-31
2026-08-31,2026-08-31 20:00:00+00:00,2026-09-25,432.0,2.71,917782949,GLD   260925C00432000,0.06844626967830253,25,1.0577346848832083,0.0377773643340299,0.23431215380700307,29.884694156975822,408.42,2026-08-31
2026-08-31,2026-08-31 20:00:00+00:00,2026-09-25,433.0,2.59,917783005,GLD   260925C00433000,0.06844626967830253,25,1.0601831448019194,0.0377773643340299,0.23629514205167068,29.130237275148488,408.42,2026-08-31
2026-08-31,2026-08-31 20:00:00+00:00,2026-09-25,434.0,2.43,917783086,GLD   260925C00434000,0.06844626967830253,25,1.0626316047206308,0.0377773643340299,0.23664428324531767,28.214123247377902,408.42,2026-08-31
2026-08-31,2026-08-31 20:00:00+00:00,2026-09-25,435.0,2.27,909096215,GLD   260925C00435000,0.06844626967830253,25,1.065080064639342,0.0377773643340299,0.2366783503437415,27.26207242552304,408.42,2026-08-31
2026-08-31,2026-08-31 20:00:00+00:00,2026-09-25,440.0,1.74,909096255,GLD   260925C00440000,0.06844626967830253,25,1.0773223642328975,0.0377773643340299,0.24315250065671284,23.320564546542684,408.42,2026-08-31
2026-08-31,2026-08-31 20:00:00+00:00,2026-09-25,445.0,1.33,909096293,GLD   260925C00445000,0.06844626967830253,25,1.0895646638264531,0.0377773643340299,0.24924648338500413,19.682797569233635,408.42,2026-08-31
2026-08-31,2026-08-31 20:00:00+00:00,2026-09-25,450.0,1.01,909096341,GLD   260925C00450000,0.06844626967830253,25,1.1018069634200087,0.0377773643340299,0.2547563150248491,16.392561876626793,408.42,2026-08-31
2026-08-31,2026-08-31 20:00:00+00:00,2026-09-25,455.0,0.77,909096389,GLD   260925C00455000,0.06844626967830253,25,1.1140492630135643,0.0377773643340299,0.26035436443118387,13.559170215598577,408.42,2026-08-31
2026-08-31,2026-08-31 20:00:00+00:00,2026-09-25,460.0,0.63,909096465,GLD   260925C00460000,0.06844626967830253,25,1.1262915626071202,0.0377773643340299,0.2695507441237569,11.57833366003623,408.42,2026-08-31
2026-08-31,2026-08-31 20:00:00+00:00,2026-09-25,465.0,0.51,909096528,GLD   260925C00465000,0.06844626967830253,25,1.1385338622006758,0.0377773643340299,0.27760518685420976,9.804060729055204,408.42,2026-08-31
2026-08-31,2026-08-31 20:00:00+00:00,2026-09-25,470.0,0.41,909096604,GLD   260925C00470000,0.06844626967830253,25,1.1507761617942314,0.0377773643340299,0.2848419493746944,8.246658026331039,408.42,2026-08-31
2026-08-31,2026-08-31 20:00:00+00:00,2026-09-25,475.0,0.34,909096663,GLD   260925C00475000,0.06844626967830253,25,1.163018461387787,0.0377773643340299,0.2931749683986419,7.053055400383145,408.42,2026-08-31
2026-08-31,2026-08-31 20:00:00+00:00,2026-09-25,480.0,0.29,909096739,GLD   260925C00480000,0.06844626967830253,25,1.1752607609813428,0.0377773643340299,0.30237772286674014,6.1335517000811866,408.42,2026-08-31
2026-08-31,2026-08-31 20:00:00+00:00,2026-09-25,485.0,0.25,909096785,GLD   260925C00485000,0.06844626967830253,25,1.1875030605748984,0.0377773643340299,0.3116034339771606,5.369545017875912,408.42,2026-08-31
2026-08-31,2026-08-31 20:00:00+00:00,2026-09-25,490.0,0.22,909096850,GLD   260925C00490000,0.06844626967830253,25,1.199745360168454,0.0377773643340299,0.32133052188111466,4.764791324801401,408.42,2026-08-31
2026-08-31,2026-08-31 20:00:00+00:00,2026-09-30,328.0,81.6,819193559,GLD   260930C00328000,0.08213552361396304,30,0.8030948533372508,0.0377773643340299,0.3481190701763145,3.479807276206309,408.42,2026-08-31
2026-08-31,2026-08-31 20:00:00+00:00,2026-09-30,329.0,80.68,819193584,GLD   260930C00329000,0.08213552361396304,30,0.805543313255962,0.0377773643340299,0.3630776509091258,4.531112903848285,408.42,2026-08-31
2026-08-31,2026-08-31 20:00:00+00:00,2026-09-30,330.0,79.68,819193614,GLD   260930C00330000,0.08213552361396304,30,0.8079917731746731,0.0377773643340299,0.3580242699603551,4.536492577332217,408.42,2026-08-31
2026-08-31,2026-08-31 20:00:00+00:00,2026-09-30,331.0,78.6,819193638,GLD   260930C00331000,0.08213552361396304,30,0.8104402330933842,0.0377773643340299,0.3329112818200141,3.4464951603471476,408.42,2026-08-31
2026-08-31,2026-08-31 20:00:00+00:00,2026-09-30,332.0,77.47,819193664,GLD   260930C00332000,0.08213552361396304,30,0.8128886930120953,0.0377773643340299,0.26255430458709605,0.846742179554051,408.42,2026-08-31
2026-08-31,2026-08-31 20:00:00+00:00,2026-09-30,333.0,76.5,819193691,GLD   260930C00333000,0.08213552361396304,30,0.8153371529308064,0.0377773643340299,0.2817587046761066,1.561112094030949,408.42,2026-08-31
2026-08-31,2026-08-31 20:00:00+00:00,2026-09-30,337.0,72.53,819193800,GLD   260930C00337000,0.08213552361396304,30,0.825130992605651,0.0377773643340299,0.2767069581657648,2.0384854544285216,408.42,2026-08-31
2026-08-31,2026-08-31 20:00:00+00:00,2026-09-30,338.0,71.55,819193834,GLD   260930C00338000,0.08213552361396304,30,0.8275794525243622,0.0377773643340299,0.2804992278426886,2.4205508494406205,408.42,2026-08-31
2026-08-31,2026-08-31 20:00:00+00:00,2026-09-30,341.0,68.53,819193920,GLD   260930C00341000,0.08213552361396304,30,0.8349248322804955,0.0377773643340299,0.25547596618123364,1.8405890954876107,408.42,2026-08-31
2026-08-31,2026-08-31 20:00:00+00:00,2026-09-30,342.0,67.65,819193950,GLD   260930C00342000,0.08213552361396304,30,0.8373732921992066,0.0377773643340299,0.29168806248456247,4.133585702013329,408.42,2026-08-31
2026-08-31,2026-08-31 20:00:00+00:00,2026-09-30,343.0,66.75,819193971,GLD   260930C00343000,0.08213552361396304,30,0.8398217521179178,0.0377773643340299,0.3074530220539309,5.5902566614379685,408.42,2026-08-31
2026-08-31,2026-08-31 20:00:00+00:00,2026-09-30,344.0,65.72,819193993,GLD   260930C00344000,0.08213552361396304,30,0.8422702120366289,0.0377773643340299,0.2970221151607111,5.19685735228835,408.42,2026-08-31
2026-08-31,2026-08-31 20:00:00+00:00,2026-09-30,345.0,64.53,819194020,GLD   260930C00345000,0.08213552361396304,30,0.84471867195534,0.0377773643340299,0.23385485097281633,1.599449005013074,408.42,2026-08-31
2026-08-31,2026-08-31 20:00:00+00:00,2026-09-30,346.0,63.55,819194050,GLD   260930C00346000,0.08213552361396304,30,0.8471671318740512,0.0377773643340299,0.23948965894598515,2.0722946322740645,408.42,2026-08-31
2026-08-31,2026-08-31 20:00:00+00:00,2026-09-30,347.0,62.73,819194073,GLD   260930C00347000,0.08213552361396304,30,0.8496155917927624,0.0377773643340299,0.2844062947007828,5.387587124144555,408.42,2026-08-31
2026-08-31,2026-08-31 20:00:00+00:00,2026-09-30,348.0,61.55,819194095,GLD   260930C00348000,0.08213552361396304,30,0.8520640517114735,0.0377773643340299,0.2291521851213649,1.9620497022254653,408.42,2026-08-31
2026-08-31,2026-08-31 20:00:00+00:00,2026-09-30,349.0,60.75,819194117,GLD   260930C00349000,0.08213552361396304,30,0.8545125116301846,0.0377773643340299,0.2783898569957354,5.7182533532609465,408.42,2026-08-31
2026-08-31,2026-08-31 20:00:00+00:00,2026-09-30,350.0,59.73,819194151,GLD   260930C00350000,0.08213552361396304,30,0.8569609715488957,0.0377773643340299,0.2700162098370493,5.4406132061078845,408.42,2026-08-31
2026-08-31,2026-08-31 20:00:00+00:00,2026-09-30,351.0,58.78,819194172,GLD   260930C00351000,0.08213552361396304,30,0.8594094314676068,0.0377773643340299,0.27382562016313894,6.201477027988241,408.42,2026-08-31
2026-08-31,2026-08-31 20:00:00+00:00,2026-09-30,352.0,57.83,819194202,GLD   260930C00352000,0.08213552361396304,30,0.861857891386318,0.0377773643340299,0.2766362489135006,6.9224280179682385,408.42,2026-08-31
2026-08-31,2026-08-31 20:00:00+00:00,2026-09-30,353.0,56.98,819194231,GLD   260930C00353000,0.08213552361396304,30,0.8643063513050291,0.0377773643340299,0.2908774136194029,8.780159687013972,408.42,2026-08-31
2026-08-31,2026-08-31 20:00:00+00:00,2026-09-30,354.0,55.75,819194259,GLD   260930C00354000,0.08213552361396304,30,0.8667548112237402,0.0377773643340299,0.25454165877783685,5.838059648393591,408.42,2026-08-31
2026-08-31,2026-08-31 20:00:00+00:00,2026-09-30,355.0,54.85,819194287,GLD   260930C00355000,0.08213552361396304,30,0.8692032711424513,0.0377773643340299,0.26498666095631196,7.326610049214778,408.42,2026-08-31
2026-08-31,2026-08-31 20:00:00+00:00,2026-09-30,356.0,53.6,819194310,GLD   260930C00356000,0.08213552361396304,30,0.8716517310611624,0.0377773643340299,0.21041836360432215,2.8867022027344147,408.42,2026-08-31
2026-08-31,2026-08-31 20:00:00+00:00,2026-09-30,357.0,53.05,819194340,GLD   260930C00357000,0.08213552361396304,30,0.8741001909798736,0.0377773643340299,0.2785520296087489,9.847384030322836,408.42,2026-08-31
2026-08-31,2026-08-31 20:00:00+00:00,2026-09-30,358.0,51.83,819194367,GLD   260930C00358000,0.08213552361396304,30,0.8765486508985848,0.0377773643340299,0.24788003232358025,7.196379304398832,408.42,2026-08-31
2026-08-31,2026-08-31 20:00:00+00:00,2026-09-30,359.0,51.13,819194397,GLD   260930C00359000,0.08213552361396304,30,0.8789971108172959,0.0377773643340299,0.2762768028416671,10.865636776593108,408.42,2026-08-31
2026-08-31,2026-08-31 20:00:00+00:00,2026-09-30,360.0,49.98,819194426,GLD   260930C00360000,0.08213552361396304,30,0.881445570736007,0.0377773643340299,0.2564588410855272,9.30983760181607,408.42,2026-08-31
2026-08-31,2026-08-31 20:00:00+00:00,2026-09-30,361.0,49.0,819194451,GLD   260930C00361000,0.08213552361396304,30,0.8838940306547182,0.0377773643340299,0.25368141797743743,9.636251340764868,408.42,2026-08-31
2026-08-31,2026-08-31 20:00:00+00:00,2026-09-30,362.0,47.83,819194479,GLD   260930C00362000,0.08213552361396304,30,0.8863424905734293,0.0377773643340299,0.22893808300020174,7.407202676253939,408.42,2026-08-31
2026-08-31,2026-08-31 20:00:00+00:00,2026-09-30,363.0,47.15,819194497,GLD   260930C00363000,0.08213552361396304,30,0.8887909504921404,0.0377773643340299,0.25797116694087163,11.51099748626537,408.42,2026-08-31
2026-08-31,2026-08-31 20:00:00+00:00,2026-09-30,364.0,46.05,819194531,GLD   260930C00364000,0.08213552361396304,30,0.8912394104108515,0.0377773643340299,0.24392804401954638,10.52183729406303,408.42,2026-08-31
2026-08-31,2026-08-31 20:00:00+00:00,2026-09-30,365.0,45.18,819194552,GLD   260930C00365000,0.08213552361396304,30,0.8936878703295627,0.0377773643340299,0.2504642238319852,12.069805704440464,408.42,2026-08-31
2026-08-31,2026-08-31 20:00:00+00:00,2026-09-30,366.0,44.2,819194570,GLD   260930C00366000,0.08213552361396304,30,0.8961363302482738,0.0377773643340299,0.24705835681967442,12.409226333492326,408.42,2026-08-31
2026-08-31,2026-08-31 20:00:00+00:00,2026-09-30,367.0,43.23,819194599,GLD   260930C00367000,0.08213552361396304,30,0.8985847901669849,0.0377773643340299,0.24437603847077122,12.855773792121347,408.42,2026-08-31
2026-08-31,2026-08-31 20:00:00+00:00,2026-09-30,368.0,42.23,819194626,GLD   260930C00368000,0.08213552361396304,30,0.901033250085696,0.0377773643340299,0.23930955873196946,13.003680374847685,408.42,2026-08-31
2026-08-31,2026-08-31 20:00:00+00:00,2026-09-30,369.0,41.25,819194646,GLD   260930C00369000,0.08213552361396304,30,0.9034817100044072,0.0377773643340299,0.23575521858772264,13.361830851642283,408.42,2026-08-31
2026-08-31,2026-08-31 20:00:00+00:00,2026-09-30,370.0,40.3,819194661,GLD   260930C00370000,0.08213552361396304,30,0.9059301699231184,0.0377773643340299,0.23430773011324924,14.02551284058706,408.42,2026-08-31
2026-08-31,2026-08-31 20:00:00+00:00,2026-09-30,371.0,39.45,819194683,GLD   260930C00371000,0.08213552361396304,30,0.9083786298418295,0.0377773643340299,0.23925476546417923,15.596410473565166,408.42,2026-08-31
2026-08-31,2026-08-31 20:00:00+00:00,2026-09-30,372.0,38.17,819194706,GLD   260930C00372000,0.08213552361396304,30,0.9108270897605406,0.0377773643340299,0.21457076386148116,12.981729210542005,408.42,2026-08-31
2026-08-31,2026-08-31 20:00:00+00:00,2026-09-30,373.0,37.25,819194724,GLD   260930C00373000,0.08213552361396304,30,0.9132755496792517,0.0377773643340299,0.21545962828872728,14.041552287099229,408.42,2026-08-31
2026-08-31,2026-08-31 20:00:00+00:00,2026-09-30,374.0,36.28,819194746,GLD   260930C00374000,0.08213552361396304,30,0.9157240095979629,0.0377773643340299,0.21247475722618403,14.548540088133594,408.42,2026-08-31
2026-08-31,2026-08-31 20:00:00+00:00,2026-09-30,375.0,35.45,819194762,GLD   260930C00375000,0.08213552361396304,30,0.918172469516674,0.0377773643340299,0.21827995191318916,16.426016705444976,408.42,2026-08-31
2026-08-31,2026-08-31 20:00:00+00:00,2026-09-30,376.0,34.47,819194779,GLD   260930C00376000,0.08213552361396304,30,0.9206209294353851,0.0377773643340299,0.21422690781774,16.83704823543174,408.42,2026-08-31
2026-08-31,2026-08-31 20:00:00+00:00,2026-09-30,377.0,33.55,819194797,GLD   260930C00377000,0.08213552361396304,30,0.9230693893540962,0.0377773643340299,0.21354863915229216,17.789437983433906,408.42,2026-08-31
2026-08-31,2026-08-31 20:00:00+00:00,2026-09-30,378.0,32.83,819194817,GLD   260930C00378000,0.08213552361396304,30,0.9255178492728073,0.0377773643340299,0.22282200508574024,20.25237316994521,408.42,2026-08-31
2026-08-31,2026-08-31 20:00:00+00:00,2026-09-30,379.0,31.73,819194837,GLD   260930C00379000,0.08213552361396304,30,0.9279663091915185,0.0377773643340299,0.2123132178998552,19.797087309589227,408.42,2026-08-31
2026-08-31,2026-08-31 20:00:00+00:00,2026-09-30,380.0,30.98,819194854,GLD   260930C00380000,0.08213552361396304,30,0.9304147691102296,0.0377773643340299,0.2187317647106014,21.87834241661803,408.42,2026-08-31
2026-08-31,2026-08-31 20:00:00+00:00,2026-09-30,381.0,29.98,819194871,GLD   260930C00381000,0.08213552361396304,30,0.9328632290289408,0.0377773643340299,0.2130592016753741,22.199808528373385,408.42,2026-08-31
2026-08-31,2026-08-31 20:00:00+00:00,2026-09-30,382.0,29.15,819194895,GLD   260930C00382000,0.08213552361396304,30,0.9353116889476519,0.0377773643340299,0.2147407082059421,23.61186461308921,408.42,2026-08-31
2026-08-31,2026-08-31 20:00:00+00:00,2026-09-30,383.0,28.28,819194914,GLD   260930C00383000,0.08213552361396304,30,0.937760148866363,0.0377773643340299,0.21427064185114578,24.725320153652806,408.42,2026-08-31
2026-08-31,2026-08-31 20:00:00+00:00,2026-09-30,384.0,27.43,819194931,GLD   260930C00384000,0.08213552361396304,30,0.9402086087850742,0.0377773643340299,0.21424515206208455,25.911284412433584,408.42,2026-08-31
2026-08-31,2026-08-31 20:00:00+00:00,2026-09-30,385.0,26.58,819194945,GLD   260930C00385000,0.08213552361396304,30,0.9426570687037853,0.0377773643340299,0.21385313829118385,27.05509272775511,408.42,2026-08-31
2026-08-31,2026-08-31 20:00:00+00:00,2026-09-30,386.0,25.78,819194960,GLD   260930C00386000,0.08213552361396304,30,0.9451055286224964,0.0377773643340299,0.2148935258707963,28.382043361051686,408.42,2026-08-31
2026-08-31,2026-08-31 20:00:00+00:00,2026-09-30,387.0,24.88,819194982,GLD   260930C00387000,0.08213552361396304,30,0.9475539885412075,0.0377773643340299,0.2120853138541803,29.23605317711769,408.42,2026-08-31
2026-08-31,2026-08-31 20:00:00+00:00,2026-09-30,388.0,24.15,819195005,GLD   260930C00388000,0.08213552361396304,30,0.9500024484599187,0.0377773643340299,0.21468750281138343,30.729577045754816,408.42,2026-08-31
2026-08-31,2026-08-31 20:00:00+00:00,2026-09-30,389.0,23.33,897212423,GLD   260930C00389000,0.08213552361396304,30,0.9524509083786298,0.0377773643340299,0.2138999363145791,31.817243368091912,408.42,2026-08-31
2026-08-31,2026-08-31 20:00:00+00:00,2026-09-30,390.0,22.48,819195021,GLD   260930C00390000,0.08213552361396304,30,0.9548993682973409,0.0377773643340299,0.21188833841262383,32.77510110960924,408.42,2026-08-31
2026-08-31,2026-08-31 20:00:00+00:00,2026-09-30,391.0,21.78,897212438,GLD   260930C00391000,0.08213552361396304,30,0.957347828216052,0.0377773643340299,0.21405793202938514,34.131311187848645,408.42,2026-08-31
2026-08-31,2026-08-31 20:00:00+00:00,2026-09-30,392.0,20.98,897212458,GLD   260930C00392000,0.08213552361396304,30,0.9597962881347631,0.0377773643340299,0.21288300828142093,35.14404491578978,408.42,2026-08-31
2026-08-31,2026-08-31 20:00:00+00:00,2026-09-30,393.0,20.15,897212475,GLD   260930C00393000,0.08213552361396304,30,0.9622447480534744,0.0377773643340299,0.21058346982477238,36.052466483163876,408.42,2026-08-31
2026-08-31,2026-08-31 20:00:00+00:00,2026-09-30,394.0,19.5,897212489,GLD   260930C00394000,0.08213552361396304,30,0.9646932079721855,0.0377773643340299,0.21289238651217895,37.295854258690575,408.42,2026-08-31
2026-08-31,2026-08-31 20:00:00+00:00,2026-09-30,395.0,18.75,819195045,GLD   260930C00395000,0.08213552361396304,30,0.9671416678908966,0.0377773643340299,0.21210156045155604,38.265210716746495,408.42,2026-08-31
2026-08-31,2026-08-31 20:00:00+00:00,2026-09-30,396.0,18.08,897212509,GLD   260930C00396000,0.08213552361396304,30,0.9695901278096077,0.0377773643340299,0.2130296514010988,39.302192656457336,408.42,2026-08-31
2026-08-31,2026-08-31 20:00:00+00:00,2026-09-30,397.0,17.25,897212528,GLD   260930C00397000,0.08213552361396304,30,0.9720385877283189,0.0377773643340299,0.20957267908463256,40.05610482040473,408.42,2026-08-31
2026-08-31,2026-08-31 20:00:00+00:00,2026-09-30,398.0,16.67,897212544,GLD   260930C00398000,0.08213552361396304,30,0.97448704764703,0.0377773643340299,0.21200391788911074,41.06847327890903,408.42,2026-08-31
2026-08-31,2026-08-31 20:00:00+00:00,2026-09-30,399.0,15.98,897212561,GLD   260930C00399000,0.08213552361396304,30,0.9769355075657411,0.0377773643340299,0.2113510412258096,41.87698891574746,408.42,2026-08-31
2026-08-31,2026-08-31 20:00:00+00:00,2026-09-30,400.0,15.33,819195067,GLD   260930C00400000,0.08213552361396304,30,0.9793839674844522,0.0377773643340299,0.21130523038459942,42.65470162364129,408.42,2026-08-31
2026-08-31,2026-08-31 20:00:00+00:00,2026-09-30,401.0,14.65,897212574,GLD   260930C00401000,0.08213552361396304,30,0.9818324274031633,0.0377773643340299,0.21021485972208898,43.34470359596767,408.42,2026-08-31
2026-08-31,2026-08-31 20:00:00+00:00,2026-09-30,402.0,14.1,897212598,GLD   260930C00402000,0.08213552361396304,30,0.9842808873218745,0.0377773643340299,0.21175733188623563,44.03553990144972,408.42,2026-08-31
2026-08-31,2026-08-31 20:00:00+00:00,2026-09-30,403.0,13.43,897212612,GLD   260930C00403000,0.08213552361396304,30,0.9867293472405856,0.0377773643340299,0.21021555820005017,44.59613815966576,408.42,2026-08-31
2026-08-31,2026-08-31 20:00:00+00:00,2026-09-30,404.0,12.9,897212629,GLD   260930C00404000,0.08213552361396304,30,0.9891778071592968,0.0377773643340299,0.21146164288269353,45.132022927806254,408.42,2026-08-31
2026-08-31,2026-08-31 20:00:00+00:00,2026-09-30,405.0,12.38,819195090,GLD   260930C00405000,0.08213552361396304,30,0.9916262670780079,0.0377773643340299,0.21255121262380855,45.585454159159205,408.42,2026-08-31
2026-08-31,2026-08-31 20:00:00+00:00,2026-09-30,406.0,11.88,897212646,GLD   260930C00406000,0.08213552361396304,30,0.9940747269967191,0.0377773643340299,0.21371021107425914,45.959798414512065,408.42,2026-08-31
2026-08-31,2026-08-31 20:00:00+00:00,2026-09-30,407.0,11.33,897212663,GLD   260930C00407000,0.08213552361396304,30,0.9965231869154302,0.0377773643340299,0.21342819361267612,46.25217265494844,408.42,2026-08-31
2026-08-31,2026-08-31 20:00:00+00:00,2026-09-30,408.0,10.83,897212678,GLD   260930C00408000,0.08213552361396304,30,0.9989716468341413,0.0377773643340299,0.213882511617709,46.47236909887049,408.42,2026-08-31
2026-08-31,2026-08-31 20:00:00+00:00,2026-09-30,409.0,10.33,897212696,GLD   260930C00409000,0.08213552361396304,30,1.0014201067528523,0.0377773643340299,0.2139924241096713,46.61751243806887,408.42,2026-08-31
2026-08-31,2026-08-31 20:00:00+00:00,2026-09-30,410.0,9.82,819195101,GLD   260930C00410000,0.08213552361396304,30,1.0038685666715637,0.0377773643340299,0.21354808968296274,46.68856905851934,408.42,2026-08-31
2026-08-31,2026-08-31 20:00:00+00:00,2026-09-30,411.0,9.4,912704594,GLD   260930C00411000,0.08213552361396304,30,1.0063170265902748,0.0377773643340299,0.21469305338291453,46.6858689269976,408.42,2026-08-31
2026-08-31,2026-08-31 20:00:00+00:00,2026-09-30,412.0,8.98,912704691,GLD   260930C00412000,0.08213552361396304,30,1.008765486508986,0.0377773643340299,0.21550370690459392,46.61181468235112,408.42,2026-08-31
2026-08-31,2026-08-31 20:00:00+00:00,2026-09-30,413.0,8.55,912704760,GLD   260930C00413000,0.08213552361396304,30,1.011213946427697,0.0377773643340299,0.21576915646893902,46.466937561707034,408.42,2026-08-31
2026-08-31,2026-08-31 20:00:00+00:00,2026-09-30,414.0,8.15,912704840,GLD   260930C00414000,0.08213552361396304,30,1.0136624063464081,0.0377773643340299,0.21635296763144435,46.2550137771407,408.42,2026-08-31
2026-08-31,2026-08-31 20:00:00+00:00,2026-09-30,415.0,7.75,819195125,GLD   260930C00415000,0.08213552361396304,30,1.0161108662651193,0.0377773643340299,0.21661275952430445,45.975176000452564,408.42,2026-08-31
2026-08-31,2026-08-31 20:00:00+00:00,2026-09-30,416.0,7.45,912704917,GLD   260930C00416000,0.08213552361396304,30,1.0185593261838304,0.0377773643340299,0.21873835834255445,45.65380888312995,408.42,2026-08-31
2026-08-31,2026-08-31 20:00:00+00:00,2026-09-30,417.0,7.03,912704987,GLD   260930C00417000,0.08213552361396304,30,1.0210077861025415,0.0377773643340299,0.2179219679885544,45.23720238722591,408.42,2026-08-31
2026-08-31,2026-08-31 20:00:00+00:00,2026-09-30,418.0,6.75,912705058,GLD   260930C00418000,0.08213552361396304,30,1.0234562460212526,0.0377773643340299,0.21989116362174976,44.810115132107434,408.42,2026-08-31
2026-08-31,2026-08-31 20:00:00+00:00,2026-09-30,419.0,6.4,912705126,GLD   260930C00419000,0.08213552361396304,30,1.0259047059399637,0.0377773643340299,0.22000210054805508,44.29582207649468,408.42,2026-08-31
2026-08-31,2026-08-31 20:00:00+00:00,2026-09-30,420.0,6.1,819195147,GLD   260930C00420000,0.08213552361396304,30,1.0283531658586749,0.0377773643340299,0.22093970942394808,43.75240277103749,408.42,2026-08-31
2026-08-31,2026-08-31 20:00:00+00:00,2026-09-30,421.0,5.8,912705201,GLD   260930C00421000,0.08213552361396304,30,1.030801625777386,0.0377773643340299,0.2215858434466645,43.156070784581104,408.42,2026-08-31
2026-08-31,2026-08-31 20:00:00+00:00,2026-09-30,422.0,5.53,912705269,GLD   260930C00422000,0.08213552361396304,30,1.033250085696097,0.0377773643340299,0.22264196540648118,42.53443333293382,408.42,2026-08-31
2026-08-31,2026-08-31 20:00:00+00:00,2026-09-30,423.0,5.23,912705324,GLD   260930C00423000,0.08213552361396304,30,1.0356985456148082,0.0377773643340299,0.22270263985870403,41.83219317454288,408.42,2026-08-31
2026-08-31,2026-08-31 20:00:00+00:00,2026-09-30,424.0,4.98,912705411,GLD   260930C00424000,0.08213552361396304,30,1.0381470055335194,0.0377773643340299,0.22367077687801792,41.13563068353669,408.42,2026-08-31
2026-08-31,2026-08-31 20:00:00+00:00,2026-09-30,425.0,4.73,819195171,GLD   260930C00425000,0.08213552361396304,30,1.0405954654522305,0.0377773643340299,0.22436594405360516,40.39491727819562,408.42,2026-08-31
2026-08-31,2026-08-31 20:00:00+00:00,2026-09-30,426.0,4.48,912705456,GLD   260930C00426000,0.08213552361396304,30,1.0430439253709416,0.0377773643340299,0.22478200874896717,39.60819646879577,408.42,2026-08-31
2026-08-31,2026-08-31 20:00:00+00:00,2026-09-30,427.0,4.28,912705537,GLD   260930C00427000,0.08213552361396304,30,1.0454923852896527,0.0377773643340299,0.22619879213226962,38.86365855032357,408.42,2026-08-31
2026-08-31,2026-08-31 20:00:00+00:00,2026-09-30,428.0,4.03,912705615,GLD   260930C00428000,0.08213552361396304,30,1.0479408452083638,0.0377773643340299,0.2260595156268217,37.9877225480623,408.42,2026-08-31
2026-08-31,2026-08-31 20:00:00+00:00,2026-09-30,429.0,3.83,912705670,GLD   260930C00429000,0.08213552361396304,30,1.050389305127075,0.0377773643340299,0.22695954638840637,37.16868364994249,408.42,2026-08-31
2026-08-31,2026-08-31 20:00:00+00:00,2026-09-30,430.0,3.63,819195191,GLD   260930C00430000,0.08213552361396304,30,1.052837765045786,0.0377773643340299,0.2276040739118122,36.31408207007676,408.42,2026-08-31
2026-08-31,2026-08-31 20:00:00+00:00,2026-09-30,435.0,2.81,819195215,GLD   260930C00435000,0.08213552361396304,30,1.065080064639342,0.0377773643340299,0.23227872614050282,32.06024465932181,408.42,2026-08-31
2026-08-31,2026-08-31 20:00:00+00:00,2026-09-30,440.0,2.14,819195239,GLD   260930C00440000,0.08213552361396304,30,1.0773223642328975,0.0377773643340299,0.23587092379024255,27.697702807596507,408.42,2026-08-31
2026-08-31,2026-08-31 20:00:00+00:00,2026-09-30,445.0,1.66,819195260,GLD   260930C00445000,0.08213552361396304,30,1.0895646638264531,0.0377773643340299,0.2410459842563607,23.766502442082125,408.42,2026-08-31
2026-08-31,2026-08-31 20:00:00+00:00,2026-09-30,450.0,1.29,819195282,GLD   260930C00450000,0.08213552361396304,30,1.1018069634200087,0.0377773643340299,0.24625515838610013,20.202773962421006,408.42,2026-08-31
2026-08-31,2026-08-31 20:00:00+00:00,2026-09-30,455.0,1.02,821007666,GLD   260930C00455000,0.08213552361396304,30,1.1140492630135643,0.0377773643340299,0.2523543424469419,17.17758645419492,408.42,2026-08-31
2026-08-31,2026-08-31 20:00:00+00:00,2026-09-30,460.0,0.84,821007725,GLD   260930C00460000,0.08213552361396304,30,1.1262915626071202,0.0377773643340299,0.26044614443527536,14.833396232097485,408.42,2026-08-31
2026-08-31,2026-08-31 20:00:00+00:00,2026-09-30,465.0,0.68,821007756,GLD   260930C00465000,0.08213552361396304,30,1.1385338622006758,0.0377773643340299,0.267110066553764,12.653387516785251,408.42,2026-08-31
2026-08-31,2026-08-31 20:00:00+00:00,2026-09-30,470.0,0.55,821007815,GLD   260930C00470000,0.08213552361396304,30,1.1507761617942314,0.0377773643340299,0.27336950474148625,10.753194000049993,408.42,2026-08-31
2026-08-31,2026-08-31 20:00:00+00:00,2026-09-30,475.0,0.49,822000539,GLD   260930C00475000,0.08213552361396304,30,1.163018461387787,0.0377773643340299,0.28412266608336945,9.649415170447245,408.42,2026-08-31
2026-08-31,2026-08-31 20:00:00+00:00,2026-09-30,480.0,0.4,823330597,GLD   260930C00480000,0.08213552361396304,30,1.1752607609813428,0.0377773643340299,0.29001122178677474,8.217556541269303,408.42,2026-08-31
2026-08-31,2026-08-31 20:00:00+00:00,2026-09-30,485.0,0.34,823330703,GLD   260930C00485000,0.08213552361396304,30,1.1875030605748984,0.0377773643340299,0.2975243440973573,7.1622318656342605,408.42,2026-08-31
2026-08-31,2026-08-31 20:00:00+00:00,2026-09-30,490.0,0.3,823330783,GLD   260930C00490000,0.08213552361396304,30,1.199745360168454,0.0377773643340299,0.306406730007287,6.388623864473048,408.42,2026-08-31
2026-08-31,2026-08-31 20:00:00+00:00,2026-10-02,335.0,74.55,910965099,GLD   261002C00335000,0.08761122518822724,32,0.8202340727682288,0.0377872501753083,0.24594522508867084,0.9461959185861788,408.42,2026-08-31
2026-08-31,2026-08-31 20:00:00+00:00,2026-10-02,340.0,69.72,910965140,GLD   261002C00340000,0.08761122518822724,32,0.8324763723617844,0.0377872501753083,0.29206551531823344,4.26563387391318,408.42,2026-08-31
2026-08-31,2026-08-31 20:00:00+00:00,2026-10-02,345.0,64.7,910965219,GLD   261002C00345000,0.08761122518822724,32,0.84471867195534,0.0377872501753083,0.2633559943082743,3.8691888918307886,408.42,2026-08-31
2026-08-31,2026-08-31 20:00:00+00:00,2026-10-02,346.0,63.83,910965269,GLD   261002C00346000,0.08761122518822724,32,0.8471671318740512,0.0377872501753083,0.2852773758791387,5.951395561456632,408.42,2026-08-31
2026-08-31,2026-08-31 20:00:00+00:00,2026-10-02,347.0,62.83,910965322,GLD   261002C00347000,0.08761122518822724,32,0.8496155917927624,0.0377872501753083,0.280553983858321,5.9724044205321,408.42,2026-08-31
2026-08-31,2026-08-31 20:00:00+00:00,2026-10-02,348.0,62.13,910965385,GLD   261002C00348000,0.08761122518822724,32,0.8520640517114735,0.0377872501753083,0.314611443286296,9.52215187356033,408.42,2026-08-31
2026-08-31,2026-08-31 20:00:00+00:00,2026-10-02,349.0,60.88,910965447,GLD   261002C00349000,0.08761122518822724,32,0.8545125116301846,0.0377872501753083,0.27900010322080926,6.721738837558631,408.42,2026-08-31
2026-08-31,2026-08-31 20:00:00+00:00,2026-10-02,350.0,59.88,910965504,GLD   261002C00350000,0.08761122518822724,32,0.8569609715488957,0.0377872501753083,0.2742824899409897,6.755238759352168,408.42,2026-08-31
2026-08-31,2026-08-31 20:00:00+00:00,2026-10-02,351.0,59.18,910965561,GLD   261002C00351000,0.08761122518822724,32,0.8594094314676068,0.0377872501753083,0.3048696826886386,10.234271861977328,408.42,2026-08-31
2026-08-31,2026-08-31 20:00:00+00:00,2026-10-02,352.0,57.93,910965603,GLD   261002C00352000,0.08761122518822724,32,0.861857891386318,0.0377872501753083,0.27186409847447657,7.506113273041064,408.42,2026-08-31
2026-08-31,2026-08-31 20:00:00+00:00,2026-10-02,353.0,56.83,910965660,GLD   261002C00353000,0.08761122518822724,32,0.8643063513050291,0.0377872501753083,0.25249228718774397,6.107774217227572,408.42,2026-08-31
2026-08-31,2026-08-31 20:00:00+00:00,2026-10-02,354.0,56.2,910965702,GLD   261002C00354000,0.08761122518822724,32,0.8667548112237402,0.0377872501753083,0.2919836211055518,10.68528293280461,408.42,2026-08-31
2026-08-31,2026-08-31 20:00:00+00:00,2026-10-02,355.0,54.98,910965762,GLD   261002C00355000,0.08761122518822724,32,0.8692032711424513,0.0377872501753083,0.2640054623991252,8.310914162376296,408.42,2026-08-31
2026-08-31,2026-08-31 20:00:00+00:00,2026-10-02,356.0,53.98,910965830,GLD   261002C00356000,0.08761122518822724,32,0.8716517310611624,0.0377872501753083,0.2592771717195399,8.371342624692181,408.42,2026-08-31
2026-08-31,2026-08-31 20:00:00+00:00,2026-10-02,357.0,52.93,910965888,GLD   261002C00357000,0.08761122518822724,32,0.8741001909798736,0.0377872501753083,0.24838065476091578,7.751723469067251,408.42,2026-08-31
2026-08-31,2026-08-31 20:00:00+00:00,2026-10-02,358.0,51.95,910965939,GLD   261002C00358000,0.08761122518822724,32,0.8765486508985848,0.0377872501753083,0.24623489321218806,8.08822309607337,408.42,2026-08-31
2026-08-31,2026-08-31 20:00:00+00:00,2026-10-02,359.0,51.38,910966002,GLD   261002C00359000,0.08761122518822724,32,0.8789971108172959,0.0377872501753083,0.2824174485542812,12.89456454648552,408.42,2026-08-31
2026-08-31,2026-08-31 20:00:00+00:00,2026-10-02,360.0,50.4,910966059,GLD   261002C00360000,0.08761122518822724,32,0.881445570736007,0.0377872501753083,0.2789211007068866,13.197790673008056,408.42,2026-08-31
2026-08-31,2026-08-31 20:00:00+00:00,2026-10-02,361.0,49.15,910966105,GLD   261002C00361000,0.08761122518822724,32,0.8838940306547182,0.0377872501753083,0.2532034774477594,10.829213625929023,408.42,2026-08-31
2026-08-31,2026-08-31 20:00:00+00:00,2026-10-02,362.0,48.43,910966148,GLD   261002C00362000,0.08761122518822724,32,0.8863424905734293,0.0377872501753083,0.27107189874053006,13.730934072938862,408.42,2026-08-31
2026-08-31,2026-08-31 20:00:00+00:00,2026-10-02,363.0,47.25,910966200,GLD   261002C00363000,0.08761122518822724,32,0.8887909504921404,0.0377872501753083,0.25219463313287116,12.139528636690724,408.42,2026-08-31
2026-08-31,2026-08-31 20:00:00+00:00,2026-10-02,364.0,46.18,910966247,GLD   261002C00364000,0.08761122518822724,32,0.8912394104108515,0.0377872501753083,0.24140891340496023,11.496543305230256,408.42,2026-08-31
2026-08-31,2026-08-31 20:00:00+00:00,2026-10-02,365.0,45.3,910966289,GLD   261002C00365000,0.08761122518822724,32,0.8936878703295627,0.0377872501753083,0.2463636552960612,12.916540938017054,408.42,2026-08-31
2026-08-31,2026-08-31 20:00:00+00:00,2026-10-02,366.0,44.35,910966340,GLD   261002C00366000,0.08761122518822724,32,0.8961363302482738,0.0377872501753083,0.2451959491536953,13.561786440121741,408.42,2026-08-31
2026-08-31,2026-08-31 20:00:00+00:00,2026-10-02,367.0,43.43,910966391,GLD   261002C00367000,0.08761122518822724,32,0.8985847901669849,0.0377872501753083,0.24590897408248857,14.484977989221735,408.42,2026-08-31
2026-08-31,2026-08-31 20:00:00+00:00,2026-10-02,368.0,42.35,910966452,GLD   261002C00368000,0.08761122518822724,32,0.901033250085696,0.0377872501753083,0.23527839096626268,13.86857881699228,408.42,2026-08-31
2026-08-31,2026-08-31 20:00:00+00:00,2026-10-02,369.0,41.4,910966500,GLD   261002C00369000,0.08761122518822724,32,0.9034817100044072,0.0377872501753083,0.23382647879803553,14.531045791968733,408.42,2026-08-31
2026-08-31,2026-08-31 20:00:00+00:00,2026-10-02,370.0,40.5,910966554,GLD   261002C00370000,0.08761122518822724,32,0.9059301699231184,0.0377872501753083,0.23542240780880674,15.65496180677561,408.42,2026-08-31
2026-08-31,2026-08-31 20:00:00+00:00,2026-10-02,371.0,39.7,910966602,GLD   261002C00371000,0.08761122518822724,32,0.9083786298418295,0.0377872501753083,0.24232552137682217,17.553435564188778,408.42,2026-08-31
2026-08-31,2026-08-31 20:00:00+00:00,2026-10-02,372.0,38.75,910966662,GLD   261002C00372000,0.08761122518822724,32,0.9108270897605406,0.0377872501753083,0.23989447348965331,18.163194410968682,408.42,2026-08-31
2026-08-31,2026-08-31 20:00:00+00:00,2026-10-02,373.0,37.85,910966714,GLD   261002C00373000,0.08761122518822724,32,0.9132755496792517,0.0377872501753083,0.23997251676050949,19.145903101653904,408.42,2026-08-31
2026-08-31,2026-08-31 20:00:00+00:00,2026-10-02,374.0,36.9,910966767,GLD   261002C00374000,0.08761122518822724,32,0.9157240095979629,0.0377872501753083,0.23720859290314839,19.751805999937535,408.42,2026-08-31
2026-08-31,2026-08-31 20:00:00+00:00,2026-10-02,375.0,36.0,910966832,GLD   261002C00375000,0.08761122518822724,32,0.918172469516674,0.0377872501753083,0.2367660326104612,20.704596314348258,408.42,2026-08-31
2026-08-31,2026-08-31 20:00:00+00:00,2026-10-02,376.0,35.1,910966895,GLD   261002C00376000,0.08761122518822724,32,0.9206209294353851,0.0377872501753083,0.23603631405839698,21.63669136571903,408.42,2026-08-31
2026-08-31,2026-08-31 20:00:00+00:00,2026-10-02,377.0,34.23,910966950,GLD   261002C00377000,0.08761122518822724,32,0.9230693893540962,0.0377872501753083,0.23636780238570648,22.732503290786347,408.42,2026-08-31
2026-08-31,2026-08-31 20:00:00+00:00,2026-10-02,378.0,33.25,910967006,GLD   261002C00378000,0.08761122518822724,32,0.9255178492728073,0.0377872501753083,0.23165926000634213,23.155119357042885,408.42,2026-08-31
2026-08-31,2026-08-31 20:00:00+00:00,2026-10-02,379.0,32.35,910967062,GLD   261002C00379000,0.08761122518822724,32,0.9279663091915185,0.0377872501753083,0.23027233422761778,24.054555089111503,408.42,2026-08-31
2026-08-31,2026-08-31 20:00:00+00:00,2026-10-02,380.0,31.5,910967116,GLD   261002C00380000,0.08761122518822724,32,0.9304147691102296,0.0377872501753083,0.23065822001853958,25.2095439924549,408.42,2026-08-31
2026-08-31,2026-08-31 20:00:00+00:00,2026-10-02,381.0,30.6,910967168,GLD   261002C00381000,0.08761122518822724,32,0.9328632290289408,0.0377872501753083,0.22877457396602258,26.073926749332166,408.42,2026-08-31
2026-08-31,2026-08-31 20:00:00+00:00,2026-10-02,382.0,29.75,910967228,GLD   261002C00382000,0.08761122518822724,32,0.9353116889476519,0.0377872501753083,0.22854612510753797,27.16812206489486,408.42,2026-08-31
2026-08-31,2026-08-31 20:00:00+00:00,2026-10-02,383.0,28.88,910967282,GLD   261002C00383000,0.08761122518822724,32,0.937760148866363,0.0377872501753083,0.2272968833045103,28.140481711330583,408.42,2026-08-31
2026-08-31,2026-08-31 20:00:00+00:00,2026-10-02,384.0,28.05,910967337,GLD   261002C00384000,0.08761122518822724,32,0.9402086087850742,0.0377872501753083,0.2271782351815142,29.259447761196018,408.42,2026-08-31
2026-08-31,2026-08-31 20:00:00+00:00,2026-10-02,385.0,27.2,910967394,GLD   261002C00385000,0.08761122518822724,32,0.9426570687037853,0.0377872501753083,0.2260799670615234,30.263382192774422,408.42,2026-08-31
2026-08-31,2026-08-31 20:00:00+00:00,2026-10-02,386.0,26.35,910967457,GLD   261002C00386000,0.08761122518822724,32,0.9451055286224964,0.0377872501753083,0.2247271083812229,31.24314385481793,408.42,2026-08-31
2026-08-31,2026-08-31 20:00:00+00:00,2026-10-02,387.0,25.53,910967525,GLD   261002C00387000,0.08761122518822724,32,0.9475539885412075,0.0377872501753083,0.2240626882054843,32.300949565094406,408.42,2026-08-31
2026-08-31,2026-08-31 20:00:00+00:00,2026-10-02,388.0,24.7,910967582,GLD   261002C00388000,0.08761122518822724,32,0.9500024484599187,0.0377872501753083,0.22281199356829745,33.293771706660316,408.42,2026-08-31
2026-08-31,2026-08-31 20:00:00+00:00,2026-10-02,389.0,23.93,910967630,GLD   261002C00389000,0.08761122518822724,32,0.9524509083786298,0.0377872501753083,0.22305481244670228,34.42849225072582,408.42,2026-08-31
2026-08-31,2026-08-31 20:00:00+00:00,2026-10-02,390.0,23.13,910569075,GLD   261002C00390000,0.08761122518822724,32,0.9548993682973409,0.0377872501753083,0.22210898015694697,35.43377478643409,408.42,2026-08-31
2026-08-31,2026-08-31 20:00:00+00:00,2026-10-02,391.0,22.38,910569141,GLD   261002C00391000,0.08761122518822724,32,0.957347828216052,0.0377872501753083,0.22225985139654947,36.51914841108294,408.42,2026-08-31
2026-08-31,2026-08-31 20:00:00+00:00,2026-10-02,392.0,21.63,910569204,GLD   261002C00392000,0.08761122518822724,32,0.9597962881347631,0.0377872501753083,0.2220756115364842,37.54960877684319,408.42,2026-08-31
2026-08-31,2026-08-31 20:00:00+00:00,2026-10-02,393.0,20.85,910569261,GLD   261002C00393000,0.08761122518822724,32,0.9622447480534744,0.0377872501753083,0.22079612098122015,38.47429261842398,408.42,2026-08-31
2026-08-31,2026-08-31 20:00:00+00:00,2026-10-02,394.0,20.13,910569335,GLD   261002C00394000,0.08761122518822724,32,0.9646932079721855,0.0377872501753083,0.22077439366010945,39.46201284086854,408.42,2026-08-31
2026-08-31,2026-08-31 20:00:00+00:00,2026-10-02,395.0,19.43,910569393,GLD   261002C00395000,0.08761122518822724,32,0.9671416678908966,0.0377872501753083,0.22092341160485518,40.42175415983869,408.42,2026-08-31
2026-08-31,2026-08-31 20:00:00+00:00,2026-10-02,396.0,18.7,910569454,GLD   261002C00396000,0.08761122518822724,32,0.9695901278096077,0.0377872501753083,0.22001552063794808,41.2838675589073,408.42,2026-08-31
2026-08-31,2026-08-31 20:00:00+00:00,2026-10-02,397.0,18.0,910569507,GLD   261002C00397000,0.08761122518822724,32,0.9720385877283189,0.0377872501753083,0.21953308656672016,42.131633046609224,408.42,2026-08-31
2026-08-31,2026-08-31 20:00:00+00:00,2026-10-02,398.0,17.35,910569566,GLD   261002C00398000,0.08761122518822724,32,0.97448704764703,0.0377872501753083,0.21990996664846318,42.97074237445329,408.42,2026-08-31
2026-08-31,2026-08-31 20:00:00+00:00,2026-10-02,399.0,16.7,910569624,GLD   261002C00399000,0.08761122518822724,32,0.9769355075657411,0.0377872501753083,0.2199512047872879,43.742920691564976,408.42,2026-08-31
2026-08-31,2026-08-31 20:00:00+00:00,2026-10-02,400.0,16.08,910569686,GLD   261002C00400000,0.08761122518822724,32,0.9793839674844522,0.0377872501753083,0.2203451044486836,44.47031003011227,408.42,2026-08-31
2026-08-31,2026-08-31 20:00:00+00:00,2026-10-02,401.0,15.45,910569745,GLD   261002C00401000,0.08761122518822724,32,0.9818324274031633,0.0377872501753083,0.22018637766027827,45.1247066203727,408.42,2026-08-31
2026-08-31,2026-08-31 20:00:00+00:00,2026-10-02,402.0,14.85,910569803,GLD   261002C00402000,0.08761122518822724,32,0.9842808873218745,0.0377872501753083,0.22037000285973773,45.72788327888677,408.42,2026-08-31
2026-08-31,2026-08-31 20:00:00+00:00,2026-10-02,403.0,14.2,910569853,GLD   261002C00403000,0.08761122518822724,32,0.9867293472405856,0.0377872501753083,0.2191514382087626,46.249558622006305,408.42,2026-08-31
2026-08-31,2026-08-31 20:00:00+00:00,2026-10-02,404.0,13.63,910569929,GLD   261002C00404000,0.08761122518822724,32,0.9891778071592968,0.0377872501753083,0.21935389437405392,46.731709186263096,408.42,2026-08-31
2026-08-31,2026-08-31 20:00:00+00:00,2026-10-02,405.0,13.05,910569983,GLD   261002C00405000,0.08761122518822724,32,0.9916262670780079,0.0377872501753083,0.21902442697631197,47.144125907053585,408.42,2026-08-31
2026-08-31,2026-08-31 20:00:00+00:00,2026-10-02,406.0,12.5,910570050,GLD   261002C00406000,0.08761122518822724,32,0.9940747269967191,0.0377872501753083,0.21901657608402897,47.493597155098065,408.42,2026-08-31
2026-08-31,2026-08-31 20:00:00+00:00,2026-10-02,407.0,12.0,910570113,GLD   261002C00407000,0.08761122518822724,32,0.9965231869154302,0.0377872501753083,0.21974111192962154,47.77747225628913,408.42,2026-08-31
2026-08-31,2026-08-31 20:00:00+00:00,2026-10-02,408.0,11.45,910570167,GLD   261002C00408000,0.08761122518822724,32,0.9989716468341413,0.0377872501753083,0.21910415590731427,47.99036899501338,408.42,2026-08-31
2026-08-31,2026-08-31 20:00:00+00:00,2026-10-02,409.0,11.0,910570227,GLD   261002C00409000,0.08761122518822724,32,1.0014201067528523,0.0377872501753083,0.22023743174271665,48.136299435111205,408.42,2026-08-31
2026-08-31,2026-08-31 20:00:00+00:00,2026-10-02,410.0,10.55,910570299,GLD   261002C00410000,0.08761122518822724,32,1.0038685666715637,0.0377872501753083,0.22105618760874496,48.21350472061122,408.42,2026-08-31
2026-08-31,2026-08-31 20:00:00+00:00,2026-10-02,411.0,10.13,910570350,GLD   261002C00411000,0.08761122518822724,32,1.0063170265902748,0.0377872501753083,0.22218849488804115,48.22395844535591,408.42,2026-08-31
2026-08-31,2026-08-31 20:00:00+00:00,2026-10-02,412.0,9.63,910570408,GLD   261002C00412000,0.08761122518822724,32,1.008765486508986,0.0377872501753083,0.22135657969722522,48.16770604343886,408.42,2026-08-31
2026-08-31,2026-08-31 20:00:00+00:00,2026-10-02,413.0,9.18,910570476,GLD   261002C00413000,0.08761122518822724,32,1.011213946427697,0.0377872501753083,0.2212577497222461,48.04564908995625,408.42,2026-08-31
2026-08-31,2026-08-31 20:00:00+00:00,2026-10-02,414.0,8.8,910570547,GLD   261002C00414000,0.08761122518822724,32,1.0136624063464081,0.0377872501753083,0.22231725697191432,47.864271443678234,408.42,2026-08-31
2026-08-31,2026-08-31 20:00:00+00:00,2026-10-02,415.0,8.38,910570604,GLD   261002C00415000,0.08761122518822724,32,1.0161108662651193,0.0377872501753083,0.2222452299245633,47.61633658481946,408.42,2026-08-31
2026-08-31,2026-08-31 20:00:00+00:00,2026-10-02,416.0,8.07,910570666,GLD   261002C00416000,0.08761122518822724,32,1.0185593261838304,0.0377872501753083,0.22419702880000691,47.32828981660418,408.42,2026-08-31
2026-08-31,2026-08-31 20:00:00+00:00,2026-10-02,417.0,7.7,910570736,GLD   261002C00417000,0.08761122518822724,32,1.0210077861025415,0.0377872501753083,0.22460218326961623,46.972211206742514,408.42,2026-08-31
2026-08-31,2026-08-31 20:00:00+00:00,2026-10-02,418.0,7.33,910570790,GLD   261002C00418000,0.08761122518822724,32,1.0234562460212526,0.0377872501753083,0.22471923886286094,46.55701653394898,408.42,2026-08-31
2026-08-31,2026-08-31 20:00:00+00:00,2026-10-02,419.0,7.05,912707067,GLD   261002C00419000,0.08761122518822724,32,1.0259047059399637,0.0377872501753083,0.22649703290862966,46.12523741960881,408.42,2026-08-31
2026-08-31,2026-08-31 20:00:00+00:00,2026-10-02,420.0,6.7,910967821,GLD   261002C00420000,0.08761122518822724,32,1.0283531658586749,0.0377872501753083,0.22648734734756876,45.609035056678124,408.42,2026-08-31
2026-08-31,2026-08-31 20:00:00+00:00,2026-10-02,421.0,6.38,912707154,GLD   261002C00421000,0.08761122518822724,32,1.030801625777386,0.0377872501753083,0.22685416003363212,45.054987912082076,408.42,2026-08-31
2026-08-31,2026-08-31 20:00:00+00:00,2026-10-02,422.0,6.1,912707227,GLD   261002C00422000,0.08761122518822724,32,1.033250085696097,0.0377872501753083,0.2278424690964632,44.48043272927465,408.42,2026-08-31
2026-08-31,2026-08-31 20:00:00+00:00,2026-10-02,423.0,5.8,912707295,GLD   261002C00423000,0.08761122518822724,32,1.0356985456148082,0.0377872501753083,0.22811694299606608,43.84159577186421,408.42,2026-08-31
2026-08-31,2026-08-31 20:00:00+00:00,2026-10-02,424.0,5.55,912707361,GLD   261002C00424000,0.08761122518822724,32,1.0381470055335194,0.0377872501753083,0.22927379944743587,43.20601638575034,408.42,2026-08-31
2026-08-31,2026-08-31 20:00:00+00:00,2026-10-02,425.0,5.25,910967884,GLD   261002C00425000,0.08761122518822724,32,1.0405954654522305,0.0377872501753083,0.22900971424337477,42.46867717057771,408.42,2026-08-31
2026-08-31,2026-08-31 20:00:00+00:00,2026-10-02,426.0,5.03,912707434,GLD   261002C00426000,0.08761122518822724,32,1.0430439253709416,0.0377872501753083,0.2303720210022293,41.78798030354214,408.42,2026-08-31
2026-08-31,2026-08-31 20:00:00+00:00,2026-10-02,427.0,4.8,912707506,GLD   261002C00427000,0.08761122518822724,32,1.0454923852896527,0.0377872501753083,0.2312615280291997,41.0587198331494,408.42,2026-08-31
2026-08-31,2026-08-31 20:00:00+00:00,2026-10-02,428.0,4.55,912707577,GLD   261002C00428000,0.08761122518822724,32,1.0479408452083638,0.0377872501753083,0.23141257621655237,40.25744879431449,408.42,2026-08-31
2026-08-31,2026-08-31 20:00:00+00:00,2026-10-02,429.0,4.3,912707643,GLD   261002C00429000,0.08761122518822724,32,1.050389305127075,0.0377872501753083,0.23129493390182032,39.409563312287304,408.42,2026-08-31
2026-08-31,2026-08-31 20:00:00+00:00,2026-10-02,430.0,4.15,910967941,GLD   261002C00430000,0.08761122518822724,32,1.052837765045786,0.0377872501753083,0.23348723270883787,38.723043482935395,408.42,2026-08-31
2026-08-31,2026-08-31 20:00:00+00:00,2026-10-02,431.0,3.9,917783458,GLD   261002C00431000,0.08761122518822724,32,1.0552862249644972,0.0377872501753083,0.23286170844249426,37.79463285102655,408.42,2026-08-31
2026-08-31,2026-08-31 20:00:00+00:00,2026-10-02,432.0,3.78,917783529,GLD   261002C00432000,0.08761122518822724,32,1.0577346848832083,0.0377872501753083,0.23545035624029115,37.13398108074194,408.42,2026-08-31
2026-08-31,2026-08-31 20:00:00+00:00,2026-10-02,433.0,3.55,917783591,GLD   261002C00433000,0.08761122518822724,32,1.0601831448019194,0.0377872501753083,0.23485595149537547,36.17653733415037,408.42,2026-08-31
2026-08-31,2026-08-31 20:00:00+00:00,2026-10-02,434.0,3.38,917783647,GLD   261002C00434000,0.08761122518822724,32,1.0626316047206308,0.0377872501753083,0.23566520806113261,35.3405928487018,408.42,2026-08-31
2026-08-31,2026-08-31 20:00:00+00:00,2026-10-02,435.0,3.23,910967996,GLD   261002C00435000,0.08761122518822724,32,1.065080064639342,0.0377872501753083,0.2368318152648397,34.53829182708923,408.42,2026-08-31
2026-08-31,2026-08-31 20:00:00+00:00,2026-10-02,440.0,2.51,910968055,GLD   261002C00440000,0.08761122518822724,32,1.0773223642328975,0.0377872501753083,0.24049197016367696,30.298682683738964,408.42,2026-08-31
2026-08-31,2026-08-31 20:00:00+00:00,2026-10-02,445.0,1.99,910968107,GLD   261002C00445000,0.08761122518822724,32,1.0895646638264531,0.0377872501753083,0.24591490183211862,26.43514120255639,408.42,2026-08-31
2026-08-31,2026-08-31 20:00:00+00:00,2026-10-02,450.0,1.59,910968165,GLD   261002C00450000,0.08761122518822724,32,1.1018069634200087,0.0377872501753083,0.25173715335093433,22.928672267240913,408.42,2026-08-31
2026-08-31,2026-08-31 20:00:00+00:00,2026-10-02,455.0,1.25,910968206,GLD   261002C00455000,0.08761122518822724,32,1.1140492630135643,0.0377872501753083,0.25628708069836725,19.59473301030048,408.42,2026-08-31
2026-08-31,2026-08-31 20:00:00+00:00,2026-10-02,460.0,1.03,910968273,GLD   261002C00460000,0.08761122518822724,32,1.1262915626071202,0.0377872501753083,0.26356721404371797,17.026250012791483,408.42,2026-08-31
2026-08-31,2026-08-31 20:00:00+00:00,2026-10-02,465.0,0.84,910968335,GLD   261002C00465000,0.08761122518822724,32,1.1385338622006758,0.0377872501753083,0.2698271039138548,14.663642374201105,408.42,2026-08-31
2026-08-31,2026-08-31 20:00:00+00:00,2026-10-02,470.0,0.7,910968380,GLD   261002C00470000,0.08761122518822724,32,1.1507761617942314,0.0377872501753083,0.2769454883894883,12.737063703975261,408.42,2026-08-31
2026-08-31,2026-08-31 20:00:00+00:00,2026-10-02,475.0,0.59,910968440,GLD   261002C00475000,0.08761122518822724,32,1.163018461387787,0.0377872501753083,0.28427352800993255,11.112861260126317,408.42,2026-08-31
2026-08-31,2026-08-31 20:00:00+00:00,2026-10-02,480.0,0.5,910968500,GLD   261002C00480000,0.08761122518822724,32,1.1752607609813428,0.0377872501753083,0.2914878228226677,9.713080014663252,408.42,2026-08-31
2026-08-31,2026-08-31 20:00:00+00:00,2026-10-02,485.0,0.45,910968565,GLD   261002C00485000,0.08761122518822724,32,1.1875030605748984,0.0377872501753083,0.3013715979593806,8.795786324205746,408.42,2026-08-31
2026-08-31,2026-08-31 20:00:00+00:00,2026-10-02,490.0,0.4,910968631,GLD   261002C00490000,0.08761122518822724,32,1.199745360168454,0.0377872501753083,0.31018131422223516,7.908801859769316,408.42,2026-08-31
2026-08-31,2026-08-31 20:00:00+00:00,2026-10-09,330.0,79.8,918881350,GLD   261009C00330000,0.10677618069815195,39,0.8079917731746731,0.037831538744235525,0.25858861680198475,1.7513019057729398,408.42,2026-08-31
2026-08-31,2026-08-31 20:00:00+00:00,2026-10-09,335.0,74.9,918881402,GLD   261009C00335000,0.10677618069815195,39,0.8202340727682288,0.037831538744235525,0.27210459374953067,3.621469919765876,408.42,2026-08-31
2026-08-31,2026-08-31 20:00:00+00:00,2026-10-09,340.0,70.13,918881453,GLD   261009C00340000,0.10677618069815195,39,0.8324763723617844,0.037831538744235525,0.2931214463607408,7.143630996832774,408.42,2026-08-31
2026-08-31,2026-08-31 20:00:00+00:00,2026-10-09,345.0,65.2,918881488,GLD   261009C00345000,0.10677618069815195,39,0.84471867195534,0.037831538744235525,0.2798996636739002,8.189354199274012,408.42,2026-08-31
2026-08-31,2026-08-31 20:00:00+00:00,2026-10-09,350.0,60.33,918881533,GLD   261009C00350000,0.10677618069815195,39,0.8569609715488957,0.037831538744235525,0.27187763497736306,10.025348698666749,408.42,2026-08-31
2026-08-31,2026-08-31 20:00:00+00:00,2026-10-09,355.0,55.38,918881569,GLD   261009C00355000,0.10677618069815195,39,0.8692032711424513,0.037831538744235525,0.2542921158849262,10.976187876305966,408.42,2026-08-31
2026-08-31,2026-08-31 20:00:00+00:00,2026-10-09,360.0,50.68,918881619,GLD   261009C00360000,0.10677618069815195,39,0.881445570736007,0.037831538744235525,0.25505881186025214,14.703058977987784,408.42,2026-08-31
2026-08-31,2026-08-31 20:00:00+00:00,2026-10-09,365.0,45.95,918881668,GLD   261009C00365000,0.10677618069815195,39,0.8936878703295627,0.037831538744235525,0.2482208150642924,17.91064753433255,408.42,2026-08-31
2026-08-31,2026-08-31 20:00:00+00:00,2026-10-09,370.0,41.05,918881719,GLD   261009C00370000,0.10677618069815195,39,0.9059301699231184,0.037831538744235525,0.22963835837794466,19.76122967228851,408.42,2026-08-31
2026-08-31,2026-08-31 20:00:00+00:00,2026-10-09,371.0,40.13,918881768,GLD   261009C00371000,0.10677618069815195,39,0.9083786298418295,0.037831538744235525,0.22877206875840206,20.63454047766175,408.42,2026-08-31
2026-08-31,2026-08-31 20:00:00+00:00,2026-10-09,372.0,39.2,918881819,GLD   261009C00372000,0.10677618069815195,39,0.9108270897605406,0.037831538744235525,0.22723131019352005,21.4204542531738,408.42,2026-08-31
2026-08-31,2026-08-31 20:00:00+00:00,2026-10-09,373.0,38.3,918881872,GLD   261009C00373000,0.10677618069815195,39,0.9132755496792517,0.037831538744235525,0.22687581285042685,22.419478664178374,408.42,2026-08-31
2026-08-31,2026-08-31 20:00:00+00:00,2026-10-09,374.0,37.4,918881917,GLD   261009C00374000,0.10677618069815195,39,0.9157240095979629,0.037831538744235525,0.22626774587659168,23.397509324367167,408.42,2026-08-31
2026-08-31,2026-08-31 20:00:00+00:00,2026-10-09,375.0,36.5,918881982,GLD   261009C00375000,0.10677618069815195,39,0.918172469516674,0.037831538744235525,0.22542733719376848,24.35733419567921,408.42,2026-08-31
2026-08-31,2026-08-31 20:00:00+00:00,2026-10-09,376.0,35.6,918882047,GLD   261009C00376000,0.10677618069815195,39,0.9206209294353851,0.037831538744235525,0.22437145271645859,25.301350636487587,408.42,2026-08-31
2026-08-31,2026-08-31 20:00:00+00:00,2026-10-09,377.0,34.7,918882098,GLD   261009C00377000,0.10677618069815195,39,0.9230693893540962,0.037831538744235525,0.2231143134559505,26.23164880003245,408.42,2026-08-31
2026-08-31,2026-08-31 20:00:00+00:00,2026-10-09,378.0,33.85,918882146,GLD   261009C00378000,0.10677618069815195,39,0.9255178492728073,0.037831538744235525,0.22350007817735895,27.43141889749251,408.42,2026-08-31
2026-08-31,2026-08-31 20:00:00+00:00,2026-10-09,379.0,32.95,918882188,GLD   261009C00379000,0.10677618069815195,39,0.9279663091915185,0.037831538744235525,0.22181616888260464,28.327574501962946,408.42,2026-08-31
2026-08-31,2026-08-31 20:00:00+00:00,2026-10-09,380.0,32.1,918882222,GLD   261009C00380000,0.10677618069815195,39,0.9304147691102296,0.037831538744235525,0.22167025218000636,29.467537069529456,408.42,2026-08-31
2026-08-31,2026-08-31 20:00:00+00:00,2026-10-09,381.0,31.25,918882268,GLD   261009C00381000,0.10677618069815195,39,0.9328632290289408,0.037831538744235525,0.22125352160232142,30.574172968186186,408.42,2026-08-31
2026-08-31,2026-08-31 20:00:00+00:00,2026-10-09,382.0,30.55,918882315,GLD   261009C00382000,0.10677618069815195,39,0.9353116889476519,0.037831538744235525,0.22527690366702158,32.28785483427609,408.42,2026-08-31
2026-08-31,2026-08-31 20:00:00+00:00,2026-10-09,383.0,29.55,918882359,GLD   261009C00383000,0.10677618069815195,39,0.937760148866363,0.037831538744235525,0.21968150847693907,32.70108693722126,408.42,2026-08-31
2026-08-31,2026-08-31 20:00:00+00:00,2026-10-09,384.0,28.73,918882402,GLD   261009C00384000,0.10677618069815195,39,0.9402086087850742,0.037831538744235525,0.21944370932681484,33.84216921828035,408.42,2026-08-31
2026-08-31,2026-08-31 20:00:00+00:00,2026-10-09,385.0,28.08,918882438,GLD   261009C00385000,0.10677618069815195,39,0.9426570687037853,0.037831538744235525,0.22376551842866466,35.52939320550761,408.42,2026-08-31
2026-08-31,2026-08-31 20:00:00+00:00,2026-10-09,386.0,27.13,918882478,GLD   261009C00386000,0.10677618069815195,39,0.9451055286224964,0.037831538744235525,0.2192995248495601,36.14660790035952,408.42,2026-08-31
2026-08-31,2026-08-31 20:00:00+00:00,2026-10-09,387.0,26.3,918882518,GLD   261009C00387000,0.10677618069815195,39,0.9475539885412075,0.037831538744235525,0.21801412982726476,37.14586877050674,408.42,2026-08-31
2026-08-31,2026-08-31 20:00:00+00:00,2026-10-09,388.0,25.68,918882548,GLD   261009C00388000,0.10677618069815195,39,0.9500024484599187,0.037831538744235525,0.221988981643226,38.691314870247396,408.42,2026-08-31
2026-08-31,2026-08-31 20:00:00+00:00,2026-10-09,389.0,24.9,918882590,GLD   261009C00389000,0.10677618069815195,39,0.9524509083786298,0.037831538744235525,0.22142755437111483,39.72575462959145,408.42,2026-08-31
2026-08-31,2026-08-31 20:00:00+00:00,2026-10-09,390.0,24.13,918882620,GLD   261009C00390000,0.10677618069815195,39,0.9548993682973409,0.037831538744235525,0.22086808283729475,40.74400813702856,408.42,2026-08-31
2026-08-31,2026-08-31 20:00:00+00:00,2026-10-09,391.0,23.23,918882668,GLD   261009C00391000,0.10677618069815195,39,0.957347828216052,0.037831538744235525,0.2169385296453722,41.458675221471005,408.42,2026-08-31
2026-08-31,2026-08-31 20:00:00+00:00,2026-10-09,392.0,22.5,918882707,GLD   261009C00392000,0.10677618069815195,39,0.9597962881347631,0.037831538744235525,0.21691229481315244,42.49921989268377,408.42,2026-08-31
2026-08-31,2026-08-31 20:00:00+00:00,2026-10-09,393.0,21.8,918882770,GLD   261009C00393000,0.10677618069815195,39,0.9622447480534744,0.037831538744235525,0.21730225040232765,43.53716235450621,408.42,2026-08-31
2026-08-31,2026-08-31 20:00:00+00:00,2026-10-09,394.0,21.08,918882822,GLD   261009C00394000,0.10677618069815195,39,0.9646932079721855,0.037831538744235525,0.21695236882204194,44.48577614321757,408.42,2026-08-31
2026-08-31,2026-08-31 20:00:00+00:00,2026-10-09,395.0,20.55,918882879,GLD   261009C00395000,0.10677618069815195,39,0.9671416678908966,0.037831538744235525,0.22051984966499727,45.623453998601555,408.42,2026-08-31
2026-08-31,2026-08-31 20:00:00+00:00,2026-10-09,396.0,19.88,918882939,GLD   261009C00396000,0.10677618069815195,39,0.9695901278096077,0.037831538744235525,0.22066378269018608,46.50031080638913,408.42,2026-08-31
2026-08-31,2026-08-31 20:00:00+00:00,2026-10-09,397.0,19.05,918883000,GLD   261009C00397000,0.10677618069815195,39,0.9720385877283189,0.037831538744235525,0.21715010327631612,47.170818308798644,408.42,2026-08-31
2026-08-31,2026-08-31 20:00:00+00:00,2026-10-09,398.0,18.55,918883048,GLD   261009C00398000,0.10677618069815195,39,0.97448704764703,0.037831538744235525,0.22035656880028548,48.09299885459356,408.42,2026-08-31
2026-08-31,2026-08-31 20:00:00+00:00,2026-10-09,399.0,17.75,918883097,GLD   261009C00399000,0.10677618069815195,39,0.9769355075657411,0.037831538744235525,0.2170468216684647,48.71788859163205,408.42,2026-08-31
2026-08-31,2026-08-31 20:00:00+00:00,2026-10-09,400.0,17.13,918883142,GLD   261009C00400000,0.10677618069815195,39,0.9793839674844522,0.037831538744235525,0.21720524578308686,49.42151431119236,408.42,2026-08-31
2026-08-31,2026-08-31 20:00:00+00:00,2026-10-09,401.0,16.5,918883194,GLD   261009C00401000,0.10677618069815195,39,0.9818324274031633,0.037831538744235525,0.21689365010811024,50.058982209126015,408.42,2026-08-31
2026-08-31,2026-08-31 20:00:00+00:00,2026-10-09,402.0,15.98,918883251,GLD   261009C00402000,0.10677618069815195,39,0.9842808873218745,0.037831538744235525,0.2184956139684655,50.67788169109125,408.42,2026-08-31
2026-08-31,2026-08-31 20:00:00+00:00,2026-10-09,403.0,15.35,918883290,GLD   261009C00403000,0.10677618069815195,39,0.9867293472405856,0.037831538744235525,0.21765147075681018,51.19241844757913,408.42,2026-08-31
2026-08-31,2026-08-31 20:00:00+00:00,2026-10-09,404.0,14.83,918883338,GLD   261009C00404000,0.10677618069815195,39,0.9891778071592968,0.037831538744235525,0.2186901167980395,51.673792618251184,408.42,2026-08-31
2026-08-31,2026-08-31 20:00:00+00:00,2026-10-09,405.0,14.28,918883393,GLD   261009C00405000,0.10677618069815195,39,0.9916262670780079,0.037831538744235525,0.2188748502491974,52.08287920669652,408.42,2026-08-31
2026-08-31,2026-08-31 20:00:00+00:00,2026-10-09,406.0,13.8,918883447,GLD   261009C00406000,0.10677618069815195,39,0.9940747269967191,0.037831538744235525,0.22013285562237722,52.43529901739925,408.42,2026-08-31
2026-08-31,2026-08-31 20:00:00+00:00,2026-10-09,407.0,13.25,917783923,GLD   261009C00407000,0.10677618069815195,39,0.9965231869154302,0.037831538744235525,0.21979129524286836,52.71796321513713,408.42,2026-08-31
2026-08-31,2026-08-31 20:00:00+00:00,2026-10-09,408.0,12.78,917783979,GLD   261009C00408000,0.10677618069815195,39,0.9989716468341413,0.037831538744235525,0.22070799168860544,52.94181712528786,408.42,2026-08-31
2026-08-31,2026-08-31 20:00:00+00:00,2026-10-09,409.0,12.2,917784042,GLD   261009C00409000,0.10677618069815195,39,1.0014201067528523,0.037831538744235525,0.21929249350475144,53.10263974179675,408.42,2026-08-31
2026-08-31,2026-08-31 20:00:00+00:00,2026-10-09,410.0,11.7,917784106,GLD   261009C00410000,0.10677618069815195,39,1.0038685666715637,0.037831538744235525,0.2191328307558783,53.202963625150794,408.42,2026-08-31
2026-08-31,2026-08-31 20:00:00+00:00,2026-10-09,411.0,11.28,917784174,GLD   261009C00411000,0.10677618069815195,39,1.0063170265902748,0.037831538744235525,0.2202221490449272,53.24142225244543,408.42,2026-08-31
2026-08-31,2026-08-31 20:00:00+00:00,2026-10-09,412.0,10.83,917784231,GLD   261009C00412000,0.10677618069815195,39,1.008765486508986,0.037831538744235525,0.22049557988410812,53.21954632092535,408.42,2026-08-31
2026-08-31,2026-08-31 20:00:00+00:00,2026-10-09,413.0,10.38,917784311,GLD   261009C00413000,0.10677618069815195,39,1.011213946427697,0.037831538744235525,0.22051895561320706,53.137537265250366,408.42,2026-08-31
2026-08-31,2026-08-31 20:00:00+00:00,2026-10-09,414.0,9.98,917784366,GLD   261009C00414000,0.10677618069815195,39,1.0136624063464081,0.037831538744235525,0.22123624591408292,52.99881320865019,408.42,2026-08-31
2026-08-31,2026-08-31 20:00:00+00:00,2026-10-09,415.0,9.57,917784416,GLD   261009C00415000,0.10677618069815195,39,1.0161108662651193,0.037831538744235525,0.2215208337745629,52.80219899299565,408.42,2026-08-31
2026-08-31,2026-08-31 20:00:00+00:00,2026-10-09,416.0,9.15,917784462,GLD   261009C00416000,0.10677618069815195,39,1.0185593261838304,0.037831538744235525,0.22137092177802697,52.54615665425807,408.42,2026-08-31
2026-08-31,2026-08-31 20:00:00+00:00,2026-10-09,417.0,8.75,917784517,GLD   261009C00417000,0.10677618069815195,39,1.0210077861025415,0.037831538744235525,0.22135636549731713,52.23505477257076,408.42,2026-08-31
2026-08-31,2026-08-31 20:00:00+00:00,2026-10-09,418.0,8.43,917784588,GLD   261009C00418000,0.10677618069815195,39,1.0234562460212526,0.037831538744235525,0.2226386825600639,51.89016669680065,408.42,2026-08-31
2026-08-31,2026-08-31 20:00:00+00:00,2026-10-09,419.0,8.15,917784659,GLD   261009C00419000,0.10677618069815195,39,1.0259047059399637,0.037831538744235525,0.2244738030203618,51.513470818745965,408.42,2026-08-31
2026-08-31,2026-08-31 20:00:00+00:00,2026-10-09,420.0,7.83,917784718,GLD   261009C00420000,0.10677618069815195,39,1.0283531658586749,0.037831538744235525,0.22531600911980493,51.078179007195,408.42,2026-08-31
2026-08-31,2026-08-31 20:00:00+00:00,2026-10-09,421.0,7.55,917784768,GLD   261009C00421000,0.10677618069815195,39,1.030801625777386,0.037831538744235525,0.22672626406243074,50.61833237317127,408.42,2026-08-31
2026-08-31,2026-08-31 20:00:00+00:00,2026-10-09,422.0,7.25,917784825,GLD   261009C00422000,0.10677618069815195,39,1.033250085696097,0.037831538744235525,0.2275299793696962,50.10614996519224,408.42,2026-08-31
2026-08-31,2026-08-31 20:00:00+00:00,2026-10-09,423.0,6.95,917784869,GLD   261009C00423000,0.10677618069815195,39,1.0356985456148082,0.037831538744235525,0.22811761353490878,49.55036008987525,408.42,2026-08-31
2026-08-31,2026-08-31 20:00:00+00:00,2026-10-09,424.0,6.63,917784925,GLD   261009C00424000,0.10677618069815195,39,1.0381470055335194,0.037831538744235525,0.22807840563869103,48.93263895051786,408.42,2026-08-31
2026-08-31,2026-08-31 20:00:00+00:00,2026-10-09,425.0,6.38,917784999,GLD   261009C00425000,0.10677618069815195,39,1.0405954654522305,0.037831538744235525,0.22925593238119038,48.333765138783995,408.42,2026-08-31
2026-08-31,2026-08-31 20:00:00+00:00,2026-10-09,426.0,6.1,917785059,GLD   261009C00426000,0.10677618069815195,39,1.0430439253709416,0.037831538744235525,0.22960673129586504,47.66671368483312,408.42,2026-08-31
2026-08-31,2026-08-31 20:00:00+00:00,2026-10-09,427.0,5.85,917785126,GLD   261009C00427000,0.10677618069815195,39,1.0454923852896527,0.037831538744235525,0.2303783818081953,46.99369525273569,408.42,2026-08-31
2026-08-31,2026-08-31 20:00:00+00:00,2026-10-09,428.0,5.58,917785209,GLD   261009C00428000,0.10677618069815195,39,1.0479408452083638,0.037831538744235525,0.23051503669302909,46.25617896699564,408.42,2026-08-31
2026-08-31,2026-08-31 20:00:00+00:00,2026-10-09,429.0,5.35,917785282,GLD   261009C00429000,0.10677618069815195,39,1.050389305127075,0.037831538744235525,0.2313096950693987,45.53623744147983,408.42,2026-08-31
2026-08-31,2026-08-31 20:00:00+00:00,2026-10-09,430.0,5.13,917785342,GLD   261009C00430000,0.10677618069815195,39,1.052837765045786,0.037831538744235525,0.23213083507353444,44.79944360606193,408.42,2026-08-31
2026-08-31,2026-08-31 20:00:00+00:00,2026-10-09,431.0,4.9,917785398,GLD   261009C00431000,0.10677618069815195,39,1.0552862249644972,0.037831538744235525,0.2325317707362585,44.01237533338515,408.42,2026-08-31
2026-08-31,2026-08-31 20:00:00+00:00,2026-10-09,432.0,4.7,917785458,GLD   261009C00432000,0.10677618069815195,39,1.0577346848832083,0.037831538744235525,0.2334210449372418,43.24869967512488,408.42,2026-08-31
2026-08-31,2026-08-31 20:00:00+00:00,2026-10-09,433.0,4.5,917785519,GLD   261009C00433000,0.10677618069815195,39,1.0601831448019194,0.037831538744235525,0.23412518988288938,42.45671116287515,408.42,2026-08-31
2026-08-31,2026-08-31 20:00:00+00:00,2026-10-09,434.0,4.3,917785572,GLD   261009C00434000,0.10677618069815195,39,1.0626316047206308,0.037831538744235525,0.2346398889794014,41.635075141509645,408.42,2026-08-31
2026-08-31,2026-08-31 20:00:00+00:00,2026-10-09,435.0,4.13,917785628,GLD   261009C00435000,0.10677618069815195,39,1.065080064639342,0.037831538744235525,0.23569474902236837,40.85708075343083,408.42,2026-08-31
2026-08-31,2026-08-31 20:00:00+00:00,2026-10-09,440.0,3.3,918883663,GLD   261009C00440000,0.10677618069815195,39,1.0773223642328975,0.037831538744235525,0.23886692859148612,36.67522434437288,408.42,2026-08-31
2026-08-31,2026-08-31 20:00:00+00:00,2026-10-09,445.0,2.68,918883724,GLD   261009C00445000,0.10677618069815195,39,1.0895646638264531,0.037831538744235525,0.24363576358845457,32.715642897026896,408.42,2026-08-31
2026-08-31,2026-08-31 20:00:00+00:00,2026-10-09,450.0,2.17,918883778,GLD   261009C00450000,0.10677618069815195,39,1.1018069634200087,0.037831538744235525,0.2480985162298195,28.89721988001438,408.42,2026-08-31
2026-08-31,2026-08-31 20:00:00+00:00,2026-10-09,455.0,1.76,918883828,GLD   261009C00455000,0.10677618069815195,39,1.1140492630135643,0.037831538744235525,0.25260332655748363,25.350741054669253,408.42,2026-08-31
2026-08-31,2026-08-31 20:00:00+00:00,2026-10-09,460.0,1.44,918883872,GLD   261009C00460000,0.10677618069815195,39,1.1262915626071202,0.037831538744235525,0.25756165396878505,22.190096166355207,408.42,2026-08-31
2026-08-31,2026-08-31 20:00:00+00:00,2026-10-09,465.0,1.19,918883933,GLD   261009C00465000,0.10677618069815195,39,1.1385338622006758,0.037831538744235525,0.2629373592140153,19.424835133479128,408.42,2026-08-31
2026-08-31,2026-08-31 20:00:00+00:00,2026-10-09,470.0,1.0,918883978,GLD   261009C00470000,0.10677618069815195,39,1.1507761617942314,0.037831538744235525,0.2690387644347735,17.090041038237764,408.42,2026-08-31
2026-08-31,2026-08-31 20:00:00+00:00,2026-10-09,475.0,0.84,918884019,GLD   261009C00475000,0.10677618069815195,39,1.163018461387787,0.037831538744235525,0.27479913080623375,14.995101626817247,408.42,2026-08-31
2026-08-31,2026-08-31 20:00:00+00:00,2026-10-09,480.0,0.71,918884087,GLD   261009C00480000,0.10677618069815195,39,1.1752607609813428,0.037831538744235525,0.2806082881915384,13.173820408401319,408.42,2026-08-31
2026-08-31,2026-08-31 20:00:00+00:00,2026-10-09,485.0,0.61,918884125,GLD   261009C00485000,0.10677618069815195,39,1.1875030605748984,0.037831538744235525,0.28698389257723467,11.663908931849644,408.42,2026-08-31
2026-08-31,2026-08-31 20:00:00+00:00,2026-10-09,490.0,0.53,918884185,GLD   261009C00490000,0.10677618069815195,39,1.199745360168454,0.037831538744235525,0.29361778479991485,10.385603284235117,408.42,2026-08-31
2026-08-31,2026-08-31 20:00:00+00:00,2026-10-16,330.0,80.4,827013883,GLD   261016C00330000,0.12594113620807665,46,0.8079917731746731,0.03787800157009818,0.31664237971473486,7.888906671327548,408.42,2026-08-31
2026-08-31,2026-08-31 20:00:00+00:00,2026-10-16,335.0,75.53,827013908,GLD   261016C00335000,0.12594113620807665,46,0.8202340727682288,0.03787800157009818,0.3098742074322888,9.503531050878252,408.42,2026-08-31
2026-08-31,2026-08-31 20:00:00+00:00,2026-10-16,340.0,70.53,827013990,GLD   261016C00340000,0.12594113620807665,46,0.8324763723617844,0.03787800157009818,0.28831290987646196,9.696641022593182,408.42,2026-08-31
2026-08-31,2026-08-31 20:00:00+00:00,2026-10-16,341.0,69.75,897212988,GLD   261016C00341000,0.12594113620807665,46,0.8349248322804955,0.03787800157009818,0.3042024360054173,12.086599090341007,408.42,2026-08-31
2026-08-31,2026-08-31 20:00:00+00:00,2026-10-16,342.0,68.53,897213008,GLD   261016C00342000,0.12594113620807665,46,0.8373732921992066,0.03787800157009818,0.2797741844364443,9.778859539526396,408.42,2026-08-31
2026-08-31,2026-08-31 20:00:00+00:00,2026-10-16,343.0,67.58,897213027,GLD   261016C00343000,0.12594113620807665,46,0.8398217521179178,0.03787800157009818,0.2804645973053761,10.414991405707989,408.42,2026-08-31
2026-08-31,2026-08-31 20:00:00+00:00,2026-10-16,344.0,66.47,897213042,GLD   261016C00344000,0.12594113620807665,46,0.8422702120366289,0.03787800157009818,0.2649537207356655,9.095595149869895,408.42,2026-08-31
2026-08-31,2026-08-31 20:00:00+00:00,2026-10-16,345.0,65.53,827014044,GLD   261016C00345000,0.12594113620807665,46,0.84471867195534,0.03787800157009818,0.26705558061627677,9.908281017874602,408.42,2026-08-31
2026-08-31,2026-08-31 20:00:00+00:00,2026-10-16,346.0,64.63,897213058,GLD   261016C00346000,0.12594113620807665,46,0.8471671318740512,0.03787800157009818,0.2723136388902553,11.158547499056617,408.42,2026-08-31
2026-08-31,2026-08-31 20:00:00+00:00,2026-10-16,347.0,64.08,897213075,GLD   261016C00347000,0.12594113620807665,46,0.8496155917927624,0.03787800157009818,0.301646691176109,15.555249433341919,408.42,2026-08-31
2026-08-31,2026-08-31 20:00:00+00:00,2026-10-16,348.0,63.13,897213093,GLD   261016C00348000,0.12594113620807665,46,0.8520640517114735,0.03787800157009818,0.30033121969280774,16.07394737689288,408.42,2026-08-31
2026-08-31,2026-08-31 20:00:00+00:00,2026-10-16,349.0,61.95,897213105,GLD   261016C00349000,0.12594113620807665,46,0.8545125116301846,0.03787800157009818,0.284185286960844,14.659493758576964,408.42,2026-08-31
2026-08-31,2026-08-31 20:00:00+00:00,2026-10-16,350.0,60.83,827014109,GLD   261016C00350000,0.12594113620807665,46,0.8569609715488957,0.03787800157009818,0.2713449430885725,13.615309616581763,408.42,2026-08-31
2026-08-31,2026-08-31 20:00:00+00:00,2026-10-16,351.0,59.78,897213123,GLD   261016C00351000,0.12594113620807665,46,0.8594094314676068,0.03787800157009818,0.26331321951793507,13.192479193767168,408.42,2026-08-31
2026-08-31,2026-08-31 20:00:00+00:00,2026-10-16,352.0,58.85,897213132,GLD   261016C00352000,0.12594113620807665,46,0.861857891386318,0.03787800157009818,0.2641618329885417,14.015495538275461,408.42,2026-08-31
2026-08-31,2026-08-31 20:00:00+00:00,2026-10-16,353.0,57.93,897213144,GLD   261016C00353000,0.12594113620807665,46,0.8643063513050291,0.03787800157009818,0.2653653384546749,14.914300251600178,408.42,2026-08-31
2026-08-31,2026-08-31 20:00:00+00:00,2026-10-16,354.0,56.93,897213163,GLD   261016C00354000,0.12594113620807665,46,0.8667548112237402,0.03787800157009818,0.26102508953465164,15.030424414108298,408.42,2026-08-31
2026-08-31,2026-08-31 20:00:00+00:00,2026-10-16,355.0,56.05,827014181,GLD   261016C00355000,0.12594113620807665,46,0.8692032711424513,0.03787800157009818,0.2643283128823154,16.280697853766195,408.42,2026-08-31
2026-08-31,2026-08-31 20:00:00+00:00,2026-10-16,356.0,55.0,897213173,GLD   261016C00356000,0.12594113620807665,46,0.8716517310611624,0.03787800157009818,0.25685283853383734,15.951331225070504,408.42,2026-08-31
2026-08-31,2026-08-31 20:00:00+00:00,2026-10-16,357.0,54.03,897213185,GLD   261016C00357000,0.12594113620807665,46,0.8741001909798736,0.03787800157009818,0.25434866466065875,16.368521409646416,408.42,2026-08-31
2026-08-31,2026-08-31 20:00:00+00:00,2026-10-16,358.0,53.0,897213198,GLD   261016C00358000,0.12594113620807665,46,0.8765486508985848,0.03787800157009818,0.24815415232768284,16.221478693413243,408.42,2026-08-31
2026-08-31,2026-08-31 20:00:00+00:00,2026-10-16,359.0,52.05,897213215,GLD   261016C00359000,0.12594113620807665,46,0.8789971108172959,0.03787800157009818,0.2468270628276281,16.84261299282436,408.42,2026-08-31
2026-08-31,2026-08-31 20:00:00+00:00,2026-10-16,360.0,51.05,827014251,GLD   261016C00360000,0.12594113620807665,46,0.881445570736007,0.03787800157009818,0.24246874661101037,16.992610339077828,408.42,2026-08-31
2026-08-31,2026-08-31 20:00:00+00:00,2026-10-16,361.0,50.28,897213225,GLD   261016C00361000,0.12594113620807665,46,0.8838940306547182,0.03787800157009818,0.2507677823538892,19.199365215020542,408.42,2026-08-31
2026-08-31,2026-08-31 20:00:00+00:00,2026-10-16,362.0,49.45,897213239,GLD   261016C00362000,0.12594113620807665,46,0.8863424905734293,0.03787800157009818,0.2547796348757111,20.729337977012438,408.42,2026-08-31
2026-08-31,2026-08-31 20:00:00+00:00,2026-10-16,363.0,48.5,897213248,GLD   261016C00363000,0.12594113620807665,46,0.8887909504921404,0.03787800157009818,0.2526080901771784,21.304402775336587,408.42,2026-08-31
2026-08-31,2026-08-31 20:00:00+00:00,2026-10-16,364.0,47.48,897213265,GLD   261016C00364000,0.12594113620807665,46,0.8912394104108515,0.03787800157009818,0.24711661453815179,21.36276434827189,408.42,2026-08-31
2026-08-31,2026-08-31 20:00:00+00:00,2026-10-16,365.0,46.53,827014302,GLD   261016C00365000,0.12594113620807665,46,0.8936878703295627,0.03787800157009818,0.24486781352059916,21.951950041842533,408.42,2026-08-31
2026-08-31,2026-08-31 20:00:00+00:00,2026-10-16,366.0,45.63,897213278,GLD   261016C00366000,0.12594113620807665,46,0.8961363302482738,0.03787800157009818,0.2447380083763041,22.902842688708134,408.42,2026-08-31
2026-08-31,2026-08-31 20:00:00+00:00,2026-10-16,367.0,44.73,897213293,GLD   261016C00367000,0.12594113620807665,46,0.8985847901669849,0.03787800157009818,0.2443862083098851,23.834707478513614,408.42,2026-08-31
2026-08-31,2026-08-31 20:00:00+00:00,2026-10-16,368.0,43.78,897213308,GLD   261016C00368000,0.12594113620807665,46,0.901033250085696,0.03787800157009818,0.2417960471431725,24.420807576546935,408.42,2026-08-31
2026-08-31,2026-08-31 20:00:00+00:00,2026-10-16,369.0,42.85,897213330,GLD   261016C00369000,0.12594113620807665,46,0.9034817100044072,0.03787800157009818,0.23993334611644973,25.141478888546413,408.42,2026-08-31
2026-08-31,2026-08-31 20:00:00+00:00,2026-10-16,370.0,41.83,827014362,GLD   261016C00370000,0.12594113620807665,46,0.9059301699231184,0.03787800157009818,0.23444176337746905,25.28013689891289,408.42,2026-08-31
2026-08-31,2026-08-31 20:00:00+00:00,2026-10-16,371.0,41.05,897213345,GLD   261016C00371000,0.12594113620807665,46,0.9083786298418295,0.03787800157009818,0.23812593194860968,26.943965027801635,408.42,2026-08-31
2026-08-31,2026-08-31 20:00:00+00:00,2026-10-16,372.0,40.15,897213360,GLD   261016C00372000,0.12594113620807665,46,0.9108270897605406,0.03787800157009818,0.23697022100109608,27.827572828898983,408.42,2026-08-31
2026-08-31,2026-08-31 20:00:00+00:00,2026-10-16,373.0,39.25,897213378,GLD   261016C00373000,0.12594113620807665,46,0.9132755496792517,0.03787800157009818,0.23565899626379833,28.701288723581243,408.42,2026-08-31
2026-08-31,2026-08-31 20:00:00+00:00,2026-10-16,374.0,38.23,897213395,GLD   261016C00374000,0.12594113620807665,46,0.9157240095979629,0.03787800157009818,0.23009619205538182,28.911158712717516,408.42,2026-08-31
2026-08-31,2026-08-31 20:00:00+00:00,2026-10-16,375.0,37.55,827014423,GLD   261016C00375000,0.12594113620807665,46,0.918172469516674,0.03787800157009818,0.2358602650165558,30.925135510749065,408.42,2026-08-31
2026-08-31,2026-08-31 20:00:00+00:00,2026-10-16,376.0,36.6,897213408,GLD   261016C00376000,0.12594113620807665,46,0.9206209294353851,0.03787800157009818,0.23245816978523504,31.51870904183662,408.42,2026-08-31
2026-08-31,2026-08-31 20:00:00+00:00,2026-10-16,377.0,35.7,897213423,GLD   261016C00377000,0.12594113620807665,46,0.9230693893540962,0.03787800157009818,0.23055223762923854,32.35504634762903,408.42,2026-08-31
2026-08-31,2026-08-31 20:00:00+00:00,2026-10-16,378.0,34.85,897213438,GLD   261016C00378000,0.12594113620807665,46,0.9255178492728073,0.03787800157009818,0.23002500783810392,33.40896513902514,408.42,2026-08-31
2026-08-31,2026-08-31 20:00:00+00:00,2026-10-16,379.0,33.92,897213449,GLD   261016C00379000,0.12594113620807665,46,0.9279663091915185,0.03787800157009818,0.2269626662566327,34.10109572563853,408.42,2026-08-31
2026-08-31,2026-08-31 20:00:00+00:00,2026-10-16,380.0,33.13,827014471,GLD   261016C00380000,0.12594113620807665,46,0.9304147691102296,0.03787800157009818,0.22781460448233412,35.36812251740999,408.42,2026-08-31
2026-08-31,2026-08-31 20:00:00+00:00,2026-10-16,381.0,32.28,897213469,GLD   261016C00381000,0.12594113620807665,46,0.9328632290289408,0.03787800157009818,0.22673232685113326,36.36057073783162,408.42,2026-08-31
2026-08-31,2026-08-31 20:00:00+00:00,2026-10-16,382.0,31.45,897213486,GLD   261016C00382000,0.12594113620807665,46,0.9353116889476519,0.03787800157009818,0.22601227989057077,37.40514923758685,408.42,2026-08-31
2026-08-31,2026-08-31 20:00:00+00:00,2026-10-16,383.0,30.73,897213503,GLD   261016C00383000,0.12594113620807665,46,0.937760148866363,0.03787800157009818,0.22794830247713255,38.78178962184097,408.42,2026-08-31
2026-08-31,2026-08-31 20:00:00+00:00,2026-10-16,384.0,29.93,897213517,GLD   261016C00384000,0.12594113620807665,46,0.9402086087850742,0.03787800157009818,0.22753329946827144,39.845683146631906,408.42,2026-08-31
2026-08-31,2026-08-31 20:00:00+00:00,2026-10-16,385.0,29.08,827014526,GLD   261016C00385000,0.12594113620807665,46,0.9426570687037853,0.03787800157009818,0.22568444227473816,40.738166376834464,408.42,2026-08-31
2026-08-31,2026-08-31 20:00:00+00:00,2026-10-16,386.0,28.3,897213532,GLD   261016C00386000,0.12594113620807665,46,0.9451055286224964,0.03787800157009818,0.22537034139214085,41.801604850713126,408.42,2026-08-31
2026-08-31,2026-08-31 20:00:00+00:00,2026-10-16,387.0,27.58,897213551,GLD   261016C00387000,0.12594113620807665,46,0.9475539885412075,0.03787800157009818,0.22623987194942308,42.9710523857858,408.42,2026-08-31
2026-08-31,2026-08-31 20:00:00+00:00,2026-10-16,388.0,26.78,897213556,GLD   261016C00388000,0.12594113620807665,46,0.9500024484599187,0.03787800157009818,0.22501896041249853,43.90959675208013,408.42,2026-08-31
2026-08-31,2026-08-31 20:00:00+00:00,2026-10-16,389.0,26.0,897213572,GLD   261016C00389000,0.12594113620807665,46,0.9524509083786298,0.03787800157009818,0.22406854610731824,44.86370606867916,408.42,2026-08-31
2026-08-31,2026-08-31 20:00:00+00:00,2026-10-16,390.0,25.18,827014584,GLD   261016C00390000,0.12594113620807665,46,0.9548993682973409,0.03787800157009818,0.22205552331032233,45.71329693086404,408.42,2026-08-31
2026-08-31,2026-08-31 20:00:00+00:00,2026-10-16,391.0,24.58,897213584,GLD   261016C00391000,0.12594113620807665,46,0.957347828216052,0.03787800157009818,0.22459998539229853,46.91622966282243,408.42,2026-08-31
2026-08-31,2026-08-31 20:00:00+00:00,2026-10-16,392.0,23.85,897213599,GLD   261016C00392000,0.12594113620807665,46,0.9597962881347631,0.03787800157009818,0.22409308596635236,47.83826349386262,408.42,2026-08-31
2026-08-31,2026-08-31 20:00:00+00:00,2026-10-16,393.0,23.2,897213609,GLD   261016C00393000,0.12594113620807665,46,0.9622447480534744,0.03787800157009818,0.22501935156015676,48.82524101575002,408.42,2026-08-31
2026-08-31,2026-08-31 20:00:00+00:00,2026-10-16,394.0,22.48,897213624,GLD   261016C00394000,0.12594113620807665,46,0.9646932079721855,0.03787800157009818,0.22427851789547132,49.6697172529973,408.42,2026-08-31
2026-08-31,2026-08-31 20:00:00+00:00,2026-10-16,395.0,21.83,827014632,GLD   261016C00395000,0.12594113620807665,46,0.9671416678908966,0.03787800157009818,0.22472411889554933,50.546831370789,408.42,2026-08-31
2026-08-31,2026-08-31 20:00:00+00:00,2026-10-16,396.0,21.1,897213637,GLD   261016C00396000,0.12594113620807665,46,0.9695901278096077,0.03787800157009818,0.2233738492402248,51.297306824750855,408.42,2026-08-31
2026-08-31,2026-08-31 20:00:00+00:00,2026-10-16,397.0,20.43,897213649,GLD   261016C00397000,0.12594113620807665,46,0.9720385877283189,0.03787800157009818,0.2229929645515047,52.06049065177066,408.42,2026-08-31
2026-08-31,2026-08-31 20:00:00+00:00,2026-10-16,398.0,19.8,897213662,GLD   261016C00398000,0.12594113620807665,46,0.97448704764703,0.03787800157009818,0.22315781466336923,52.80347406948038,408.42,2026-08-31
2026-08-31,2026-08-31 20:00:00+00:00,2026-10-16,399.0,19.2,897213672,GLD   261016C00399000,0.12594113620807665,46,0.9769355075657411,0.03787800157009818,0.22365729159684852,53.509342788953994,408.42,2026-08-31
2026-08-31,2026-08-31 20:00:00+00:00,2026-10-16,400.0,18.58,827014701,GLD   261016C00400000,0.12594113620807665,46,0.9793839674844522,0.03787800157009818,0.2235547364060767,54.1485105612928,408.42,2026-08-31
2026-08-31,2026-08-31 20:00:00+00:00,2026-10-16,401.0,17.93,897213686,GLD   261016C00401000,0.12594113620807665,46,0.9818324274031633,0.03787800157009818,0.22268677043942733,54.72468008385305,408.42,2026-08-31
2026-08-31,2026-08-31 20:00:00+00:00,2026-10-16,402.0,17.3,897213698,GLD   261016C00402000,0.12594113620807665,46,0.9842808873218745,0.03787800157009818,0.22197887699538843,55.26089175067403,408.42,2026-08-31
2026-08-31,2026-08-31 20:00:00+00:00,2026-10-16,403.0,16.77,897213709,GLD   261016C00403000,0.12594113620807665,46,0.9867293472405856,0.03787800157009818,0.22285816761804744,55.771656897135394,408.42,2026-08-31
2026-08-31,2026-08-31 20:00:00+00:00,2026-10-16,404.0,16.23,897213728,GLD   261016C00404000,0.12594113620807665,46,0.9891778071592968,0.03787800157009818,0.22332711640810593,56.220204028820056,408.42,2026-08-31
2026-08-31,2026-08-31 20:00:00+00:00,2026-10-16,405.0,15.68,827014751,GLD   261016C00405000,0.12594113620807665,46,0.9916262670780079,0.03787800157009818,0.2233961725958623,56.61047120701781,408.42,2026-08-31
2026-08-31,2026-08-31 20:00:00+00:00,2026-10-16,406.0,15.2,897213743,GLD   261016C00406000,0.12594113620807665,46,0.9940747269967191,0.03787800157009818,0.22447813358372076,56.95118632913507,408.42,2026-08-31
2026-08-31,2026-08-31 20:00:00+00:00,2026-10-16,407.0,14.63,897213758,GLD   261016C00407000,0.12594113620807665,46,0.9965231869154302,0.03787800157009818,0.22376232405612245,57.22960044156084,408.42,2026-08-31
2026-08-31,2026-08-31 20:00:00+00:00,2026-10-16,408.0,14.13,897213769,GLD   261016C00408000,0.12594113620807665,46,0.9989716468341413,0.03787800157009818,0.22405778023367745,57.457041146248365,408.42,2026-08-31
2026-08-31,2026-08-31 20:00:00+00:00,2026-10-16,409.0,13.68,897213784,GLD   261016C00409000,0.12594113620807665,46,1.0014201067528523,0.03787800157009818,0.22500657406998797,57.629454964769145,408.42,2026-08-31
2026-08-31,2026-08-31 20:00:00+00:00,2026-10-16,410.0,13.23,827014809,GLD   261016C00410000,0.12594113620807665,46,1.0038685666715637,0.03787800157009818,0.22574009699868042,57.74668294535329,408.42,2026-08-31
2026-08-31,2026-08-31 20:00:00+00:00,2026-10-16,411.0,12.7,912708356,GLD   261016C00411000,0.12594113620807665,46,1.0063170265902748,0.03787800157009818,0.22487849183799702,57.81056051018833,408.42,2026-08-31
2026-08-31,2026-08-31 20:00:00+00:00,2026-10-16,412.0,12.25,912708461,GLD   261016C00412000,0.12594113620807665,46,1.008765486508986,0.03787800157009818,0.22519261134667318,57.820394189519384,408.42,2026-08-31
2026-08-31,2026-08-31 20:00:00+00:00,2026-10-16,413.0,11.8,912708526,GLD   261016C00413000,0.12594113620807665,46,1.011213946427697,0.03787800157009818,0.22529904076186938,57.77718013737595,408.42,2026-08-31
2026-08-31,2026-08-31 20:00:00+00:00,2026-10-16,414.0,11.4,912708596,GLD   261016C00414000,0.12594113620807665,46,1.0136624063464081,0.03787800157009818,0.22606559704160317,57.683271015857386,408.42,2026-08-31
2026-08-31,2026-08-31 20:00:00+00:00,2026-10-16,415.0,11.0,827014881,GLD   261016C00415000,0.12594113620807665,46,1.0161108662651193,0.03787800157009818,0.22662992066899318,57.53926098117923,408.42,2026-08-31
2026-08-31,2026-08-31 20:00:00+00:00,2026-10-16,416.0,10.6,912708680,GLD   261016C00416000,0.12594113620807665,46,1.0185593261838304,0.03787800157009818,0.22699348310427747,57.34552087224017,408.42,2026-08-31
2026-08-31,2026-08-31 20:00:00+00:00,2026-10-16,417.0,10.15,912708757,GLD   261016C00417000,0.12594113620807665,46,1.0210077861025415,0.03787800157009818,0.2262811566534452,57.093633586261475,408.42,2026-08-31
2026-08-31,2026-08-31 20:00:00+00:00,2026-10-16,418.0,9.8,912708830,GLD   261016C00418000,0.12594113620807665,46,1.0234562460212526,0.03787800157009818,0.22711972135445108,56.80832902864796,408.42,2026-08-31
2026-08-31,2026-08-31 20:00:00+00:00,2026-10-16,419.0,9.45,912708896,GLD   261016C00419000,0.12594113620807665,46,1.0259047059399637,0.03787800157009818,0.2277662977465429,56.47788885867416,408.42,2026-08-31
2026-08-31,2026-08-31 20:00:00+00:00,2026-10-16,420.0,9.07,827014933,GLD   261016C00420000,0.12594113620807665,46,1.0283531658586749,0.03787800157009818,0.2276864198069088,56.09166890058966,408.42,2026-08-31
2026-08-31,2026-08-31 20:00:00+00:00,2026-10-16,421.0,8.73,912708991,GLD   261016C00421000,0.12594113620807665,46,1.030801625777386,0.03787800157009818,0.22812473801011224,55.672488246083724,408.42,2026-08-31
2026-08-31,2026-08-31 20:00:00+00:00,2026-10-16,422.0,8.5,912709070,GLD   261016C00422000,0.12594113620807665,46,1.033250085696097,0.03787800157009818,0.23036354613630103,55.26412589635118,408.42,2026-08-31
2026-08-31,2026-08-31 20:00:00+00:00,2026-10-16,423.0,8.1,912709158,GLD   261016C00423000,0.12594113620807665,46,1.0356985456148082,0.03787800157009818,0.229340685696993,54.72863693978855,408.42,2026-08-31
2026-08-31,2026-08-31 20:00:00+00:00,2026-10-16,424.0,7.85,912709235,GLD   261016C00424000,0.12594113620807665,46,1.0381470055335194,0.03787800157009818,0.23086987746683876,54.238792635324224,408.42,2026-08-31
2026-08-31,2026-08-31 20:00:00+00:00,2026-10-16,425.0,7.55,827395259,GLD   261016C00425000,0.12594113620807665,46,1.0405954654522305,0.03787800157009818,0.23130499198446047,53.67982907814861,408.42,2026-08-31
2026-08-31,2026-08-31 20:00:00+00:00,2026-10-16,426.0,7.23,912709314,GLD   261016C00426000,0.12594113620807665,46,1.0430439253709416,0.03787800157009818,0.2311806535943411,53.06281402104609,408.42,2026-08-31
2026-08-31,2026-08-31 20:00:00+00:00,2026-10-16,427.0,7.0,912709403,GLD   261016C00427000,0.12594113620807665,46,1.0454923852896527,0.03787800157009818,0.23257778646433724,52.4896020649947,408.42,2026-08-31
2026-08-31,2026-08-31 20:00:00+00:00,2026-10-16,428.0,6.75,912709471,GLD   261016C00428000,0.12594113620807665,46,1.0479408452083638,0.03787800157009818,0.23343331952327862,51.8673185366852,408.42,2026-08-31
2026-08-31,2026-08-31 20:00:00+00:00,2026-10-16,429.0,6.5,912709553,GLD   261016C00429000,0.12594113620807665,46,1.050389305127075,0.03787800157009818,0.23412278246218338,51.21315202294539,408.42,2026-08-31
2026-08-31,2026-08-31 20:00:00+00:00,2026-10-16,430.0,6.23,827395322,GLD   261016C00430000,0.12594113620807665,46,1.052837765045786,0.03787800157009818,0.23424827566919848,50.499557578240015,408.42,2026-08-31
2026-08-31,2026-08-31 20:00:00+00:00,2026-10-16,435.0,5.13,827395402,GLD   261016C00435000,0.12594113620807665,46,1.065080064639342,0.03787800157009818,0.23739585950104516,46.82276101256681,408.42,2026-08-31
2026-08-31,2026-08-31 20:00:00+00:00,2026-10-16,440.0,4.18,827395449,GLD   261016C00440000,0.12594113620807665,46,1.0773223642328975,0.03787800157009818,0.23979953636517753,42.7705640719834,408.42,2026-08-31
2026-08-31,2026-08-31 20:00:00+00:00,2026-10-16,445.0,3.48,827395514,GLD   261016C00445000,0.12594113620807665,46,1.0895646638264531,0.03787800157009818,0.24446451700236652,38.90070266806972,408.42,2026-08-31
2026-08-31,2026-08-31 20:00:00+00:00,2026-10-16,450.0,2.86,827395582,GLD   261016C00450000,0.12594113620807665,46,1.1018069634200087,0.03787800157009818,0.24796106508011,34.946888355625205,408.42,2026-08-31
2026-08-31,2026-08-31 20:00:00+00:00,2026-10-16,455.0,2.36,827395643,GLD   261016C00455000,0.12594113620807665,46,1.1140492630135643,0.03787800157009818,0.2518008079757914,31.209561810499476,408.42,2026-08-31
2026-08-31,2026-08-31 20:00:00+00:00,2026-10-16,460.0,1.97,827395672,GLD   261016C00460000,0.12594113620807665,46,1.1262915626071202,0.03787800157009818,0.25640510484771817,27.83871523041731,408.42,2026-08-31
2026-08-31,2026-08-31 20:00:00+00:00,2026-10-16,465.0,1.63,827395727,GLD   261016C00465000,0.12594113620807665,46,1.1385338622006758,0.03787800157009818,0.26025378360478224,24.61543428372437,408.42,2026-08-31
2026-08-31,2026-08-31 20:00:00+00:00,2026-10-16,470.0,1.39,827395802,GLD   261016C00470000,0.12594113620807665,46,1.1507761617942314,0.03787800157009818,0.26590040982505303,21.990559953168944,408.42,2026-08-31
2026-08-31,2026-08-31 20:00:00+00:00,2026-10-16,475.0,1.18,827395864,GLD   261016C00475000,0.12594113620807665,46,1.163018461387787,0.03787800157009818,0.2709870150421746,19.55068759680529,408.42,2026-08-31
2026-08-31,2026-08-31 20:00:00+00:00,2026-10-16,480.0,1.0,827395917,GLD   261016C00480000,0.12594113620807665,46,1.1752607609813428,0.03787800157009818,0.27573653479525817,17.323091260752243,408.42,2026-08-31
2026-08-31,2026-08-31 20:00:00+00:00,2026-10-16,485.0,0.87,827395979,GLD   261016C00485000,0.12594113620807665,46,1.1875030605748984,0.03787800157009818,0.2817380809501745,15.539693595787089,408.42,2026-08-31
2026-08-31,2026-08-31 20:00:00+00:00,2026-10-16,490.0,0.76,827396023,GLD   261016C00490000,0.12594113620807665,46,1.199745360168454,0.03787800157009818,0.28766898770062266,13.95696717997217,408.42,2026-08-31
2026-08-31,2026-08-31 20:00:00+00:00,2026-11-20,330.0,82.25,838421537,GLD   261120C00330000,0.22176591375770022,81,0.8079917731746731,0.03825712172748802,0.2870090843490324,17.850420551498544,408.42,2026-08-31
2026-08-31,2026-08-31 20:00:00+00:00,2026-11-20,335.0,77.45,838421587,GLD   261120C00335000,0.22176591375770022,81,0.8202340727682288,0.03825712172748802,0.2791461782450788,20.0694111990055,408.42,2026-08-31
2026-08-31,2026-08-31 20:00:00+00:00,2026-11-20,340.0,72.68,838421643,GLD   261120C00340000,0.22176591375770022,81,0.8324763723617844,0.03825712172748802,0.2715246940636077,22.576767030772665,408.42,2026-08-31
2026-08-31,2026-08-31 20:00:00+00:00,2026-11-20,345.0,67.97,838421701,GLD   261120C00345000,0.22176591375770022,81,0.84471867195534,0.03825712172748802,0.26507753759557395,25.579503604045794,408.42,2026-08-31
2026-08-31,2026-08-31 20:00:00+00:00,2026-11-20,350.0,63.4,838421767,GLD   261120C00350000,0.22176591375770022,81,0.8569609715488957,0.03825712172748802,0.26195828402983024,29.537466168548196,408.42,2026-08-31
2026-08-31,2026-08-31 20:00:00+00:00,2026-11-20,355.0,58.48,838421807,GLD   261120C00355000,0.22176591375770022,81,0.8692032711424513,0.03825712172748802,0.2457204222851433,31.156355826528046,408.42,2026-08-31
2026-08-31,2026-08-31 20:00:00+00:00,2026-11-20,360.0,53.98,838421860,GLD   261120C00360000,0.22176591375770022,81,0.881445570736007,0.03825712172748802,0.24164612583359707,35.552613357104796,408.42,2026-08-31
2026-08-31,2026-08-31 20:00:00+00:00,2026-11-20,365.0,49.68,838421927,GLD   261120C00365000,0.22176591375770022,81,0.8936878703295627,0.03825712172748802,0.2403462490349077,40.76866241477885,408.42,2026-08-31
2026-08-31,2026-08-31 20:00:00+00:00,2026-11-20,370.0,45.43,838421990,GLD   261120C00370000,0.22176591375770022,81,0.9059301699231184,0.03825712172748802,0.2373178441693075,45.80438008294267,408.42,2026-08-31
2026-08-31,2026-08-31 20:00:00+00:00,2026-11-20,375.0,41.33,838422047,GLD   261120C00375000,0.22176591375770022,81,0.918172469516674,0.03825712172748802,0.23475004361039026,50.98074040439482,408.42,2026-08-31
2026-08-31,2026-08-31 20:00:00+00:00,2026-11-20,380.0,37.43,838422090,GLD   261120C00380000,0.22176591375770022,81,0.9304147691102296,0.03825712172748802,0.23313396118218083,56.20105196408242,408.42,2026-08-31
2026-08-31,2026-08-31 20:00:00+00:00,2026-11-20,385.0,33.78,838422120,GLD   261120C00385000,0.22176591375770022,81,0.9426570687037853,0.03825712172748802,0.23280408401070157,61.26893558180446,408.42,2026-08-31
2026-08-31,2026-08-31 20:00:00+00:00,2026-11-20,390.0,30.23,838422150,GLD   261120C00390000,0.22176591375770022,81,0.9548993682973409,0.03825712172748802,0.23100278385328127,65.71864483426592,408.42,2026-08-31
2026-08-31,2026-08-31 20:00:00+00:00,2026-11-20,395.0,26.9,838422190,GLD   261120C00395000,0.22176591375770022,81,0.9671416678908966,0.03825712172748802,0.2295547179703601,69.60158998336978,408.42,2026-08-31
2026-08-31,2026-08-31 20:00:00+00:00,2026-11-20,400.0,23.95,838422240,GLD   261120C00400000,0.22176591375770022,81,0.9793839674844522,0.03825712172748802,0.23046260893726722,72.79733954916865,408.42,2026-08-31
2026-08-31,2026-08-31 20:00:00+00:00,2026-11-20,405.0,21.2,838422292,GLD   261120C00405000,0.22176591375770022,81,0.9916262670780079,0.03825712172748802,0.23100748228169976,75.06152593401482,408.42,2026-08-31
2026-08-31,2026-08-31 20:00:00+00:00,2026-11-20,410.0,18.68,838422347,GLD   261120C00410000,0.22176591375770022,81,1.0038685666715637,0.03825712172748802,0.2316175189633854,76.37032581957641,408.42,2026-08-31
2026-08-31,2026-08-31 20:00:00+00:00,2026-11-20,415.0,16.48,838422419,GLD   261120C00415000,0.22176591375770022,81,1.0161108662651193,0.03825712172748802,0.23350605436163024,76.7231773087753,408.42,2026-08-31
2026-08-31,2026-08-31 20:00:00+00:00,2026-11-20,420.0,14.48,838422473,GLD   261120C00420000,0.22176591375770022,81,1.0283531658586749,0.03825712172748802,0.23520436161542313,76.17535924409984,408.42,2026-08-31
2026-08-31,2026-08-31 20:00:00+00:00,2026-11-20,425.0,12.58,838422532,GLD   261120C00425000,0.22176591375770022,81,1.0405954654522305,0.03825712172748802,0.23551856494145473,74.78100631376651,408.42,2026-08-31
2026-08-31,2026-08-31 20:00:00+00:00,2026-11-20,430.0,11.1,838422584,GLD   261120C00430000,0.22176591375770022,81,1.052837765045786,0.03825712172748802,0.2389017686721869,72.75897402624621,408.42,2026-08-31
2026-08-31,2026-08-31 20:00:00+00:00,2026-11-20,435.0,9.68,838422631,GLD   261120C00435000,0.22176591375770022,81,1.065080064639342,0.03825712172748802,0.24072263552555817,70.1139015648507,408.42,2026-08-31
2026-08-31,2026-08-31 20:00:00+00:00,2026-11-20,440.0,8.45,838422685,GLD   261120C00440000,0.22176591375770022,81,1.0773223642328975,0.03825712172748802,0.24295021212613216,67.0399792153447,408.42,2026-08-31
2026-08-31,2026-08-31 20:00:00+00:00,2026-11-20,445.0,7.38,838422733,GLD   261120C00445000,0.22176591375770022,81,1.0895646638264531,0.03825712172748802,0.24540166488280518,63.66252435322708,408.42,2026-08-31
2026-08-31,2026-08-31 20:00:00+00:00,2026-11-20,450.0,6.45,838422769,GLD   261120C00450000,0.22176591375770022,81,1.1018069634200087,0.03825712172748802,0.24802130181947724,60.09722411634165,408.42,2026-08-31
2026-08-31,2026-08-31 20:00:00+00:00,2026-11-20,455.0,5.63,838422824,GLD   261120C00455000,0.22176591375770022,81,1.1140492630135643,0.03825712172748802,0.25055266045490276,56.40838011417179,408.42,2026-08-31
2026-08-31,2026-08-31 20:00:00+00:00,2026-11-20,460.0,4.93,838422879,GLD   261120C00460000,0.22176591375770022,81,1.1262915626071202,0.03825712172748802,0.25340965882884336,52.74403378909018,408.42,2026-08-31
2026-08-31,2026-08-31 20:00:00+00:00,2026-11-20,465.0,4.28,838422937,GLD   261120C00465000,0.22176591375770022,81,1.1385338622006758,0.03825712172748802,0.2554784294801765,48.969907586830864,408.42,2026-08-31
2026-08-31,2026-08-31 20:00:00+00:00,2026-11-20,470.0,3.8,838422999,GLD   261120C00470000,0.22176591375770022,81,1.1507761617942314,0.03825712172748802,0.2594458122384735,45.65904853496643,408.42,2026-08-31
2026-08-31,2026-08-31 20:00:00+00:00,2026-11-20,475.0,3.33,838423049,GLD   261120C00475000,0.22176591375770022,81,1.163018461387787,0.03825712172748802,0.2622099037305452,42.24273239566265,408.42,2026-08-31
2026-08-31,2026-08-31 20:00:00+00:00,2026-11-20,480.0,2.96,838423086,GLD   261120C00480000,0.22176591375770022,81,1.1752607609813428,0.03825712172748802,0.26598549375375735,39.20363045164688,408.42,2026-08-31
2026-08-31,2026-08-31 20:00:00+00:00,2026-11-20,485.0,2.6,838423163,GLD   261120C00485000,0.22176591375770022,81,1.1875030605748984,0.03825712172748802,0.26874571102140477,36.118691627674,408.42,2026-08-31
2026-08-31,2026-08-31 20:00:00+00:00,2026-11-20,490.0,2.3,838423223,GLD   261120C00490000,0.22176591375770022,81,1.199745360168454,0.03825712172748802,0.271919604189787,33.309193248882245,408.42,2026-08-31
2026-08-31,2026-08-31 20:00:00+00:00,2026-12-18,330.0,84.05,843266880,GLD   261218C00330000,0.29842573579739906,109,0.8079917731746731,0.0386345078480692,0.28352491795727985,27.680372203816958,408.42,2026-08-31
2026-08-31,2026-08-31 20:00:00+00:00,2026-12-18,335.0,79.2,843266934,GLD   261218C00335000,0.29842573579739906,109,0.8202340727682288,0.0386345078480692,0.27162464160332456,29.446826974702837,408.42,2026-08-31
2026-08-31,2026-08-31 20:00:00+00:00,2026-12-18,340.0,74.55,843266977,GLD   261218C00340000,0.29842573579739906,109,0.8324763723617844,0.0386345078480692,0.2657587398684583,32.71166374086213,408.42,2026-08-31
2026-08-31,2026-08-31 20:00:00+00:00,2026-12-18,345.0,69.65,843267030,GLD   261218C00345000,0.29842573579739906,109,0.84471867195534,0.0386345078480692,0.25162216990897424,34.33490146225592,408.42,2026-08-31
2026-08-31,2026-08-31 20:00:00+00:00,2026-12-18,350.0,65.25,843267095,GLD   261218C00350000,0.29842573579739906,109,0.8569609715488957,0.0386345078480692,0.2507096037962475,39.246952619190935,408.42,2026-08-31
2026-08-31,2026-08-31 20:00:00+00:00,2026-12-18,355.0,60.8,843267155,GLD   261218C00355000,0.29842573579739906,109,0.8692032711424513,0.0386345078480692,0.24644038542835042,43.6276489570192,408.42,2026-08-31
2026-08-31,2026-08-31 20:00:00+00:00,2026-12-18,360.0,56.53,843267204,GLD   261218C00360000,0.29842573579739906,109,0.881445570736007,0.0386345078480692,0.24433221130697055,48.68293842633852,408.42,2026-08-31
2026-08-31,2026-08-31 20:00:00+00:00,2026-12-18,365.0,52.15,843267244,GLD   261218C00365000,0.29842573579739906,109,0.8936878703295627,0.0386345078480692,0.23817696274844932,53.040639046961076,408.42,2026-08-31
2026-08-31,2026-08-31 20:00:00+00:00,2026-12-18,370.0,48.18,843267291,GLD   261218C00370000,0.29842573579739906,109,0.9059301699231184,0.0386345078480692,0.2377411870050244,58.59687583500651,408.42,2026-08-31
2026-08-31,2026-08-31 20:00:00+00:00,2026-12-18,375.0,44.28,843267336,GLD   261218C00375000,0.29842573579739906,109,0.918172469516674,0.0386345078480692,0.23611733750188724,63.81791535708956,408.42,2026-08-31
2026-08-31,2026-08-31 20:00:00+00:00,2026-12-18,380.0,40.6,843267377,GLD   261218C00380000,0.29842573579739906,109,0.9304147691102296,0.0386345078480692,0.2355981821159832,68.96556129908622,408.42,2026-08-31
2026-08-31,2026-08-31 20:00:00+00:00,2026-12-18,385.0,37.03,843267421,GLD   261218C00385000,0.29842573579739906,109,0.9426570687037853,0.0386345078480692,0.2343391709345393,73.65586835081493,408.42,2026-08-31
2026-08-31,2026-08-31 20:00:00+00:00,2026-12-18,390.0,33.55,843267461,GLD   261218C00390000,0.29842573579739906,109,0.9548993682973409,0.0386345078480692,0.2321024582422338,77.82191746448991,408.42,2026-08-31
2026-08-31,2026-08-31 20:00:00+00:00,2026-12-18,395.0,30.38,843267516,GLD   261218C00395000,0.29842573579739906,109,0.9671416678908966,0.0386345078480692,0.2316239356475882,81.54852513822814,408.42,2026-08-31
2026-08-31,2026-08-31 20:00:00+00:00,2026-12-18,400.0,27.58,843267561,GLD   261218C00400000,0.29842573579739906,109,0.9793839674844522,0.0386345078480692,0.23332451993953435,84.63088704390358,408.42,2026-08-31
2026-08-31,2026-08-31 20:00:00+00:00,2026-12-18,405.0,24.8,843267622,GLD   261218C00405000,0.29842573579739906,109,0.9916262670780079,0.0386345078480692,0.2329674906014465,86.87533887469094,408.42,2026-08-31
2026-08-31,2026-08-31 20:00:00+00:00,2026-12-18,410.0,22.35,843267653,GLD   261218C00410000,0.29842573579739906,109,1.0038685666715637,0.0386345078480692,0.2342069257739,88.32859265732142,408.42,2026-08-31
2026-08-31,2026-08-31 20:00:00+00:00,2026-12-18,415.0,20.05,843267705,GLD   261218C00415000,0.29842573579739906,109,1.0161108662651193,0.0386345078480692,0.2349922664542683,88.97054462218024,408.42,2026-08-31
2026-08-31,2026-08-31 20:00:00+00:00,2026-12-18,420.0,17.95,843267745,GLD   261218C00420000,0.29842573579739906,109,1.0283531658586749,0.0386345078480692,0.23595285059856247,88.83273979491476,408.42,2026-08-31
2026-08-31,2026-08-31 20:00:00+00:00,2026-12-18,425.0,16.02,843267789,GLD   261218C00425000,0.29842573579739906,109,1.0405954654522305,0.0386345078480692,0.23682576178917664,87.96304128871282,408.42,2026-08-31
2026-08-31,2026-08-31 20:00:00+00:00,2026-12-18,430.0,14.35,843267838,GLD   261218C00430000,0.29842573579739906,109,1.052837765045786,0.0386345078480692,0.23873920956803485,86.45773043680899,408.42,2026-08-31
2026-08-31,2026-08-31 20:00:00+00:00,2026-12-18,435.0,12.8,843267905,GLD   261218C00435000,0.29842573579739906,109,1.065080064639342,0.0386345078480692,0.24021353822229435,84.37540391126294,408.42,2026-08-31
2026-08-31,2026-08-31 20:00:00+00:00,2026-12-18,440.0,11.4,843267970,GLD   261218C00440000,0.29842573579739906,109,1.0773223642328975,0.0386345078480692,0.24170650226855656,81.80957246335342,408.42,2026-08-31
2026-08-31,2026-08-31 20:00:00+00:00,2026-12-18,445.0,10.1,843268027,GLD   261218C00445000,0.29842573579739906,109,1.0895646638264531,0.0386345078480692,0.24271747926948595,78.79743705828639,408.42,2026-08-31
2026-08-31,2026-08-31 20:00:00+00:00,2026-12-18,450.0,9.07,843268078,GLD   261218C00450000,0.29842573579739906,109,1.1018069634200087,0.0386345078480692,0.24557094800146298,75.67677606663278,408.42,2026-08-31
2026-08-31,2026-08-31 20:00:00+00:00,2026-12-18,455.0,8.0,843268128,GLD   261218C00455000,0.29842573579739906,109,1.1140492630135643,0.0386345078480692,0.24637315459633247,72.08324151695916,408.42,2026-08-31
2026-08-31,2026-08-31 20:00:00+00:00,2026-12-18,460.0,7.25,843268193,GLD   261218C00460000,0.29842573579739906,109,1.1262915626071202,0.0386345078480692,0.25020398956974976,68.81269320318441,408.42,2026-08-31
2026-08-31,2026-08-31 20:00:00+00:00,2026-12-18,465.0,6.38,843268254,GLD   261218C00465000,0.29842573579739906,109,1.1385338622006758,0.0386345078480692,0.2509488185283728,64.95650311196725,408.42,2026-08-31
2026-08-31,2026-08-31 20:00:00+00:00,2026-12-18,470.0,5.8,843268302,GLD   261218C00470000,0.29842573579739906,109,1.1507761617942314,0.0386345078480692,0.25488125876253476,61.695475497572005,408.42,2026-08-31
2026-08-31,2026-08-31 20:00:00+00:00,2026-12-18,475.0,5.13,843268355,GLD   261218C00475000,0.29842573579739906,109,1.163018461387787,0.0386345078480692,0.25618053021365783,57.933985851262655,408.42,2026-08-31
2026-08-31,2026-08-31 20:00:00+00:00,2026-12-18,480.0,4.68,843268405,GLD   261218C00480000,0.29842573579739906,109,1.1752607609813428,0.0386345078480692,0.2601591910627671,54.84501373734647,408.42,2026-08-31
2026-08-31,2026-08-31 20:00:00+00:00,2026-12-18,485.0,4.15,843268444,GLD   261218C00485000,0.29842573579739906,109,1.1875030605748984,0.0386345078480692,0.26163825074108316,51.27695617716173,408.42,2026-08-31
2026-08-31,2026-08-31 20:00:00+00:00,2026-12-18,490.0,3.78,843268501,GLD   261218C00490000,0.29842573579739906,109,1.199745360168454,0.0386345078480692,0.2652203623690643,48.34386686984404,408.42,2026-08-31
2026-08-31,2026-08-31 20:00:00+00:00,2026-12-31,330.0,84.68,843069691,GLD   261231C00330000,0.33401779603011633,122,0.8079917731746731,0.0388372087170209,0.2747164682677946,30.391788702799886,408.42,2026-08-31
2026-08-31,2026-08-31 20:00:00+00:00,2026-12-31,335.0,79.88,843069756,GLD   261231C00335000,0.33401779603011633,122,0.8202340727682288,0.0388372087170209,0.26449968212181707,32.54853452122161,408.42,2026-08-31
2026-08-31,2026-08-31 20:00:00+00:00,2026-12-31,340.0,74.45,843069801,GLD   261231C00340000,0.33401779603011633,122,0.8324763723617844,0.0388372087170209,0.2344632997812703,29.817558501869748,408.42,2026-08-31
2026-08-31,2026-08-31 20:00:00+00:00,2026-12-31,345.0,70.68,843069849,GLD   261231C00345000,0.33401779603011633,122,0.84471867195534,0.0388372087170209,0.2534612344414927,39.72755655940957,408.42,2026-08-31
2026-08-31,2026-08-31 20:00:00+00:00,2026-12-31,350.0,66.3,843069906,GLD   261231C00350000,0.33401779603011633,122,0.8569609715488957,0.0388372087170209,0.2513319197204895,44.487692923022315,408.42,2026-08-31
2026-08-31,2026-08-31 20:00:00+00:00,2026-12-31,355.0,61.7,843069951,GLD   261231C00355000,0.33401779603011633,122,0.8692032711424513,0.0388372087170209,0.24291265263790268,47.990832631010164,408.42,2026-08-31
2026-08-31,2026-08-31 20:00:00+00:00,2026-12-31,360.0,57.43,843070010,GLD   261231C00360000,0.33401779603011633,122,0.881445570736007,0.0388372087170209,0.2400343646557071,52.98057267056071,408.42,2026-08-31
2026-08-31,2026-08-31 20:00:00+00:00,2026-12-31,361.0,56.6,843070041,GLD   261231C00361000,0.33401779603011633,122,0.8838940306547182,0.0388372087170209,0.2396941779495217,54.0443600497603,408.42,2026-08-31
2026-08-31,2026-08-31 20:00:00+00:00,2026-12-31,362.0,55.78,843070091,GLD   261231C00362000,0.33401779603011633,122,0.8863424905734293,0.0388372087170209,0.2394550377217122,55.13167441674027,408.42,2026-08-31
2026-08-31,2026-08-31 20:00:00+00:00,2026-12-31,363.0,54.93,843070136,GLD   261231C00363000,0.33401779603011633,122,0.8887909504921404,0.0388372087170209,0.2385974651071243,56.08953726410093,408.42,2026-08-31
2026-08-31,2026-08-31 20:00:00+00:00,2026-12-31,364.0,54.13,843070178,GLD   261231C00364000,0.33401779603011633,122,0.8912394104108515,0.0388372087170209,0.23855305122183634,57.21974278748045,408.42,2026-08-31
2026-08-31,2026-08-31 20:00:00+00:00,2026-12-31,365.0,53.28,843070227,GLD   261231C00365000,0.33401779603011633,122,0.8936878703295627,0.0388372087170209,0.23755897738756615,58.155247205618416,408.42,2026-08-31
2026-08-31,2026-08-31 20:00:00+00:00,2026-12-31,366.0,52.45,843070260,GLD   261231C00366000,0.33401779603011633,122,0.8961363302482738,0.0388372087170209,0.2368450490939431,59.150675587975975,408.42,2026-08-31
2026-08-31,2026-08-31 20:00:00+00:00,2026-12-31,367.0,51.68,843070284,GLD   261231C00367000,0.33401779603011633,122,0.8985847901669849,0.0388372087170209,0.23705981709742918,60.328379139285005,408.42,2026-08-31
2026-08-31,2026-08-31 20:00:00+00:00,2026-12-31,368.0,50.85,843070325,GLD   261231C00368000,0.33401779603011633,122,0.901033250085696,0.0388372087170209,0.23619712231112644,61.294375198693196,408.42,2026-08-31
2026-08-31,2026-08-31 20:00:00+00:00,2026-12-31,369.0,50.05,843070366,GLD   261231C00369000,0.33401779603011633,122,0.9034817100044072,0.0388372087170209,0.23575292758001015,62.33950623528011,408.42,2026-08-31
2026-08-31,2026-08-31 20:00:00+00:00,2026-12-31,370.0,49.3,843070396,GLD   261231C00370000,0.33401779603011633,122,0.9059301699231184,0.0388372087170209,0.23602035150872547,63.509900681760875,408.42,2026-08-31
2026-08-31,2026-08-31 20:00:00+00:00,2026-12-31,371.0,48.53,843070455,GLD   261231C00371000,0.33401779603011633,122,0.9083786298418295,0.0388372087170209,0.23587786200465632,64.59768680574467,408.42,2026-08-31
2026-08-31,2026-08-31 20:00:00+00:00,2026-12-31,372.0,47.73,843070491,GLD   261231C00372000,0.33401779603011633,122,0.9108270897605406,0.0388372087170209,0.2351922826032154,65.58605352863246,408.42,2026-08-31
2026-08-31,2026-08-31 20:00:00+00:00,2026-12-31,373.0,46.98,843070539,GLD   261231C00373000,0.33401779603011633,122,0.9132755496792517,0.0388372087170209,0.23518809173544863,66.68339661568697,408.42,2026-08-31
2026-08-31,2026-08-31 20:00:00+00:00,2026-12-31,374.0,46.23,843070578,GLD   261231C00374000,0.33401779603011633,122,0.9157240095979629,0.0388372087170209,0.2350940114106052,67.75563153428742,408.42,2026-08-31
2026-08-31,2026-08-31 20:00:00+00:00,2026-12-31,375.0,45.43,843070629,GLD   261231C00375000,0.33401779603011633,122,0.918172469516674,0.0388372087170209,0.2341859248698689,68.69268662760743,408.42,2026-08-31
2026-08-31,2026-08-31 20:00:00+00:00,2026-12-31,376.0,44.68,843070679,GLD   261231C00376000,0.33401779603011633,122,0.9206209294353851,0.0388372087170209,0.2339320421005599,69.72366978843195,408.42,2026-08-31
2026-08-31,2026-08-31 20:00:00+00:00,2026-12-31,377.0,43.9,843070741,GLD   261231C00377000,0.33401779603011633,122,0.9230693893540962,0.0388372087170209,0.23317210739189764,70.67183941794212,408.42,2026-08-31
2026-08-31,2026-08-31 20:00:00+00:00,2026-12-31,378.0,43.18,843070801,GLD   261231C00378000,0.33401779603011633,122,0.9255178492728073,0.0388372087170209,0.23318149493569512,71.71970443794756,408.42,2026-08-31
2026-08-31,2026-08-31 20:00:00+00:00,2026-12-31,379.0,42.48,843070854,GLD   261231C00379000,0.33401779603011633,122,0.9279663091915185,0.0388372087170209,0.2333769104431383,72.77642716803051,408.42,2026-08-31
2026-08-31,2026-08-31 20:00:00+00:00,2026-12-31,380.0,41.73,843070906,GLD   261231C00380000,0.33401779603011633,122,0.9304147691102296,0.0388372087170209,0.23280092689031734,73.71833041017744,408.42,2026-08-31
2026-08-31,2026-08-31 20:00:00+00:00,2026-12-31,381.0,41.03,843070940,GLD   261231C00381000,0.33401779603011633,122,0.9328632290289408,0.0388372087170209,0.2328215087075718,74.72105967669202,408.42,2026-08-31
2026-08-31,2026-08-31 20:00:00+00:00,2026-12-31,382.0,40.33,843070984,GLD   261231C00382000,0.33401779603011633,122,0.9353116889476519,0.0388372087170209,0.23275411955388262,75.69571394185019,408.42,2026-08-31
2026-08-31,2026-08-31 20:00:00+00:00,2026-12-31,383.0,39.6,843071018,GLD   261231C00383000,0.33401779603011633,122,0.937760148866363,0.0388372087170209,0.23220985621353607,76.60123601441528,408.42,2026-08-31
2026-08-31,2026-08-31 20:00:00+00:00,2026-12-31,384.0,38.92,843071063,GLD   261231C00384000,0.33401779603011633,122,0.9402086087850742,0.0388372087170209,0.2322367522715591,77.551734255841,408.42,2026-08-31
2026-08-31,2026-08-31 20:00:00+00:00,2026-12-31,385.0,38.38,843071103,GLD   261231C00385000,0.33401779603011633,122,0.9426570687037853,0.0388372087170209,0.2339587425847538,78.6422962769884,408.42,2026-08-31
2026-08-31,2026-08-31 20:00:00+00:00,2026-12-31,386.0,37.58,843071143,GLD   261231C00386000,0.33401779603011633,122,0.9451055286224964,0.0388372087170209,0.23228382037309928,79.38951106151349,408.42,2026-08-31
2026-08-31,2026-08-31 20:00:00+00:00,2026-12-31,387.0,36.9,843071179,GLD   261231C00387000,0.33401779603011633,122,0.9475539885412075,0.0388372087170209,0.23205389074133703,80.25432226076143,408.42,2026-08-31
2026-08-31,2026-08-31 20:00:00+00:00,2026-12-31,388.0,36.25,843071224,GLD   261231C00388000,0.33401779603011633,122,0.9500024484599187,0.0388372087170209,0.23211350350705903,81.12199435647398,408.42,2026-08-31
2026-08-31,2026-08-31 20:00:00+00:00,2026-12-31,389.0,35.58,843071265,GLD   261231C00389000,0.33401779603011633,122,0.9524509083786298,0.0388372087170209,0.2318430249013938,81.94163435509587,408.42,2026-08-31
2026-08-31,2026-08-31 20:00:00+00:00,2026-12-31,390.0,34.95,843071309,GLD   261231C00390000,0.33401779603011633,122,0.9548993682973409,0.0388372087170209,0.23197676946138962,82.76774912294562,408.42,2026-08-31
2026-08-31,2026-08-31 20:00:00+00:00,2026-12-31,391.0,34.28,843071333,GLD   261231C00391000,0.33401779603011633,122,0.957347828216052,0.0388372087170209,0.2315451193944551,83.53249590700617,408.42,2026-08-31
2026-08-31,2026-08-31 20:00:00+00:00,2026-12-31,392.0,33.63,843071386,GLD   261231C00392000,0.33401779603011633,122,0.9597962881347631,0.0388372087170209,0.2312748084235005,84.28576840867406,408.42,2026-08-31
2026-08-31,2026-08-31 20:00:00+00:00,2026-12-31,393.0,33.03,843071441,GLD   261231C00393000,0.33401779603011633,122,0.9622447480534744,0.0388372087170209,0.2315137949861586,85.04284175916544,408.42,2026-08-31
2026-08-31,2026-08-31 20:00:00+00:00,2026-12-31,394.0,32.4,843071489,GLD   261231C00394000,0.33401779603011633,122,0.9646932079721855,0.0388372087170209,0.2313158416754566,85.75027917146076,408.42,2026-08-31
2026-08-31,2026-08-31 20:00:00+00:00,2026-12-31,395.0,31.95,843071544,GLD   261231C00395000,0.33401779603011633,122,0.9671416678908966,0.0388372087170209,0.233119926431682,86.5184783389587,408.42,2026-08-31
2026-08-31,2026-08-31 20:00:00+00:00,2026-12-31,396.0,31.38,843071597,GLD   261231C00396000,0.33401779603011633,122,0.9695901278096077,0.0388372087170209,0.233437175121624,87.18606946126768,408.42,2026-08-31
2026-08-31,2026-08-31 20:00:00+00:00,2026-12-31,397.0,30.8,843071640,GLD   261231C00397000,0.33401779603011633,122,0.9720385877283189,0.0388372087170209,0.23355467774076383,87.81675810684239,408.42,2026-08-31
2026-08-31,2026-08-31 20:00:00+00:00,2026-12-31,398.0,30.15,843071687,GLD   261231C00398000,0.33401779603011633,122,0.97448704764703,0.0388372087170209,0.23279796534376218,88.39266327852148,408.42,2026-08-31
2026-08-31,2026-08-31 20:00:00+00:00,2026-12-31,399.0,29.63,843071732,GLD   261231C00399000,0.33401779603011633,122,0.9769355075657411,0.0388372087170209,0.23343165248921138,88.98214839672558,408.42,2026-08-31
2026-08-31,2026-08-31 20:00:00+00:00,2026-12-31,400.0,29.03,843071784,GLD   261231C00400000,0.33401779603011633,122,0.9793839674844522,0.0388372087170209,0.23308368939505886,89.5163642786387,408.42,2026-08-31
2026-08-31,2026-08-31 20:00:00+00:00,2026-12-31,401.0,28.48,843071839,GLD   261231C00401000,0.33401779603011633,122,0.9818324274031633,0.0388372087170209,0.23321534783421083,90.03309144195862,408.42,2026-08-31
2026-08-31,2026-08-31 20:00:00+00:00,2026-12-31,402.0,27.58,843071894,GLD   261231C00402000,0.33401779603011633,122,0.9842808873218745,0.0388372087170209,0.22939818440275267,90.45484947151567,408.42,2026-08-31
2026-08-31,2026-08-31 20:00:00+00:00,2026-12-31,403.0,27.38,843071934,GLD   261231C00403000,0.33401779603011633,122,0.9867293472405856,0.0388372087170209,0.23323741042474289,90.97278266631656,408.42,2026-08-31
2026-08-31,2026-08-31 20:00:00+00:00,2026-12-31,404.0,26.83,843071994,GLD   261231C00404000,0.33401779603011633,122,0.9891778071592968,0.0388372087170209,0.23313027321854607,91.39672732706472,408.42,2026-08-31
2026-08-31,2026-08-31 20:00:00+00:00,2026-12-31,405.0,26.25,843072046,GLD   261231C00405000,0.33401779603011633,122,0.9916262670780079,0.0388372087170209,0.23261892215972763,91.78788707342119,408.42,2026-08-31
2026-08-31,2026-08-31 20:00:00+00:00,2026-12-31,406.0,25.7,843072092,GLD   261231C00406000,0.33401779603011633,122,0.9940747269967191,0.0388372087170209,0.23235917217554525,92.15255100780489,408.42,2026-08-31
2026-08-31,2026-08-31 20:00:00+00:00,2026-12-31,407.0,25.18,843072139,GLD   261231C00407000,0.33401779603011633,122,0.9965231869154302,0.0388372087170209,0.23234787545865399,92.48877917701124,408.42,2026-08-31
2026-08-31,2026-08-31 20:00:00+00:00,2026-12-31,408.0,24.7,843072184,GLD   261231C00408000,0.33401779603011633,122,0.9989716468341413,0.0388372087170209,0.23269019485088063,92.79530654528884,408.42,2026-08-31
2026-08-31,2026-08-31 20:00:00+00:00,2026-12-31,409.0,24.2,843072231,GLD   261231C00409000,0.33401779603011633,122,1.0014201067528523,0.0388372087170209,0.23273842708235604,93.06983607179185,408.42,2026-08-31
2026-08-31,2026-08-31 20:00:00+00:00,2026-12-31,410.0,23.73,843072278,GLD   261231C00410000,0.33401779603011633,122,1.0038685666715637,0.0388372087170209,0.23303118247846138,93.31358995799222,408.42,2026-08-31
2026-08-31,2026-08-31 20:00:00+00:00,2026-12-31,411.0,23.25,843072326,GLD   261231C00411000,0.33401779603011633,122,1.0063170265902748,0.0388372087170209,0.23313934411900117,93.52632106230475,408.42,2026-08-31
2026-08-31,2026-08-31 20:00:00+00:00,2026-12-31,412.0,22.75,843072366,GLD   261231C00412000,0.33401779603011633,122,1.008765486508986,0.0388372087170209,0.23295774916214868,93.70875160766356,408.42,2026-08-31
2026-08-31,2026-08-31 20:00:00+00:00,2026-12-31,413.0,22.28,843072414,GLD   261231C00413000,0.33401779603011633,122,1.011213946427697,0.0388372087170209,0.23302083569159732,93.8603595760403,408.42,2026-08-31
2026-08-31,2026-08-31 20:00:00+00:00,2026-12-31,414.0,21.83,843072459,GLD   261231C00414000,0.33401779603011633,122,1.0136624063464081,0.0388372087170209,0.23322132680555807,93.98122201019122,408.42,2026-08-31
2026-08-31,2026-08-31 20:00:00+00:00,2026-12-31,415.0,21.38,843072512,GLD   261231C00415000,0.33401779603011633,122,1.0161108662651193,0.0388372087170209,0.2333465406213887,94.0719165678328,408.42,2026-08-31
2026-08-31,2026-08-31 20:00:00+00:00,2026-12-31,416.0,21.03,843072566,GLD   261231C00416000,0.33401779603011633,122,1.0185593261838304,0.0388372087170209,0.2344594488394447,94.13136058274475,408.42,2026-08-31
2026-08-31,2026-08-31 20:00:00+00:00,2026-12-31,417.0,20.63,843072617,GLD   261231C00417000,0.33401779603011633,122,1.0210077861025415,0.0388372087170209,0.23496650658706203,94.16265703115448,408.42,2026-08-31
2026-08-31,2026-08-31 20:00:00+00:00,2026-12-31,418.0,20.08,843072659,GLD   261231C00418000,0.33401779603011633,122,1.0234562460212526,0.0388372087170209,0.2338071728671901,94.164653254635,408.42,2026-08-31
2026-08-31,2026-08-31 20:00:00+00:00,2026-12-31,419.0,19.7,843072716,GLD   261231C00419000,0.33401779603011633,122,1.0259047059399637,0.0388372087170209,0.23438008311698216,94.1375294764924,408.42,2026-08-31
2026-08-31,2026-08-31 20:00:00+00:00,2026-12-31,420.0,19.3,843072784,GLD   261231C00420000,0.33401779603011633,122,1.0283531658586749,0.0388372087170209,0.23466812611510973,94.08192693426977,408.42,2026-08-31
2026-08-31,2026-08-31 20:00:00+00:00,2026-12-31,421.0,18.88,843072842,GLD   261231C00421000,0.33401779603011633,122,1.030801625777386,0.0388372087170209,0.23467144155716518,93.99709877765011,408.42,2026-08-31
2026-08-31,2026-08-31 20:00:00+00:00,2026-12-31,422.0,18.58,843072889,GLD   261231C00422000,0.33401779603011633,122,1.033250085696097,0.0388372087170209,0.23588081423817203,93.89170854558996,408.42,2026-08-31
2026-08-31,2026-08-31 20:00:00+00:00,2026-12-31,423.0,18.08,843072949,GLD   261231C00423000,0.33401779603011633,122,1.0356985456148082,0.0388372087170209,0.23488869614219293,93.74416377362438,408.42,2026-08-31
2026-08-31,2026-08-31 20:00:00+00:00,2026-12-31,424.0,17.8,843073002,GLD   261231C00424000,0.33401779603011633,122,1.0381470055335194,0.0388372087170209,0.23617284321719784,93.58943083569731,408.42,2026-08-31
2026-08-31,2026-08-31 20:00:00+00:00,2026-12-31,425.0,17.45,843073052,GLD   261231C00425000,0.33401779603011633,122,1.0405954654522305,0.0388372087170209,0.23664168025078253,93.402688076216,408.42,2026-08-31
2026-08-31,2026-08-31 20:00:00+00:00,2026-12-31,426.0,16.98,843073111,GLD   261231C00426000,0.33401779603011633,122,1.0430439253709416,0.0388372087170209,0.2357545201097615,93.16979906000118,408.42,2026-08-31
2026-08-31,2026-08-31 20:00:00+00:00,2026-12-31,427.0,16.7,843073169,GLD   261231C00427000,0.33401779603011633,122,1.0454923852896527,0.0388372087170209,0.236837272705976,92.94299715969669,408.42,2026-08-31
2026-08-31,2026-08-31 20:00:00+00:00,2026-12-31,428.0,16.27,843073212,GLD   261231C00428000,0.33401779603011633,122,1.0479408452083638,0.0388372087170209,0.23623775510238482,92.65950653982136,408.42,2026-08-31
2026-08-31,2026-08-31 20:00:00+00:00,2026-12-31,429.0,16.0,843073266,GLD   261231C00429000,0.33401779603011633,122,1.050389305127075,0.0388372087170209,0.23729727166509257,92.38881938828993,408.42,2026-08-31
2026-08-31,2026-08-31 20:00:00+00:00,2026-12-31,430.0,15.55,843073313,GLD   261231C00430000,0.33401779603011633,122,1.052837765045786,0.0388372087170209,0.23633972822818908,92.04199869096233,408.42,2026-08-31
2026-08-31,2026-08-31 20:00:00+00:00,2026-12-31,431.0,15.35,843073357,GLD   261231C00431000,0.33401779603011633,122,1.0552862249644972,0.0388372087170209,0.23803221948882564,91.74987925471109,408.42,2026-08-31
2026-08-31,2026-08-31 20:00:00+00:00,2026-12-31,432.0,14.9,843073393,GLD   261231C00432000,0.33401779603011633,122,1.0577346848832083,0.0388372087170209,0.23693344846470277,91.34525217969873,408.42,2026-08-31
2026-08-31,2026-08-31 20:00:00+00:00,2026-12-31,433.0,14.6,843073463,GLD   261231C00433000,0.33401779603011633,122,1.0601831448019194,0.0388372087170209,0.2374064111747779,90.97168123291961,408.42,2026-08-31
2026-08-31,2026-08-31 20:00:00+00:00,2026-12-31,434.0,14.38,843073489,GLD   261231C00434000,0.33401779603011633,122,1.0626316047206308,0.0388372087170209,0.23869897723747424,90.61482898807948,408.42,2026-08-31
2026-08-31,2026-08-31 20:00:00+00:00,2026-12-31,435.0,13.95,843073545,GLD   261231C00435000,0.33401779603011633,122,1.065080064639342,0.0388372087170209,0.23760740519287066,90.1312353615186,408.42,2026-08-31
2026-08-31,2026-08-31 20:00:00+00:00,2026-12-31,436.0,14.33,843073608,GLD   261231C00436000,0.33401779603011633,122,1.067528524558053,0.0388372087170209,0.24545284934779626,90.070631827661,408.42,2026-08-31
2026-08-31,2026-08-31 20:00:00+00:00,2026-12-31,437.0,13.48,843073649,GLD   261231C00437000,0.33401779603011633,122,1.0699769844767641,0.0388372087170209,0.2395601167461835,89.3059843507666,408.42,2026-08-31
2026-08-31,2026-08-31 20:00:00+00:00,2026-12-31,438.0,13.2,843073690,GLD   261231C00438000,0.33401779603011633,122,1.0724254443954753,0.0388372087170209,0.23994570451984182,88.83855974798334,408.42,2026-08-31
2026-08-31,2026-08-31 20:00:00+00:00,2026-12-31,440.0,12.63,843073728,GLD   261231C00440000,0.33401779603011633,122,1.0773223642328975,0.0388372087170209,0.24041947746435183,87.8336835707596,408.42,2026-08-31
2026-08-31,2026-08-31 20:00:00+00:00,2026-12-31,445.0,11.23,843073788,GLD   261231C00445000,0.33401779603011633,122,1.0895646638264531,0.0388372087170209,0.24080141452653336,84.96319578036866,408.42,2026-08-31
2026-08-31,2026-08-31 20:00:00+00:00,2026-12-31,450.0,10.18,843073841,GLD   261231C00450000,0.33401779603011633,122,1.1018069634200087,0.0388372087170209,0.2438586339362897,82.02757029891843,408.42,2026-08-31
2026-08-31,2026-08-31 20:00:00+00:00,2026-12-31,455.0,9.0,843073889,GLD   261231C00455000,0.33401779603011633,122,1.1140492630135643,0.0388372087170209,0.2439335107737221,78.48653580381696,408.42,2026-08-31
2026-08-31,2026-08-31 20:00:00+00:00,2026-12-31,460.0,8.2,843073930,GLD   261231C00460000,0.33401779603011633,122,1.1262915626071202,0.0388372087170209,0.24753218098590152,75.27971080482693,408.42,2026-08-31
2026-08-31,2026-08-31 20:00:00+00:00,2026-12-31,465.0,7.23,843073971,GLD   261231C00465000,0.33401779603011633,122,1.1385338622006758,0.0388372087170209,0.2476134000032209,71.37919678415464,408.42,2026-08-31
2026-08-31,2026-08-31 20:00:00+00:00,2026-12-31,470.0,6.53,843074015,GLD   261231C00470000,0.33401779603011633,122,1.1507761617942314,0.0388372087170209,0.2502214794578962,67.88064760863567,408.42,2026-08-31
2026-08-31,2026-08-31 20:00:00+00:00,2026-12-31,475.0,5.85,843074064,GLD   261231C00475000,0.33401779603011633,122,1.163018461387787,0.0388372087170209,0.2520159904095346,64.21874896616376,408.42,2026-08-31
2026-08-31,2026-08-31 20:00:00+00:00,2026-12-31,480.0,5.4,843074117,GLD   261231C00480000,0.33401779603011633,122,1.1752607609813428,0.0388372087170209,0.2564255190302618,61.21788001230231,408.42,2026-08-31
2026-08-31,2026-08-31 20:00:00+00:00,2026-12-31,485.0,4.78,843074169,GLD   261231C00485000,0.33401779603011633,122,1.1875030605748984,0.0388372087170209,0.25708475184300916,57.39919740683798,408.42,2026-08-31
2026-08-31,2026-08-31 20:00:00+00:00,2026-12-31,490.0,4.4,843074219,GLD   261231C00490000,0.33401779603011633,122,1.199745360168454,0.0388372087170209,0.26096308331778284,54.488623362479785,408.42,2026-08-31
2026-08-31,2026-08-31 20:00:00+00:00,2027-01-15,327.0,88.28,776885267,GLD   270115C00327000,0.3750855578370979,137,0.8006463934185397,0.038908304626388925,0.2725621852879413,32.26019677442225,408.42,2026-08-31
2026-08-31,2026-08-31 20:00:00+00:00,2027-01-15,328.0,87.3,776885310,GLD   270115C00328000,0.3750855578370979,137,0.8030948533372508,0.038908304626388925,0.2699603595392779,32.5316197918416,408.42,2026-08-31
2026-08-31,2026-08-31 20:00:00+00:00,2027-01-15,329.0,86.65,776885341,GLD   270115C00329000,0.3750855578370979,137,0.805543313255962,0.038908304626388925,0.27707428772551945,35.12214049625271,408.42,2026-08-31
2026-08-31,2026-08-31 20:00:00+00:00,2027-01-15,330.0,85.55,731137430,GLD   270115C00330000,0.3750855578370979,137,0.8079917731746731,0.038908304626388925,0.2709675973548554,34.59137526006034,408.42,2026-08-31
2026-08-31,2026-08-31 20:00:00+00:00,2027-01-15,331.0,84.7,811874759,GLD   270115C00331000,0.3750855578370979,137,0.8104402330933842,0.038908304626388925,0.2719998360249215,35.76252931985192,408.42,2026-08-31
2026-08-31,2026-08-31 20:00:00+00:00,2027-01-15,332.0,83.58,811874818,GLD   270115C00332000,0.3750855578370979,137,0.8128886930120953,0.038908304626388925,0.2653882205926813,35.09813669333486,408.42,2026-08-31
2026-08-31,2026-08-31 20:00:00+00:00,2027-01-15,333.0,82.95,811874868,GLD   270115C00333000,0.3750855578370979,137,0.8153371529308064,0.038908304626388925,0.27231850029686466,37.7151328309816,408.42,2026-08-31
2026-08-31,2026-08-31 20:00:00+00:00,2027-01-15,334.0,81.95,811874933,GLD   270115C00334000,0.3750855578370979,137,0.8177856128495177,0.038908304626388925,0.2690725055768155,37.892484637954134,408.42,2026-08-31
2026-08-31,2026-08-31 20:00:00+00:00,2027-01-15,335.0,80.97,731137475,GLD   270115C00335000,0.3750855578370979,137,0.8202340727682288,0.038908304626388925,0.2663593750367872,38.20004865639726,408.42,2026-08-31
2026-08-31,2026-08-31 20:00:00+00:00,2027-01-15,336.0,80.1,811874983,GLD   270115C00336000,0.3750855578370979,137,0.8226825326869399,0.038908304626388925,0.2664786657595075,39.20199623294463,408.42,2026-08-31
2026-08-31,2026-08-31 20:00:00+00:00,2027-01-15,337.0,79.15,811875034,GLD   270115C00337000,0.3750855578370979,137,0.825130992605651,0.038908304626388925,0.264503025502991,39.70448595978515,408.42,2026-08-31
2026-08-31,2026-08-31 20:00:00+00:00,2027-01-15,338.0,78.28,811875095,GLD   270115C00338000,0.3750855578370979,137,0.8275794525243622,0.038908304626388925,0.2644907695430332,40.69299783752938,408.42,2026-08-31
2026-08-31,2026-08-31 20:00:00+00:00,2027-01-15,339.0,77.43,811875143,GLD   270115C00339000,0.3750855578370979,137,0.8300279124430733,0.038908304626388925,0.2648722595793195,41.78432495750015,408.42,2026-08-31
2026-08-31,2026-08-31 20:00:00+00:00,2027-01-15,340.0,76.35,731137508,GLD   270115C00340000,0.3750855578370979,137,0.8324763723617844,0.038908304626388925,0.25969927592100583,41.533003877234584,408.42,2026-08-31
2026-08-31,2026-08-31 20:00:00+00:00,2027-01-15,341.0,75.53,811875201,GLD   270115C00341000,0.3750855578370979,137,0.8349248322804955,0.038908304626388925,0.2607165764757433,42.80247382474742,408.42,2026-08-31
2026-08-31,2026-08-31 20:00:00+00:00,2027-01-15,342.0,74.65,811875255,GLD   270115C00342000,0.3750855578370979,137,0.8373732921992066,0.038908304626388925,0.26022799579845746,43.71020161621057,408.42,2026-08-31
2026-08-31,2026-08-31 20:00:00+00:00,2027-01-15,343.0,73.7,811875315,GLD   270115C00343000,0.3750855578370979,137,0.8398217521179178,0.038908304626388925,0.25809896046863867,44.227035902877866,408.42,2026-08-31
2026-08-31,2026-08-31 20:00:00+00:00,2027-01-15,344.0,72.8,811875363,GLD   270115C00344000,0.3750855578370979,137,0.8422702120366289,0.038908304626388925,0.25707138763135295,45.02086457730691,408.42,2026-08-31
2026-08-31,2026-08-31 20:00:00+00:00,2027-01-15,345.0,71.93,731137548,GLD   270115C00345000,0.3750855578370979,137,0.84471867195534,0.038908304626388925,0.25665283169792974,45.971177169854364,408.42,2026-08-31
2026-08-31,2026-08-31 20:00:00+00:00,2027-01-15,346.0,71.13,811875432,GLD   270115C00346000,0.3750855578370979,137,0.8471671318740512,0.038908304626388925,0.2576531825208105,47.26894417070698,408.42,2026-08-31
2026-08-31,2026-08-31 20:00:00+00:00,2027-01-15,347.0,70.15,811875499,GLD   270115C00347000,0.3750855578370979,137,0.8496155917927624,0.038908304626388925,0.25477791196340704,47.64332916108611,408.42,2026-08-31
2026-08-31,2026-08-31 20:00:00+00:00,2027-01-15,348.0,69.35,811875548,GLD   270115C00348000,0.3750855578370979,137,0.8520640517114735,0.038908304626388925,0.2556166163600051,48.914990311287475,408.42,2026-08-31
2026-08-31,2026-08-31 20:00:00+00:00,2027-01-15,349.0,68.4,811875601,GLD   270115C00349000,0.3750855578370979,137,0.8545125116301846,0.038908304626388925,0.25332030021501706,49.446409900403125,408.42,2026-08-31
2026-08-31,2026-08-31 20:00:00+00:00,2027-01-15,350.0,67.6,731137602,GLD   270115C00350000,0.3750855578370979,137,0.8569609715488957,0.038908304626388925,0.2539927389177494,50.68825594499201,408.42,2026-08-31
2026-08-31,2026-08-31 20:00:00+00:00,2027-01-15,351.0,66.75,811875652,GLD   270115C00351000,0.3750855578370979,137,0.8594094314676068,0.038908304626388925,0.25358598260534937,51.67907992573528,408.42,2026-08-31
2026-08-31,2026-08-31 20:00:00+00:00,2027-01-15,352.0,65.78,811875709,GLD   270115C00352000,0.3750855578370979,137,0.861857891386318,0.038908304626388925,0.2508212578265928,52.12879154199786,408.42,2026-08-31
2026-08-31,2026-08-31 20:00:00+00:00,2027-01-15,353.0,64.93,811875761,GLD   270115C00353000,0.3750855578370979,137,0.8643063513050291,0.038908304626388925,0.2503236528140492,53.11365906169814,408.42,2026-08-31
2026-08-31,2026-08-31 20:00:00+00:00,2027-01-15,354.0,64.15,811875834,GLD   270115C00354000,0.3750855578370979,137,0.8667548112237402,0.038908304626388925,0.251052016318869,54.38185537231801,408.42,2026-08-31
2026-08-31,2026-08-31 20:00:00+00:00,2027-01-15,355.0,63.2,731137652,GLD   270115C00355000,0.3750855578370979,137,0.8692032711424513,0.038908304626388925,0.24859109220104297,54.92970877581298,408.42,2026-08-31
2026-08-31,2026-08-31 20:00:00+00:00,2027-01-15,356.0,62.45,811875903,GLD   270115C00356000,0.3750855578370979,137,0.8716517310611624,0.038908304626388925,0.24969831946501508,56.286481703343014,408.42,2026-08-31
2026-08-31,2026-08-31 20:00:00+00:00,2027-01-15,357.0,61.53,811875969,GLD   270115C00357000,0.3750855578370979,137,0.8741001909798736,0.038908304626388925,0.24770822537122295,56.95653358842701,408.42,2026-08-31
2026-08-31,2026-08-31 20:00:00+00:00,2027-01-15,358.0,60.68,811876009,GLD   270115C00358000,0.3750855578370979,137,0.8765486508985848,0.038908304626388925,0.24690826321886855,57.895705194970326,408.42,2026-08-31
2026-08-31,2026-08-31 20:00:00+00:00,2027-01-15,359.0,59.93,811876098,GLD   270115C00359000,0.3750855578370979,137,0.8789971108172959,0.038908304626388925,0.24774801067588853,59.189956800066405,408.42,2026-08-31
2026-08-31,2026-08-31 20:00:00+00:00,2027-01-15,360.0,59.13,731137705,GLD   270115C00360000,0.3750855578370979,137,0.881445570736007,0.038908304626388925,0.24764438448557635,60.277749952818404,408.42,2026-08-31
2026-08-31,2026-08-31 20:00:00+00:00,2027-01-15,365.0,54.7,731137762,GLD   270115C00365000,0.3750855578370979,137,0.8936878703295627,0.038908304626388925,0.23938058928409595,64.18129774112506,408.42,2026-08-31
2026-08-31,2026-08-31 20:00:00+00:00,2027-01-15,370.0,51.1,731137800,GLD   270115C00370000,0.3750855578370979,137,0.9059301699231184,0.038908304626388925,0.24231144006112598,70.22618081863068,408.42,2026-08-31
2026-08-31,2026-08-31 20:00:00+00:00,2027-01-15,375.0,47.2,731137844,GLD   270115C00375000,0.3750855578370979,137,0.918172469516674,0.038908304626388925,0.23895999379502608,74.97227410327089,408.42,2026-08-31
2026-08-31,2026-08-31 20:00:00+00:00,2027-01-15,380.0,43.7,731137909,GLD   270115C00380000,0.3750855578370979,137,0.9304147691102296,0.038908304626388925,0.2391722845300101,79.97957171411423,408.42,2026-08-31
2026-08-31,2026-08-31 20:00:00+00:00,2027-01-15,385.0,40.2,759656704,GLD   270115C00385000,0.3750855578370979,137,0.9426570687037853,0.038908304626388925,0.23753441890245303,84.38974153142314,408.42,2026-08-31
2026-08-31,2026-08-31 20:00:00+00:00,2027-01-15,390.0,36.92,759656749,GLD   270115C00390000,0.3750855578370979,137,0.9548993682973409,0.038908304626388925,0.2367375673052855,88.43754965426254,408.42,2026-08-31
2026-08-31,2026-08-31 20:00:00+00:00,2027-01-15,395.0,33.75,759656782,GLD   270115C00395000,0.3750855578370979,137,0.9671416678908966,0.038908304626388925,0.2354237768256106,91.9304397722753,408.42,2026-08-31
2026-08-31,2026-08-31 20:00:00+00:00,2027-01-15,400.0,30.8,761418429,GLD   270115C00400000,0.3750855578370979,137,0.9793839674844522,0.038908304626388925,0.23476141483159738,94.86038217215699,408.42,2026-08-31
2026-08-31,2026-08-31 20:00:00+00:00,2027-01-15,405.0,28.1,764260513,GLD   270115C00405000,0.3750855578370979,137,0.9916262670780079,0.038908304626388925,0.2349765553566627,97.14375224770838,408.42,2026-08-31
2026-08-31,2026-08-31 20:00:00+00:00,2027-01-15,410.0,25.58,769169487,GLD   270115C00410000,0.3750855578370979,137,1.0038685666715637,0.038908304626388925,0.23530594825008883,98.72332017327581,408.42,2026-08-31
2026-08-31,2026-08-31 20:00:00+00:00,2027-01-15,415.0,23.23,770772181,GLD   270115C00415000,0.3750855578370979,137,1.0161108662651193,0.038908304626388925,0.2356648169134744,99.59390939786573,408.42,2026-08-31
2026-08-31,2026-08-31 20:00:00+00:00,2027-01-15,420.0,21.05,772352864,GLD   270115C00420000,0.3750855578370979,137,1.0283531658586749,0.038908304626388925,0.23608544034166262,99.76866802940755,408.42,2026-08-31
2026-08-31,2026-08-31 20:00:00+00:00,2027-01-15,425.0,19.13,772834192,GLD   270115C00425000,0.3750855578370979,137,1.0405954654522305,0.038908304626388925,0.23751872643092647,99.28625671391549,408.42,2026-08-31
2026-08-31,2026-08-31 20:00:00+00:00,2027-01-15,430.0,17.3,772834250,GLD   270115C00430000,0.3750855578370979,137,1.052837765045786,0.038908304626388925,0.23832149180816486,98.1888723261706,408.42,2026-08-31
2026-08-31,2026-08-31 20:00:00+00:00,2027-01-15,435.0,15.73,776885391,GLD   270115C00435000,0.3750855578370979,137,1.065080064639342,0.038908304626388925,0.24030253362758086,96.58033335238628,408.42,2026-08-31
2026-08-31,2026-08-31 20:00:00+00:00,2027-01-15,440.0,14.23,776885430,GLD   270115C00440000,0.3750855578370979,137,1.0773223642328975,0.038908304626388925,0.24160540922498336,94.47802305228522,408.42,2026-08-31
2026-08-31,2026-08-31 20:00:00+00:00,2027-01-15,445.0,12.78,776885456,GLD   270115C00445000,0.3750855578370979,137,1.0895646638264531,0.038908304626388925,0.24205467956261711,91.89208447265013,408.42,2026-08-31
2026-08-31,2026-08-31 20:00:00+00:00,2027-01-15,450.0,11.6,778908528,GLD   270115C00450000,0.3750855578370979,137,1.1018069634200087,0.038908304626388925,0.2441303232370876,89.09784615879953,408.42,2026-08-31
2026-08-31,2026-08-31 20:00:00+00:00,2027-01-15,455.0,10.48,778908583,GLD   270115C00455000,0.3750855578370979,137,1.1140492630135643,0.038908304626388925,0.24565338702695444,85.98715850374627,408.42,2026-08-31
2026-08-31,2026-08-31 20:00:00+00:00,2027-01-15,460.0,9.6,778908639,GLD   270115C00460000,0.3750855578370979,137,1.1262915626071202,0.038908304626388925,0.24883609033068643,82.92702957826042,408.42,2026-08-31
2026-08-31,2026-08-31 20:00:00+00:00,2027-01-15,465.0,8.55,779174794,GLD   270115C00465000,0.3750855578370979,137,1.1385338622006758,0.038908304626388925,0.2488280811167322,79.22287874752395,408.42,2026-08-31
2026-08-31,2026-08-31 20:00:00+00:00,2027-01-15,470.0,7.8,779174835,GLD   270115C00470000,0.3750855578370979,137,1.1507761617942314,0.038908304626388925,0.2514886768010445,75.88614333390217,408.42,2026-08-31
2026-08-31,2026-08-31 20:00:00+00:00,2027-01-15,475.0,7.05,813159158,GLD   270115C00475000,0.3750855578370979,137,1.163018461387787,0.038908304626388925,0.25315706125898296,72.32312740389945,408.42,2026-08-31
2026-08-31,2026-08-31 20:00:00+00:00,2027-01-15,480.0,6.4,806089172,GLD   270115C00480000,0.3750855578370979,137,1.1752607609813428,0.038908304626388925,0.25523396219378347,68.84772719359938,408.42,2026-08-31
2026-08-31,2026-08-31 20:00:00+00:00,2027-01-15,485.0,5.85,813159217,GLD   270115C00485000,0.3750855578370979,137,1.1875030605748984,0.038908304626388925,0.2578808863361367,65.55265537228416,408.42,2026-08-31
2026-08-31,2026-08-31 20:00:00+00:00,2027-01-15,490.0,5.3,806089226,GLD   270115C00490000,0.3750855578370979,137,1.199745360168454,0.038908304626388925,0.25967508064443257,62.110452959656094,408.42,2026-08-31
2026-08-31,2026-08-31 20:00:00+00:00,2027-02-19,330.0,87.28,910574066,GLD   270219C00330000,0.47091033538672145,172,0.8079917731746731,0.039074195081580984,0.2572748123527505,41.95759210802905,408.42,2026-08-31
2026-08-31,2026-08-31 20:00:00+00:00,2027-02-19,335.0,83.05,910574121,GLD   270219C00335000,0.47091033538672145,172,0.8202340727682288,0.039074195081580984,0.259283960925322,47.64805487044667,408.42,2026-08-31
2026-08-31,2026-08-31 20:00:00+00:00,2027-02-19,340.0,78.38,910574154,GLD   270219C00340000,0.47091033538672145,172,0.8324763723617844,0.039074195081580984,0.25075063704820344,50.64731284741842,408.42,2026-08-31
2026-08-31,2026-08-31 20:00:00+00:00,2027-02-19,345.0,74.0,910574226,GLD   270219C00345000,0.47091033538672145,172,0.84471867195534,0.039074195081580984,0.24717085368009287,55.19701412091072,408.42,2026-08-31
2026-08-31,2026-08-31 20:00:00+00:00,2027-02-19,350.0,69.72,910574256,GLD   270219C00350000,0.47091033538672145,172,0.8569609715488957,0.039074195081580984,0.24420817093411462,60.071172265428565,408.42,2026-08-31
2026-08-31,2026-08-31 20:00:00+00:00,2027-02-19,355.0,65.55,910574319,GLD   270219C00355000,0.47091033538672145,172,0.8692032711424513,0.039074195081580984,0.24178161193197595,65.19201799624176,408.42,2026-08-31
2026-08-31,2026-08-31 20:00:00+00:00,2027-02-19,360.0,61.5,910574390,GLD   270219C00360000,0.47091033538672145,172,0.881445570736007,0.039074195081580984,0.2398217572773807,70.4687063100816,408.42,2026-08-31
2026-08-31,2026-08-31 20:00:00+00:00,2027-02-19,365.0,57.58,910574441,GLD   270219C00365000,0.47091033538672145,172,0.8936878703295627,0.039074195081580984,0.23827336202012372,75.80133927002306,408.42,2026-08-31
2026-08-31,2026-08-31 20:00:00+00:00,2027-02-19,370.0,53.78,910574501,GLD   270219C00370000,0.47091033538672145,172,0.9059301699231184,0.039074195081580984,0.236849668361526,81.04161826518889,408.42,2026-08-31
2026-08-31,2026-08-31 20:00:00+00:00,2027-02-19,375.0,50.08,910574551,GLD   270219C00375000,0.47091033538672145,172,0.918172469516674,0.039074195081580984,0.23522124615600332,86.0583854443979,408.42,2026-08-31
2026-08-31,2026-08-31 20:00:00+00:00,2027-02-19,380.0,46.7,910574599,GLD   270219C00380000,0.47091033538672145,172,0.9304147691102296,0.039074195081580984,0.235772764354106,91.08142290729332,408.42,2026-08-31
2026-08-31,2026-08-31 20:00:00+00:00,2027-02-19,385.0,43.23,910574644,GLD   270219C00385000,0.47091033538672145,172,0.9426570687037853,0.039074195081580984,0.23384152866983787,95.42916291880967,408.42,2026-08-31
2026-08-31,2026-08-31 20:00:00+00:00,2027-02-19,390.0,40.03,910574719,GLD   270219C00390000,0.47091033538672145,172,0.9548993682973409,0.039074195081580984,0.23332133953655138,99.49105829459116,408.42,2026-08-31
2026-08-31,2026-08-31 20:00:00+00:00,2027-02-19,395.0,37.0,910574800,GLD   270219C00395000,0.47091033538672145,172,0.9671416678908966,0.039074195081580984,0.23304593433300036,103.05183678791944,408.42,2026-08-31
2026-08-31,2026-08-31 20:00:00+00:00,2027-02-19,400.0,34.17,910574851,GLD   270219C00400000,0.47091033538672145,172,0.9793839674844522,0.039074195081580984,0.23325545909525824,106.05509105275885,408.42,2026-08-31
2026-08-31,2026-08-31 20:00:00+00:00,2027-02-19,405.0,31.48,910574896,GLD   270219C00405000,0.47091033538672145,172,0.9916262670780079,0.039074195081580984,0.23335511793075128,108.43916078314334,408.42,2026-08-31
2026-08-31,2026-08-31 20:00:00+00:00,2027-02-19,410.0,28.98,910574987,GLD   270219C00410000,0.47091033538672145,172,1.0038685666715637,0.039074195081580984,0.233811037778575,110.19156903986395,408.42,2026-08-31
2026-08-31,2026-08-31 20:00:00+00:00,2027-02-19,415.0,26.6,910575057,GLD   270219C00415000,0.47091033538672145,172,1.0161108662651193,0.039074195081580984,0.2339967397858389,111.30434723741885,408.42,2026-08-31
2026-08-31,2026-08-31 20:00:00+00:00,2027-02-19,420.0,24.9,910575124,GLD   270219C00420000,0.47091033538672145,172,1.0283531658586749,0.039074195081580984,0.23895185419851916,111.78003336028324,408.42,2026-08-31
2026-08-31,2026-08-31 20:00:00+00:00,2027-02-19,425.0,22.48,910575199,GLD   270219C00425000,0.47091033538672145,172,1.0405954654522305,0.039074195081580984,0.23618266847385094,111.66636735692298,408.42,2026-08-31
2026-08-31,2026-08-31 20:00:00+00:00,2027-02-19,430.0,20.53,910575264,GLD   270219C00430000,0.47091033538672145,172,1.052837765045786,0.039074195081580984,0.23637678946880628,110.97039597654212,408.42,2026-08-31
2026-08-31,2026-08-31 20:00:00+00:00,2027-02-19,435.0,18.88,910575329,GLD   270219C00435000,0.47091033538672145,172,1.065080064639342,0.039074195081580984,0.23807996744224802,109.77777131999676,408.42,2026-08-31
2026-08-31,2026-08-31 20:00:00+00:00,2027-02-19,440.0,17.27,910575386,GLD   270219C00440000,0.47091033538672145,172,1.0773223642328975,0.039074195081580984,0.2390024519420229,108.09778508099336,408.42,2026-08-31
2026-08-31,2026-08-31 20:00:00+00:00,2027-02-19,445.0,15.93,910575458,GLD   270219C00445000,0.47091033538672145,172,1.0895646638264531,0.039074195081580984,0.2413350703149103,106.09272873564095,408.42,2026-08-31
2026-08-31,2026-08-31 20:00:00+00:00,2027-02-19,450.0,14.48,910575511,GLD   270219C00450000,0.47091033538672145,172,1.1018069634200087,0.039074195081580984,0.24157115586576983,103.58461037500348,408.42,2026-08-31
2026-08-31,2026-08-31 20:00:00+00:00,2027-02-19,455.0,13.65,910575565,GLD   270219C00455000,0.47091033538672145,172,1.1140492630135643,0.039074195081580984,0.24684472966352478,101.30444561412254,408.42,2026-08-31
2026-08-31,2026-08-31 20:00:00+00:00,2027-02-19,460.0,12.0,910575627,GLD   270219C00460000,0.47091033538672145,172,1.1262915626071202,0.039074195081580984,0.2429894107093104,97.69633917052671,408.42,2026-08-31
2026-08-31,2026-08-31 20:00:00+00:00,2027-02-19,465.0,11.5,910575677,GLD   270219C00465000,0.47091033538672145,172,1.1385338622006758,0.039074195081580984,0.24994236766463146,95.40284094997232,408.42,2026-08-31
2026-08-31,2026-08-31 20:00:00+00:00,2027-02-19,470.0,10.18,910575731,GLD   270219C00470000,0.47091033538672145,172,1.1507761617942314,0.039074195081580984,0.24742253857208418,91.46209646197282,408.42,2026-08-31
2026-08-31,2026-08-31 20:00:00+00:00,2027-02-19,475.0,9.23,910575787,GLD   270219C00475000,0.47091033538672145,172,1.163018461387787,0.039074195081580984,0.2478925304225646,87.84894978823232,408.42,2026-08-31
2026-08-31,2026-08-31 20:00:00+00:00,2027-02-19,480.0,8.57,910575836,GLD   270219C00480000,0.47091033538672145,172,1.1752607609813428,0.039074195081580984,0.2508514413875528,84.70553452581775,408.42,2026-08-31
2026-08-31,2026-08-31 20:00:00+00:00,2027-02-19,485.0,7.78,910575902,GLD   270219C00485000,0.47091033538672145,172,1.1875030605748984,0.039074195081580984,0.2515069024193102,81.00895594795573,408.42,2026-08-31
2026-08-31,2026-08-31 20:00:00+00:00,2027-02-19,490.0,7.23,910575957,GLD   270219C00490000,0.47091033538672145,172,1.199745360168454,0.039074195081580984,0.2543830018372275,77.87576802702496,408.42,2026-08-31
2026-08-31,2026-08-31 20:00:00+00:00,2027-03-19,330.0,89.08,848877447,GLD   270319C00330000,0.5475701574264202,200,0.8079917731746731,0.03927996046950405,0.257761493169982,50.058981600799285,408.42,2026-08-31
2026-08-31,2026-08-31 20:00:00+00:00,2027-03-19,335.0,84.68,848877502,GLD   270319C00335000,0.5475701574264202,200,0.8202340727682288,0.03927996046950405,0.2545723638690077,54.49018946133823,408.42,2026-08-31
2026-08-31,2026-08-31 20:00:00+00:00,2027-03-19,340.0,80.33,848877540,GLD   270319C00340000,0.5475701574264202,200,0.8324763723617844,0.03927996046950405,0.2512928794589825,59.06423293338076,408.42,2026-08-31
2026-08-31,2026-08-31 20:00:00+00:00,2027-03-19,345.0,76.1,848877588,GLD   270319C00345000,0.5475701574264202,200,0.84471867195534,0.03927996046950405,0.24896314812833448,64.04409943251268,408.42,2026-08-31
2026-08-31,2026-08-31 20:00:00+00:00,2027-03-19,350.0,71.9,848877633,GLD   270319C00350000,0.5475701574264202,200,0.8569609715488957,0.03927996046950405,0.2459995899566449,68.95347690030087,408.42,2026-08-31
2026-08-31,2026-08-31 20:00:00+00:00,2027-03-19,355.0,67.85,848877673,GLD   270319C00355000,0.5475701574264202,200,0.8692032711424513,0.03927996046950405,0.24407764868577947,74.18785604706594,408.42,2026-08-31
2026-08-31,2026-08-31 20:00:00+00:00,2027-03-19,360.0,63.9,848877733,GLD   270319C00360000,0.5475701574264202,200,0.881445570736007,0.03927996046950405,0.24229308406030764,79.44256758508699,408.42,2026-08-31
2026-08-31,2026-08-31 20:00:00+00:00,2027-03-19,365.0,60.05,848877783,GLD   270319C00365000,0.5475701574264202,200,0.8936878703295627,0.03927996046950405,0.2405541812674143,84.63593972465128,408.42,2026-08-31
2026-08-31,2026-08-31 20:00:00+00:00,2027-03-19,370.0,56.3,848877838,GLD   270319C00370000,0.5475701574264202,200,0.9059301699231184,0.03927996046950405,0.23879190274542195,89.69490840742434,408.42,2026-08-31
2026-08-31,2026-08-31 20:00:00+00:00,2027-03-19,375.0,52.73,848877898,GLD   270319C00375000,0.5475701574264202,200,0.918172469516674,0.03927996046950405,0.23779915136275812,94.67596702931355,408.42,2026-08-31
2026-08-31,2026-08-31 20:00:00+00:00,2027-03-19,380.0,49.5,848877958,GLD   270319C00380000,0.5475701574264202,200,0.9304147691102296,0.03927996046950405,0.2390230058201589,99.6211271321672,408.42,2026-08-31
2026-08-31,2026-08-31 20:00:00+00:00,2027-03-19,385.0,45.95,848877995,GLD   270319C00385000,0.5475701574264202,200,0.9426570687037853,0.03927996046950405,0.23579002141626554,103.70448593959686,408.42,2026-08-31
2026-08-31,2026-08-31 20:00:00+00:00,2027-03-19,390.0,42.83,848878035,GLD   270319C00390000,0.5475701574264202,200,0.9548993682973409,0.03927996046950405,0.2355404040190391,107.69004393451135,408.42,2026-08-31
2026-08-31,2026-08-31 20:00:00+00:00,2027-03-19,395.0,39.78,848878088,GLD   270319C00395000,0.5475701574264202,200,0.9671416678908966,0.03927996046950405,0.23470338528258727,111.16321231720225,408.42,2026-08-31
2026-08-31,2026-08-31 20:00:00+00:00,2027-03-19,400.0,36.95,848878142,GLD   270319C00400000,0.5475701574264202,200,0.9793839674844522,0.03927996046950405,0.23462761439336466,114.15437847401695,408.42,2026-08-31
2026-08-31,2026-08-31 20:00:00+00:00,2027-03-19,405.0,34.33,848878207,GLD   270319C00405000,0.5475701574264202,200,0.9916262670780079,0.03927996046950405,0.2351662805969827,116.59455643435244,408.42,2026-08-31
2026-08-31,2026-08-31 20:00:00+00:00,2027-03-19,410.0,31.85,848878259,GLD   270319C00410000,0.5475701574264202,200,1.0038685666715637,0.03927996046950405,0.23570277686240154,118.44872064780516,408.42,2026-08-31
2026-08-31,2026-08-31 20:00:00+00:00,2027-03-19,415.0,29.4,848878307,GLD   270319C00415000,0.5475701574264202,200,1.0161108662651193,0.03927996046950405,0.23533623425448313,119.72146176854164,408.42,2026-08-31
2026-08-31,2026-08-31 20:00:00+00:00,2027-03-19,420.0,27.15,848878345,GLD   270319C00420000,0.5475701574264202,200,1.0283531658586749,0.03927996046950405,0.2355170282899402,120.4179676575923,408.42,2026-08-31
2026-08-31,2026-08-31 20:00:00+00:00,2027-03-19,425.0,25.08,848878379,GLD   270319C00425000,0.5475701574264202,200,1.0405954654522305,0.03927996046950405,0.236092350616958,120.55129949724284,408.42,2026-08-31
2026-08-31,2026-08-31 20:00:00+00:00,2027-03-19,430.0,23.13,848878413,GLD   270319C00430000,0.5475701574264202,200,1.052837765045786,0.03927996046950405,0.23659383916696536,120.14768758421005,408.42,2026-08-31
2026-08-31,2026-08-31 20:00:00+00:00,2027-03-19,435.0,21.33,848878462,GLD   270319C00435000,0.5475701574264202,200,1.065080064639342,0.03927996046950405,0.23730753463460136,119.24257993828107,408.42,2026-08-31
2026-08-31,2026-08-31 20:00:00+00:00,2027-03-19,440.0,19.68,848878514,GLD   270319C00440000,0.5475701574264202,200,1.0773223642328975,0.03927996046950405,0.23827934099147097,117.88373258583222,408.42,2026-08-31
2026-08-31,2026-08-31 20:00:00+00:00,2027-03-19,445.0,18.15,848878548,GLD   270319C00445000,0.5475701574264202,200,1.0895646638264531,0.03927996046950405,0.23930656924629584,116.11470024631012,408.42,2026-08-31
2026-08-31,2026-08-31 20:00:00+00:00,2027-03-19,450.0,16.75,848878603,GLD   270319C00450000,0.5475701574264202,200,1.1018069634200087,0.03927996046950405,0.24052876598266884,113.99495305035364,408.42,2026-08-31
2026-08-31,2026-08-31 20:00:00+00:00,2027-03-19,455.0,15.43,848878642,GLD   270319C00455000,0.5475701574264202,200,1.1140492630135643,0.03927996046950405,0.24156133060911672,111.5430178835468,408.42,2026-08-31
2026-08-31,2026-08-31 20:00:00+00:00,2027-03-19,460.0,14.23,848878676,GLD   270319C00460000,0.5475701574264202,200,1.1262915626071202,0.03927996046950405,0.24281108462931594,108.84277742194807,408.42,2026-08-31
2026-08-31,2026-08-31 20:00:00+00:00,2027-03-19,465.0,13.13,848878710,GLD   270319C00465000,0.5475701574264202,200,1.1385338622006758,0.03927996046950405,0.2441600970243104,105.93542303885488,408.42,2026-08-31
2026-08-31,2026-08-31 20:00:00+00:00,2027-03-19,470.0,12.15,848878756,GLD   270319C00470000,0.5475701574264202,200,1.1507761617942314,0.03927996046950405,0.24586627379646525,102.91489913045692,408.42,2026-08-31
2026-08-31,2026-08-31 20:00:00+00:00,2027-03-19,475.0,11.18,848878797,GLD   270319C00475000,0.5475701574264202,200,1.163018461387787,0.03927996046950405,0.24691562052005905,99.64310615468744,408.42,2026-08-31
2026-08-31,2026-08-31 20:00:00+00:00,2027-03-19,480.0,10.07,848878836,GLD   270319C00480000,0.5475701574264202,200,1.1752607609813428,0.03927996046950405,0.24573116953270513,95.75277591887206,408.42,2026-08-31
2026-08-31,2026-08-31 20:00:00+00:00,2027-03-19,485.0,9.57,848878878,GLD   270319C00485000,0.5475701574264202,200,1.1875030605748984,0.03927996046950405,0.25021517453016706,93.07857294415949,408.42,2026-08-31
2026-08-31,2026-08-31 20:00:00+00:00,2027-03-19,490.0,8.88,848878913,GLD   270319C00490000,0.5475701574264202,200,1.199745360168454,0.03927996046950405,0.2521067739184015,89.80286934726902,408.42,2026-08-31
2026-08-31,2026-08-31 20:00:00+00:00,2027-03-31,330.0,89.73,870310683,GLD   270331C00330000,0.5804243668720055,212,0.8079917731746731,0.03938729108391835,0.25554788612863044,52.6410697116262,408.42,2026-08-31
2026-08-31,2026-08-31 20:00:00+00:00,2027-03-31,335.0,85.38,870310701,GLD   270331C00335000,0.5804243668720055,212,0.8202340727682288,0.03938729108391835,0.2529182376745158,57.30075193007252,408.42,2026-08-31
2026-08-31,2026-08-31 20:00:00+00:00,2027-03-31,340.0,81.08,870310731,GLD   270331C00340000,0.5804243668720055,212,0.8324763723617844,0.03938729108391835,0.2501276738677175,62.066928101657886,408.42,2026-08-31
2026-08-31,2026-08-31 20:00:00+00:00,2027-03-31,345.0,76.88,870310741,GLD   270331C00345000,0.5804243668720055,212,0.84471867195534,0.03938729108391835,0.24788542457344015,67.1127159864788,408.42,2026-08-31
2026-08-31,2026-08-31 20:00:00+00:00,2027-03-31,350.0,72.72,870310761,GLD   270331C00350000,0.5804243668720055,212,0.8569609715488957,0.03938729108391835,0.2451754977189936,72.11618542041576,408.42,2026-08-31
2026-08-31,2026-08-31 20:00:00+00:00,2027-03-31,355.0,68.68,870310786,GLD   270331C00355000,0.5804243668720055,212,0.8692032711424513,0.03938729108391835,0.24305838307971145,77.31968217992387,408.42,2026-08-31
2026-08-31,2026-08-31 20:00:00+00:00,2027-03-31,360.0,64.75,870310797,GLD   270331C00360000,0.5804243668720055,212,0.881445570736007,0.03938729108391835,0.24123704126132656,82.57805349124222,408.42,2026-08-31
2026-08-31,2026-08-31 20:00:00+00:00,2027-03-31,365.0,60.95,870310821,GLD   270331C00365000,0.5804243668720055,212,0.8936878703295627,0.03938729108391835,0.2398260599016212,87.84236614692787,408.42,2026-08-31
2026-08-31,2026-08-31 20:00:00+00:00,2027-03-31,370.0,57.2,870310854,GLD   270331C00370000,0.5804243668720055,212,0.9059301699231184,0.03938729108391835,0.23784099484914917,92.85627008341372,408.42,2026-08-31
2026-08-31,2026-08-31 20:00:00+00:00,2027-03-31,375.0,54.5,870310872,GLD   270331C00375000,0.5804243668720055,212,0.918172469516674,0.03938729108391835,0.2454871213330887,99.03033245489442,408.42,2026-08-31
2026-08-31,2026-08-31 20:00:00+00:00,2027-03-31,380.0,50.23,870310901,GLD   270331C00380000,0.5804243668720055,212,0.9304147691102296,0.03938729108391835,0.2359934927028604,102.54185372795493,408.42,2026-08-31
2026-08-31,2026-08-31 20:00:00+00:00,2027-03-31,381.0,50.05,870310920,GLD   270331C00381000,0.5804243668720055,212,0.9328632290289408,0.03938729108391835,0.24054194393353545,103.95790912262288,408.42,2026-08-31
2026-08-31,2026-08-31 20:00:00+00:00,2027-03-31,382.0,49.85,870310944,GLD   270331C00382000,0.5804243668720055,212,0.9353116889476519,0.03938729108391835,0.24475416649980475,105.25077743457034,408.42,2026-08-31
2026-08-31,2026-08-31 20:00:00+00:00,2027-03-31,383.0,49.4,870310971,GLD   270331C00383000,0.5804243668720055,212,0.937760148866363,0.03938729108391835,0.24648480862667788,106.24713067168466,408.42,2026-08-31
2026-08-31,2026-08-31 20:00:00+00:00,2027-03-31,384.0,48.6,870310999,GLD   270331C00384000,0.5804243668720055,212,0.9402086087850742,0.03938729108391835,0.24487006727615374,106.92577575069457,408.42,2026-08-31
2026-08-31,2026-08-31 20:00:00+00:00,2027-03-31,385.0,47.08,870311024,GLD   270331C00385000,0.5804243668720055,212,0.9426570687037853,0.03938729108391835,0.23652100188517944,107.02042020610179,408.42,2026-08-31
2026-08-31,2026-08-31 20:00:00+00:00,2027-03-31,386.0,46.35,870311057,GLD   270331C00386000,0.5804243668720055,212,0.9451055286224964,0.03938729108391835,0.2355480407114141,107.7688266443447,408.42,2026-08-31
2026-08-31,2026-08-31 20:00:00+00:00,2027-03-31,387.0,45.68,870311074,GLD   270331C00387000,0.5804243668720055,212,0.9475539885412075,0.03938729108391835,0.23509326636744665,108.55016875365526,408.42,2026-08-31
2026-08-31,2026-08-31 20:00:00+00:00,2027-03-31,388.0,45.0,870311105,GLD   270331C00388000,0.5804243668720055,212,0.9500024484599187,0.03938729108391835,0.23450501754162828,109.3070972468513,408.42,2026-08-31
2026-08-31,2026-08-31 20:00:00+00:00,2027-03-31,389.0,44.43,870311125,GLD   270331C00389000,0.5804243668720055,212,0.9524509083786298,0.03938729108391835,0.23487580689555032,110.11935842218736,408.42,2026-08-31
2026-08-31,2026-08-31 20:00:00+00:00,2027-03-31,390.0,43.78,870311154,GLD   270331C00390000,0.5804243668720055,212,0.9548993682973409,0.03938729108391835,0.23447169548636299,110.85710278589517,408.42,2026-08-31
2026-08-31,2026-08-31 20:00:00+00:00,2027-03-31,391.0,43.18,870311180,GLD   270331C00391000,0.5804243668720055,212,0.957347828216052,0.03938729108391835,0.23447304587708784,111.60419286812451,408.42,2026-08-31
2026-08-31,2026-08-31 20:00:00+00:00,2027-03-31,392.0,42.55,870311204,GLD   270331C00392000,0.5804243668720055,212,0.9597962881347631,0.03938729108391835,0.23415953171597798,112.31324386016948,408.42,2026-08-31
2026-08-31,2026-08-31 20:00:00+00:00,2027-03-31,393.0,41.98,870311231,GLD   270331C00393000,0.5804243668720055,212,0.9622447480534744,0.03938729108391835,0.2343332664675079,113.03083101515551,408.42,2026-08-31
2026-08-31,2026-08-31 20:00:00+00:00,2027-03-31,394.0,41.35,870311251,GLD   270331C00394000,0.5804243668720055,212,0.9646932079721855,0.03938729108391835,0.23392988147540017,113.69823628968498,408.42,2026-08-31
2026-08-31,2026-08-31 20:00:00+00:00,2027-03-31,395.0,40.92,870311279,GLD   270331C00395000,0.5804243668720055,212,0.9671416678908966,0.03938729108391835,0.23523252424681562,114.42430137835821,408.42,2026-08-31
2026-08-31,2026-08-31 20:00:00+00:00,2027-03-31,396.0,40.18,870311307,GLD   270331C00396000,0.5804243668720055,212,0.9695901278096077,0.03938729108391835,0.23377888916628436,115.00742705798015,408.42,2026-08-31
2026-08-31,2026-08-31 20:00:00+00:00,2027-03-31,397.0,39.6,870311331,GLD   270331C00397000,0.5804243668720055,212,0.9720385877283189,0.03938729108391835,0.23367779612271114,115.63030079461572,408.42,2026-08-31
2026-08-31,2026-08-31 20:00:00+00:00,2027-03-31,398.0,39.03,870311352,GLD   270331C00398000,0.5804243668720055,212,0.97448704764703,0.03938729108391835,0.23361727067911997,116.2338817033091,408.42,2026-08-31
2026-08-31,2026-08-31 20:00:00+00:00,2027-03-31,399.0,38.48,870311380,GLD   270331C00399000,0.5804243668720055,212,0.9769355075657411,0.03938729108391835,0.23368223844254388,116.82002429768166,408.42,2026-08-31
2026-08-31,2026-08-31 20:00:00+00:00,2027-03-31,400.0,37.93,870311405,GLD   270331C00400000,0.5804243668720055,212,0.9793839674844522,0.03938729108391835,0.23370049199992793,117.38270809106182,408.42,2026-08-31
2026-08-31,2026-08-31 20:00:00+00:00,2027-03-31,401.0,38.17,870311424,GLD   270331C00401000,0.5804243668720055,212,0.9818324274031633,0.03938729108391835,0.2403678087213077,118.06864995223779,408.42,2026-08-31
2026-08-31,2026-08-31 20:00:00+00:00,2027-03-31,402.0,37.63,870311451,GLD   270331C00402000,0.5804243668720055,212,0.9842808873218745,0.03938729108391835,0.24035034677227957,118.5667488336605,408.42,2026-08-31
2026-08-31,2026-08-31 20:00:00+00:00,2027-03-31,403.0,36.68,870311469,GLD   270331C00403000,0.5804243668720055,212,0.9867293472405856,0.03938729108391835,0.2368439408422448,118.98911897839982,408.42,2026-08-31
2026-08-31,2026-08-31 20:00:00+00:00,2027-03-31,404.0,35.85,870311492,GLD   270331C00404000,0.5804243668720055,212,0.9891778071592968,0.03938729108391835,0.23432412106273698,119.41944150388574,408.42,2026-08-31
2026-08-31,2026-08-31 20:00:00+00:00,2027-03-31,405.0,35.33,870311514,GLD   270331C00405000,0.5804243668720055,212,0.9916262670780079,0.03938729108391835,0.23436450240192935,119.86949310856232,408.42,2026-08-31
2026-08-31,2026-08-31 20:00:00+00:00,2027-03-31,406.0,34.8,870311532,GLD   270331C00406000,0.5804243668720055,212,0.9940747269967191,0.03938729108391835,0.23427681082217025,120.29575891868808,408.42,2026-08-31
2026-08-31,2026-08-31 20:00:00+00:00,2027-03-31,407.0,34.58,870311560,GLD   270331C00407000,0.5804243668720055,212,0.9965231869154302,0.03938729108391835,0.23671342790694913,120.71742959099623,408.42,2026-08-31
2026-08-31,2026-08-31 20:00:00+00:00,2027-03-31,408.0,33.3,870311580,GLD   270331C00408000,0.5804243668720055,212,0.9989716468341413,0.03938729108391835,0.2303360633567907,121.06144217325995,408.42,2026-08-31
2026-08-31,2026-08-31 20:00:00+00:00,2027-03-31,409.0,33.23,870311601,GLD   270331C00409000,0.5804243668720055,212,1.0014201067528523,0.03938729108391835,0.23391695497659967,121.44120511797423,408.42,2026-08-31
2026-08-31,2026-08-31 20:00:00+00:00,2027-03-31,410.0,32.65,870311628,GLD   270331C00410000,0.5804243668720055,212,1.0038685666715637,0.03938729108391835,0.23324521475182847,121.77755499749921,408.42,2026-08-31
2026-08-31,2026-08-31 20:00:00+00:00,2027-03-31,411.0,32.15,870311659,GLD   270331C00411000,0.5804243668720055,212,1.0063170265902748,0.03938729108391835,0.2331884704022668,122.09332708408219,408.42,2026-08-31
2026-08-31,2026-08-31 20:00:00+00:00,2027-03-31,412.0,31.63,870311679,GLD   270331C00412000,0.5804243668720055,212,1.008765486508986,0.03938729108391835,0.2329249672631733,122.38653669586716,408.42,2026-08-31
2026-08-31,2026-08-31 20:00:00+00:00,2027-03-31,413.0,31.28,870311701,GLD   270331C00413000,0.5804243668720055,212,1.011213946427697,0.03938729108391835,0.23400517739960924,122.65490090557591,408.42,2026-08-31
2026-08-31,2026-08-31 20:00:00+00:00,2027-03-31,414.0,30.45,870311724,GLD   270331C00414000,0.5804243668720055,212,1.0136624063464081,0.03938729108391835,0.23113230960639194,122.90920245806153,408.42,2026-08-31
2026-08-31,2026-08-31 20:00:00+00:00,2027-03-31,415.0,30.38,870311754,GLD   270331C00415000,0.5804243668720055,212,1.0161108662651193,0.03938729108391835,0.23439939836086707,123.12400341419983,408.42,2026-08-31
2026-08-31,2026-08-31 20:00:00+00:00,2027-03-31,416.0,29.83,870311771,GLD   270331C00416000,0.5804243668720055,212,1.0185593261838304,0.03938729108391835,0.2337206081652083,123.32768670125914,408.42,2026-08-31
2026-08-31,2026-08-31 20:00:00+00:00,2027-03-31,417.0,29.3,870311798,GLD   270331C00417000,0.5804243668720055,212,1.0210077861025415,0.03938729108391835,0.23316331588262695,123.50871458479922,408.42,2026-08-31
2026-08-31,2026-08-31 20:00:00+00:00,2027-03-31,418.0,28.98,870311820,GLD   270331C00418000,0.5804243668720055,212,1.0234562460212526,0.03938729108391835,0.23426326034972444,123.66030678170914,408.42,2026-08-31
2026-08-31,2026-08-31 20:00:00+00:00,2027-03-31,419.0,28.3,870311854,GLD   270331C00419000,0.5804243668720055,212,1.0259047059399637,0.03938729108391835,0.23241059877956283,123.8015692072559,408.42,2026-08-31
2026-08-31,2026-08-31 20:00:00+00:00,2027-03-31,420.0,28.1,870311879,GLD   270331C00420000,0.5804243668720055,212,1.0283531658586749,0.03938729108391835,0.23439322381569078,123.90495968964065,408.42,2026-08-31
2026-08-31,2026-08-31 20:00:00+00:00,2027-03-31,421.0,27.7,870311904,GLD   270331C00421000,0.5804243668720055,212,1.030801625777386,0.03938729108391835,0.23471809057192877,123.99316384325414,408.42,2026-08-31
2026-08-31,2026-08-31 20:00:00+00:00,2027-03-31,422.0,28.03,870311931,GLD   270331C00422000,0.5804243668720055,212,1.033250085696097,0.03938729108391835,0.2408857999772765,124.04369350539737,408.42,2026-08-31
2026-08-31,2026-08-31 20:00:00+00:00,2027-03-31,423.0,27.65,870311957,GLD   270331C00423000,0.5804243668720055,212,1.0356985456148082,0.03938729108391835,0.24128635380538185,124.09351100089903,408.42,2026-08-31
2026-08-31,2026-08-31 20:00:00+00:00,2027-03-31,424.0,26.5,870311977,GLD   270331C00424000,0.5804243668720055,212,1.0381470055335194,0.03938729108391835,0.23544341802587737,124.12934596431225,408.42,2026-08-31
2026-08-31,2026-08-31 20:00:00+00:00,2027-03-31,425.0,26.05,870312000,GLD   270331C00425000,0.5804243668720055,212,1.0405954654522305,0.03938729108391835,0.2352004780779593,124.1322645078296,408.42,2026-08-31
2026-08-31,2026-08-31 20:00:00+00:00,2027-03-31,426.0,26.45,870312027,GLD   270331C00426000,0.5804243668720055,212,1.0430439253709416,0.03938729108391835,0.24176522098248832,124.12391532591275,408.42,2026-08-31
2026-08-31,2026-08-31 20:00:00+00:00,2027-03-31,427.0,26.08,870312045,GLD   270331C00427000,0.5804243668720055,212,1.0454923852896527,0.03938729108391835,0.24208778741797432,124.09484254836183,408.42,2026-08-31
2026-08-31,2026-08-31 20:00:00+00:00,2027-03-31,428.0,24.9,870312076,GLD   270331C00428000,0.5804243668720055,212,1.0479408452083638,0.03938729108391835,0.23584092649007216,124.01612253942982,408.42,2026-08-31
2026-08-31,2026-08-31 20:00:00+00:00,2027-03-31,429.0,25.25,870312100,GLD   270331C00429000,0.5804243668720055,212,1.050389305127075,0.03938729108391835,0.24189073281558235,123.97514465846642,408.42,2026-08-31
2026-08-31,2026-08-31 20:00:00+00:00,2027-03-31,430.0,24.15,870312136,GLD   270331C00430000,0.5804243668720055,212,1.052837765045786,0.03938729108391835,0.23620348311709244,123.83767676048045,408.42,2026-08-31
2026-08-31,2026-08-31 20:00:00+00:00,2027-03-31,431.0,24.5,870312153,GLD   270331C00431000,0.5804243668720055,212,1.0552862249644972,0.03938729108391835,0.24218444745475437,123.78054545293493,408.42,2026-08-31
2026-08-31,2026-08-31 20:00:00+00:00,2027-03-31,432.0,23.7,870312177,GLD   270331C00432000,0.5804243668720055,212,1.0577346848832083,0.03938729108391835,0.2388364842654206,123.6111881800727,408.42,2026-08-31
2026-08-31,2026-08-31 20:00:00+00:00,2027-03-31,433.0,23.35,870312192,GLD   270331C00433000,0.5804243668720055,212,1.0601831448019194,0.03938729108391835,0.2390865021233447,123.46089168758648,408.42,2026-08-31
2026-08-31,2026-08-31 20:00:00+00:00,2027-03-31,434.0,23.43,870312222,GLD   270331C00434000,0.5804243668720055,212,1.0626316047206308,0.03938729108391835,0.2427854830837809,123.35281419793832,408.42,2026-08-31
2026-08-31,2026-08-31 20:00:00+00:00,2027-03-31,435.0,22.3,870312243,GLD   270331C00435000,0.5804243668720055,212,1.065080064639342,0.03938729108391835,0.23662941497778522,123.04416366911342,408.42,2026-08-31
2026-08-31,2026-08-31 20:00:00+00:00,2027-03-31,436.0,22.73,870312257,GLD   270331C00436000,0.5804243668720055,212,1.067528524558053,0.03938729108391835,0.24310790982367475,122.978024778318,408.42,2026-08-31
2026-08-31,2026-08-31 20:00:00+00:00,2027-03-31,437.0,22.45,870312287,GLD   270331C00437000,0.5804243668720055,212,1.0699769844767641,0.03938729108391835,0.24378394335964698,122.7776891838328,408.42,2026-08-31
2026-08-31,2026-08-31 20:00:00+00:00,2027-03-31,438.0,22.05,870312306,GLD   270331C00438000,0.5804243668720055,212,1.0724254443954753,0.03938729108391835,0.24344607560029258,122.53519216910715,408.42,2026-08-31
2026-08-31,2026-08-31 20:00:00+00:00,2027-03-31,439.0,20.9,870312328,GLD   270331C00439000,0.5804243668720055,212,1.0748739043141864,0.03938729108391835,0.23693101776139813,122.0703046711994,408.42,2026-08-31
2026-08-31,2026-08-31 20:00:00+00:00,2027-03-31,440.0,21.13,870312348,GLD   270331C00440000,0.5804243668720055,212,1.0773223642328975,0.03938729108391835,0.2416713176053949,121.95270606603749,408.42,2026-08-31
2026-08-31,2026-08-31 20:00:00+00:00,2027-03-31,441.0,20.28,870312372,GLD   270331C00441000,0.5804243668720055,212,1.0797708241516086,0.03938729108391835,0.2375137905200012,121.49434609294474,408.42,2026-08-31
2026-08-31,2026-08-31 20:00:00+00:00,2027-03-31,442.0,20.27,870312402,GLD   270331C00442000,0.5804243668720055,212,1.0822192840703198,0.03938729108391835,0.24022565448665995,121.2896153439661,408.42,2026-08-31
2026-08-31,2026-08-31 20:00:00+00:00,2027-03-31,443.0,20.45,870312427,GLD   270331C00443000,0.5804243668720055,212,1.0846677439890309,0.03938729108391835,0.2444812851299532,121.15302607629805,408.42,2026-08-31
2026-08-31,2026-08-31 20:00:00+00:00,2027-03-31,444.0,19.68,870312442,GLD   270331C00444000,0.5804243668720055,212,1.087116203907742,0.03938729108391835,0.24085507626002656,120.64237129774595,408.42,2026-08-31
2026-08-31,2026-08-31 20:00:00+00:00,2027-03-31,445.0,19.03,870312471,GLD   270331C00445000,0.5804243668720055,212,1.0895646638264531,0.03938729108391835,0.23816464159721512,120.13123154411716,408.42,2026-08-31
2026-08-31,2026-08-31 20:00:00+00:00,2027-03-31,446.0,19.08,870312491,GLD   270331C00446000,0.5804243668720055,212,1.0920131237451642,0.03938729108391835,0.24126237272871665,119.92642843712116,408.42,2026-08-31
2026-08-31,2026-08-31 20:00:00+00:00,2027-03-31,447.0,19.27,870312514,GLD   270331C00447000,0.5804243668720055,212,1.0944615836638754,0.03938729108391835,0.24550838300222533,119.79235989699248,408.42,2026-08-31
2026-08-31,2026-08-31 20:00:00+00:00,2027-03-31,448.0,18.5,870312540,GLD   270331C00448000,0.5804243668720055,212,1.0969100435825865,0.03938729108391835,0.24169816709822045,119.15593703837783,408.42,2026-08-31
2026-08-31,2026-08-31 20:00:00+00:00,2027-03-31,449.0,18.7,870312564,GLD   270331C00449000,0.5804243668720055,212,1.0993585035012976,0.03938729108391835,0.2459861233015545,119.03002266539329,408.42,2026-08-31
2026-08-31,2026-08-31 20:00:00+00:00,2027-03-31,450.0,18.43,870312587,GLD   270331C00450000,0.5804243668720055,212,1.1018069634200087,0.03938729108391835,0.24630140694016595,118.63530174102,408.42,2026-08-31
2026-08-31,2026-08-31 20:00:00+00:00,2027-03-31,451.0,18.18,870312597,GLD   270331C00451000,0.5804243668720055,212,1.1042554233387198,0.03938729108391835,0.2467533687462099,118.23920413912546,408.42,2026-08-31
2026-08-31,2026-08-31 20:00:00+00:00,2027-03-31,452.0,17.85,870312626,GLD   270331C00452000,0.5804243668720055,212,1.106703883257431,0.03938729108391835,0.2464950064049103,117.7768285425642,408.42,2026-08-31
2026-08-31,2026-08-31 20:00:00+00:00,2027-03-31,453.0,17.1,870312645,GLD   270331C00453000,0.5804243668720055,212,1.109152343176142,0.03938729108391835,0.24261487751351674,116.98722675246293,408.42,2026-08-31
2026-08-31,2026-08-31 20:00:00+00:00,2027-03-31,454.0,17.35,870312670,GLD   270331C00454000,0.5804243668720055,212,1.1116008030948532,0.03938729108391835,0.24723807519907137,116.91543614214896,408.42,2026-08-31
2026-08-31,2026-08-31 20:00:00+00:00,2027-03-31,455.0,17.13,870312694,GLD   270331C00455000,0.5804243668720055,212,1.1140492630135643,0.03938729108391835,0.24782043818393729,116.48913408368729,408.42,2026-08-31
2026-08-31,2026-08-31 20:00:00+00:00,2027-03-31,456.0,16.88,870312723,GLD   270331C00456000,0.5804243668720055,212,1.1164977229322754,0.03938729108391835,0.24811514931833373,116.0275821706813,408.42,2026-08-31
2026-08-31,2026-08-31 20:00:00+00:00,2027-03-31,457.0,16.13,870312751,GLD   270331C00457000,0.5804243668720055,212,1.1189461828509868,0.03938729108391835,0.24404348845696078,115.10832178551975,408.42,2026-08-31
2026-08-31,2026-08-31 20:00:00+00:00,2027-03-31,458.0,16.38,870312771,GLD   270331C00458000,0.5804243668720055,212,1.121394642769698,0.03938729108391835,0.24861131080975757,115.06564441996643,408.42,2026-08-31
2026-08-31,2026-08-31 20:00:00+00:00,2027-03-31,459.0,16.08,870312786,GLD   270331C00459000,0.5804243668720055,212,1.123843102688409,0.03938729108391835,0.2483761845019646,114.51743110397742,408.42,2026-08-31
2026-08-31,2026-08-31 20:00:00+00:00,2027-03-31,460.0,15.55,870312811,GLD   270331C00460000,0.5804243668720055,212,1.1262915626071202,0.03938729108391835,0.24608526060683655,113.71711109838597,408.42,2026-08-31
2026-08-31,2026-08-31 20:00:00+00:00,2027-03-31,461.0,15.68,870312832,GLD   270331C00461000,0.5804243668720055,212,1.1287400225258313,0.03938729108391835,0.249562190766912,113.57587574997294,408.42,2026-08-31
2026-08-31,2026-08-31 20:00:00+00:00,2027-03-31,462.0,14.9,870312847,GLD   270331C00462000,0.5804243668720055,212,1.1311884824445424,0.03938729108391835,0.2449710113110952,112.44788430775209,408.42,2026-08-31
2026-08-31,2026-08-31 20:00:00+00:00,2027-03-31,463.0,14.9,870312871,GLD   270331C00463000,0.5804243668720055,212,1.1336369423632535,0.03938729108391835,0.24725738112991674,112.16482647051456,408.42,2026-08-31
2026-08-31,2026-08-31 20:00:00+00:00,2027-03-31,464.0,14.65,870312889,GLD   270331C00464000,0.5804243668720055,212,1.1360854022819646,0.03938729108391835,0.2472913085327484,111.58509974971827,408.42,2026-08-31
2026-08-31,2026-08-31 20:00:00+00:00,2027-03-31,465.0,14.45,870312917,GLD   270331C00465000,0.5804243668720055,212,1.1385338622006758,0.03938729108391835,0.24774341934742408,111.05407096994126,408.42,2026-08-31
2026-08-31,2026-08-31 20:00:00+00:00,2027-03-31,470.0,13.1,870312946,GLD   270331C00470000,0.5804243668720055,212,1.1507761617942314,0.03938729108391835,0.2463471246509813,107.71792621991536,408.42,2026-08-31
2026-08-31,2026-08-31 20:00:00+00:00,2027-03-31,475.0,12.78,870312975,GLD   270331C00475000,0.5804243668720055,212,1.163018461387787,0.03938729108391835,0.2538638185122051,105.76549112351394,408.42,2026-08-31
2026-08-31,2026-08-31 20:00:00+00:00,2027-03-31,480.0,12.08,870313005,GLD   270331C00480000,0.5804243668720055,212,1.1752607609813428,0.03938729108391835,0.25731576178735127,103.11416924589851,408.42,2026-08-31
2026-08-31,2026-08-31 20:00:00+00:00,2027-03-31,485.0,11.43,870313035,GLD   270331C00485000,0.5804243668720055,212,1.1875030605748984,0.03938729108391835,0.2607254052371719,100.44560645292115,408.42,2026-08-31
2026-08-31,2026-08-31 20:00:00+00:00,2027-03-31,490.0,9.8,870313065,GLD   270331C00490000,0.5804243668720055,212,1.199745360168454,0.03938729108391835,0.25346556500485173,95.22848102537752,408.42,2026-08-31
2026-08-31,2026-08-31 20:00:00+00:00,2027-06-17,330.0,95.43,800378900,GLD   270617C00330000,0.7939767282683093,290,0.8079917731746731,0.040084940077611333,0.266198957931716,74.80566915935756,408.42,2026-08-31
2026-08-31,2026-08-31 20:00:00+00:00,2027-06-17,335.0,91.25,800378925,GLD   270617C00335000,0.7939767282683093,290,0.8202340727682288,0.040084940077611333,0.26305832162732257,79.42140008405845,408.42,2026-08-31
2026-08-31,2026-08-31 20:00:00+00:00,2027-06-17,340.0,87.13,800378958,GLD   270617C00340000,0.7939767282683093,290,0.8324763723617844,0.040084940077611333,0.2600050043811091,84.13295542643854,408.42,2026-08-31
2026-08-31,2026-08-31 20:00:00+00:00,2027-06-17,345.0,83.25,800379021,GLD   270617C00345000,0.7939767282683093,290,0.84471867195534,0.040084940077611333,0.25900821113931016,89.42485259132101,408.42,2026-08-31
2026-08-31,2026-08-31 20:00:00+00:00,2027-06-17,350.0,79.4,800379070,GLD   270617C00350000,0.7939767282683093,290,0.8569609715488957,0.040084940077611333,0.2574770170659759,94.54066463095643,408.42,2026-08-31
2026-08-31,2026-08-31 20:00:00+00:00,2027-06-17,355.0,75.3,800379115,GLD   270617C00355000,0.7939767282683093,290,0.8692032711424513,0.040084940077611333,0.25263811075994747,98.86569844975655,408.42,2026-08-31
2026-08-31,2026-08-31 20:00:00+00:00,2027-06-17,360.0,71.55,800379157,GLD   270617C00360000,0.7939767282683093,290,0.881445570736007,0.040084940077611333,0.2506920300907456,103.809204108614,408.42,2026-08-31
2026-08-31,2026-08-31 20:00:00+00:00,2027-06-17,365.0,67.88,800379210,GLD   270617C00365000,0.7939767282683093,290,0.8936878703295627,0.040084940077611333,0.24873870387682695,108.6395800341921,408.42,2026-08-31
2026-08-31,2026-08-31 20:00:00+00:00,2027-06-17,370.0,64.45,800379260,GLD   270617C00370000,0.7939767282683093,290,0.9059301699231184,0.040084940077611333,0.2481613140550442,113.53591989762288,408.42,2026-08-31
2026-08-31,2026-08-31 20:00:00+00:00,2027-06-17,375.0,60.85,800379300,GLD   270617C00375000,0.7939767282683093,290,0.918172469516674,0.040084940077611333,0.24529951946577055,117.88268450689547,408.42,2026-08-31
2026-08-31,2026-08-31 20:00:00+00:00,2027-06-17,380.0,57.68,800379353,GLD   270617C00380000,0.7939767282683093,290,0.9304147691102296,0.040084940077611333,0.24528441371573134,122.35847188399497,408.42,2026-08-31
2026-08-31,2026-08-31 20:00:00+00:00,2027-06-17,385.0,54.5,800379387,GLD   270617C00385000,0.7939767282683093,290,0.9426570687037853,0.040084940077611333,0.2443312800030224,126.40858513653512,408.42,2026-08-31
2026-08-31,2026-08-31 20:00:00+00:00,2027-06-17,390.0,51.4,800379434,GLD   270617C00390000,0.7939767282683093,290,0.9548993682973409,0.040084940077611333,0.24320606925981125,130.1144592826882,408.42,2026-08-31
2026-08-31,2026-08-31 20:00:00+00:00,2027-06-17,395.0,48.33,800379480,GLD   270617C00395000,0.7939767282683093,290,0.9671416678908966,0.040084940077611333,0.24153611089820054,133.44098444544898,408.42,2026-08-31
2026-08-31,2026-08-31 20:00:00+00:00,2027-06-17,400.0,45.48,800379535,GLD   270617C00400000,0.7939767282683093,290,0.9793839674844522,0.040084940077611333,0.2407397342660465,136.42789871723664,408.42,2026-08-31
2026-08-31,2026-08-31 20:00:00+00:00,2027-06-17,405.0,41.7,800379585,GLD   270617C00405000,0.7939767282683093,290,0.9916262670780079,0.040084940077611333,0.23247958977604288,138.88721497219493,408.42,2026-08-31
2026-08-31,2026-08-31 20:00:00+00:00,2027-06-17,410.0,39.88,800379657,GLD   270617C00410000,0.7939767282683093,290,1.0038685666715637,0.040084940077611333,0.2375774637709372,141.1321765189697,408.42,2026-08-31
2026-08-31,2026-08-31 20:00:00+00:00,2027-06-17,415.0,37.42,800379714,GLD   270617C00415000,0.7939767282683093,290,1.0161108662651193,0.040084940077611333,0.23727634526537733,142.83489658129668,408.42,2026-08-31
2026-08-31,2026-08-31 20:00:00+00:00,2027-06-17,420.0,35.1,800379764,GLD   270617C00420000,0.7939767282683093,290,1.0283531658586749,0.040084940077611333,0.2371893801026978,144.07327860191907,408.42,2026-08-31
2026-08-31,2026-08-31 20:00:00+00:00,2027-06-17,425.0,32.95,800379840,GLD   270617C00425000,0.7939767282683093,290,1.0405954654522305,0.040084940077611333,0.23752891489611944,144.84762769521268,408.42,2026-08-31
2026-08-31,2026-08-31 20:00:00+00:00,2027-06-17,430.0,31.15,800379908,GLD   270617C00430000,0.7939767282683093,290,1.052837765045786,0.040084940077611333,0.23954470366584135,145.1692523559916,408.42,2026-08-31
2026-08-31,2026-08-31 20:00:00+00:00,2027-06-17,435.0,28.93,800379978,GLD   270617C00435000,0.7939767282683093,290,1.065080064639342,0.040084940077611333,0.23795087008895355,145.06127674593296,408.42,2026-08-31
2026-08-31,2026-08-31 20:00:00+00:00,2027-06-17,440.0,26.88,800380022,GLD   270617C00440000,0.7939767282683093,290,1.0773223642328975,0.040084940077611333,0.2368243555202149,144.5087850658004,408.42,2026-08-31
2026-08-31,2026-08-31 20:00:00+00:00,2027-06-17,445.0,25.4,800380075,GLD   270617C00445000,0.7939767282683093,290,1.0895646638264531,0.040084940077611333,0.23896489245379343,143.6263916242641,408.42,2026-08-31
2026-08-31,2026-08-31 20:00:00+00:00,2027-06-17,450.0,24.23,800380138,GLD   270617C00450000,0.7939767282683093,290,1.1018069634200087,0.040084940077611333,0.24264293770147494,142.50271597594434,408.42,2026-08-31
2026-08-31,2026-08-31 20:00:00+00:00,2027-06-17,455.0,22.28,800824420,GLD   270617C00455000,0.7939767282683093,290,1.1140492630135643,0.040084940077611333,0.2402086954417639,140.75742520580485,408.42,2026-08-31
2026-08-31,2026-08-31 20:00:00+00:00,2027-06-17,460.0,20.9,800824505,GLD   270617C00460000,0.7939767282683093,290,1.1262915626071202,0.040084940077611333,0.2411748115315102,138.88448975063818,408.42,2026-08-31
2026-08-31,2026-08-31 20:00:00+00:00,2027-06-17,465.0,19.52,801599385,GLD   270617C00465000,0.7939767282683093,290,1.1385338622006758,0.040084940077611333,0.2415431143038907,136.6866086675719,408.42,2026-08-31
2026-08-31,2026-08-31 20:00:00+00:00,2027-06-17,470.0,18.45,801599430,GLD   270617C00470000,0.7939767282683093,290,1.1507761617942314,0.040084940077611333,0.24361840408286078,134.45865790206236,408.42,2026-08-31
2026-08-31,2026-08-31 20:00:00+00:00,2027-06-17,475.0,17.68,813159478,GLD   270617C00475000,0.7939767282683093,290,1.163018461387787,0.040084940077611333,0.24744435902358963,132.34452073002538,408.42,2026-08-31
2026-08-31,2026-08-31 20:00:00+00:00,2027-06-17,480.0,15.75,806090421,GLD   270617C00480000,0.7939767282683093,290,1.1752607609813428,0.040084940077611333,0.24186974122459076,128.5156755092785,408.42,2026-08-31
2026-08-31,2026-08-31 20:00:00+00:00,2027-06-17,485.0,15.6,813159532,GLD   270617C00485000,0.7939767282683093,290,1.1875030605748984,0.040084940077611333,0.2495747168050148,126.92587041401241,408.42,2026-08-31
2026-08-31,2026-08-31 20:00:00+00:00,2027-06-17,490.0,14.23,806090491,GLD   270617C00490000,0.7939767282683093,290,1.199745360168454,0.040084940077611333,0.2472068951428868,123.2665756867682,408.42,2026-08-31
2026-08-31,2026-08-31 20:00:00+00:00,2027-06-30,330.0,96.3,897587927,GLD   270630C00330000,0.8295687885010267,303,0.8079917731746731,0.04020121490989349,0.26655258335387333,77.75927122067162,408.42,2026-08-31
2026-08-31,2026-08-31 20:00:00+00:00,2027-06-30,333.0,94.28,897587994,GLD   270630C00333000,0.8295687885010267,303,0.8153371529308064,0.04020121490989349,0.270574698845204,82.20369135473868,408.42,2026-08-31
2026-08-31,2026-08-31 20:00:00+00:00,2027-06-30,334.0,92.9,897588072,GLD   270630C00334000,0.8295687885010267,303,0.8177856128495177,0.04020121490989349,0.2631809743572957,81.20405136613051,408.42,2026-08-31
2026-08-31,2026-08-31 20:00:00+00:00,2027-06-30,335.0,91.5,897588139,GLD   270630C00335000,0.8295687885010267,303,0.8202340727682288,0.04020121490989349,0.25550295071313167,80.04132623003423,408.42,2026-08-31
2026-08-31,2026-08-31 20:00:00+00:00,2027-06-30,336.0,90.6,897588197,GLD   270630C00336000,0.8295687885010267,303,0.8226825326869399,0.04020121490989349,0.25404424002608283,80.73862898133518,408.42,2026-08-31
2026-08-31,2026-08-31 20:00:00+00:00,2027-06-30,337.0,89.68,897588233,GLD   270630C00337000,0.8295687885010267,303,0.825130992605651,0.04020121490989349,0.252331218169909,81.36313881463947,408.42,2026-08-31
2026-08-31,2026-08-31 20:00:00+00:00,2027-06-30,338.0,89.5,897588260,GLD   270630C00338000,0.8295687885010267,303,0.8275794525243622,0.04020121490989349,0.25949499439997603,84.61692612567528,408.42,2026-08-31
2026-08-31,2026-08-31 20:00:00+00:00,2027-06-30,339.0,89.33,897588282,GLD   270630C00339000,0.8295687885010267,303,0.8300279124430733,0.04020121490989349,0.2663833654264919,87.61690275718892,408.42,2026-08-31
2026-08-31,2026-08-31 20:00:00+00:00,2027-06-30,340.0,88.68,897588307,GLD   270630C00340000,0.8295687885010267,303,0.8324763723617844,0.04020121490989349,0.26757672899262974,89.01876737827381,408.42,2026-08-31
2026-08-31,2026-08-31 20:00:00+00:00,2027-06-30,341.0,87.28,897588350,GLD   270630C00341000,0.8295687885010267,303,0.8349248322804955,0.04020121490989349,0.26030074926288793,88.19507365594046,408.42,2026-08-31
2026-08-31,2026-08-31 20:00:00+00:00,2027-06-30,342.0,86.0,897588366,GLD   270630C00342000,0.8295687885010267,303,0.8373732921992066,0.04020121490989349,0.2543774140135385,87.68598032734249,408.42,2026-08-31
2026-08-31,2026-08-31 20:00:00+00:00,2027-06-30,343.0,85.0,897588393,GLD   270630C00343000,0.8295687885010267,303,0.8398217521179178,0.04020121490989349,0.25165091926185423,88.05668986188329,408.42,2026-08-31
2026-08-31,2026-08-31 20:00:00+00:00,2027-06-30,344.0,84.1,897588426,GLD   270630C00344000,0.8295687885010267,303,0.8422702120366289,0.04020121490989349,0.2500594046317972,88.75257328321119,408.42,2026-08-31
2026-08-31,2026-08-31 20:00:00+00:00,2027-06-30,345.0,84.25,897588450,GLD   270630C00345000,0.8295687885010267,303,0.84471867195534,0.04020121490989349,0.2599956447764301,92.54418658726578,408.42,2026-08-31
2026-08-31,2026-08-31 20:00:00+00:00,2027-06-30,346.0,83.0,897588476,GLD   270630C00346000,0.8295687885010267,303,0.8471671318740512,0.04020121490989349,0.25452831319225955,92.24219851884865,408.42,2026-08-31
2026-08-31,2026-08-31 20:00:00+00:00,2027-06-30,347.0,82.45,897588508,GLD   270630C00347000,0.8295687885010267,303,0.8496155917927624,0.04020121490989349,0.256602969684545,93.89201935230751,408.42,2026-08-31
2026-08-31,2026-08-31 20:00:00+00:00,2027-06-30,348.0,81.8,897588547,GLD   270630C00348000,0.8295687885010267,303,0.8520640517114735,0.04020121490989349,0.2575310233819299,95.2272374587574,408.42,2026-08-31
2026-08-31,2026-08-31 20:00:00+00:00,2027-06-30,349.0,80.93,897588590,GLD   270630C00349000,0.8295687885010267,303,0.8545125116301846,0.04020121490989349,0.25611207006042824,95.97837595770488,408.42,2026-08-31
2026-08-31,2026-08-31 20:00:00+00:00,2027-06-30,350.0,80.28,897588647,GLD   270630C00350000,0.8295687885010267,303,0.8569609715488957,0.04020121490989349,0.2569498897182755,97.27699734259286,408.42,2026-08-31
2026-08-31,2026-08-31 20:00:00+00:00,2027-06-30,351.0,79.0,897588698,GLD   270630C00351000,0.8295687885010267,303,0.8594094314676068,0.04020121490989349,0.25128691911371426,97.00593636822235,408.42,2026-08-31
2026-08-31,2026-08-31 20:00:00+00:00,2027-06-30,352.0,78.2,897588752,GLD   270630C00352000,0.8295687885010267,303,0.861857891386318,0.04020121490989349,0.25056508404957123,97.94148140655588,408.42,2026-08-31
2026-08-31,2026-08-31 20:00:00+00:00,2027-06-30,353.0,77.9,897588815,GLD   270630C00353000,0.8295687885010267,303,0.8643063513050291,0.04020121490989349,0.2548465956295841,100.05000311479743,408.42,2026-08-31
2026-08-31,2026-08-31 20:00:00+00:00,2027-06-30,354.0,77.0,897588870,GLD   270630C00354000,0.8295687885010267,303,0.8667548112237402,0.04020121490989349,0.25304075070889664,100.72349354347367,408.42,2026-08-31
2026-08-31,2026-08-31 20:00:00+00:00,2027-06-30,355.0,76.0,897588907,GLD   270630C00355000,0.8295687885010267,303,0.8692032711424513,0.04020121490989349,0.2502412510407158,101.17468307413826,408.42,2026-08-31
2026-08-31,2026-08-31 20:00:00+00:00,2027-06-30,356.0,75.72,897588922,GLD   270630C00356000,0.8295687885010267,303,0.8716517310611624,0.04020121490989349,0.25447608566684654,103.19412795597975,408.42,2026-08-31
2026-08-31,2026-08-31 20:00:00+00:00,2027-06-30,357.0,74.85,897588950,GLD   270630C00357000,0.8295687885010267,303,0.8741001909798736,0.04020121490989349,0.2529065637795255,103.92511708687717,408.42,2026-08-31
2026-08-31,2026-08-31 20:00:00+00:00,2027-06-30,358.0,74.35,897588992,GLD   270630C00358000,0.8295687885010267,303,0.8765486508985848,0.04020121490989349,0.2548498645064421,105.3878940777615,408.42,2026-08-31
2026-08-31,2026-08-31 20:00:00+00:00,2027-06-30,359.0,73.0,897589019,GLD   270630C00359000,0.8295687885010267,303,0.8789971108172959,0.04020121490989349,0.24869222249677408,105.17035158600113,408.42,2026-08-31
2026-08-31,2026-08-31 20:00:00+00:00,2027-06-30,360.0,72.5,897589052,GLD   270630C00360000,0.8295687885010267,303,0.881445570736007,0.04020121490989349,0.25058116766875616,106.62576394815105,408.42,2026-08-31
2026-08-31,2026-08-31 20:00:00+00:00,2027-06-30,361.0,71.88,897589087,GLD   270630C00361000,0.8295687885010267,303,0.8838940306547182,0.04020121490989349,0.2512779879088515,107.81369307971873,408.42,2026-08-31
2026-08-31,2026-08-31 20:00:00+00:00,2027-06-30,362.0,71.22,897589127,GLD   270630C00362000,0.8295687885010267,303,0.8863424905734293,0.04020121490989349,0.2515570065717213,108.90558569154359,408.42,2026-08-31
2026-08-31,2026-08-31 20:00:00+00:00,2027-06-30,363.0,70.0,897589148,GLD   270630C00363000,0.8295687885010267,303,0.8887909504921404,0.04020121490989349,0.2466801868819632,109.00929901361074,408.42,2026-08-31
2026-08-31,2026-08-31 20:00:00+00:00,2027-06-30,364.0,69.5,897589187,GLD   270630C00364000,0.8295687885010267,303,0.8912394104108515,0.04020121490989349,0.24837818680545315,110.37292151733749,408.42,2026-08-31
2026-08-31,2026-08-31 20:00:00+00:00,2027-06-30,365.0,68.5,897589208,GLD   270630C00365000,0.8295687885010267,303,0.8936878703295627,0.04020121490989349,0.2455108788968064,110.87397080984188,408.42,2026-08-31
2026-08-31,2026-08-31 20:00:00+00:00,2027-06-30,366.0,68.35,897589260,GLD   270630C00366000,0.8295687885010267,303,0.8961363302482738,0.04020121490989349,0.25023120227111517,112.73755206395839,408.42,2026-08-31
2026-08-31,2026-08-31 20:00:00+00:00,2027-06-30,367.0,67.5,897589296,GLD   270630C00367000,0.8295687885010267,303,0.8985847901669849,0.04020121490989349,0.24865858379816635,113.47074240252218,408.42,2026-08-31
2026-08-31,2026-08-31 20:00:00+00:00,2027-06-30,368.0,66.5,897589337,GLD   270630C00368000,0.8295687885010267,303,0.901033250085696,0.04020121490989349,0.24575936941625548,113.98263972035672,408.42,2026-08-31
2026-08-31,2026-08-31 20:00:00+00:00,2027-06-30,369.0,66.0,897589380,GLD   270630C00369000,0.8295687885010267,303,0.9034817100044072,0.04020121490989349,0.2472156121478416,115.2192975069176,408.42,2026-08-31
2026-08-31,2026-08-31 20:00:00+00:00,2027-06-30,370.0,65.0,897589420,GLD   270630C00370000,0.8295687885010267,303,0.9059301699231184,0.04020121490989349,0.24430141308540487,115.73835589572548,408.42,2026-08-31
2026-08-31,2026-08-31 20:00:00+00:00,2027-06-30,371.0,64.5,897589467,GLD   270630C00371000,0.8295687885010267,303,0.9083786298418295,0.04020121490989349,0.24567733085146176,116.93658585909763,408.42,2026-08-31
2026-08-31,2026-08-31 20:00:00+00:00,2027-06-30,372.0,64.0,897589491,GLD   270630C00372000,0.8295687885010267,303,0.9108270897605406,0.04020121490989349,0.24699283493040125,118.09642166034781,408.42,2026-08-31
2026-08-31,2026-08-31 20:00:00+00:00,2027-06-30,373.0,63.0,897589536,GLD   270630C00373000,0.8295687885010267,303,0.9132755496792517,0.04020121490989349,0.2440458632820286,118.62310244991313,408.42,2026-08-31
2026-08-31,2026-08-31 20:00:00+00:00,2027-06-30,374.0,62.5,897589580,GLD   270630C00374000,0.8295687885010267,303,0.9157240095979629,0.04020121490989349,0.24528606212371962,119.74706817782194,408.42,2026-08-31
2026-08-31,2026-08-31 20:00:00+00:00,2027-06-30,375.0,61.5,897589621,GLD   270630C00375000,0.8295687885010267,303,0.918172469516674,0.04020121490989349,0.24232309067351748,120.27918554749321,408.42,2026-08-31
2026-08-31,2026-08-31 20:00:00+00:00,2027-06-30,376.0,61.0,897589671,GLD   270630C00376000,0.8295687885010267,303,0.9206209294353851,0.04020121490989349,0.24349011696400125,121.36809366738589,408.42,2026-08-31
2026-08-31,2026-08-31 20:00:00+00:00,2027-06-30,377.0,60.5,897589722,GLD   270630C00377000,0.8295687885010267,303,0.9230693893540962,0.04020121490989349,0.24460338839059698,122.42305742215262,408.42,2026-08-31
2026-08-31,2026-08-31 20:00:00+00:00,2027-06-30,378.0,59.5,897589774,GLD   270630C00378000,0.8295687885010267,303,0.9255178492728073,0.04020121490989349,0.24160643365932633,122.9595566809094,408.42,2026-08-31
2026-08-31,2026-08-31 20:00:00+00:00,2027-06-30,379.0,59.38,897589841,GLD   270630C00379000,0.8295687885010267,303,0.9279663091915185,0.04020121490989349,0.24571107199350373,124.32979763937085,408.42,2026-08-31
2026-08-31,2026-08-31 20:00:00+00:00,2027-06-30,380.0,58.5,897589891,GLD   270630C00380000,0.8295687885010267,303,0.9304147691102296,0.04020121490989349,0.24364425708046183,124.97158845950901,408.42,2026-08-31
2026-08-31,2026-08-31 20:00:00+00:00,2027-06-30,381.0,58.15,897589934,GLD   270630C00381000,0.8295687885010267,303,0.9328632290289408,0.04020121490989349,0.24578006298998373,126.05386403360043,408.42,2026-08-31
2026-08-31,2026-08-31 20:00:00+00:00,2027-06-30,382.0,57.4,897590004,GLD   270630C00382000,0.8295687885010267,303,0.9353116889476519,0.04020121490989349,0.2446991823147051,126.78573666607807,408.42,2026-08-31
2026-08-31,2026-08-31 20:00:00+00:00,2027-06-30,383.0,56.5,897590091,GLD   270630C00383000,0.8295687885010267,303,0.937760148866363,0.04020121490989349,0.24242111972710123,127.39800918930395,408.42,2026-08-31
2026-08-31,2026-08-31 20:00:00+00:00,2027-06-30,384.0,56.25,897590152,GLD   270630C00384000,0.8295687885010267,303,0.9402086087850742,0.04020121490989349,0.24520348340263592,128.47304439326808,408.42,2026-08-31
2026-08-31,2026-08-31 20:00:00+00:00,2027-06-30,385.0,55.53,897590231,GLD   270630C00385000,0.8295687885010267,303,0.9426570687037853,0.04020121490989349,0.2442791921732016,129.19248792579506,408.42,2026-08-31
2026-08-31,2026-08-31 20:00:00+00:00,2027-06-30,386.0,54.88,897590285,GLD   270630C00386000,0.8295687885010267,303,0.9451055286224964,0.04020121490989349,0.24387131829606368,129.946458959078,408.42,2026-08-31
2026-08-31,2026-08-31 20:00:00+00:00,2027-06-30,387.0,54.0,897590342,GLD   270630C00387000,0.8295687885010267,303,0.9475539885412075,0.04020121490989349,0.24167437228234492,130.55055829552424,408.42,2026-08-31
2026-08-31,2026-08-31 20:00:00+00:00,2027-06-30,388.0,53.5,897590400,GLD   270630C00388000,0.8295687885010267,303,0.9500024484599187,0.04020121490989349,0.24236236376101156,131.36928172183022,408.42,2026-08-31
2026-08-31,2026-08-31 20:00:00+00:00,2027-06-30,389.0,52.5,897590468,GLD   270630C00389000,0.8295687885010267,303,0.9524509083786298,0.04020121490989349,0.23922240730850028,131.89855150486002,408.42,2026-08-31
2026-08-31,2026-08-31 20:00:00+00:00,2027-06-30,390.0,51.7,897590531,GLD   270630C00390000,0.8295687885010267,303,0.9548993682973409,0.04020121490989349,0.23758941240059217,132.53517631179258,408.42,2026-08-31
2026-08-31,2026-08-31 20:00:00+00:00,2027-06-30,391.0,52.05,897590586,GLD   270630C00391000,0.8295687885010267,303,0.957347828216052,0.04020121490989349,0.24455831327950583,133.7013136755954,408.42,2026-08-31
2026-08-31,2026-08-31 20:00:00+00:00,2027-06-30,392.0,51.0,897590644,GLD   270630C00392000,0.8295687885010267,303,0.9597962881347631,0.04020121490989349,0.24099105129297824,134.19544219174207,408.42,2026-08-31
2026-08-31,2026-08-31 20:00:00+00:00,2027-06-30,393.0,50.5,897590697,GLD   270630C00393000,0.8295687885010267,303,0.9622447480534744,0.04020121490989349,0.24150300304284322,134.91413517702983,408.42,2026-08-31
2026-08-31,2026-08-31 20:00:00+00:00,2027-06-30,394.0,50.23,897590760,GLD   270630C00394000,0.8295687885010267,303,0.9646932079721855,0.04020121490989349,0.24367307162461804,135.6918207754379,408.42,2026-08-31
2026-08-31,2026-08-31 20:00:00+00:00,2027-06-30,395.0,49.5,897590829,GLD   270630C00395000,0.8295687885010267,303,0.9671416678908966,0.04020121490989349,0.24241547602517532,136.2848671472791,408.42,2026-08-31
2026-08-31,2026-08-31 20:00:00+00:00,2027-06-30,396.0,48.9,897590862,GLD   270630C00396000,0.8295687885010267,303,0.9695901278096077,0.04020121490989349,0.24208715413128962,136.90813544054183,408.42,2026-08-31
2026-08-31,2026-08-31 20:00:00+00:00,2027-06-30,397.0,48.0,897590904,GLD   270630C00397000,0.8295687885010267,303,0.9720385877283189,0.04020121490989349,0.23954796322966,137.4320992603729,408.42,2026-08-31
2026-08-31,2026-08-31 20:00:00+00:00,2027-06-30,398.0,47.53,897590964,GLD   270630C00398000,0.8295687885010267,303,0.97448704764703,0.04020121490989349,0.24011375831728798,138.06542331269765,408.42,2026-08-31
2026-08-31,2026-08-31 20:00:00+00:00,2027-06-30,399.0,47.4,897591022,GLD   270630C00399000,0.8295687885010267,303,0.9769355075657411,0.04020121490989349,0.24309407996004445,138.7524597541026,408.42,2026-08-31
2026-08-31,2026-08-31 20:00:00+00:00,2027-06-30,400.0,46.83,897591090,GLD   270630C00400000,0.8295687885010267,303,0.9793839674844522,0.04020121490989349,0.2428594379303046,139.31358389469284,408.42,2026-08-31
2026-08-31,2026-08-31 20:00:00+00:00,2027-06-30,401.0,46.0,897591201,GLD   270630C00401000,0.8295687885010267,303,0.9818324274031633,0.04020121490989349,0.24073644676310946,139.81217680562844,408.42,2026-08-31
2026-08-31,2026-08-31 20:00:00+00:00,2027-06-30,402.0,45.5,897591281,GLD   270630C00402000,0.8295687885010267,303,0.9842808873218745,0.04020121490989349,0.2409497991845943,140.35742225582572,408.42,2026-08-31
2026-08-31,2026-08-31 20:00:00+00:00,2027-06-30,403.0,45.0,897591346,GLD   270630C00403000,0.8295687885010267,303,0.9867293472405856,0.04020121490989349,0.24113070497652517,140.883450365711,408.42,2026-08-31
2026-08-31,2026-08-31 20:00:00+00:00,2027-06-30,404.0,44.0,897591399,GLD   270630C00404000,0.8295687885010267,303,0.9891778071592968,0.04020121490989349,0.2377425560218282,141.3295630756511,408.42,2026-08-31
2026-08-31,2026-08-31 20:00:00+00:00,2027-06-30,405.0,43.75,897591482,GLD   270630C00405000,0.8295687885010267,303,0.9916262670780079,0.04020121490989349,0.2396347607576289,141.85370919775494,408.42,2026-08-31
2026-08-31,2026-08-31 20:00:00+00:00,2027-06-30,406.0,43.0,897591547,GLD   270630C00406000,0.8295687885010267,303,0.9940747269967191,0.04020121490989349,0.23797020395891744,142.30636242828726,408.42,2026-08-31
2026-08-31,2026-08-31 20:00:00+00:00,2027-06-30,407.0,42.5,897591606,GLD   270630C00407000,0.8295687885010267,303,0.9965231869154302,0.04020121490989349,0.2380369132607244,142.76646420379709,408.42,2026-08-31
2026-08-31,2026-08-31 20:00:00+00:00,2027-06-30,410.0,41.0,897591672,GLD   270630C00410000,0.8295687885010267,303,1.0038685666715637,0.04020121490989349,0.23805305275814614,144.03604815772965,408.42,2026-08-31
2026-08-31,2026-08-31 20:00:00+00:00,2027-06-30,415.0,38.0,897591742,GLD   270630C00415000,0.8295687885010267,303,1.0161108662651193,0.04020121490989349,0.23405569132575765,145.8020863231787,408.42,2026-08-31
2026-08-31,2026-08-31 20:00:00+00:00,2027-06-30,420.0,36.5,897591811,GLD   270630C00420000,0.8295687885010267,303,1.0283531658586749,0.04020121490989349,0.23959816051246602,147.08039552929154,408.42,2026-08-31
2026-08-31,2026-08-31 20:00:00+00:00,2027-06-30,425.0,34.5,897591871,GLD   270630C00425000,0.8295687885010267,303,1.0405954654522305,0.04020121490989349,0.2409718338360079,147.92454481394068,408.42,2026-08-31
2026-08-31,2026-08-31 20:00:00+00:00,2027-06-30,430.0,32.5,897591919,GLD   270630C00430000,0.8295687885010267,303,1.052837765045786,0.04020121490989349,0.24164345299126588,148.34657760630256,408.42,2026-08-31
2026-08-31,2026-08-31 20:00:00+00:00,2027-06-30,435.0,30.43,897591957,GLD   270630C00435000,0.8295687885010267,303,1.065080064639342,0.04020121490989349,0.24116693270010875,148.35539604617466,408.42,2026-08-31
2026-08-31,2026-08-31 20:00:00+00:00,2027-06-30,440.0,28.5,897592020,GLD   270630C00440000,0.8295687885010267,303,1.0773223642328975,0.04020121490989349,0.24097333323536446,147.95644291138905,408.42,2026-08-31
2026-08-31,2026-08-31 20:00:00+00:00,2027-06-30,445.0,26.5,897592083,GLD   270630C00445000,0.8295687885010267,303,1.0895646638264531,0.04020121490989349,0.23965304225413128,147.13424724801249,408.42,2026-08-31
2026-08-31,2026-08-31 20:00:00+00:00,2027-06-30,450.0,25.0,897592137,GLD   270630C00450000,0.8295687885010267,303,1.1018069634200087,0.04020121490989349,0.24110002782447265,146.02279678082994,408.42,2026-08-31
2026-08-31,2026-08-31 20:00:00+00:00,2027-06-30,455.0,23.5,897592191,GLD   270630C00455000,0.8295687885010267,303,1.1140492630135643,0.04020121490989349,0.24194959122510631,144.5767045505576,408.42,2026-08-31
2026-08-31,2026-08-31 20:00:00+00:00,2027-06-30,460.0,22.0,897592219,GLD   270630C00460000,0.8295687885010267,303,1.1262915626071202,0.04020121490989349,0.24220938777448614,142.79258561262546,408.42,2026-08-31
2026-08-31,2026-08-31 20:00:00+00:00,2027-06-30,465.0,21.0,897592243,GLD   270630C00465000,0.8295687885010267,303,1.1385338622006758,0.04020121490989349,0.24542967850556602,141.02153353360524,408.42,2026-08-31
2026-08-31,2026-08-31 20:00:00+00:00,2027-06-30,470.0,19.5,897592267,GLD   270630C00470000,0.8295687885010267,303,1.1507761617942314,0.04020121490989349,0.2445655588242225,138.61717881137446,408.42,2026-08-31
2026-08-31,2026-08-31 20:00:00+00:00,2027-06-30,475.0,18.4,897592300,GLD   270630C00475000,0.8295687885010267,303,1.163018461387787,0.04020121490989349,0.2460406790868379,136.26931857838534,408.42,2026-08-31
2026-08-31,2026-08-31 20:00:00+00:00,2027-06-30,480.0,17.35,897592325,GLD   270630C00480000,0.8295687885010267,303,1.1752607609813428,0.04020121490989349,0.24739242020240054,133.74754779795393,408.42,2026-08-31
2026-08-31,2026-08-31 20:00:00+00:00,2027-06-30,485.0,16.35,899168886,GLD   270630C00485000,0.8295687885010267,303,1.1875030605748984,0.04020121490989349,0.24864185757925739,131.0728812014857,408.42,2026-08-31
2026-08-31,2026-08-31 20:00:00+00:00,2027-06-30,490.0,15.58,899168967,GLD   270630C00490000,0.8295687885010267,303,1.199745360168454,0.04020121490989349,0.25121180945029487,128.56260893791475,408.42,2026-08-31
2026-08-31,2026-08-31 20:00:00+00:00,2027-09-17,330.0,101.0,887869790,GLD   270917C00330000,1.0458590006844628,382,0.8079917731746731,0.04083717350021505,0.26307805595798417,92.42353876811745,408.42,2026-08-31
2026-08-31,2026-08-31 20:00:00+00:00,2027-09-17,335.0,96.9,887869857,GLD   270917C00335000,1.0458590006844628,382,0.8202340727682288,0.04083717350021505,0.25959231566255914,97.01906877301676,408.42,2026-08-31
2026-08-31,2026-08-31 20:00:00+00:00,2027-09-17,340.0,93.08,887869910,GLD   270917C00340000,1.0458590006844628,382,0.8324763723617844,0.04083717350021505,0.2584230635556394,102.32793865506251,408.42,2026-08-31
2026-08-31,2026-08-31 20:00:00+00:00,2027-09-17,345.0,89.13,887869959,GLD   270917C00345000,1.0458590006844628,382,0.84471867195534,0.04083717350021505,0.25539903581859547,107.10232795738773,408.42,2026-08-31
2026-08-31,2026-08-31 20:00:00+00:00,2027-09-17,350.0,85.48,887870022,GLD   270917C00350000,1.0458590006844628,382,0.8569609715488957,0.04083717350021505,0.25457844528378915,112.4241935533758,408.42,2026-08-31
2026-08-31,2026-08-31 20:00:00+00:00,2027-09-17,355.0,81.63,887870079,GLD   270917C00355000,1.0458590006844628,382,0.8692032711424513,0.04083717350021505,0.25139486655434606,117.10256635271448,408.42,2026-08-31
2026-08-31,2026-08-31 20:00:00+00:00,2027-09-17,360.0,77.9,887870134,GLD   270917C00360000,1.0458590006844628,382,0.881445570736007,0.04083717350021505,0.2487337772789411,121.85044505859136,408.42,2026-08-31
2026-08-31,2026-08-31 20:00:00+00:00,2027-09-17,365.0,74.45,887870182,GLD   270917C00365000,1.0458590006844628,382,0.8936878703295627,0.04083717350021505,0.2477793118015863,126.83064578382017,408.42,2026-08-31
2026-08-31,2026-08-31 20:00:00+00:00,2027-09-17,370.0,71.0,887870217,GLD   270917C00370000,1.0458590006844628,382,0.9059301699231184,0.04083717350021505,0.24619914045361804,131.52206354144113,408.42,2026-08-31
2026-08-31,2026-08-31 20:00:00+00:00,2027-09-17,375.0,67.88,887870280,GLD   270917C00375000,1.0458590006844628,382,0.918172469516674,0.04083717350021505,0.246467467747163,136.27722605214984,408.42,2026-08-31
2026-08-31,2026-08-31 20:00:00+00:00,2027-09-17,380.0,64.4,887870334,GLD   270917C00380000,1.0458590006844628,382,0.9304147691102296,0.04083717350021505,0.24348837542561816,140.36850579862377,408.42,2026-08-31
2026-08-31,2026-08-31 20:00:00+00:00,2027-09-17,385.0,61.2,887870377,GLD   270917C00385000,1.0458590006844628,382,0.9426570687037853,0.04083717350021505,0.24196024534227334,144.4130737551457,408.42,2026-08-31
2026-08-31,2026-08-31 20:00:00+00:00,2027-09-17,390.0,58.5,887870430,GLD   270917C00390000,1.0458590006844628,382,0.9548993682973409,0.04083717350021505,0.2432370444291272,148.38485482511996,408.42,2026-08-31
2026-08-31,2026-08-31 20:00:00+00:00,2027-09-17,395.0,56.0,887870478,GLD   270917C00395000,1.0458590006844628,382,0.9671416678908966,0.04083717350021505,0.2451365878400393,151.98212042066106,408.42,2026-08-31
2026-08-31,2026-08-31 20:00:00+00:00,2027-09-17,400.0,52.6,887870533,GLD   270917C00400000,1.0458590006844628,382,0.9793839674844522,0.04083717350021505,0.240537333978992,154.94661172383206,408.42,2026-08-31
2026-08-31,2026-08-31 20:00:00+00:00,2027-09-17,405.0,49.95,887870585,GLD   270917C00405000,1.0458590006844628,382,0.9916262670780079,0.04083717350021505,0.24025393818756569,157.75262403021824,408.42,2026-08-31
2026-08-31,2026-08-31 20:00:00+00:00,2027-09-17,410.0,47.8,887870628,GLD   270917C00410000,1.0458590006844628,382,1.0038685666715637,0.04083717350021505,0.24250390333505353,160.1955241131746,408.42,2026-08-31
2026-08-31,2026-08-31 20:00:00+00:00,2027-09-17,415.0,44.68,887870681,GLD   270917C00415000,1.0458590006844628,382,1.0161108662651193,0.04083717350021505,0.23813367574093863,162.223843441783,408.42,2026-08-31
2026-08-31,2026-08-31 20:00:00+00:00,2027-09-17,420.0,43.25,887870740,GLD   270917C00420000,1.0458590006844628,382,1.0283531658586749,0.04083717350021505,0.24359825997846207,163.84000796038703,408.42,2026-08-31
2026-08-31,2026-08-31 20:00:00+00:00,2027-09-17,425.0,40.38,887870798,GLD   270917C00425000,1.0458590006844628,382,1.0405954654522305,0.04083717350021505,0.23969376817578458,165.1305908617066,408.42,2026-08-31
2026-08-31,2026-08-31 20:00:00+00:00,2027-09-17,430.0,38.42,887870856,GLD   270917C00430000,1.0458590006844628,382,1.052837765045786,0.04083717350021505,0.24077250685198232,165.99406916533226,408.42,2026-08-31
2026-08-31,2026-08-31 20:00:00+00:00,2027-09-17,435.0,36.35,887870918,GLD   270917C00435000,1.0458590006844628,382,1.065080064639342,0.04083717350021505,0.24064643623651938,166.49422421365495,408.42,2026-08-31
2026-08-31,2026-08-31 20:00:00+00:00,2027-09-17,440.0,34.75,887870960,GLD   270917C00440000,1.0458590006844628,382,1.0773223642328975,0.04083717350021505,0.24281704497458423,166.628983824559,408.42,2026-08-31
2026-08-31,2026-08-31 20:00:00+00:00,2027-09-17,445.0,32.55,887871012,GLD   270917C00445000,1.0458590006844628,382,1.0895646638264531,0.04083717350021505,0.24087411211272702,166.4078978598953,408.42,2026-08-31
2026-08-31,2026-08-31 20:00:00+00:00,2027-09-17,450.0,31.38,887871065,GLD   270917C00450000,1.0458590006844628,382,1.1018069634200087,0.04083717350021505,0.24462882230142136,165.93064331237747,408.42,2026-08-31
2026-08-31,2026-08-31 20:00:00+00:00,2027-09-17,455.0,29.25,887871118,GLD   270917C00455000,1.0458590006844628,382,1.1140492630135643,0.04083717350021505,0.24211341690262778,165.00764082279818,408.42,2026-08-31
2026-08-31,2026-08-31 20:00:00+00:00,2027-09-17,460.0,27.68,887871178,GLD   270917C00460000,1.0458590006844628,382,1.1262915626071202,0.04083717350021505,0.24250402440456678,163.8531475893714,408.42,2026-08-31
2026-08-31,2026-08-31 20:00:00+00:00,2027-09-17,465.0,26.28,887871225,GLD   270917C00465000,1.0458590006844628,382,1.1385338622006758,0.04083717350021505,0.24347758161285898,162.46425636114827,408.42,2026-08-31
2026-08-31,2026-08-31 20:00:00+00:00,2027-09-17,470.0,24.93,887871279,GLD   270917C00470000,1.0458590006844628,382,1.1507761617942314,0.04083717350021505,0.24432203215481718,160.82992800822387,408.42,2026-08-31
2026-08-31,2026-08-31 20:00:00+00:00,2027-09-17,475.0,23.65,887871325,GLD   270917C00475000,1.0458590006844628,382,1.163018461387787,0.04083717350021505,0.24517767697023224,158.97972701098732,408.42,2026-08-31
2026-08-31,2026-08-31 20:00:00+00:00,2027-09-17,480.0,22.35,887871375,GLD   270917C00480000,1.0458590006844628,382,1.1752607609813428,0.04083717350021505,0.24548977554934098,156.8618843710038,408.42,2026-08-31
2026-08-31,2026-08-31 20:00:00+00:00,2027-09-17,485.0,21.38,887871425,GLD   270917C00485000,1.0458590006844628,382,1.1875030605748984,0.04083717350021505,0.24751579934945334,154.80908754049378,408.42,2026-08-31
2026-08-31,2026-08-31 20:00:00+00:00,2027-09-17,490.0,20.08,887871479,GLD   270917C00490000,1.0458590006844628,382,1.199745360168454,0.04083717350021505,0.2470200196926482,152.20835978570148,408.42,2026-08-31
2026-08-31,2026-08-31 20:00:00+00:00,2028-01-21,330.0,108.38,814295359,GLD   280121C00330000,1.3908281998631074,508,0.8079917731746731,0.04143280392015327,0.26209692724859335,112.96720591931638,408.42,2026-08-31
2026-08-31,2026-08-31 20:00:00+00:00,2028-01-21,335.0,104.43,814295409,GLD   280121C00335000,1.3908281998631074,508,0.8202340727682288,0.04143280392015327,0.25891286424109716,117.66892280918817,408.42,2026-08-31
2026-08-31,2026-08-31 20:00:00+00:00,2028-01-21,340.0,100.88,814295468,GLD   280121C00340000,1.3908281998631074,508,0.8324763723617844,0.04143280392015327,0.2586627532527783,123.24455344688636,408.42,2026-08-31
2026-08-31,2026-08-31 20:00:00+00:00,2028-01-21,345.0,96.93,814295533,GLD   280121C00345000,1.3908281998631074,508,0.84471867195534,0.04143280392015327,0.2547372139808721,127.73124091828622,408.42,2026-08-31
2026-08-31,2026-08-31 20:00:00+00:00,2028-01-21,350.0,93.38,814295591,GLD   280121C00350000,1.3908281998631074,508,0.8569609715488957,0.04143280392015327,0.25355540789673103,132.9329512062179,408.42,2026-08-31
2026-08-31,2026-08-31 20:00:00+00:00,2028-01-21,355.0,89.88,814295637,GLD   280121C00355000,1.3908281998631074,508,0.8692032711424513,0.04143280392015327,0.2522693516486325,138.00882321700712,408.42,2026-08-31
2026-08-31,2026-08-31 20:00:00+00:00,2028-01-21,360.0,86.63,814295687,GLD   280121C00360000,1.3908281998631074,508,0.881445570736007,0.04143280392015327,0.2522779801797122,143.2331993780213,408.42,2026-08-31
2026-08-31,2026-08-31 20:00:00+00:00,2028-01-21,365.0,83.5,814295739,GLD   280121C00365000,1.3908281998631074,508,0.8936878703295627,0.04143280392015327,0.25256433286117397,148.30699076290082,408.42,2026-08-31
2026-08-31,2026-08-31 20:00:00+00:00,2028-01-21,370.0,79.95,814295802,GLD   280121C00370000,1.3908281998631074,508,0.9059301699231184,0.04143280392015327,0.24956709873871885,152.63478545696216,408.42,2026-08-31
2026-08-31,2026-08-31 20:00:00+00:00,2028-01-21,375.0,76.88,814295869,GLD   280121C00375000,1.3908281998631074,508,0.918172469516674,0.04143280392015327,0.2492873629718088,157.23107210118926,408.42,2026-08-31
2026-08-31,2026-08-31 20:00:00+00:00,2028-01-21,380.0,73.97,814295954,GLD   280121C00380000,1.3908281998631074,508,0.9304147691102296,0.04143280392015327,0.24951445212652912,161.64379541137757,408.42,2026-08-31
2026-08-31,2026-08-31 20:00:00+00:00,2028-01-21,385.0,70.78,814295994,GLD   280121C00385000,1.3908281998631074,508,0.9426570687037853,0.04143280392015327,0.2475531912029721,165.5794852264682,408.42,2026-08-31
2026-08-31,2026-08-31 20:00:00+00:00,2028-01-21,390.0,68.25,814296032,GLD   280121C00390000,1.3908281998631074,508,0.9548993682973409,0.04143280392015327,0.24909936064379296,169.56536793226334,408.42,2026-08-31
2026-08-31,2026-08-31 20:00:00+00:00,2028-01-21,395.0,64.93,814296088,GLD   280121C00395000,1.3908281998631074,508,0.9671416678908966,0.04143280392015327,0.2455489971674047,172.93104260796454,408.42,2026-08-31
2026-08-31,2026-08-31 20:00:00+00:00,2028-01-21,400.0,63.13,814296135,GLD   280121C00400000,1.3908281998631074,508,0.9793839674844522,0.04143280392015327,0.25029738072967156,176.4194249767034,408.42,2026-08-31
2026-08-31,2026-08-31 20:00:00+00:00,2028-01-21,405.0,59.58,814296206,GLD   280121C00405000,1.3908281998631074,508,0.9916262670780079,0.04143280392015327,0.24467862843656918,179.23479256463457,408.42,2026-08-31
2026-08-31,2026-08-31 20:00:00+00:00,2028-01-21,410.0,57.33,816976248,GLD   280121C00410000,1.3908281998631074,508,1.0038685666715637,0.04143280392015327,0.24593749060938136,181.94936763206303,408.42,2026-08-31
2026-08-31,2026-08-31 20:00:00+00:00,2028-01-21,415.0,54.53,816976281,GLD   280121C00415000,1.3908281998631074,508,1.0161108662651193,0.04143280392015327,0.24374861900089312,184.31811086147394,408.42,2026-08-31
2026-08-31,2026-08-31 20:00:00+00:00,2028-01-21,420.0,52.68,816976318,GLD   280121C00420000,1.3908281998631074,508,1.0283531658586749,0.04143280392015327,0.24628568652952088,186.36587240986995,408.42,2026-08-31
2026-08-31,2026-08-31 20:00:00+00:00,2028-01-21,425.0,50.3,816976363,GLD   280121C00425000,1.3908281998631074,508,1.0405954654522305,0.04143280392015327,0.24554421957815065,188.10732666669801,408.42,2026-08-31
2026-08-31,2026-08-31 20:00:00+00:00,2028-01-21,430.0,48.2,816976417,GLD   280121C00430000,1.3908281998631074,508,1.052837765045786,0.04143280392015327,0.24589027349920942,189.52167271268434,408.42,2026-08-31
2026-08-31,2026-08-31 20:00:00+00:00,2028-01-21,435.0,46.1,816976485,GLD   280121C00435000,1.3908281998631074,508,1.065080064639342,0.04143280392015327,0.24583872582567856,190.6305230848518,408.42,2026-08-31
2026-08-31,2026-08-31 20:00:00+00:00,2028-01-21,440.0,44.1,816976556,GLD   280121C00440000,1.3908281998631074,508,1.0773223642328975,0.04143280392015327,0.24592531381025912,191.43165211397036,408.42,2026-08-31
2026-08-31,2026-08-31 20:00:00+00:00,2028-01-21,445.0,42.0,816976610,GLD   280121C00445000,1.3908281998631074,508,1.0895646638264531,0.04143280392015327,0.24511380814546724,191.94249504564797,408.42,2026-08-31
2026-08-31,2026-08-31 20:00:00+00:00,2028-01-21,450.0,40.4,816976653,GLD   280121C00450000,1.3908281998631074,508,1.1018069634200087,0.04143280392015327,0.24653756699534138,192.14610029257946,408.42,2026-08-31
2026-08-31,2026-08-31 20:00:00+00:00,2028-01-21,455.0,38.6,816976727,GLD   280121C00455000,1.3908281998631074,508,1.1140492630135643,0.04143280392015327,0.2465588845427148,192.08139139353196,408.42,2026-08-31
2026-08-31,2026-08-31 20:00:00+00:00,2028-01-21,460.0,37.0,816976778,GLD   280121C00460000,1.3908281998631074,508,1.1262915626071202,0.04143280392015327,0.24727052182862536,191.75766775501526,408.42,2026-08-31
2026-08-31,2026-08-31 20:00:00+00:00,2028-01-21,465.0,35.35,816976825,GLD   280121C00465000,1.3908281998631074,508,1.1385338622006758,0.04143280392015327,0.24737943782536312,191.17221524880125,408.42,2026-08-31
2026-08-31,2026-08-31 20:00:00+00:00,2028-01-21,470.0,33.7,816976882,GLD   280121C00470000,1.3908281998631074,508,1.1507761617942314,0.04143280392015327,0.2471516501926817,190.3251100872469,408.42,2026-08-31
2026-08-31,2026-08-31 20:00:00+00:00,2028-01-21,475.0,32.5,816976936,GLD   280121C00475000,1.3908281998631074,508,1.163018461387787,0.04143280392015327,0.24896775808287785,189.35821029060656,408.42,2026-08-31
2026-08-31,2026-08-31 20:00:00+00:00,2028-01-21,480.0,31.75,816976991,GLD   280121C00480000,1.3908281998631074,508,1.1752607609813428,0.04143280392015327,0.2528731625634246,188.38230748318583,408.42,2026-08-31
2026-08-31,2026-08-31 20:00:00+00:00,2028-01-21,485.0,30.05,816977037,GLD   280121C00485000,1.3908281998631074,508,1.1875030605748984,0.04143280392015327,0.2514384795182385,186.83674816348918,408.42,2026-08-31
2026-08-31,2026-08-31 20:00:00+00:00,2028-01-21,490.0,28.5,816977097,GLD   280121C00490000,1.3908281998631074,508,1.199745360168454,0.04143280392015327,0.2504826263980009,185.09163676466352,408.42,2026-08-31
2026-08-31,2026-08-31 20:00:00+00:00,2028-06-16,330.0,116.88,851891539,GLD   280616C00330000,1.7932922655715264,655,0.8079917731746731,0.042127706076747866,0.2639834696563893,133.19293436144665,408.42,2026-08-31
2026-08-31,2026-08-31 20:00:00+00:00,2028-06-16,335.0,113.65,852304174,GLD   280616C00335000,1.7932922655715264,655,0.8202340727682288,0.042127706076747866,0.2651590453171171,139.16654927686568,408.42,2026-08-31
2026-08-31,2026-08-31 20:00:00+00:00,2028-06-16,340.0,110.15,851891588,GLD   280616C00340000,1.7932922655715264,655,0.8324763723617844,0.042127706076747866,0.26392443429911516,144.31866248589057,408.42,2026-08-31
2026-08-31,2026-08-31 20:00:00+00:00,2028-06-16,345.0,106.5,852304254,GLD   280616C00345000,1.7932922655715264,655,0.84471867195534,0.042127706076747866,0.2613302498993464,149.0477533000107,408.42,2026-08-31
2026-08-31,2026-08-31 20:00:00+00:00,2028-06-16,350.0,103.5,851891628,GLD   280616C00350000,1.7932922655715264,655,0.8569609715488957,0.042127706076747866,0.2626876905950718,154.68380732007162,408.42,2026-08-31
2026-08-31,2026-08-31 20:00:00+00:00,2028-06-16,355.0,99.73,852304325,GLD   280616C00355000,1.7932922655715264,655,0.8692032711424513,0.042127706076747866,0.2587072695815006,158.9597293723387,408.42,2026-08-31
2026-08-31,2026-08-31 20:00:00+00:00,2028-06-16,360.0,96.75,851891668,GLD   280616C00360000,1.7932922655715264,655,0.881445570736007,0.042127706076747866,0.25936676315935325,164.1452722243716,408.42,2026-08-31
2026-08-31,2026-08-31 20:00:00+00:00,2028-06-16,365.0,93.5,852304389,GLD   280616C00365000,1.7932922655715264,655,0.8936878703295627,0.042127706076747866,0.2579860305518844,168.76634233760376,408.42,2026-08-31
2026-08-31,2026-08-31 20:00:00+00:00,2028-06-16,370.0,90.03,851891693,GLD   280616C00370000,1.7932922655715264,655,0.9059301699231184,0.042127706076747866,0.25501378331435853,173.00549710314965,408.42,2026-08-31
2026-08-31,2026-08-31 20:00:00+00:00,2028-06-16,375.0,87.43,852304452,GLD   280616C00375000,1.7932922655715264,655,0.918172469516674,0.042127706076747866,0.2567027495895512,177.78787959457992,408.42,2026-08-31
2026-08-31,2026-08-31 20:00:00+00:00,2028-06-16,380.0,84.43,851891739,GLD   280616C00380000,1.7932922655715264,655,0.9304147691102296,0.042127706076747866,0.2557346591354349,181.98407591343943,408.42,2026-08-31
2026-08-31,2026-08-31 20:00:00+00:00,2028-06-16,385.0,81.5,852304531,GLD   280616C00385000,1.7932922655715264,655,0.9426570687037853,0.042127706076747866,0.2548168684075587,185.99759420838058,408.42,2026-08-31
2026-08-31,2026-08-31 20:00:00+00:00,2028-06-16,390.0,78.3,851891780,GLD   280616C00390000,1.7932922655715264,655,0.9548993682973409,0.042127706076747866,0.25215262666828925,189.67990446600106,408.42,2026-08-31
2026-08-31,2026-08-31 20:00:00+00:00,2028-06-16,395.0,76.0,852304600,GLD   280616C00395000,1.7932922655715264,655,0.9671416678908966,0.042127706076747866,0.2538890289100819,193.46667999020926,408.42,2026-08-31
2026-08-31,2026-08-31 20:00:00+00:00,2028-06-16,400.0,73.45,851891820,GLD   280616C00400000,1.7932922655715264,655,0.9793839674844522,0.042127706076747866,0.2539469094504603,196.87687546791648,408.42,2026-08-31
2026-08-31,2026-08-31 20:00:00+00:00,2028-06-16,405.0,70.75,852304666,GLD   280616C00405000,1.7932922655715264,655,0.9916262670780079,0.042127706076747866,0.25291528544100006,200.00520941487054,408.42,2026-08-31
2026-08-31,2026-08-31 20:00:00+00:00,2028-06-16,410.0,67.97,851891862,GLD   280616C00410000,1.7932922655715264,655,1.0038685666715637,0.042127706076747866,0.25118893662532793,202.8950461101216,408.42,2026-08-31
2026-08-31,2026-08-31 20:00:00+00:00,2028-06-16,415.0,66.0,852304743,GLD   280616C00415000,1.7932922655715264,655,1.0161108662651193,0.042127706076747866,0.25312394409058625,205.5727161735609,408.42,2026-08-31
2026-08-31,2026-08-31 20:00:00+00:00,2028-06-16,420.0,63.5,851891902,GLD   280616C00420000,1.7932922655715264,655,1.0283531658586749,0.042127706076747866,0.25214732289230446,207.97262347792528,408.42,2026-08-31
2026-08-31,2026-08-31 20:00:00+00:00,2028-06-16,425.0,60.95,852304826,GLD   280616C00425000,1.7932922655715264,655,1.0405954654522305,0.042127706076747866,0.25064371404191477,210.13519065906314,408.42,2026-08-31
2026-08-31,2026-08-31 20:00:00+00:00,2028-06-16,430.0,59.0,851891950,GLD   280616C00430000,1.7932922655715264,655,1.052837765045786,0.042127706076747866,0.2516935543566011,212.00441167364878,408.42,2026-08-31
2026-08-31,2026-08-31 20:00:00+00:00,2028-06-16,435.0,57.0,852304894,GLD   280616C00435000,1.7932922655715264,655,1.065080064639342,0.042127706076747866,0.2521948845849372,213.6189052097472,408.42,2026-08-31
2026-08-31,2026-08-31 20:00:00+00:00,2028-06-16,440.0,54.4,851891989,GLD   280616C00440000,1.7932922655715264,655,1.0773223642328975,0.042127706076747866,0.2496085324513726,215.05169516865607,408.42,2026-08-31
2026-08-31,2026-08-31 20:00:00+00:00,2028-06-16,445.0,52.93,852304959,GLD   280616C00445000,1.7932922655715264,655,1.0895646638264531,0.042127706076747866,0.25199304308025183,216.11390871408858,408.42,2026-08-31
2026-08-31,2026-08-31 20:00:00+00:00,2028-06-16,450.0,50.68,851892032,GLD   280616C00450000,1.7932922655715264,655,1.1018069634200087,0.042127706076747866,0.2504831758673304,217.01923901576612,408.42,2026-08-31
2026-08-31,2026-08-31 20:00:00+00:00,2028-06-16,455.0,49.25,852305055,GLD   280616C00455000,1.7932922655715264,655,1.1140492630135643,0.042127706076747866,0.2524775073940866,217.6123058742798,408.42,2026-08-31
2026-08-31,2026-08-31 20:00:00+00:00,2028-06-16,460.0,47.45,851892072,GLD   280616C00460000,1.7932922655715264,655,1.1262915626071202,0.042127706076747866,0.25249920677607884,218.01269608411928,408.42,2026-08-31
2026-08-31,2026-08-31 20:00:00+00:00,2028-06-16,465.0,45.75,852305139,GLD   280616C00465000,1.7932922655715264,655,1.1385338622006758,0.042127706076747866,0.25271846366459505,218.18491233223344,408.42,2026-08-31
2026-08-31,2026-08-31 20:00:00+00:00,2028-06-16,470.0,44.0,851892108,GLD   280616C00470000,1.7932922655715264,655,1.1507761617942314,0.042127706076747866,0.252453209674079,218.13666709055025,408.42,2026-08-31
2026-08-31,2026-08-31 20:00:00+00:00,2028-06-16,475.0,42.5,852305199,GLD   280616C00475000,1.7932922655715264,655,1.163018461387787,0.042127706076747866,0.25308473619436844,217.88503022631053,408.42,2026-08-31
2026-08-31,2026-08-31 20:00:00+00:00,2028-06-16,480.0,41.0,851892142,GLD   280616C00480000,1.7932922655715264,655,1.1752607609813428,0.042127706076747866,0.2534736766622403,217.43503885960277,408.42,2026-08-31
2026-08-31,2026-08-31 20:00:00+00:00,2028-06-16,485.0,39.5,852305269,GLD   280616C00485000,1.7932922655715264,655,1.1875030605748984,0.042127706076747866,0.25362517187548805,216.7872676675893,408.42,2026-08-31
2026-08-31,2026-08-31 20:00:00+00:00,2028-06-16,490.0,38.0,851892185,GLD   280616C00490000,1.7932922655715264,655,1.199745360168454,0.042127706076747866,0.2535431333106942,215.9406312782099,408.42,2026-08-31
