date,timestamp,expiry,K,price,conId,localSymbol,T,dte,moneyness,rate,implied_vol,vega,spot,curve_date
2026-09-02,2026-09-02 20:00:00+00:00,2026-09-25,325.0,78.6,909093919,GLD   260925C00325000,0.06297056810403832,23,0.8068920999056558,0.0375847603272712,0.3383262554962188,1.3814072781027464,402.78,2026-09-02
2026-09-02,2026-09-02 20:00:00+00:00,2026-09-25,330.0,73.63,909093962,GLD   260925C00330000,0.06297056810403832,23,0.8193058245195889,0.0375847603272712,0.32795385777354236,1.8091290324523877,402.78,2026-09-02
2026-09-02,2026-09-02 20:00:00+00:00,2026-09-25,335.0,68.65,909094012,GLD   260925C00335000,0.06297056810403832,23,0.8317195491335221,0.0375847603272712,0.3101296221965924,2.0698358038940428,402.78,2026-09-02
2026-09-02,2026-09-02 20:00:00+00:00,2026-09-25,340.0,63.72,909094052,GLD   260925C00340000,0.06297056810403832,23,0.8441332737474553,0.0375847603272712,0.30976329378858203,3.2139642518275546,402.78,2026-09-02
2026-09-02,2026-09-02 20:00:00+00:00,2026-09-25,345.0,58.65,909094105,GLD   260925C00345000,0.06297056810403832,23,0.8565469983613884,0.0375847603272712,0.25496133693251766,1.819958811636751,402.78,2026-09-02
2026-09-02,2026-09-02 20:00:00+00:00,2026-09-25,346.0,57.13,909094154,GLD   260925C00346000,0.06297056810403832,23,0.859029743284175,0.0375847603272712,,,402.78,2026-09-02
2026-09-02,2026-09-02 20:00:00+00:00,2026-09-25,347.0,56.65,909094212,GLD   260925C00347000,0.06297056810403832,23,0.8615124882069617,0.0375847603272712,0.24397778961993755,1.7538119333815365,402.78,2026-09-02
2026-09-02,2026-09-02 20:00:00+00:00,2026-09-25,348.0,55.88,909094252,GLD   260925C00348000,0.06297056810403832,23,0.8639952331297484,0.0375847603272712,0.3038069577838295,5.6035835012832536,402.78,2026-09-02
2026-09-02,2026-09-02 20:00:00+00:00,2026-09-25,349.0,54.78,909094297,GLD   260925C00349000,0.06297056810403832,23,0.8664779780525349,0.0375847603272712,0.27813500567032035,4.241771767280435,402.78,2026-09-02
2026-09-02,2026-09-02 20:00:00+00:00,2026-09-25,350.0,53.85,909094354,GLD   260925C00350000,0.06297056810403832,23,0.8689607229753216,0.0375847603272712,0.28753966217786076,5.29001503031403,402.78,2026-09-02
2026-09-02,2026-09-02 20:00:00+00:00,2026-09-25,351.0,52.85,909094406,GLD   260925C00351000,0.06297056810403832,23,0.8714434678981082,0.0375847603272712,0.28219827082660054,5.327362864202704,402.78,2026-09-02
2026-09-02,2026-09-02 20:00:00+00:00,2026-09-25,352.0,51.85,909094453,GLD   260925C00352000,0.06297056810403832,23,0.8739262128208949,0.0375847603272712,0.2768698944480159,5.365806132095944,402.78,2026-09-02
2026-09-02,2026-09-02 20:00:00+00:00,2026-09-25,353.0,50.95,909094501,GLD   260925C00353000,0.06297056810403832,23,0.8764089577436814,0.0375847603272712,0.28807341575315226,6.710258873633506,402.78,2026-09-02
2026-09-02,2026-09-02 20:00:00+00:00,2026-09-25,354.0,49.83,909094549,GLD   260925C00354000,0.06297056810403832,23,0.8788917026664681,0.0375847603272712,0.26247600520765413,5.149244262160612,402.78,2026-09-02
2026-09-02,2026-09-02 20:00:00+00:00,2026-09-25,355.0,49.05,909094589,GLD   260925C00355000,0.06297056810403832,23,0.8813744475892548,0.0375847603272712,0.29070307352030655,7.981275024185002,402.78,2026-09-02
2026-09-02,2026-09-02 20:00:00+00:00,2026-09-25,356.0,47.93,909094631,GLD   260925C00356000,0.06297056810403832,23,0.8838571925120414,0.0375847603272712,0.26882876470750194,6.645386066880703,402.78,2026-09-02
2026-09-02,2026-09-02 20:00:00+00:00,2026-09-25,357.0,46.95,909094681,GLD   260925C00357000,0.06297056810403832,23,0.886339937434828,0.0375847603272712,0.26637172412713983,6.967185395170054,402.78,2026-09-02
2026-09-02,2026-09-02 20:00:00+00:00,2026-09-25,358.0,46.0,909094726,GLD   260925C00358000,0.06297056810403832,23,0.8888226823576146,0.0375847603272712,0.26777708041099835,7.657454153421765,402.78,2026-09-02
2026-09-02,2026-09-02 20:00:00+00:00,2026-09-25,359.0,45.05,909094778,GLD   260925C00359000,0.06297056810403832,23,0.8913054272804013,0.0375847603272712,0.26854139224821705,8.324150398714712,402.78,2026-09-02
2026-09-02,2026-09-02 20:00:00+00:00,2026-09-25,360.0,44.15,909094824,GLD   260925C00360000,0.06297056810403832,23,0.893788172203188,0.0375847603272712,0.2741866215125658,9.493402205273613,402.78,2026-09-02
2026-09-02,2026-09-02 20:00:00+00:00,2026-09-25,361.0,43.2,909094869,GLD   260925C00361000,0.06297056810403832,23,0.8962709171259745,0.0375847603272712,0.2736188567170874,10.10331245578204,402.78,2026-09-02
2026-09-02,2026-09-02 20:00:00+00:00,2026-09-25,362.0,42.18,909094924,GLD   260925C00362000,0.06297056810403832,23,0.8987536620487612,0.0375847603272712,0.2659469843355007,10.026315867745236,402.78,2026-09-02
2026-09-02,2026-09-02 20:00:00+00:00,2026-09-25,363.0,41.18,909095001,GLD   260925C00363000,0.06297056810403832,23,0.9012364069715478,0.0375847603272712,0.26027850972460587,10.14957675839449,402.78,2026-09-02
2026-09-02,2026-09-02 20:00:00+00:00,2026-09-25,364.0,40.25,909095044,GLD   260925C00364000,0.06297056810403832,23,0.9037191518943344,0.0375847603272712,0.2612019441544079,10.97239498421139,402.78,2026-09-02
2026-09-02,2026-09-02 20:00:00+00:00,2026-09-25,365.0,39.35,909095084,GLD   260925C00365000,0.06297056810403832,23,0.906201896817121,0.0375847603272712,0.26409545895615594,12.035075290463764,402.78,2026-09-02
2026-09-02,2026-09-02 20:00:00+00:00,2026-09-25,366.0,38.45,909095131,GLD   260925C00366000,0.06297056810403832,23,0.9086846417399077,0.0375847603272712,0.26616431342484437,13.0415053954384,402.78,2026-09-02
2026-09-02,2026-09-02 20:00:00+00:00,2026-09-25,367.0,37.45,909095176,GLD   260925C00367000,0.06297056810403832,23,0.9111673866626944,0.0375847603272712,0.2602039541870356,13.216208843203844,402.78,2026-09-02
2026-09-02,2026-09-02 20:00:00+00:00,2026-09-25,368.0,36.58,909095220,GLD   260925C00368000,0.06297056810403832,23,0.9136501315854809,0.0375847603272712,0.2635874885306694,14.418308167098715,402.78,2026-09-02
2026-09-02,2026-09-02 20:00:00+00:00,2026-09-25,369.0,35.63,909095275,GLD   260925C00369000,0.06297056810403832,23,0.9161328765082676,0.0375847603272712,0.26087297034775836,14.986648608461689,402.78,2026-09-02
2026-09-02,2026-09-02 20:00:00+00:00,2026-09-25,370.0,34.7,909095330,GLD   260925C00370000,0.06297056810403832,23,0.9186156214310542,0.0375847603272712,0.25926097634388134,15.695859079353935,402.78,2026-09-02
2026-09-02,2026-09-02 20:00:00+00:00,2026-09-25,371.0,33.78,909095374,GLD   260925C00371000,0.06297056810403832,23,0.9210983663538409,0.0375847603272712,0.2579883494987153,16.46403118026169,402.78,2026-09-02
2026-09-02,2026-09-02 20:00:00+00:00,2026-09-25,372.0,32.85,909095410,GLD   260925C00372000,0.06297056810403832,23,0.9235811112766275,0.0375847603272712,0.2558320083371364,17.157573073727242,402.78,2026-09-02
2026-09-02,2026-09-02 20:00:00+00:00,2026-09-25,373.0,31.95,909095440,GLD   260925C00373000,0.06297056810403832,23,0.9260638561994141,0.0375847603272712,0.2551155329272151,18.02853311962452,402.78,2026-09-02
2026-09-02,2026-09-02 20:00:00+00:00,2026-09-25,374.0,31.05,909095488,GLD   260925C00374000,0.06297056810403832,23,0.9285466011222008,0.0375847603272712,0.2540419117662125,18.87998256953864,402.78,2026-09-02
2026-09-02,2026-09-02 20:00:00+00:00,2026-09-25,375.0,30.15,909095542,GLD   260925C00375000,0.06297056810403832,23,0.9310293460449874,0.0375847603272712,0.2526405414632521,19.714815007464104,402.78,2026-09-02
2026-09-02,2026-09-02 20:00:00+00:00,2026-09-25,376.0,29.18,908792971,GLD   260925C00376000,0.06297056810403832,23,0.933512090967774,0.0375847603272712,0.24749646547948945,20.172008783743014,402.78,2026-09-02
2026-09-02,2026-09-02 20:00:00+00:00,2026-09-25,377.0,28.3,908813568,GLD   260925C00377000,0.06297056810403832,23,0.9359948358905607,0.0375847603272712,0.2465906606334262,21.09930801921239,402.78,2026-09-02
2026-09-02,2026-09-02 20:00:00+00:00,2026-09-25,378.0,27.45,908813633,GLD   260925C00378000,0.06297056810403832,23,0.9384775808133473,0.0375847603272712,0.2466905709209852,22.142630107639132,402.78,2026-09-02
2026-09-02,2026-09-02 20:00:00+00:00,2026-09-25,379.0,26.55,908813693,GLD   260925C00379000,0.06297056810403832,23,0.940960325736134,0.0375847603272712,0.24418083250671627,22.9325576280787,402.78,2026-09-02
2026-09-02,2026-09-02 20:00:00+00:00,2026-09-25,380.0,25.7,908813769,GLD   260925C00380000,0.06297056810403832,23,0.9434430706589205,0.0375847603272712,0.24352811416508635,23.919621699806775,402.78,2026-09-02
2026-09-02,2026-09-02 20:00:00+00:00,2026-09-25,381.0,24.9,908813836,GLD   260925C00381000,0.06297056810403832,23,0.9459258155817072,0.0375847603272712,0.2444975643229671,25.060192967130103,402.78,2026-09-02
2026-09-02,2026-09-02 20:00:00+00:00,2026-09-25,382.0,24.05,908813896,GLD   260925C00382000,0.06297056810403832,23,0.9484085605044938,0.0375847603272712,0.243039039896708,25.975297487281107,402.78,2026-09-02
2026-09-02,2026-09-02 20:00:00+00:00,2026-09-25,383.0,23.25,908813963,GLD   260925C00383000,0.06297056810403832,23,0.9508913054272805,0.0375847603272712,0.2431099680054002,27.021880823291315,402.78,2026-09-02
2026-09-02,2026-09-02 20:00:00+00:00,2026-09-25,384.0,22.45,908814016,GLD   260925C00384000,0.06297056810403832,23,0.9533740503500671,0.0375847603272712,0.2427465173265897,28.021345478557603,402.78,2026-09-02
2026-09-02,2026-09-02 20:00:00+00:00,2026-09-25,385.0,21.63,908814087,GLD   260925C00385000,0.06297056810403832,23,0.9558567952728537,0.0375847603272712,0.24128878450868652,28.92771073889298,402.78,2026-09-02
2026-09-02,2026-09-02 20:00:00+00:00,2026-09-25,386.0,20.9,908814156,GLD   260925C00386000,0.06297056810403832,23,0.9583395401956404,0.0375847603272712,0.24250311172669753,30.010363749514294,402.78,2026-09-02
2026-09-02,2026-09-02 20:00:00+00:00,2026-09-25,387.0,20.1,908814242,GLD   260925C00387000,0.06297056810403832,23,0.960822285118427,0.0375847603272712,0.24095104713188487,30.88269311155236,402.78,2026-09-02
2026-09-02,2026-09-02 20:00:00+00:00,2026-09-25,388.0,19.35,908814298,GLD   260925C00388000,0.06297056810403832,23,0.9633050300412136,0.0375847603272712,0.24063412439832466,31.813440622198833,402.78,2026-09-02
2026-09-02,2026-09-02 20:00:00+00:00,2026-09-25,389.0,18.6,908814364,GLD   260925C00389000,0.06297056810403832,23,0.9657877749640003,0.0375847603272712,0.2399087503791787,32.693752116891766,402.78,2026-09-02
2026-09-02,2026-09-02 20:00:00+00:00,2026-09-25,390.0,17.85,908814433,GLD   260925C00390000,0.06297056810403832,23,0.9682705198867869,0.0375847603272712,0.2387952368135564,33.52708581383789,402.78,2026-09-02
2026-09-02,2026-09-02 20:00:00+00:00,2026-09-25,391.0,17.13,908814504,GLD   260925C00391000,0.06297056810403832,23,0.9707532648095736,0.0375847603272712,0.23818328630225738,34.352346099004286,402.78,2026-09-02
2026-09-02,2026-09-02 20:00:00+00:00,2026-09-25,392.0,16.48,908814559,GLD   260925C00392000,0.06297056810403832,23,0.9732360097323601,0.0375847603272712,0.23916434050733232,35.19637712636755,402.78,2026-09-02
2026-09-02,2026-09-02 20:00:00+00:00,2026-09-25,393.0,15.85,908814616,GLD   260925C00393000,0.06297056810403832,23,0.9757187546551468,0.0375847603272712,0.24023513516085226,35.983910917262364,402.78,2026-09-02
2026-09-02,2026-09-02 20:00:00+00:00,2026-09-25,394.0,15.15,908814698,GLD   260925C00394000,0.06297056810403832,23,0.9782014995779335,0.0375847603272712,0.23893447606684642,36.64979923943367,402.78,2026-09-02
2026-09-02,2026-09-02 20:00:00+00:00,2026-09-25,395.0,14.5,908814758,GLD   260925C00395000,0.06297056810403832,23,0.9806842445007201,0.0375847603272712,0.23860020314073188,37.292998399896604,402.78,2026-09-02
2026-09-02,2026-09-02 20:00:00+00:00,2026-09-25,396.0,13.88,908814823,GLD   260925C00396000,0.06297056810403832,23,0.9831669894235067,0.0375847603272712,0.23864888239810245,37.887651541717496,402.78,2026-09-02
2026-09-02,2026-09-02 20:00:00+00:00,2026-09-25,397.0,13.25,908814899,GLD   260925C00397000,0.06297056810403832,23,0.9856497343462933,0.0375847603272712,0.23801741175604985,38.41296199070735,402.78,2026-09-02
2026-09-02,2026-09-02 20:00:00+00:00,2026-09-25,398.0,12.65,908814968,GLD   260925C00398000,0.06297056810403832,23,0.98813247926908,0.0375847603272712,0.23775559427710255,38.88332837386716,402.78,2026-09-02
2026-09-02,2026-09-02 20:00:00+00:00,2026-09-25,399.0,12.05,908815038,GLD   260925C00399000,0.06297056810403832,23,0.9906152241918667,0.0375847603272712,0.23708239190513275,39.28771715373264,402.78,2026-09-02
2026-09-02,2026-09-02 20:00:00+00:00,2026-09-25,400.0,11.5,908815088,GLD   260925C00400000,0.06297056810403832,23,0.9930979691146532,0.0375847603272712,0.23726653863480318,39.632073226121484,402.78,2026-09-02
2026-09-02,2026-09-02 20:00:00+00:00,2026-09-25,401.0,10.93,908815142,GLD   260925C00401000,0.06297056810403832,23,0.9955807140374399,0.0375847603272712,0.23653128348076718,39.90554530649737,402.78,2026-09-02
2026-09-02,2026-09-02 20:00:00+00:00,2026-09-25,402.0,10.45,908815202,GLD   260925C00402000,0.06297056810403832,23,0.9980634589602265,0.0375847603272712,0.23763323025135322,40.11317630389231,402.78,2026-09-02
2026-09-02,2026-09-02 20:00:00+00:00,2026-09-25,403.0,9.95,908815261,GLD   260925C00403000,0.06297056810403832,23,1.000546203883013,0.0375847603272712,0.23781682751169436,40.24908027854434,402.78,2026-09-02
2026-09-02,2026-09-02 20:00:00+00:00,2026-09-25,404.0,9.48,908815304,GLD   260925C00404000,0.06297056810403832,23,1.0030289488057997,0.0375847603272712,0.23833320761183274,40.31522975951262,402.78,2026-09-02
2026-09-02,2026-09-02 20:00:00+00:00,2026-09-25,405.0,8.98,909095714,GLD   260925C00405000,0.06297056810403832,23,1.0055116937285864,0.0375847603272712,0.23769638197207826,40.31209630207983,402.78,2026-09-02
2026-09-02,2026-09-02 20:00:00+00:00,2026-09-25,406.0,8.55,909095755,GLD   260925C00406000,0.06297056810403832,23,1.007994438651373,0.0375847603272712,0.23838992402227596,40.240883276078684,402.78,2026-09-02
2026-09-02,2026-09-02 20:00:00+00:00,2026-09-25,407.0,8.15,909095805,GLD   260925C00407000,0.06297056810403832,23,1.0104771835741597,0.0375847603272712,0.23942969228476288,40.10479229410688,402.78,2026-09-02
2026-09-02,2026-09-02 20:00:00+00:00,2026-09-25,408.0,7.75,909095857,GLD   260925C00408000,0.06297056810403832,23,1.0129599284969464,0.0375847603272712,0.24007591012483465,39.904621088147735,402.78,2026-09-02
2026-09-02,2026-09-02 20:00:00+00:00,2026-09-25,409.0,7.35,909095901,GLD   260925C00409000,0.06297056810403832,23,1.0154426734197328,0.0375847603272712,0.24032974632894627,39.640432757313874,402.78,2026-09-02
2026-09-02,2026-09-02 20:00:00+00:00,2026-09-25,410.0,6.98,909095961,GLD   260925C00410000,0.06297056810403832,23,1.0179254183425195,0.0375847603272712,0.24095221126182004,39.31933989179338,402.78,2026-09-02
2026-09-02,2026-09-02 20:00:00+00:00,2026-09-25,411.0,6.63,910568181,GLD   260925C00411000,0.06297056810403832,23,1.0204081632653061,0.0375847603272712,0.2417036990436726,38.94415934338924,402.78,2026-09-02
2026-09-02,2026-09-02 20:00:00+00:00,2026-09-25,412.0,6.3,910568253,GLD   260925C00412000,0.06297056810403832,23,1.0228909081880928,0.0375847603272712,0.24259707098202787,38.51955709169831,402.78,2026-09-02
2026-09-02,2026-09-02 20:00:00+00:00,2026-09-25,413.0,5.98,910568332,GLD   260925C00413000,0.06297056810403832,23,1.0253736531108795,0.0375847603272712,0.24338431152245033,38.04517080573613,402.78,2026-09-02
2026-09-02,2026-09-02 20:00:00+00:00,2026-09-25,414.0,5.65,910568397,GLD   260925C00414000,0.06297056810403832,23,1.0278563980336661,0.0375847603272712,0.24353833988243723,37.50951460348513,402.78,2026-09-02
2026-09-02,2026-09-02 20:00:00+00:00,2026-09-25,415.0,5.35,909096012,GLD   260925C00415000,0.06297056810403832,23,1.0303391429564528,0.0375847603272712,0.24412298456197606,36.939646135916895,402.78,2026-09-02
2026-09-02,2026-09-02 20:00:00+00:00,2026-09-25,416.0,5.05,910568466,GLD   260925C00416000,0.06297056810403832,23,1.0328218878792395,0.0375847603272712,0.24434282351545994,36.31681624684573,402.78,2026-09-02
2026-09-02,2026-09-02 20:00:00+00:00,2026-09-25,417.0,4.83,910568525,GLD   260925C00417000,0.06297056810403832,23,1.035304632802026,0.0375847603272712,0.24642998276324943,35.728130333026634,402.78,2026-09-02
2026-09-02,2026-09-02 20:00:00+00:00,2026-09-25,418.0,4.55,910568597,GLD   260925C00418000,0.06297056810403832,23,1.0377873777248126,0.0375847603272712,0.2465052134961821,35.03096554603857,402.78,2026-09-02
2026-09-02,2026-09-02 20:00:00+00:00,2026-09-25,419.0,4.3,912702951,GLD   260925C00419000,0.06297056810403832,23,1.0402701226475992,0.0375847603272712,0.247081523005385,34.323597690604686,402.78,2026-09-02
2026-09-02,2026-09-02 20:00:00+00:00,2026-09-25,420.0,4.08,909096064,GLD   260925C00420000,0.06297056810403832,23,1.0427528675703859,0.0375847603272712,0.24820188165502627,33.61914232118389,402.78,2026-09-02
2026-09-02,2026-09-02 20:00:00+00:00,2026-09-25,421.0,3.85,912703075,GLD   260925C00421000,0.06297056810403832,23,1.0452356124931725,0.0375847603272712,0.2486979127638974,32.85950658049371,402.78,2026-09-02
2026-09-02,2026-09-02 20:00:00+00:00,2026-09-25,422.0,3.65,912703177,GLD   260925C00422000,0.06297056810403832,23,1.0477183574159592,0.0375847603272712,0.24978405530648312,32.11660906622206,402.78,2026-09-02
2026-09-02,2026-09-02 20:00:00+00:00,2026-09-25,423.0,3.45,912703267,GLD   260925C00423000,0.06297056810403832,23,1.0502011023387459,0.0375847603272712,0.2505587977479212,31.33989522317155,402.78,2026-09-02
2026-09-02,2026-09-02 20:00:00+00:00,2026-09-25,424.0,3.25,912703366,GLD   260925C00424000,0.06297056810403832,23,1.0526838472615325,0.0375847603272712,0.2510111134494656,30.527105538835823,402.78,2026-09-02
2026-09-02,2026-09-02 20:00:00+00:00,2026-09-25,425.0,3.1,909096121,GLD   260925C00425000,0.06297056810403832,23,1.055166592184319,0.0375847603272712,0.25280823205215863,29.80604773682662,402.78,2026-09-02
2026-09-02,2026-09-02 20:00:00+00:00,2026-09-25,426.0,2.94,912703456,GLD   260925C00426000,0.06297056810403832,23,1.0576493371071056,0.0375847603272712,0.2540022521875799,29.037203943385336,402.78,2026-09-02
2026-09-02,2026-09-02 20:00:00+00:00,2026-09-25,427.0,2.77,912703559,GLD   260925C00427000,0.06297056810403832,23,1.0601320820298923,0.0375847603272712,0.25455708117121834,28.212706422604498,402.78,2026-09-02
2026-09-02,2026-09-02 20:00:00+00:00,2026-09-25,428.0,2.62,912703660,GLD   260925C00428000,0.06297056810403832,23,1.062614826952679,0.0375847603272712,0.2555239329910838,27.420814933143355,402.78,2026-09-02
2026-09-02,2026-09-02 20:00:00+00:00,2026-09-25,429.0,2.48,912703763,GLD   260925C00429000,0.06297056810403832,23,1.0650975718754656,0.0375847603272712,0.25657749852156264,26.638189093703946,402.78,2026-09-02
2026-09-02,2026-09-02 20:00:00+00:00,2026-09-25,430.0,2.33,909096169,GLD   260925C00430000,0.06297056810403832,23,1.0675803167982523,0.0375847603272712,0.2569646788249724,25.795645604031517,402.78,2026-09-02
2026-09-02,2026-09-02 20:00:00+00:00,2026-09-25,431.0,2.22,917782874,GLD   260925C00431000,0.06297056810403832,23,1.070063061721039,0.0375847603272712,0.25863271870045,25.080826900495374,402.78,2026-09-02
2026-09-02,2026-09-02 20:00:00+00:00,2026-09-25,432.0,2.09,917782949,GLD   260925C00432000,0.06297056810403832,23,1.0725458066438256,0.0375847603272712,0.259246215176303,24.269886822580542,402.78,2026-09-02
2026-09-02,2026-09-02 20:00:00+00:00,2026-09-25,433.0,1.99,917783005,GLD   260925C00433000,0.06297056810403832,23,1.075028551566612,0.0375847603272712,0.2608404352443293,23.56673320677884,402.78,2026-09-02
2026-09-02,2026-09-02 20:00:00+00:00,2026-09-25,434.0,1.88,917783086,GLD   260925C00434000,0.06297056810403832,23,1.0775112964893987,0.0375847603272712,0.26177057040603835,22.805724693604937,402.78,2026-09-02
2026-09-02,2026-09-02 20:00:00+00:00,2026-09-25,435.0,1.77,909096215,GLD   260925C00435000,0.06297056810403832,23,1.0799940414121854,0.0375847603272712,0.26243534447727734,22.026617351614473,402.78,2026-09-02
2026-09-02,2026-09-02 20:00:00+00:00,2026-09-25,440.0,1.34,909096255,GLD   260925C00440000,0.06297056810403832,23,1.0924077660261184,0.0375847603272712,0.26771013828320434,18.534103100559964,402.78,2026-09-02
2026-09-02,2026-09-02 20:00:00+00:00,2026-09-25,445.0,1.04,909096293,GLD   260925C00445000,0.06297056810403832,23,1.1048214906400518,0.0375847603272712,0.27463447161167864,15.610777930371842,402.78,2026-09-02
2026-09-02,2026-09-02 20:00:00+00:00,2026-09-25,450.0,0.79,909096341,GLD   260925C00450000,0.06297056810403832,23,1.1172352152539848,0.0375847603272712,0.27992238749023535,12.90757460212851,402.78,2026-09-02
2026-09-02,2026-09-02 20:00:00+00:00,2026-09-25,455.0,0.65,909096389,GLD   260925C00455000,0.06297056810403832,23,1.1296489398679181,0.0375847603272712,0.28970940014673396,11.068986930862529,402.78,2026-09-02
2026-09-02,2026-09-02 20:00:00+00:00,2026-09-25,460.0,0.53,909096465,GLD   260925C00460000,0.06297056810403832,23,1.1420626644818512,0.0375847603272712,0.2983651718669571,9.42306018550148,402.78,2026-09-02
2026-09-02,2026-09-02 20:00:00+00:00,2026-09-25,465.0,0.41,909096528,GLD   260925C00465000,0.06297056810403832,23,1.1544763890957843,0.0375847603272712,0.30370111509012054,7.7563371365090354,402.78,2026-09-02
2026-09-02,2026-09-02 20:00:00+00:00,2026-09-25,470.0,0.34,909096604,GLD   260925C00470000,0.06297056810403832,23,1.1668901137097176,0.0375847603272712,0.31236413701158017,6.6363655648432065,402.78,2026-09-02
2026-09-02,2026-09-02 20:00:00+00:00,2026-09-25,475.0,0.29,909096663,GLD   260925C00475000,0.06297056810403832,23,1.1793038383236507,0.0375847603272712,0.3219636223050766,5.77342445842738,402.78,2026-09-02
2026-09-02,2026-09-02 20:00:00+00:00,2026-09-25,480.0,0.24,909096739,GLD   260925C00480000,0.06297056810403832,23,1.1917175629375838,0.0375847603272712,0.3295932693656533,4.924571777909449,402.78,2026-09-02
2026-09-02,2026-09-02 20:00:00+00:00,2026-09-30,323.0,80.73,819193412,GLD   260930C00323000,0.07665982203969883,28,0.8019266100600825,0.0375847603272712,0.28692177926041185,0.7564259530687908,402.78,2026-09-02
2026-09-02,2026-09-02 20:00:00+00:00,2026-09-30,324.0,79.75,819193446,GLD   260930C00324000,0.07665982203969883,28,0.8044093549828691,0.0375847603272712,0.30090769218020136,1.1983419212602358,402.78,2026-09-02
2026-09-02,2026-09-02 20:00:00+00:00,2026-09-30,325.0,78.75,819193479,GLD   260930C00325000,0.07665982203969883,28,0.8068920999056558,0.0375847603272712,0.29464810032732786,1.1428060671176004,402.78,2026-09-02
2026-09-02,2026-09-02 20:00:00+00:00,2026-09-30,326.0,77.75,819193504,GLD   260930C00326000,0.07665982203969883,28,0.8093748448284424,0.0375847603272712,0.2882981161132455,1.0843267120726403,402.78,2026-09-02
2026-09-02,2026-09-02 20:00:00+00:00,2026-09-30,327.0,76.78,819193531,GLD   260930C00327000,0.07665982203969883,28,0.811857589751229,0.0375847603272712,0.3040394531579689,1.7128408959161037,402.78,2026-09-02
2026-09-02,2026-09-02 20:00:00+00:00,2026-09-30,328.0,75.8,819193559,GLD   260930C00328000,0.07665982203969883,28,0.8143403346740157,0.0375847603272712,0.30910136019438506,2.073941458103367,402.78,2026-09-02
2026-09-02,2026-09-02 20:00:00+00:00,2026-09-30,329.0,74.8,819193584,GLD   260930C00329000,0.07665982203969883,28,0.8168230795968022,0.0375847603272712,0.3036710851943121,2.040495159588795,402.78,2026-09-02
2026-09-02,2026-09-02 20:00:00+00:00,2026-09-30,330.0,73.8,819193614,GLD   260930C00330000,0.07665982203969883,28,0.8193058245195889,0.0375847603272712,0.2982404190465807,2.0055977319380545,402.78,2026-09-02
2026-09-02,2026-09-02 20:00:00+00:00,2026-09-30,331.0,72.8,819193638,GLD   260930C00331000,0.07665982203969883,28,0.8217885694423755,0.0375847603272712,0.29280778784751893,1.9691620487831125,402.78,2026-09-02
2026-09-02,2026-09-02 20:00:00+00:00,2026-09-30,332.0,71.83,819193664,GLD   260930C00332000,0.07665982203969883,28,0.8242713143651622,0.0375847603272712,0.3008854526419193,2.5213842817686634,402.78,2026-09-02
2026-09-02,2026-09-02 20:00:00+00:00,2026-09-30,333.0,70.85,819193691,GLD   260930C00333000,0.07665982203969883,28,0.8267540592879488,0.0375847603272712,0.3031240977899171,2.8581865470825476,402.78,2026-09-02
2026-09-02,2026-09-02 20:00:00+00:00,2026-09-30,334.0,69.85,819193715,GLD   260930C00334000,0.07665982203969883,28,0.8292368042107354,0.0375847603272712,0.29795935151502495,2.8393131048183595,402.78,2026-09-02
2026-09-02,2026-09-02 20:00:00+00:00,2026-09-30,335.0,68.85,819193737,GLD   260930C00335000,0.07665982203969883,28,0.8317195491335221,0.0375847603272712,0.2928063117307611,2.819582499252298,402.78,2026-09-02
2026-09-02,2026-09-02 20:00:00+00:00,2026-09-30,336.0,67.88,819193774,GLD   260930C00336000,0.07665982203969883,28,0.8342022940563087,0.0375847603272712,0.2974671946305783,3.3283109787295238,402.78,2026-09-02
2026-09-02,2026-09-02 20:00:00+00:00,2026-09-30,337.0,66.9,819193800,GLD   260930C00337000,0.07665982203969883,28,0.8366850389790953,0.0375847603272712,0.29813167999759316,3.6500867240901034,402.78,2026-09-02
2026-09-02,2026-09-02 20:00:00+00:00,2026-09-30,338.0,65.9,819193834,GLD   260930C00338000,0.07665982203969883,28,0.839167783901882,0.0375847603272712,0.29308104173894967,3.645078962408024,402.78,2026-09-02
2026-09-02,2026-09-02 20:00:00+00:00,2026-09-30,339.0,64.23,819193860,GLD   260930C00339000,0.07665982203969883,28,0.8416505288246686,0.0375847603272712,,,402.78,2026-09-02
2026-09-02,2026-09-02 20:00:00+00:00,2026-09-30,340.0,63.9,819193894,GLD   260930C00340000,0.07665982203969883,28,0.8441332737474553,0.0375847603272712,0.28302327574212105,3.6339166272946954,402.78,2026-09-02
2026-09-02,2026-09-02 20:00:00+00:00,2026-09-30,341.0,62.28,819193920,GLD   260930C00341000,0.07665982203969883,28,0.8466160186702418,0.0375847603272712,,,402.78,2026-09-02
2026-09-02,2026-09-02 20:00:00+00:00,2026-09-30,342.0,61.53,819193950,GLD   260930C00342000,0.07665982203969883,28,0.8490987635930285,0.0375847603272712,,,402.78,2026-09-02
2026-09-02,2026-09-02 20:00:00+00:00,2026-09-30,343.0,60.3,819193971,GLD   260930C00343000,0.07665982203969883,28,0.8515815085158152,0.0375847603272712,,,402.78,2026-09-02
2026-09-02,2026-09-02 20:00:00+00:00,2026-09-30,344.0,59.35,819193993,GLD   260930C00344000,0.07665982203969883,28,0.8540642534386018,0.0375847603272712,,,402.78,2026-09-02
2026-09-02,2026-09-02 20:00:00+00:00,2026-09-30,345.0,58.78,819194020,GLD   260930C00345000,0.07665982203969883,28,0.8565469983613884,0.0375847603272712,0.18972659660577773,0.45307669276982704,402.78,2026-09-02
2026-09-02,2026-09-02 20:00:00+00:00,2026-09-30,346.0,57.35,819194050,GLD   260930C00346000,0.07665982203969883,28,0.859029743284175,0.0375847603272712,,,402.78,2026-09-02
2026-09-02,2026-09-02 20:00:00+00:00,2026-09-30,347.0,56.38,819194073,GLD   260930C00347000,0.07665982203969883,28,0.8615124882069617,0.0375847603272712,,,402.78,2026-09-02
2026-09-02,2026-09-02 20:00:00+00:00,2026-09-30,348.0,55.65,819194095,GLD   260930C00348000,0.07665982203969883,28,0.8639952331297484,0.0375847603272712,,,402.78,2026-09-02
2026-09-02,2026-09-02 20:00:00+00:00,2026-09-30,349.0,54.43,819194117,GLD   260930C00349000,0.07665982203969883,28,0.8664779780525349,0.0375847603272712,,,402.78,2026-09-02
2026-09-02,2026-09-02 20:00:00+00:00,2026-09-30,350.0,54.18,819194151,GLD   260930C00350000,0.07665982203969883,28,0.8689607229753216,0.0375847603272712,0.2834942687443457,7.810143529231379,402.78,2026-09-02
2026-09-02,2026-09-02 20:00:00+00:00,2026-09-30,351.0,52.5,819194172,GLD   260930C00351000,0.07665982203969883,28,0.8714434678981082,0.0375847603272712,,,402.78,2026-09-02
2026-09-02,2026-09-02 20:00:00+00:00,2026-09-30,352.0,51.78,819194202,GLD   260930C00352000,0.07665982203969883,28,0.8739262128208949,0.0375847603272712,,,402.78,2026-09-02
2026-09-02,2026-09-02 20:00:00+00:00,2026-09-30,353.0,50.5,819194231,GLD   260930C00353000,0.07665982203969883,28,0.8764089577436814,0.0375847603272712,,,402.78,2026-09-02
2026-09-02,2026-09-02 20:00:00+00:00,2026-09-30,354.0,49.55,819194259,GLD   260930C00354000,0.07665982203969883,28,0.8788917026664681,0.0375847603272712,,,402.78,2026-09-02
2026-09-02,2026-09-02 20:00:00+00:00,2026-09-30,355.0,49.15,819194287,GLD   260930C00355000,0.07665982203969883,28,0.8813744475892548,0.0375847603272712,0.254409385678079,7.761139851648819,402.78,2026-09-02
2026-09-02,2026-09-02 20:00:00+00:00,2026-09-30,356.0,47.65,819194310,GLD   260930C00356000,0.07665982203969883,28,0.8838571925120414,0.0375847603272712,,,402.78,2026-09-02
2026-09-02,2026-09-02 20:00:00+00:00,2026-09-30,357.0,46.75,819194340,GLD   260930C00357000,0.07665982203969883,28,0.886339937434828,0.0375847603272712,,,402.78,2026-09-02
2026-09-02,2026-09-02 20:00:00+00:00,2026-09-30,358.0,45.68,819194367,GLD   260930C00358000,0.07665982203969883,28,0.8888226823576146,0.0375847603272712,,,402.78,2026-09-02
2026-09-02,2026-09-02 20:00:00+00:00,2026-09-30,359.0,44.93,819194397,GLD   260930C00359000,0.07665982203969883,28,0.8913054272804013,0.0375847603272712,0.19812053687749429,4.15452008091296,402.78,2026-09-02
2026-09-02,2026-09-02 20:00:00+00:00,2026-09-30,360.0,44.23,819194426,GLD   260930C00360000,0.07665982203969883,28,0.893788172203188,0.0375847603272712,0.2387482385598123,9.20219585738538,402.78,2026-09-02
2026-09-02,2026-09-02 20:00:00+00:00,2026-09-30,361.0,43.43,819194451,GLD   260930C00361000,0.07665982203969883,28,0.8962709171259745,0.0375847603272712,0.25284985202560206,11.585162747982926,402.78,2026-09-02
2026-09-02,2026-09-02 20:00:00+00:00,2026-09-30,362.0,42.08,819194479,GLD   260930C00362000,0.07665982203969883,28,0.8987536620487612,0.0375847603272712,0.21057125111697245,7.186346718268254,402.78,2026-09-02
2026-09-02,2026-09-02 20:00:00+00:00,2026-09-30,363.0,40.95,819194497,GLD   260930C00363000,0.07665982203969883,28,0.9012364069715478,0.0375847603272712,0.1837929238826036,4.647400059934573,402.78,2026-09-02
2026-09-02,2026-09-02 20:00:00+00:00,2026-09-30,364.0,40.15,819194531,GLD   260930C00364000,0.07665982203969883,28,0.9037191518943344,0.0375847603272712,0.20976085836039854,8.464041970140448,402.78,2026-09-02
2026-09-02,2026-09-02 20:00:00+00:00,2026-09-30,365.0,39.63,819194552,GLD   260930C00365000,0.07665982203969883,28,0.906201896817121,0.0375847603272712,0.24709935281947254,14.10050165437199,402.78,2026-09-02
2026-09-02,2026-09-02 20:00:00+00:00,2026-09-30,366.0,38.67,819194570,GLD   260930C00366000,0.07665982203969883,28,0.9086846417399077,0.0375847603272712,0.2444386220960878,14.63326848778495,402.78,2026-09-02
2026-09-02,2026-09-02 20:00:00+00:00,2026-09-30,367.0,37.7,819194599,GLD   260930C00367000,0.07665982203969883,28,0.9111673866626944,0.0375847603272712,0.24098225512718785,15.083664265889105,402.78,2026-09-02
2026-09-02,2026-09-02 20:00:00+00:00,2026-09-30,368.0,36.78,819194626,GLD   260930C00368000,0.07665982203969883,28,0.9136501315854809,0.0375847603272712,0.2406143807546236,15.955144539318402,402.78,2026-09-02
2026-09-02,2026-09-02 20:00:00+00:00,2026-09-30,369.0,35.85,819194646,GLD   260930C00369000,0.07665982203969883,28,0.9161328765082676,0.0375847603272712,0.23931030377512796,16.73020420952731,402.78,2026-09-02
2026-09-02,2026-09-02 20:00:00+00:00,2026-09-30,370.0,34.98,819194661,GLD   260930C00370000,0.07665982203969883,28,0.9186156214310542,0.0375847603272712,0.2411402974071913,17.935189514437177,402.78,2026-09-02
2026-09-02,2026-09-02 20:00:00+00:00,2026-09-30,371.0,34.08,819194683,GLD   260930C00371000,0.07665982203969883,28,0.9210983663538409,0.0375847603272712,0.24080947496220473,18.88200951275311,402.78,2026-09-02
2026-09-02,2026-09-02 20:00:00+00:00,2026-09-30,372.0,33.17,819194706,GLD   260930C00372000,0.07665982203969883,28,0.9235811112766275,0.0375847603272712,0.23963074683761226,19.74163230745518,402.78,2026-09-02
2026-09-02,2026-09-02 20:00:00+00:00,2026-09-30,373.0,32.28,819194724,GLD   260930C00373000,0.07665982203969883,28,0.9260638561994141,0.0375847603272712,0.2391517679040321,20.709677036161224,402.78,2026-09-02
2026-09-02,2026-09-02 20:00:00+00:00,2026-09-30,374.0,31.35,819194746,GLD   260930C00374000,0.07665982203969883,28,0.9285466011222008,0.0375847603272712,0.23648554714387282,21.422913337549254,402.78,2026-09-02
2026-09-02,2026-09-02 20:00:00+00:00,2026-09-30,375.0,30.55,819194762,GLD   260930C00375000,0.07665982203969883,28,0.9310293460449874,0.0375847603272712,0.23943194138379767,22.84396027116267,402.78,2026-09-02
2026-09-02,2026-09-02 20:00:00+00:00,2026-09-30,376.0,29.63,819194779,GLD   260930C00376000,0.07665982203969883,28,0.933512090967774,0.0375847603272712,0.2366868624618277,23.585610876496396,402.78,2026-09-02
2026-09-02,2026-09-02 20:00:00+00:00,2026-09-30,377.0,28.78,819194797,GLD   260930C00377000,0.07665982203969883,28,0.9359948358905607,0.0375847603272712,0.23662814840441565,24.66048171932263,402.78,2026-09-02
2026-09-02,2026-09-02 20:00:00+00:00,2026-09-30,378.0,27.93,819194817,GLD   260930C00378000,0.07665982203969883,28,0.9384775808133473,0.0375847603272712,0.23620248662186788,25.699166490515584,402.78,2026-09-02
2026-09-02,2026-09-02 20:00:00+00:00,2026-09-30,379.0,27.08,819194837,GLD   260930C00379000,0.07665982203969883,28,0.940960325736134,0.0375847603272712,0.23543905952339989,26.705927709092006,402.78,2026-09-02
2026-09-02,2026-09-02 20:00:00+00:00,2026-09-30,380.0,26.2,819194854,GLD   260930C00380000,0.07665982203969883,28,0.9434430706589205,0.0375847603272712,0.23327578946044664,27.57014405314752,402.78,2026-09-02
2026-09-02,2026-09-02 20:00:00+00:00,2026-09-30,381.0,25.43,819194871,GLD   260930C00381000,0.07665982203969883,28,0.9459258155817072,0.0375847603272712,0.23473050485355773,28.81136153002674,402.78,2026-09-02
2026-09-02,2026-09-02 20:00:00+00:00,2026-09-30,382.0,24.63,819194895,GLD   260930C00382000,0.07665982203969883,28,0.9484085605044938,0.0375847603272712,0.23470334803042933,29.888345421435,402.78,2026-09-02
2026-09-02,2026-09-02 20:00:00+00:00,2026-09-30,383.0,23.83,819194914,GLD   260930C00383000,0.07665982203969883,28,0.9508913054272805,0.0375847603272712,0.23431013287743552,30.920475814833694,402.78,2026-09-02
2026-09-02,2026-09-02 20:00:00+00:00,2026-09-30,384.0,23.0,819194931,GLD   260930C00384000,0.07665982203969883,28,0.9533740503500671,0.0375847603272712,0.23263382302289826,31.832924545631816,402.78,2026-09-02
2026-09-02,2026-09-02 20:00:00+00:00,2026-09-30,385.0,22.23,819194945,GLD   260930C00385000,0.07665982203969883,28,0.9558567952728537,0.0375847603272712,0.2325178756813518,32.86631790410921,402.78,2026-09-02
2026-09-02,2026-09-02 20:00:00+00:00,2026-09-30,386.0,21.45,819194960,GLD   260930C00386000,0.07665982203969883,28,0.9583395401956404,0.0375847603272712,0.23174615066470577,33.82959452141837,402.78,2026-09-02
2026-09-02,2026-09-02 20:00:00+00:00,2026-09-30,387.0,20.75,819194982,GLD   260930C00387000,0.07665982203969883,28,0.960822285118427,0.0375847603272712,0.23294733718400817,34.905943899203365,402.78,2026-09-02
2026-09-02,2026-09-02 20:00:00+00:00,2026-09-30,388.0,19.98,819195005,GLD   260930C00388000,0.07665982203969883,28,0.9633050300412136,0.0375847603272712,0.23176497231749818,35.792538572094855,402.78,2026-09-02
2026-09-02,2026-09-02 20:00:00+00:00,2026-09-30,389.0,19.25,897212423,GLD   260930C00389000,0.07665982203969883,28,0.9657877749640003,0.0375847603272712,0.2313671192708425,36.70086197729487,402.78,2026-09-02
2026-09-02,2026-09-02 20:00:00+00:00,2026-09-30,390.0,18.58,819195021,GLD   260930C00390000,0.07665982203969883,28,0.9682705198867869,0.0375847603272712,0.23222027750471602,37.63600911009905,402.78,2026-09-02
2026-09-02,2026-09-02 20:00:00+00:00,2026-09-30,391.0,17.85,897212438,GLD   260930C00391000,0.07665982203969883,28,0.9707532648095736,0.0375847603272712,0.23111347864056003,38.43546072458226,402.78,2026-09-02
2026-09-02,2026-09-02 20:00:00+00:00,2026-09-30,392.0,17.2,897212458,GLD   260930C00392000,0.07665982203969883,28,0.9732360097323601,0.0375847603272712,0.23172959208050742,39.265880869936616,402.78,2026-09-02
2026-09-02,2026-09-02 20:00:00+00:00,2026-09-30,393.0,16.5,897212475,GLD   260930C00393000,0.07665982203969883,28,0.9757187546551468,0.0375847603272712,0.23071238465616478,39.98922085453839,402.78,2026-09-02
2026-09-02,2026-09-02 20:00:00+00:00,2026-09-30,394.0,15.85,897212489,GLD   260930C00394000,0.07665982203969883,28,0.9782014995779335,0.0375847603272712,0.23060033947816116,40.69556300157263,402.78,2026-09-02
2026-09-02,2026-09-02 20:00:00+00:00,2026-09-30,395.0,15.25,819195045,GLD   260930C00395000,0.07665982203969883,28,0.9806842445007201,0.0375847603272712,0.2313424304031767,41.36706813534451,402.78,2026-09-02
2026-09-02,2026-09-02 20:00:00+00:00,2026-09-30,396.0,14.6,897212509,GLD   260930C00396000,0.07665982203969883,28,0.9831669894235067,0.0375847603272712,0.23051437081070617,41.94771497922275,402.78,2026-09-02
2026-09-02,2026-09-02 20:00:00+00:00,2026-09-30,397.0,14.0,897212528,GLD   260930C00397000,0.07665982203969883,28,0.9856497343462933,0.0375847603272712,0.23052889915229752,42.4872289322587,402.78,2026-09-02
2026-09-02,2026-09-02 20:00:00+00:00,2026-09-30,398.0,13.4,897212544,GLD   260930C00398000,0.07665982203969883,28,0.98813247926908,0.0375847603272712,0.2301880884724669,42.96179020154393,402.78,2026-09-02
2026-09-02,2026-09-02 20:00:00+00:00,2026-09-30,399.0,12.85,897212561,GLD   260930C00399000,0.07665982203969883,28,0.9906152241918667,0.0375847603272712,0.23065266944700852,43.38089524002173,402.78,2026-09-02
2026-09-02,2026-09-02 20:00:00+00:00,2026-09-30,400.0,12.35,819195067,GLD   260930C00400000,0.07665982203969883,28,0.9930979691146532,0.0375847603272712,0.23190002070302146,43.736330491036185,402.78,2026-09-02
2026-09-02,2026-09-02 20:00:00+00:00,2026-09-30,401.0,11.75,897212574,GLD   260930C00401000,0.07665982203969883,28,0.9955807140374399,0.0375847603272712,0.23050832664808257,44.015371147836056,402.78,2026-09-02
2026-09-02,2026-09-02 20:00:00+00:00,2026-09-30,402.0,11.25,897212598,GLD   260930C00402000,0.07665982203969883,28,0.9980634589602265,0.0375847603272712,0.2310429416795261,44.2344373194103,402.78,2026-09-02
2026-09-02,2026-09-02 20:00:00+00:00,2026-09-30,403.0,10.75,897212612,GLD   260930C00403000,0.07665982203969883,28,1.000546203883013,0.0375847603272712,0.23122496503619475,44.38573115858348,402.78,2026-09-02
2026-09-02,2026-09-02 20:00:00+00:00,2026-09-30,404.0,10.28,897212629,GLD   260930C00404000,0.07665982203969883,28,1.0030289488057997,0.0375847603272712,0.23173397852210326,44.47012855201099,402.78,2026-09-02
2026-09-02,2026-09-02 20:00:00+00:00,2026-09-30,405.0,9.83,819195090,GLD   260930C00405000,0.07665982203969883,28,1.0055116937285864,0.0375847603272712,0.2323466554504819,44.48834192432606,402.78,2026-09-02
2026-09-02,2026-09-02 20:00:00+00:00,2026-09-30,406.0,9.38,897212646,GLD   260930C00406000,0.07665982203969883,28,1.007994438651373,0.0375847603272712,0.23261713405614715,44.44147038354332,402.78,2026-09-02
2026-09-02,2026-09-02 20:00:00+00:00,2026-09-30,407.0,8.95,897212663,GLD   260930C00407000,0.07665982203969883,28,1.0104771835741597,0.0375847603272712,0.2329987125663087,44.33085036739971,402.78,2026-09-02
2026-09-02,2026-09-02 20:00:00+00:00,2026-09-30,408.0,8.53,897212678,GLD   260930C00408000,0.07665982203969883,28,1.0129599284969464,0.0375847603272712,0.23326995018469165,44.15756078217318,402.78,2026-09-02
2026-09-02,2026-09-02 20:00:00+00:00,2026-09-30,409.0,8.13,897212696,GLD   260930C00409000,0.07665982203969883,28,1.0154426734197328,0.0375847603272712,0.23366135860802606,43.92415871211728,402.78,2026-09-02
2026-09-02,2026-09-02 20:00:00+00:00,2026-09-30,410.0,7.8,819195101,GLD   260930C00410000,0.07665982203969883,28,1.0179254183425195,0.0375847603272712,0.23532570120682944,43.64455686892911,402.78,2026-09-02
2026-09-02,2026-09-02 20:00:00+00:00,2026-09-30,411.0,7.38,912704594,GLD   260930C00411000,0.07665982203969883,28,1.0204081632653061,0.0375847603272712,0.2346032421690412,43.28652132106115,402.78,2026-09-02
2026-09-02,2026-09-02 20:00:00+00:00,2026-09-30,412.0,7.03,912704691,GLD   260930C00412000,0.07665982203969883,28,1.0228909081880928,0.0375847603272712,0.23516812457880004,42.88831030502415,402.78,2026-09-02
2026-09-02,2026-09-02 20:00:00+00:00,2026-09-30,413.0,6.73,912704760,GLD   260930C00413000,0.07665982203969883,28,1.0253736531108795,0.0375847603272712,0.23659213488074024,42.45793299522006,402.78,2026-09-02
2026-09-02,2026-09-02 20:00:00+00:00,2026-09-30,414.0,6.38,912704840,GLD   260930C00414000,0.07665982203969883,28,1.0278563980336661,0.0375847603272712,0.23652936499463395,41.951176432655394,402.78,2026-09-02
2026-09-02,2026-09-02 20:00:00+00:00,2026-09-30,415.0,6.1,819195125,GLD   260930C00415000,0.07665982203969883,28,1.0303391429564528,0.0375847603272712,0.2378293069845997,41.43477677076202,402.78,2026-09-02
2026-09-02,2026-09-02 20:00:00+00:00,2026-09-30,416.0,5.78,912704917,GLD   260930C00416000,0.07665982203969883,28,1.0328218878792395,0.0375847603272712,0.23786260110074658,40.841295113743044,402.78,2026-09-02
2026-09-02,2026-09-02 20:00:00+00:00,2026-09-30,417.0,5.53,912704987,GLD   260930C00417000,0.07665982203969883,28,1.035304632802026,0.0375847603272712,0.23931514655565844,40.259780115880815,402.78,2026-09-02
2026-09-02,2026-09-02 20:00:00+00:00,2026-09-30,418.0,5.23,912705058,GLD   260930C00418000,0.07665982203969883,28,1.0377873777248126,0.0375847603272712,0.2392328006605618,39.584965776355276,402.78,2026-09-02
2026-09-02,2026-09-02 20:00:00+00:00,2026-09-30,419.0,5.0,912705126,GLD   260930C00419000,0.07665982203969883,28,1.0402701226475992,0.0375847603272712,0.24062916986132044,38.94390245897741,402.78,2026-09-02
2026-09-02,2026-09-02 20:00:00+00:00,2026-09-30,420.0,4.75,819195147,GLD   260930C00420000,0.07665982203969883,28,1.0427528675703859,0.0375847603272712,0.24123856859980153,38.2399149398481,402.78,2026-09-02
2026-09-02,2026-09-02 20:00:00+00:00,2026-09-30,421.0,4.5,912705201,GLD   260930C00421000,0.07665982203969883,28,1.0452356124931725,0.0375847603272712,0.24155923517523337,37.493298191590675,402.78,2026-09-02
2026-09-02,2026-09-02 20:00:00+00:00,2026-09-30,422.0,4.28,912705269,GLD   260930C00422000,0.07665982203969883,28,1.0477183574159592,0.0375847603272712,0.24239899194529285,36.754364926970474,402.78,2026-09-02
2026-09-02,2026-09-02 20:00:00+00:00,2026-09-30,423.0,4.08,912705324,GLD   260930C00423000,0.07665982203969883,28,1.0502011023387459,0.0375847603272712,0.2435218744286336,36.01744643240298,402.78,2026-09-02
2026-09-02,2026-09-02 20:00:00+00:00,2026-09-30,424.0,3.88,912705411,GLD   260930C00424000,0.07665982203969883,28,1.0526838472615325,0.0375847603272712,0.24438875076966365,35.24950090384516,402.78,2026-09-02
2026-09-02,2026-09-02 20:00:00+00:00,2026-09-30,425.0,3.7,819195171,GLD   260930C00425000,0.07665982203969883,28,1.055166592184319,0.0375847603272712,0.2455726522876881,34.494375678145005,402.78,2026-09-02
2026-09-02,2026-09-02 20:00:00+00:00,2026-09-30,426.0,3.5,912705456,GLD   260930C00426000,0.07665982203969883,28,1.0576493371071056,0.0375847603272712,0.24591856651315464,33.66296359236057,402.78,2026-09-02
2026-09-02,2026-09-02 20:00:00+00:00,2026-09-30,427.0,3.33,912705537,GLD   260930C00427000,0.07665982203969883,28,1.0601320820298923,0.0375847603272712,0.24689618420666082,32.8749385045865,402.78,2026-09-02
2026-09-02,2026-09-02 20:00:00+00:00,2026-09-30,428.0,3.15,912705615,GLD   260930C00428000,0.07665982203969883,28,1.062614826952679,0.0375847603272712,0.2473154944962822,32.0314443167984,402.78,2026-09-02
2026-09-02,2026-09-02 20:00:00+00:00,2026-09-30,429.0,3.0,912705670,GLD   260930C00429000,0.07665982203969883,28,1.0650975718754656,0.0375847603272712,0.24842370894243943,31.247644009272044,402.78,2026-09-02
2026-09-02,2026-09-02 20:00:00+00:00,2026-09-30,430.0,2.88,819195191,GLD   260930C00430000,0.07665982203969883,28,1.0675803167982523,0.0375847603272712,0.2502839513267391,30.53958791823103,402.78,2026-09-02
2026-09-02,2026-09-02 20:00:00+00:00,2026-09-30,435.0,2.2,819195215,GLD   260930C00435000,0.07665982203969883,28,1.0799940414121854,0.0375847603272712,0.25363984922571114,26.453612902778804,402.78,2026-09-02
2026-09-02,2026-09-02 20:00:00+00:00,2026-09-30,440.0,1.73,819195239,GLD   260930C00440000,0.07665982203969883,28,1.0924077660261184,0.0375847603272712,0.2595586769639515,22.8647581451055,402.78,2026-09-02
2026-09-02,2026-09-02 20:00:00+00:00,2026-09-30,445.0,1.33,819195260,GLD   260930C00445000,0.07665982203969883,28,1.1048214906400518,0.0375847603272712,0.26374218742949895,19.38203964387477,402.78,2026-09-02
2026-09-02,2026-09-02 20:00:00+00:00,2026-09-30,450.0,1.04,819195282,GLD   260930C00450000,0.07665982203969883,28,1.1172352152539848,0.0375847603272712,0.2690580703656189,16.414033649129607,402.78,2026-09-02
2026-09-02,2026-09-02 20:00:00+00:00,2026-09-30,455.0,0.86,821007666,GLD   260930C00455000,0.07665982203969883,28,1.1296489398679181,0.0375847603272712,0.2775517579467037,14.218599865325526,402.78,2026-09-02
2026-09-02,2026-09-02 20:00:00+00:00,2026-09-30,460.0,0.67,821007725,GLD   260930C00460000,0.07665982203969883,28,1.1420626644818512,0.0375847603272712,0.28211519851442424,11.887485487754226,402.78,2026-09-02
2026-09-02,2026-09-02 20:00:00+00:00,2026-09-30,465.0,0.57,821007756,GLD   260930C00465000,0.07665982203969883,28,1.1544763890957843,0.0375847603272712,0.29130364349735904,10.400139863908622,402.78,2026-09-02
2026-09-02,2026-09-02 20:00:00+00:00,2026-09-30,470.0,0.46,821007815,GLD   260930C00470000,0.07665982203969883,28,1.1668901137097176,0.0375847603272712,0.29718363586096097,8.810903688958877,402.78,2026-09-02
2026-09-02,2026-09-02 20:00:00+00:00,2026-09-30,475.0,0.4,822000539,GLD   260930C00475000,0.07665982203969883,28,1.1793038383236507,0.0375847603272712,0.3065681249815039,7.792249206097214,402.78,2026-09-02
2026-09-02,2026-09-02 20:00:00+00:00,2026-09-30,480.0,0.35,823330597,GLD   260930C00480000,0.07665982203969883,28,1.1917175629375838,0.0375847603272712,0.31579379883976655,6.917848163152469,402.78,2026-09-02
2026-09-02,2026-09-02 20:00:00+00:00,2026-10-02,325.0,78.9,910964999,GLD   261002C00325000,0.08213552361396304,30,0.8068920999056558,0.0375847603272712,0.32782852288819847,2.8193633782628207,402.78,2026-09-02
2026-09-02,2026-09-02 20:00:00+00:00,2026-10-02,330.0,73.95,910965054,GLD   261002C00330000,0.08213552361396304,30,0.8193058245195889,0.0375847603272712,0.3180387070068159,3.53398059846,402.78,2026-09-02
2026-09-02,2026-09-02 20:00:00+00:00,2026-10-02,335.0,68.75,910965099,GLD   261002C00335000,0.08213552361396304,30,0.8317195491335221,0.0375847603272712,,,402.78,2026-09-02
2026-09-02,2026-09-02 20:00:00+00:00,2026-10-02,340.0,64.1,910965140,GLD   261002C00340000,0.08213552361396304,30,0.8441332737474553,0.0375847603272712,0.3012821555281989,5.732990221849152,402.78,2026-09-02
2026-09-02,2026-09-02 20:00:00+00:00,2026-10-02,345.0,59.48,910965219,GLD   261002C00345000,0.08213552361396304,30,0.8565469983613884,0.0375847603272712,0.3246347603500821,10.06373592331285,402.78,2026-09-02
2026-09-02,2026-09-02 20:00:00+00:00,2026-10-02,346.0,57.8,910965269,GLD   261002C00346000,0.08213552361396304,30,0.859029743284175,0.0375847603272712,,,402.78,2026-09-02
2026-09-02,2026-09-02 20:00:00+00:00,2026-10-02,347.0,57.25,910965322,GLD   261002C00347000,0.08213552361396304,30,0.8615124882069617,0.0375847603272712,0.28885517556983986,7.875782727234841,402.78,2026-09-02
2026-09-02,2026-09-02 20:00:00+00:00,2026-10-02,348.0,56.15,910965385,GLD   261002C00348000,0.08213552361396304,30,0.8639952331297484,0.0375847603272712,0.2701771065636538,6.659670223509317,402.78,2026-09-02
2026-09-02,2026-09-02 20:00:00+00:00,2026-10-02,349.0,55.3,910965447,GLD   261002C00349000,0.08213552361396304,30,0.8664779780525349,0.0375847603272712,0.28496587799107653,8.575396826636615,402.78,2026-09-02
2026-09-02,2026-09-02 20:00:00+00:00,2026-10-02,350.0,54.3,910965504,GLD   261002C00350000,0.08213552361396304,30,0.8689607229753216,0.0375847603272712,0.2799730830206536,8.644865677766477,402.78,2026-09-02
2026-09-02,2026-09-02 20:00:00+00:00,2026-10-02,351.0,53.35,910965561,GLD   261002C00351000,0.08213552361396304,30,0.8714434678981082,0.0375847603272712,0.2805481166434475,9.278160150964714,402.78,2026-09-02
2026-09-02,2026-09-02 20:00:00+00:00,2026-10-02,352.0,52.33,910965603,GLD   261002C00352000,0.08213552361396304,30,0.8739262128208949,0.0375847603272712,0.2733659657864832,9.135580510597208,402.78,2026-09-02
2026-09-02,2026-09-02 20:00:00+00:00,2026-10-02,353.0,51.7,910965660,GLD   261002C00353000,0.08213552361396304,30,0.8764089577436814,0.0375847603272712,0.3020444557488897,12.74399035239381,402.78,2026-09-02
2026-09-02,2026-09-02 20:00:00+00:00,2026-10-02,354.0,50.15,910965702,GLD   261002C00354000,0.08213552361396304,30,0.8788917026664681,0.0375847603272712,0.24118266242379327,6.921445365933152,402.78,2026-09-02
2026-09-02,2026-09-02 20:00:00+00:00,2026-10-02,355.0,49.35,910965762,GLD   261002C00355000,0.08213552361396304,30,0.8813744475892548,0.0375847603272712,0.2605266836007126,9.617148834714914,402.78,2026-09-02
2026-09-02,2026-09-02 20:00:00+00:00,2026-10-02,356.0,48.53,910965830,GLD   261002C00356000,0.08213552361396304,30,0.8838571925120414,0.0375847603272712,0.27242469688607385,11.613503989303178,402.78,2026-09-02
2026-09-02,2026-09-02 20:00:00+00:00,2026-10-02,357.0,47.5,910965888,GLD   261002C00357000,0.08213552361396304,30,0.886339937434828,0.0375847603272712,0.2646930673866533,11.435887255346227,402.78,2026-09-02
2026-09-02,2026-09-02 20:00:00+00:00,2026-10-02,358.0,46.43,910965939,GLD   261002C00358000,0.08213552361396304,30,0.8888226823576146,0.0375847603272712,0.253326679647062,10.816521177993604,402.78,2026-09-02
2026-09-02,2026-09-02 20:00:00+00:00,2026-10-02,359.0,45.65,910966002,GLD   261002C00359000,0.08213552361396304,30,0.8913054272804013,0.0375847603272712,0.26657747710840773,13.118786361890669,402.78,2026-09-02
2026-09-02,2026-09-02 20:00:00+00:00,2026-10-02,360.0,44.78,910966059,GLD   261002C00360000,0.08213552361396304,30,0.893788172203188,0.0375847603272712,0.2707528945426456,14.381705377630992,402.78,2026-09-02
2026-09-02,2026-09-02 20:00:00+00:00,2026-10-02,361.0,44.08,910966105,GLD   261002C00361000,0.08213552361396304,30,0.8962709171259745,0.0375847603272712,0.28457045564772554,16.76914239728069,402.78,2026-09-02
2026-09-02,2026-09-02 20:00:00+00:00,2026-10-02,362.0,42.83,910966148,GLD   261002C00362000,0.08213552361396304,30,0.8987536620487612,0.0375847603272712,0.2634508941805922,15.120871112126823,402.78,2026-09-02
2026-09-02,2026-09-02 20:00:00+00:00,2026-10-02,363.0,41.98,910966200,GLD   261002C00363000,0.08213552361396304,30,0.9012364069715478,0.0375847603272712,0.26753590994058174,16.451036698048274,402.78,2026-09-02
2026-09-02,2026-09-02 20:00:00+00:00,2026-10-02,364.0,41.05,910966247,GLD   261002C00364000,0.08213552361396304,30,0.9037191518943344,0.0375847603272712,0.2662065014936962,17.149434818901433,402.78,2026-09-02
2026-09-02,2026-09-02 20:00:00+00:00,2026-10-02,365.0,40.1,910966289,GLD   261002C00365000,0.08213552361396304,30,0.906201896817121,0.0375847603272712,0.2635375333868899,17.704739632774988,402.78,2026-09-02
2026-09-02,2026-09-02 20:00:00+00:00,2026-10-02,366.0,39.18,910966340,GLD   261002C00366000,0.08213552361396304,30,0.9086846417399077,0.0375847603272712,0.2623784045538866,18.461495461566724,402.78,2026-09-02
2026-09-02,2026-09-02 20:00:00+00:00,2026-10-02,367.0,38.28,910966391,GLD   261002C00367000,0.08213552361396304,30,0.9111673866626944,0.0375847603272712,0.26202524478370337,19.334449519334083,402.78,2026-09-02
2026-09-02,2026-09-02 20:00:00+00:00,2026-10-02,368.0,37.3,910966452,GLD   261002C00368000,0.08213552361396304,30,0.9136501315854809,0.0375847603272712,0.25736273675849664,19.702002901965766,402.78,2026-09-02
2026-09-02,2026-09-02 20:00:00+00:00,2026-10-02,369.0,36.43,910966500,GLD   261002C00369000,0.08213552361396304,30,0.9161328765082676,0.0375847603272712,0.25805334520125767,20.73914797165128,402.78,2026-09-02
2026-09-02,2026-09-02 20:00:00+00:00,2026-10-02,370.0,35.53,910966554,GLD   261002C00370000,0.08213552361396304,30,0.9186156214310542,0.0375847603272712,0.2569650885987096,21.575893835687804,402.78,2026-09-02
2026-09-02,2026-09-02 20:00:00+00:00,2026-10-02,371.0,34.63,910966602,GLD   261002C00371000,0.08213552361396304,30,0.9210983663538409,0.0375847603272712,0.2556320201273077,22.399367203469655,402.78,2026-09-02
2026-09-02,2026-09-02 20:00:00+00:00,2026-10-02,372.0,33.73,910966662,GLD   261002C00372000,0.08213552361396304,30,0.9235811112766275,0.0375847603272712,0.25406969256298617,23.211336559137013,402.78,2026-09-02
2026-09-02,2026-09-02 20:00:00+00:00,2026-10-02,373.0,32.8,910966714,GLD   261002C00373000,0.08213552361396304,30,0.9260638561994141,0.0375847603272712,0.25103821439435714,23.867230333687882,402.78,2026-09-02
2026-09-02,2026-09-02 20:00:00+00:00,2026-10-02,374.0,31.9,910966767,GLD   261002C00374000,0.08213552361396304,30,0.9285466011222008,0.0375847603272712,0.24909538397593423,24.667087410758764,402.78,2026-09-02
2026-09-02,2026-09-02 20:00:00+00:00,2026-10-02,375.0,31.05,910966832,GLD   261002C00375000,0.08213552361396304,30,0.9310293460449874,0.0375847603272712,0.24890983097730207,25.681043293549678,402.78,2026-09-02
2026-09-02,2026-09-02 20:00:00+00:00,2026-10-02,376.0,30.2,910966895,GLD   261002C00376000,0.08213552361396304,30,0.933512090967774,0.0375847603272712,0.2484037790379487,26.66453500694721,402.78,2026-09-02
2026-09-02,2026-09-02 20:00:00+00:00,2026-10-02,377.0,29.35,910966950,GLD   261002C00377000,0.08213552361396304,30,0.9359948358905607,0.0375847603272712,0.24760036174794658,27.620859133856023,402.78,2026-09-02
2026-09-02,2026-09-02 20:00:00+00:00,2026-10-02,378.0,28.5,910967006,GLD   261002C00378000,0.08213552361396304,30,0.9384775808133473,0.0375847603272712,0.24651874534254892,28.552788386179195,402.78,2026-09-02
2026-09-02,2026-09-02 20:00:00+00:00,2026-10-02,379.0,27.63,910967062,GLD   261002C00379000,0.08213552361396304,30,0.940960325736134,0.0375847603272712,0.24449532919349154,29.394939256579697,402.78,2026-09-02
2026-09-02,2026-09-02 20:00:00+00:00,2026-10-02,380.0,26.85,910967116,GLD   261002C00380000,0.08213552361396304,30,0.9434430706589205,0.0375847603272712,0.24522535973237825,30.50897333602397,402.78,2026-09-02
2026-09-02,2026-09-02 20:00:00+00:00,2026-10-02,381.0,26.03,910967168,GLD   261002C00381000,0.08213552361396304,30,0.9459258155817072,0.0375847603272712,0.2443045795188286,31.457216707952103,402.78,2026-09-02
2026-09-02,2026-09-02 20:00:00+00:00,2026-10-02,382.0,25.18,910967228,GLD   261002C00382000,0.08213552361396304,30,0.9484085605044938,0.0375847603272712,0.24217880375282846,32.29695292117581,402.78,2026-09-02
2026-09-02,2026-09-02 20:00:00+00:00,2026-10-02,383.0,24.45,910967282,GLD   261002C00383000,0.08213552361396304,30,0.9508913054272805,0.0375847603272712,0.24344382184473798,33.416830772720196,402.78,2026-09-02
2026-09-02,2026-09-02 20:00:00+00:00,2026-10-02,384.0,23.63,910967337,GLD   261002C00384000,0.08213552361396304,30,0.9533740503500671,0.0375847603272712,0.24168309860033915,34.275139938046856,402.78,2026-09-02
2026-09-02,2026-09-02 20:00:00+00:00,2026-10-02,385.0,22.88,910967394,GLD   261002C00385000,0.08213552361396304,30,0.9558567952728537,0.0375847603272712,0.24167114997068423,35.2529617939246,402.78,2026-09-02
2026-09-02,2026-09-02 20:00:00+00:00,2026-10-02,386.0,22.13,910967457,GLD   261002C00386000,0.08213552361396304,30,0.9583395401956404,0.0375847603272712,0.2413288305784576,36.183857830883426,402.78,2026-09-02
2026-09-02,2026-09-02 20:00:00+00:00,2026-10-02,387.0,21.35,910967525,GLD   261002C00387000,0.08213552361396304,30,0.960822285118427,0.0375847603272712,0.23986349832033743,37.02249815984508,402.78,2026-09-02
2026-09-02,2026-09-02 20:00:00+00:00,2026-10-02,388.0,20.63,910967582,GLD   261002C00388000,0.08213552361396304,30,0.9633050300412136,0.0375847603272712,0.23971855017384514,37.91752988277716,402.78,2026-09-02
2026-09-02,2026-09-02 20:00:00+00:00,2026-10-02,389.0,19.93,910967630,GLD   261002C00389000,0.08213552361396304,30,0.9657877749640003,0.0375847603272712,0.23976606530128047,38.78874917508043,402.78,2026-09-02
2026-09-02,2026-09-02 20:00:00+00:00,2026-10-02,390.0,19.23,910569075,GLD   261002C00390000,0.08213552361396304,30,0.9682705198867869,0.0375847603272712,0.23948299546623603,39.607211424137816,402.78,2026-09-02
2026-09-02,2026-09-02 20:00:00+00:00,2026-10-02,391.0,18.55,910569141,GLD   261002C00391000,0.08213552361396304,30,0.9707532648095736,0.0375847603272712,0.23937865217188375,40.394892930661435,402.78,2026-09-02
2026-09-02,2026-09-02 20:00:00+00:00,2026-10-02,392.0,17.75,910569204,GLD   261002C00392000,0.08213552361396304,30,0.9732360097323601,0.0375847603272712,0.23603043753048403,41.03055430763746,402.78,2026-09-02
2026-09-02,2026-09-02 20:00:00+00:00,2026-10-02,393.0,17.2,910569261,GLD   261002C00393000,0.08213552361396304,30,0.9757187546551468,0.0375847603272712,0.23845220963032918,41.8203963411614,402.78,2026-09-02
2026-09-02,2026-09-02 20:00:00+00:00,2026-10-02,394.0,16.55,910569335,GLD   261002C00394000,0.08213552361396304,30,0.9782014995779335,0.0375847603272712,0.238114211488422,42.471303307061916,402.78,2026-09-02
2026-09-02,2026-09-02 20:00:00+00:00,2026-10-02,395.0,15.95,910569393,GLD   261002C00395000,0.08213552361396304,30,0.9806842445007201,0.0375847603272712,0.23862200496615843,43.09097235511584,402.78,2026-09-02
2026-09-02,2026-09-02 20:00:00+00:00,2026-10-02,396.0,15.25,910569454,GLD   261002C00396000,0.08213552361396304,30,0.9831669894235067,0.0375847603272712,0.2365014072501101,43.612474992551164,402.78,2026-09-02
2026-09-02,2026-09-02 20:00:00+00:00,2026-10-02,397.0,14.65,910569507,GLD   261002C00397000,0.08213552361396304,30,0.9856497343462933,0.0375847603272712,0.23637335295723755,44.11900901634334,402.78,2026-09-02
2026-09-02,2026-09-02 20:00:00+00:00,2026-10-02,398.0,14.1,910569566,GLD   261002C00398000,0.08213552361396304,30,0.98813247926908,0.0375847603272712,0.2370463597553782,44.57669919991195,402.78,2026-09-02
2026-09-02,2026-09-02 20:00:00+00:00,2026-10-02,399.0,13.53,910569624,GLD   261002C00399000,0.08213552361396304,30,0.9906152241918667,0.0375847603272712,0.23694058225294573,44.96744623203374,402.78,2026-09-02
2026-09-02,2026-09-02 20:00:00+00:00,2026-10-02,400.0,12.98,910569686,GLD   261002C00400000,0.08213552361396304,30,0.9930979691146532,0.0375847603272712,0.23695763442823664,45.29998674551547,402.78,2026-09-02
2026-09-02,2026-09-02 20:00:00+00:00,2026-10-02,401.0,12.48,910569745,GLD   261002C00401000,0.08213552361396304,30,0.9955807140374399,0.0375847603272712,0.23775243715671826,45.57400093430709,402.78,2026-09-02
2026-09-02,2026-09-02 20:00:00+00:00,2026-10-02,402.0,11.88,910569803,GLD   261002C00402000,0.08213552361396304,30,0.9980634589602265,0.0375847603272712,0.2360377203273587,45.78311759411888,402.78,2026-09-02
2026-09-02,2026-09-02 20:00:00+00:00,2026-10-02,403.0,11.43,910569853,GLD   261002C00403000,0.08213552361396304,30,1.000546203883013,0.0375847603272712,0.2372839540186338,45.934340395930406,402.78,2026-09-02
2026-09-02,2026-09-02 20:00:00+00:00,2026-10-02,404.0,10.95,910569929,GLD   261002C00404000,0.08213552361396304,30,1.0030289488057997,0.0375847603272712,0.23755658393641932,46.023331922051845,402.78,2026-09-02
2026-09-02,2026-09-02 20:00:00+00:00,2026-10-02,405.0,10.53,910569983,GLD   261002C00405000,0.08213552361396304,30,1.0055116937285864,0.0375847603272712,0.23881761604743085,46.051445711018616,402.78,2026-09-02
2026-09-02,2026-09-02 20:00:00+00:00,2026-10-02,406.0,10.07,910570050,GLD   261002C00406000,0.08213552361396304,30,1.007994438651373,0.0375847603272712,0.23889857429964467,46.01999376382319,402.78,2026-09-02
2026-09-02,2026-09-02 20:00:00+00:00,2026-10-02,407.0,9.63,910570113,GLD   261002C00407000,0.08213552361396304,30,1.0104771835741597,0.0375847603272712,0.2391054355326109,45.92964340897884,402.78,2026-09-02
2026-09-02,2026-09-02 20:00:00+00:00,2026-10-02,408.0,9.2,910570167,GLD   261002C00408000,0.08213552361396304,30,1.0129599284969464,0.0375847603272712,0.23922345036892226,45.78115093375874,402.78,2026-09-02
2026-09-02,2026-09-02 20:00:00+00:00,2026-10-02,409.0,8.78,910570227,GLD   261002C00409000,0.08213552361396304,30,1.0154426734197328,0.0375847603272712,0.23925472355550154,45.57523987289728,402.78,2026-09-02
2026-09-02,2026-09-02 20:00:00+00:00,2026-10-02,410.0,8.4,910570299,GLD   261002C00410000,0.08213552361396304,30,1.0179254183425195,0.0375847603272712,0.23986309785963972,45.31818636695607,402.78,2026-09-02
2026-09-02,2026-09-02 20:00:00+00:00,2026-10-02,411.0,8.03,910570350,GLD   261002C00411000,0.08213552361396304,30,1.0204081632653061,0.0375847603272712,0.24039735899558295,45.00916727460217,402.78,2026-09-02
2026-09-02,2026-09-02 20:00:00+00:00,2026-10-02,412.0,7.68,910570408,GLD   261002C00412000,0.08213552361396304,30,1.0228909081880928,0.0375847603272712,0.24108539703944704,44.65304656943669,402.78,2026-09-02
2026-09-02,2026-09-02 20:00:00+00:00,2026-10-02,413.0,7.3,910570476,GLD   261002C00413000,0.08213552361396304,30,1.0253736531108795,0.0375847603272712,0.24080705822845921,44.23330309816606,402.78,2026-09-02
2026-09-02,2026-09-02 20:00:00+00:00,2026-10-02,414.0,7.0,910570547,GLD   261002C00414000,0.08213552361396304,30,1.0278563980336661,0.0375847603272712,0.24205096365986395,43.796403996808145,402.78,2026-09-02
2026-09-02,2026-09-02 20:00:00+00:00,2026-10-02,415.0,6.68,910570604,GLD   261002C00415000,0.08213552361396304,30,1.0303391429564528,0.0375847603272712,0.2425633391530253,43.30373093033788,402.78,2026-09-02
2026-09-02,2026-09-02 20:00:00+00:00,2026-10-02,416.0,6.35,910570666,GLD   261002C00416000,0.08213552361396304,30,1.0328218878792395,0.0375847603272712,0.24255921347653497,42.755268584032784,402.78,2026-09-02
2026-09-02,2026-09-02 20:00:00+00:00,2026-10-02,417.0,6.05,910570736,GLD   261002C00417000,0.08213552361396304,30,1.035304632802026,0.0375847603272712,0.24297231196882207,42.179486006428434,402.78,2026-09-02
2026-09-02,2026-09-02 20:00:00+00:00,2026-10-02,418.0,5.78,910570790,GLD   261002C00418000,0.08213552361396304,30,1.0377873777248126,0.0375847603272712,0.24382658776743332,41.58568787298255,402.78,2026-09-02
2026-09-02,2026-09-02 20:00:00+00:00,2026-10-02,419.0,5.53,912707067,GLD   261002C00419000,0.08213552361396304,30,1.0402701226475992,0.0375847603272712,0.24490506567852577,40.97299045629945,402.78,2026-09-02
2026-09-02,2026-09-02 20:00:00+00:00,2026-10-02,420.0,5.28,910967821,GLD   261002C00420000,0.08213552361396304,30,1.0427528675703859,0.0375847603272712,0.24573058281121776,40.32362669263283,402.78,2026-09-02
2026-09-02,2026-09-02 20:00:00+00:00,2026-10-02,421.0,5.03,912707154,GLD   261002C00421000,0.08213552361396304,30,1.0452356124931725,0.0375847603272712,0.24629880860215053,39.63636864738635,402.78,2026-09-02
2026-09-02,2026-09-02 20:00:00+00:00,2026-10-02,422.0,4.78,912707227,GLD   261002C00422000,0.08213552361396304,30,1.0477183574159592,0.0375847603272712,0.24660386652341115,38.90959312397107,402.78,2026-09-02
2026-09-02,2026-09-02 20:00:00+00:00,2026-10-02,423.0,4.55,912707295,GLD   261002C00423000,0.08213552361396304,30,1.0502011023387459,0.0375847603272712,0.24716228568376974,38.175219455021846,402.78,2026-09-02
2026-09-02,2026-09-02 20:00:00+00:00,2026-10-02,424.0,4.33,912707361,GLD   261002C00424000,0.08213552361396304,30,1.0526838472615325,0.0375847603272712,0.24772983162282036,37.42252431462512,402.78,2026-09-02
2026-09-02,2026-09-02 20:00:00+00:00,2026-10-02,425.0,4.13,910967884,GLD   261002C00425000,0.08213552361396304,30,1.055166592184319,0.0375847603272712,0.24858801889801402,36.674991839485344,402.78,2026-09-02
2026-09-02,2026-09-02 20:00:00+00:00,2026-10-02,426.0,3.93,912707434,GLD   261002C00426000,0.08213552361396304,30,1.0576493371071056,0.0375847603272712,0.24920677724117413,35.89717675942137,402.78,2026-09-02
2026-09-02,2026-09-02 20:00:00+00:00,2026-10-02,427.0,3.75,912707506,GLD   261002C00427000,0.08213552361396304,30,1.0601320820298923,0.0375847603272712,0.25014831621972855,35.13493829157846,402.78,2026-09-02
2026-09-02,2026-09-02 20:00:00+00:00,2026-10-02,428.0,3.58,912707577,GLD   261002C00428000,0.08213552361396304,30,1.062614826952679,0.0375847603272712,0.2511520104237833,34.37175242877282,402.78,2026-09-02
2026-09-02,2026-09-02 20:00:00+00:00,2026-10-02,429.0,3.4,912707643,GLD   261002C00429000,0.08213552361396304,30,1.0650975718754656,0.0375847603272712,0.2516354223641568,33.55682031177455,402.78,2026-09-02
2026-09-02,2026-09-02 20:00:00+00:00,2026-10-02,430.0,3.25,910967941,GLD   261002C00430000,0.08213552361396304,30,1.0675803167982523,0.0375847603272712,0.252789936586097,32.799959398380274,402.78,2026-09-02
2026-09-02,2026-09-02 20:00:00+00:00,2026-10-02,431.0,3.1,917783458,GLD   261002C00431000,0.08213552361396304,30,1.070063061721039,0.0375847603272712,0.2537362484973855,32.02308947066625,402.78,2026-09-02
2026-09-02,2026-09-02 20:00:00+00:00,2026-10-02,432.0,2.92,917783529,GLD   261002C00432000,0.08213552361396304,30,1.0725458066438256,0.0375847603272712,0.2535053409964778,31.125036138799015,402.78,2026-09-02
2026-09-02,2026-09-02 20:00:00+00:00,2026-10-02,433.0,2.81,917783591,GLD   261002C00433000,0.08213552361396304,30,1.075028551566612,0.0375847603272712,0.2553047692329623,30.43855012161464,402.78,2026-09-02
2026-09-02,2026-09-02 20:00:00+00:00,2026-10-02,434.0,2.67,917783647,GLD   261002C00434000,0.08213552361396304,30,1.0775112964893987,0.0375847603272712,0.25592754149613917,29.631708486800115,402.78,2026-09-02
2026-09-02,2026-09-02 20:00:00+00:00,2026-10-02,435.0,2.55,910967996,GLD   261002C00435000,0.08213552361396304,30,1.0799940414121854,0.0375847603272712,0.2570203242358752,28.881009852536277,402.78,2026-09-02
2026-09-02,2026-09-02 20:00:00+00:00,2026-10-02,440.0,2.01,910968055,GLD   261002C00440000,0.08213552361396304,30,1.0924077660261184,0.0375847603272712,0.261795371030178,25.165617483234847,402.78,2026-09-02
2026-09-02,2026-09-02 20:00:00+00:00,2026-10-02,445.0,1.6,910968107,GLD   261002C00445000,0.08213552361396304,30,1.1048214906400518,0.0375847603272712,0.2672905113502405,21.80785589569928,402.78,2026-09-02
2026-09-02,2026-09-02 20:00:00+00:00,2026-10-02,450.0,1.27,910968165,GLD   261002C00450000,0.08213552361396304,30,1.1172352152539848,0.0375847603272712,0.27242875271476813,18.732163437788643,402.78,2026-09-02
2026-09-02,2026-09-02 20:00:00+00:00,2026-10-02,455.0,1.03,910968206,GLD   261002C00455000,0.08213552361396304,30,1.1296489398679181,0.0375847603272712,0.2787877472945489,16.160807703812758,402.78,2026-09-02
2026-09-02,2026-09-02 20:00:00+00:00,2026-10-02,460.0,0.84,910968273,GLD   261002C00460000,0.08213552361396304,30,1.1420626644818512,0.0375847603272712,0.285165223601181,13.923228755824653,402.78,2026-09-02
2026-09-02,2026-09-02 20:00:00+00:00,2026-10-02,465.0,0.69,910968335,GLD   261002C00465000,0.08213552361396304,30,1.1544763890957843,0.0375847603272712,0.2916347173944116,12.001799239104725,402.78,2026-09-02
2026-09-02,2026-09-02 20:00:00+00:00,2026-10-02,470.0,0.57,910968380,GLD   261002C00470000,0.08213552361396304,30,1.1668901137097176,0.0375847603272712,0.2980859855693765,10.351052681419407,402.78,2026-09-02
2026-09-02,2026-09-02 20:00:00+00:00,2026-10-02,475.0,0.48,910968440,GLD   261002C00475000,0.08213552361396304,30,1.1793038383236507,0.0375847603272712,0.3052326537459157,9.010502617532072,402.78,2026-09-02
2026-09-02,2026-09-02 20:00:00+00:00,2026-10-02,480.0,0.41,910968500,GLD   261002C00480000,0.08213552361396304,30,1.1917175629375838,0.0375847603272712,0.3127504931109958,7.901894584506072,402.78,2026-09-02
2026-09-02,2026-09-02 20:00:00+00:00,2026-10-09,325.0,79.25,918881299,GLD   261009C00325000,0.10130047912388775,37,0.8068920999056558,0.03775085045892429,0.3240943246689624,4.869067927844455,402.78,2026-09-02
2026-09-02,2026-09-02 20:00:00+00:00,2026-10-09,330.0,74.45,918881350,GLD   261009C00330000,0.10130047912388775,37,0.8193058245195889,0.03775085045892429,0.33333564443355423,7.380765211226008,402.78,2026-09-02
2026-09-02,2026-09-02 20:00:00+00:00,2026-10-09,335.0,69.07,918881402,GLD   261009C00335000,0.10130047912388775,37,0.8317195491335221,0.03775085045892429,0.20146538485512133,0.6301147504483897,402.78,2026-09-02
2026-09-02,2026-09-02 20:00:00+00:00,2026-10-09,340.0,64.65,918881453,GLD   261009C00340000,0.10130047912388775,37,0.8441332737474553,0.03775085045892429,0.30922401292435825,9.944814690723607,402.78,2026-09-02
2026-09-02,2026-09-02 20:00:00+00:00,2026-10-09,345.0,59.18,918881488,GLD   261009C00345000,0.10130047912388775,37,0.8565469983613884,0.03775085045892429,0.2134070297304541,3.083780950954285,402.78,2026-09-02
2026-09-02,2026-09-02 20:00:00+00:00,2026-10-09,350.0,54.85,918881533,GLD   261009C00350000,0.10130047912388775,37,0.8689607229753216,0.03775085045892429,0.27941707593752085,12.748776640073965,402.78,2026-09-02
2026-09-02,2026-09-02 20:00:00+00:00,2026-10-09,355.0,49.68,918881569,GLD   261009C00355000,0.10130047912388775,37,0.8813744475892548,0.03775085045892429,0.24194434798387812,11.492644065508435,402.78,2026-09-02
2026-09-02,2026-09-02 20:00:00+00:00,2026-10-09,360.0,45.25,918881619,GLD   261009C00360000,0.10130047912388775,37,0.893788172203188,0.03775085045892429,0.2572663142042235,17.642862280715608,402.78,2026-09-02
2026-09-02,2026-09-02 20:00:00+00:00,2026-10-09,365.0,40.65,918881668,GLD   261009C00365000,0.10130047912388775,37,0.906201896817121,0.03775085045892429,0.25229653641087935,21.560925999185475,402.78,2026-09-02
2026-09-02,2026-09-02 20:00:00+00:00,2026-10-09,370.0,36.2,918881719,GLD   261009C00370000,0.10130047912388775,37,0.9186156214310542,0.03775085045892429,0.2487116308710538,26.08933599349311,402.78,2026-09-02
2026-09-02,2026-09-02 20:00:00+00:00,2026-10-09,371.0,35.33,918881768,GLD   261009C00371000,0.10130047912388775,37,0.9210983663538409,0.03775085045892429,0.24808636271329595,27.045766193119828,402.78,2026-09-02
2026-09-02,2026-09-02 20:00:00+00:00,2026-10-09,372.0,34.38,918881819,GLD   261009C00372000,0.10130047912388775,37,0.9235811112766275,0.03775085045892429,0.2443486767607741,27.613116847284367,402.78,2026-09-02
2026-09-02,2026-09-02 20:00:00+00:00,2026-10-09,373.0,33.55,918881872,GLD   261009C00373000,0.10130047912388775,37,0.9260638561994141,0.03775085045892429,0.2447584504979663,28.726375247561734,402.78,2026-09-02
2026-09-02,2026-09-02 20:00:00+00:00,2026-10-09,374.0,32.75,918881917,GLD   261009C00374000,0.10130047912388775,37,0.9285466011222008,0.03775085045892429,0.2458637033975683,29.92291368492906,402.78,2026-09-02
2026-09-02,2026-09-02 20:00:00+00:00,2026-10-09,375.0,31.88,918881982,GLD   261009C00375000,0.10130047912388775,37,0.9310293460449874,0.03775085045892429,0.2443499898993411,30.803538075884465,402.78,2026-09-02
2026-09-02,2026-09-02 20:00:00+00:00,2026-10-09,376.0,30.98,918882047,GLD   261009C00376000,0.10130047912388775,37,0.933512090967774,0.03775085045892429,0.24170114727085457,31.561303742695493,402.78,2026-09-02
2026-09-02,2026-09-02 20:00:00+00:00,2026-10-09,377.0,30.13,918882098,GLD   261009C00377000,0.10130047912388775,37,0.9359948358905607,0.03775085045892429,0.24046367714973169,32.492147813483825,402.78,2026-09-02
2026-09-02,2026-09-02 20:00:00+00:00,2026-10-09,378.0,29.38,918882146,GLD   261009C00378000,0.10130047912388775,37,0.9384775808133473,0.03775085045892429,0.2419988572039642,33.725377248971604,402.78,2026-09-02
2026-09-02,2026-09-02 20:00:00+00:00,2026-10-09,379.0,28.58,918882188,GLD   261009C00379000,0.10130047912388775,37,0.940960325736134,0.03775085045892429,0.24172228321395822,34.749268597193215,402.78,2026-09-02
2026-09-02,2026-09-02 20:00:00+00:00,2026-10-09,380.0,27.73,918882222,GLD   261009C00380000,0.10130047912388775,37,0.9434430706589205,0.03775085045892429,0.23978366694590075,35.60251136125753,402.78,2026-09-02
2026-09-02,2026-09-02 20:00:00+00:00,2026-10-09,381.0,26.93,918882268,GLD   261009C00381000,0.10130047912388775,37,0.9459258155817072,0.03775085045892429,0.2390372268314474,36.57049835247127,402.78,2026-09-02
2026-09-02,2026-09-02 20:00:00+00:00,2026-10-09,382.0,26.15,918882315,GLD   261009C00382000,0.10130047912388775,37,0.9484085605044938,0.03775085045892429,0.23858609388591723,37.55527077005438,402.78,2026-09-02
2026-09-02,2026-09-02 20:00:00+00:00,2026-10-09,383.0,25.38,918882359,GLD   261009C00383000,0.10130047912388775,37,0.9508913054272805,0.03775085045892429,0.2381414986941032,38.525842537622154,402.78,2026-09-02
2026-09-02,2026-09-02 20:00:00+00:00,2026-10-09,384.0,24.63,918882402,GLD   261009C00384000,0.10130047912388775,37,0.9533740503500671,0.03775085045892429,0.23794977115029475,39.49843289608225,402.78,2026-09-02
2026-09-02,2026-09-02 20:00:00+00:00,2026-10-09,385.0,23.88,918882438,GLD   261009C00385000,0.10130047912388775,37,0.9558567952728537,0.03775085045892429,0.23749244503350933,40.42925017569521,402.78,2026-09-02
2026-09-02,2026-09-02 20:00:00+00:00,2026-10-09,386.0,23.15,918882478,GLD   261009C00386000,0.10130047912388775,37,0.9583395401956404,0.03775085045892429,0.23726535587878897,41.35263076403202,402.78,2026-09-02
2026-09-02,2026-09-02 20:00:00+00:00,2026-10-09,387.0,22.43,918882518,GLD   261009C00387000,0.10130047912388775,37,0.960822285118427,0.03775085045892429,0.23701151967467743,42.24666639172114,402.78,2026-09-02
2026-09-02,2026-09-02 20:00:00+00:00,2026-10-09,388.0,21.7,918882548,GLD   261009C00388000,0.10130047912388775,37,0.9633050300412136,0.03775085045892429,0.23626351496959108,43.08382244002125,402.78,2026-09-02
2026-09-02,2026-09-02 20:00:00+00:00,2026-10-09,389.0,21.0,918882590,GLD   261009C00389000,0.10130047912388775,37,0.9657877749640003,0.03775085045892429,0.2359552254236303,43.91535529013232,402.78,2026-09-02
2026-09-02,2026-09-02 20:00:00+00:00,2026-10-09,390.0,20.33,918882620,GLD   261009C00390000,0.10130047912388775,37,0.9682705198867869,0.03775085045892429,0.23605762229273097,44.73026769914599,402.78,2026-09-02
2026-09-02,2026-09-02 20:00:00+00:00,2026-10-09,391.0,19.63,918882668,GLD   261009C00391000,0.10130047912388775,37,0.9707532648095736,0.03775085045892429,0.23522656390154734,45.46821831951474,402.78,2026-09-02
2026-09-02,2026-09-02 20:00:00+00:00,2026-10-09,392.0,19.02,918882707,GLD   261009C00392000,0.10130047912388775,37,0.9732360097323601,0.03775085045892429,0.23609991280501708,46.22884722085097,402.78,2026-09-02
2026-09-02,2026-09-02 20:00:00+00:00,2026-10-09,393.0,18.35,918882770,GLD   261009C00393000,0.10130047912388775,37,0.9757187546551468,0.03775085045892429,0.23539944185344502,46.89199807175104,402.78,2026-09-02
2026-09-02,2026-09-02 20:00:00+00:00,2026-10-09,394.0,17.75,918882822,GLD   261009C00394000,0.10130047912388775,37,0.9782014995779335,0.03775085045892429,0.2359231326895766,47.54436111438108,402.78,2026-09-02
2026-09-02,2026-09-02 20:00:00+00:00,2026-10-09,395.0,17.1,918882879,GLD   261009C00395000,0.10130047912388775,37,0.9806842445007201,0.03775085045892429,0.23512828805241734,48.11848366021892,402.78,2026-09-02
2026-09-02,2026-09-02 20:00:00+00:00,2026-10-09,396.0,16.45,918882939,GLD   261009C00396000,0.10130047912388775,37,0.9831669894235067,0.03775085045892429,0.2340856141216121,48.64521999828434,402.78,2026-09-02
2026-09-02,2026-09-02 20:00:00+00:00,2026-10-09,397.0,15.9,918883000,GLD   261009C00397000,0.10130047912388775,37,0.9856497343462933,0.03775085045892429,0.23483355363542213,49.150125384537716,402.78,2026-09-02
2026-09-02,2026-09-02 20:00:00+00:00,2026-10-09,398.0,15.3,918883048,GLD   261009C00398000,0.10130047912388775,37,0.98813247926908,0.03775085045892429,0.23429472911013288,49.58572185799298,402.78,2026-09-02
2026-09-02,2026-09-02 20:00:00+00:00,2026-10-09,399.0,14.75,918883097,GLD   261009C00399000,0.10130047912388775,37,0.9906152241918667,0.03775085045892429,0.23450145064750683,49.97541755192434,402.78,2026-09-02
2026-09-02,2026-09-02 20:00:00+00:00,2026-10-09,400.0,14.2,918883142,GLD   261009C00400000,0.10130047912388775,37,0.9930979691146532,0.03775085045892429,0.234442554985825,50.308339367482084,402.78,2026-09-02
2026-09-02,2026-09-02 20:00:00+00:00,2026-10-09,401.0,13.7,918883194,GLD   261009C00401000,0.10130047912388775,37,0.9955807140374399,0.03775085045892429,0.23511106358589606,50.58783273027165,402.78,2026-09-02
2026-09-02,2026-09-02 20:00:00+00:00,2026-10-09,402.0,13.18,918883251,GLD   261009C00402000,0.10130047912388775,37,0.9980634589602265,0.03775085045892429,0.23511943600839003,50.80900743269532,402.78,2026-09-02
2026-09-02,2026-09-02 20:00:00+00:00,2026-10-09,403.0,12.7,918883290,GLD   261009C00403000,0.10130047912388775,37,1.000546203883013,0.03775085045892429,0.2356535062270239,50.974348224420126,402.78,2026-09-02
2026-09-02,2026-09-02 20:00:00+00:00,2026-10-09,404.0,12.2,918883338,GLD   261009C00404000,0.10130047912388775,37,1.0030289488057997,0.03775085045892429,0.23553584062969313,51.083451767061305,402.78,2026-09-02
2026-09-02,2026-09-02 20:00:00+00:00,2026-10-09,405.0,11.73,918883393,GLD   261009C00405000,0.10130047912388775,37,1.0055116937285864,0.03775085045892429,0.23574870877312498,51.136777508864995,402.78,2026-09-02
2026-09-02,2026-09-02 20:00:00+00:00,2026-10-09,406.0,11.28,918883447,GLD   261009C00406000,0.10130047912388775,37,1.007994438651373,0.03775085045892429,0.23609722133660688,51.134875287450576,402.78,2026-09-02
2026-09-02,2026-09-02 20:00:00+00:00,2026-10-09,407.0,10.85,917783923,GLD   261009C00407000,0.10130047912388775,37,1.0104771835741597,0.03775085045892429,0.2365837624582462,51.07886799114088,402.78,2026-09-02
2026-09-02,2026-09-02 20:00:00+00:00,2026-10-09,408.0,10.43,917783979,GLD   261009C00408000,0.10130047912388775,37,1.0129599284969464,0.03775085045892429,0.23701567329028628,50.969870437195134,402.78,2026-09-02
2026-09-02,2026-09-02 20:00:00+00:00,2026-10-09,409.0,10.0,917784042,GLD   261009C00409000,0.10130047912388775,37,1.0154426734197328,0.03775085045892429,0.23700209487872198,50.80713338808593,402.78,2026-09-02
2026-09-02,2026-09-02 20:00:00+00:00,2026-10-09,410.0,9.63,917784106,GLD   261009C00410000,0.10130047912388775,37,1.0179254183425195,0.03775085045892429,0.237924272048194,50.5986397399914,402.78,2026-09-02
2026-09-02,2026-09-02 20:00:00+00:00,2026-10-09,411.0,9.23,917784174,GLD   261009C00411000,0.10130047912388775,37,1.0204081632653061,0.03775085045892429,0.23801103698052467,50.33591641894729,402.78,2026-09-02
2026-09-02,2026-09-02 20:00:00+00:00,2026-10-09,412.0,8.85,917784231,GLD   261009C00412000,0.10130047912388775,37,1.0228909081880928,0.03775085045892429,0.23825156019469723,50.02607110659091,402.78,2026-09-02
2026-09-02,2026-09-02 20:00:00+00:00,2026-10-09,413.0,8.5,917784311,GLD   261009C00413000,0.10130047912388775,37,1.0253736531108795,0.03775085045892429,0.23885346193639562,49.675382192475,402.78,2026-09-02
2026-09-02,2026-09-02 20:00:00+00:00,2026-10-09,414.0,8.15,917784366,GLD   261009C00414000,0.10130047912388775,37,1.0278563980336661,0.03775085045892429,0.23922034912677484,49.277803537677556,402.78,2026-09-02
2026-09-02,2026-09-02 20:00:00+00:00,2026-10-09,415.0,7.83,917784416,GLD   261009C00415000,0.10130047912388775,37,1.0303391429564528,0.03775085045892429,0.23996488938117405,48.847032184085975,402.78,2026-09-02
2026-09-02,2026-09-02 20:00:00+00:00,2026-10-09,416.0,7.5,917784462,GLD   261009C00416000,0.10130047912388775,37,1.0328218878792395,0.03775085045892429,0.24027562825651844,48.36732238985736,402.78,2026-09-02
2026-09-02,2026-09-02 20:00:00+00:00,2026-10-09,417.0,7.18,917784517,GLD   261009C00417000,0.10130047912388775,37,1.035304632802026,0.03775085045892429,0.240561929716263,47.848313735107084,402.78,2026-09-02
2026-09-02,2026-09-02 20:00:00+00:00,2026-10-09,418.0,6.9,917784588,GLD   261009C00418000,0.10130047912388775,37,1.0377873777248126,0.03775085045892429,0.24146169971274212,47.31499615035428,402.78,2026-09-02
2026-09-02,2026-09-02 20:00:00+00:00,2026-10-09,419.0,6.63,917784659,GLD   261009C00419000,0.10130047912388775,37,1.0402701226475992,0.03775085045892429,0.24236028695320716,46.75265158212461,402.78,2026-09-02
2026-09-02,2026-09-02 20:00:00+00:00,2026-10-09,420.0,6.33,917784718,GLD   261009C00420000,0.10130047912388775,37,1.0427528675703859,0.03775085045892429,0.24239682200709362,46.12417230512199,402.78,2026-09-02
2026-09-02,2026-09-02 20:00:00+00:00,2026-10-09,421.0,6.08,917784768,GLD   261009C00421000,0.10130047912388775,37,1.0452356124931725,0.03775085045892429,0.2432995628631674,45.5068678680551,402.78,2026-09-02
2026-09-02,2026-09-02 20:00:00+00:00,2026-10-09,422.0,5.83,917784825,GLD   261009C00422000,0.10130047912388775,37,1.0477183574159592,0.03775085045892429,0.24399630859894678,44.855904713654056,402.78,2026-09-02
2026-09-02,2026-09-02 20:00:00+00:00,2026-10-09,423.0,5.58,917784869,GLD   261009C00423000,0.10130047912388775,37,1.0502011023387459,0.03775085045892429,0.24448388346796857,44.17023943630634,402.78,2026-09-02
2026-09-02,2026-09-02 20:00:00+00:00,2026-10-09,424.0,5.33,917784925,GLD   261009C00424000,0.10130047912388775,37,1.0526838472615325,0.03775085045892429,0.24475805003726858,43.44853137844674,402.78,2026-09-02
2026-09-02,2026-09-02 20:00:00+00:00,2026-10-09,425.0,5.13,917784999,GLD   261009C00425000,0.10130047912388775,37,1.055166592184319,0.03775085045892429,0.24598358084177596,42.77189116819482,402.78,2026-09-02
2026-09-02,2026-09-02 20:00:00+00:00,2026-10-09,426.0,4.9,917785059,GLD   261009C00426000,0.10130047912388775,37,1.0576493371071056,0.03775085045892429,0.24631196792693813,42.016966397241724,402.78,2026-09-02
2026-09-02,2026-09-02 20:00:00+00:00,2026-10-09,427.0,4.7,917785126,GLD   261009C00427000,0.10130047912388775,37,1.0601320820298923,0.03775085045892429,0.24715485387826336,41.285815861999936,402.78,2026-09-02
2026-09-02,2026-09-02 20:00:00+00:00,2026-10-09,428.0,4.48,917785209,GLD   261009C00428000,0.10130047912388775,37,1.062614826952679,0.03775085045892429,0.24731292409738526,40.48581236671369,402.78,2026-09-02
2026-09-02,2026-09-02 20:00:00+00:00,2026-10-09,429.0,4.3,917785282,GLD   261009C00429000,0.10130047912388775,37,1.0650975718754656,0.03775085045892429,0.24826269580284133,39.74169885614692,402.78,2026-09-02
2026-09-02,2026-09-02 20:00:00+00:00,2026-10-09,430.0,4.13,917785342,GLD   261009C00430000,0.10130047912388775,37,1.0675803167982523,0.03775085045892429,0.2492872046501376,38.998485205188835,402.78,2026-09-02
2026-09-02,2026-09-02 20:00:00+00:00,2026-10-09,431.0,3.93,917785398,GLD   261009C00431000,0.10130047912388775,37,1.070063061721039,0.03775085045892429,0.24935038430998102,38.1566715133822,402.78,2026-09-02
2026-09-02,2026-09-02 20:00:00+00:00,2026-10-09,432.0,3.78,917785458,GLD   261009C00432000,0.10130047912388775,37,1.0725458066438256,0.03775085045892429,0.25053704248769215,37.41998338008561,402.78,2026-09-02
2026-09-02,2026-09-02 20:00:00+00:00,2026-10-09,433.0,3.63,917785519,GLD   261009C00433000,0.10130047912388775,37,1.075028551566612,0.03775085045892429,0.25155988430092113,36.666159978742975,402.78,2026-09-02
2026-09-02,2026-09-02 20:00:00+00:00,2026-10-09,434.0,3.48,917785572,GLD   261009C00434000,0.10130047912388775,37,1.0775112964893987,0.03775085045892429,0.2524150168991648,35.8942171905692,402.78,2026-09-02
2026-09-02,2026-09-02 20:00:00+00:00,2026-10-09,435.0,3.33,917785628,GLD   261009C00435000,0.10130047912388775,37,1.0799940414121854,0.03775085045892429,0.2530977930757218,35.10302961098605,402.78,2026-09-02
2026-09-02,2026-09-02 20:00:00+00:00,2026-10-09,440.0,2.67,918883663,GLD   261009C00440000,0.10130047912388775,37,1.0924077660261184,0.03775085045892429,0.25659767987811943,31.18830546741264,402.78,2026-09-02
2026-09-02,2026-09-02 20:00:00+00:00,2026-10-09,445.0,2.17,918883724,GLD   261009C00445000,0.10130047912388775,37,1.1048214906400518,0.03775085045892429,0.2613121267245152,27.59038030117335,402.78,2026-09-02
2026-09-02,2026-09-02 20:00:00+00:00,2026-10-09,450.0,1.77,918883778,GLD   261009C00450000,0.10130047912388775,37,1.1172352152539848,0.03775085045892429,0.26619378919480374,24.270206040427166,402.78,2026-09-02
2026-09-02,2026-09-02 20:00:00+00:00,2026-10-09,455.0,1.45,918883828,GLD   261009C00455000,0.10130047912388775,37,1.1296489398679181,0.03775085045892429,0.27122138233724985,21.266740711809884,402.78,2026-09-02
2026-09-02,2026-09-02 20:00:00+00:00,2026-10-09,460.0,1.18,918883872,GLD   261009C00460000,0.10130047912388775,37,1.1420626644818512,0.03775085045892429,0.27563697840319945,18.483402055636105,402.78,2026-09-02
2026-09-02,2026-09-02 20:00:00+00:00,2026-10-09,465.0,0.97,918883933,GLD   261009C00465000,0.10130047912388775,37,1.1544763890957843,0.03775085045892429,0.2805281308607198,16.076124333057447,402.78,2026-09-02
2026-09-02,2026-09-02 20:00:00+00:00,2026-10-09,470.0,0.82,918883978,GLD   261009C00470000,0.10130047912388775,37,1.1668901137097176,0.03775085045892429,0.28683442760659383,14.149367671697192,402.78,2026-09-02
2026-09-02,2026-09-02 20:00:00+00:00,2026-10-09,475.0,0.69,918884019,GLD   261009C00475000,0.10130047912388775,37,1.1793038383236507,0.03775085045892429,0.2925601774103008,12.396791794576961,402.78,2026-09-02
2026-09-02,2026-09-02 20:00:00+00:00,2026-10-09,480.0,0.59,918884087,GLD   261009C00480000,0.10130047912388775,37,1.1917175629375838,0.03775085045892429,0.29887423191806306,10.943103781826055,402.78,2026-09-02
2026-09-02,2026-09-02 20:00:00+00:00,2026-10-16,325.0,79.5,827013823,GLD   261016C00325000,0.12046543463381246,44,0.8068920999056558,0.03792801326602092,0.29974765998236846,5.430619785371857,402.78,2026-09-02
2026-09-02,2026-09-02 20:00:00+00:00,2026-10-16,330.0,74.83,827013883,GLD   261016C00330000,0.12046543463381246,44,0.8193058245195889,0.03792801326602092,0.3220343781225383,9.52921103095734,402.78,2026-09-02
2026-09-02,2026-09-02 20:00:00+00:00,2026-10-16,335.0,69.83,827013908,GLD   261016C00335000,0.12046543463381246,44,0.8317195491335221,0.03792801326602092,0.299680741137173,9.75327073000613,402.78,2026-09-02
2026-09-02,2026-09-02 20:00:00+00:00,2026-10-16,340.0,64.9,827013990,GLD   261016C00340000,0.12046543463381246,44,0.8441332737474553,0.03792801326602092,0.2843716688199901,10.79243887940081,402.78,2026-09-02
2026-09-02,2026-09-02 20:00:00+00:00,2026-10-16,341.0,63.5,897212988,GLD   261016C00341000,0.12046543463381246,44,0.8466160186702418,0.03792801326602092,0.22926310807811096,5.072352882662736,402.78,2026-09-02
2026-09-02,2026-09-02 20:00:00+00:00,2026-10-16,342.0,62.68,897213008,GLD   261016C00342000,0.12046543463381246,44,0.8490987635930285,0.03792801326602092,0.25243983614938337,8.122921736528532,402.78,2026-09-02
2026-09-02,2026-09-02 20:00:00+00:00,2026-10-16,343.0,61.38,897213027,GLD   261016C00343000,0.12046543463381246,44,0.8515815085158152,0.03792801326602092,0.18417353849317877,1.8176028463817637,402.78,2026-09-02
2026-09-02,2026-09-02 20:00:00+00:00,2026-10-16,344.0,60.75,897213042,GLD   261016C00344000,0.12046543463381246,44,0.8540642534386018,0.03792801326602092,0.251968298334349,9.176848341810054,402.78,2026-09-02
2026-09-02,2026-09-02 20:00:00+00:00,2026-10-16,345.0,59.4,827014044,GLD   261016C00345000,0.12046543463381246,44,0.8565469983613884,0.03792801326602092,0.1836213776953518,2.253888286081462,402.78,2026-09-02
2026-09-02,2026-09-02 20:00:00+00:00,2026-10-16,346.0,58.58,897213058,GLD   261016C00346000,0.12046543463381246,44,0.859029743284175,0.03792801326602092,0.22183419892704115,6.5270143412195765,402.78,2026-09-02
2026-09-02,2026-09-02 20:00:00+00:00,2026-10-16,347.0,57.53,897213075,GLD   261016C00347000,0.12046543463381246,44,0.8615124882069617,0.03792801326602092,0.20931275680921974,5.516033732242931,402.78,2026-09-02
2026-09-02,2026-09-02 20:00:00+00:00,2026-10-16,348.0,56.9,897213093,GLD   261016C00348000,0.12046543463381246,44,0.8639952331297484,0.03792801326602092,0.2494047258953564,11.340747214553629,402.78,2026-09-02
2026-09-02,2026-09-02 20:00:00+00:00,2026-10-16,349.0,55.65,897213105,GLD   261016C00349000,0.12046543463381246,44,0.8664779780525349,0.03792801326602092,0.21903238031202932,7.802502339354086,402.78,2026-09-02
2026-09-02,2026-09-02 20:00:00+00:00,2026-10-16,350.0,55.48,827014109,GLD   261016C00350000,0.12046543463381246,44,0.8689607229753216,0.03792801326602092,0.28114903120296075,17.169721534690055,402.78,2026-09-02
2026-09-02,2026-09-02 20:00:00+00:00,2026-10-16,351.0,53.83,897213123,GLD   261016C00351000,0.12046543463381246,44,0.8714434678981082,0.03792801326602092,0.23016873597642412,10.65203994163792,402.78,2026-09-02
2026-09-02,2026-09-02 20:00:00+00:00,2026-10-16,352.0,53.0,897213132,GLD   261016C00352000,0.12046543463381246,44,0.8739262128208949,0.03792801326602092,0.24032470797458672,12.879954971720556,402.78,2026-09-02
2026-09-02,2026-09-02 20:00:00+00:00,2026-10-16,353.0,52.55,897213144,GLD   261016C00353000,0.12046543463381246,44,0.8764089577436814,0.03792801326602092,0.27119469582261513,18.18380120449466,402.78,2026-09-02
2026-09-02,2026-09-02 20:00:00+00:00,2026-10-16,354.0,50.8,897213163,GLD   261016C00354000,0.12046543463381246,44,0.8788917026664681,0.03792801326602092,0.21463157800929628,10.423349508063234,402.78,2026-09-02
2026-09-02,2026-09-02 20:00:00+00:00,2026-10-16,355.0,50.48,827014181,GLD   261016C00355000,0.12046543463381246,44,0.8813744475892548,0.03792801326602092,0.2580745882443153,17.95675866021362,402.78,2026-09-02
2026-09-02,2026-09-02 20:00:00+00:00,2026-10-16,356.0,49.85,897213173,GLD   261016C00356000,0.12046543463381246,44,0.8838571925120414,0.03792801326602092,0.27242538605099553,20.893181229988027,402.78,2026-09-02
2026-09-02,2026-09-02 20:00:00+00:00,2026-10-16,357.0,48.65,897213185,GLD   261016C00357000,0.12046543463381246,44,0.886339937434828,0.03792801326602092,0.25783993690153584,19.661210796620765,402.78,2026-09-02
2026-09-02,2026-09-02 20:00:00+00:00,2026-10-16,358.0,47.78,897213198,GLD   261016C00358000,0.12046543463381246,44,0.8888226823576146,0.03792801326602092,0.2595580902424641,20.814060495904915,402.78,2026-09-02
2026-09-02,2026-09-02 20:00:00+00:00,2026-10-16,359.0,46.73,897213215,GLD   261016C00359000,0.12046543463381246,44,0.8913054272804013,0.03792801326602092,0.2524251494861208,20.65872487710642,402.78,2026-09-02
2026-09-02,2026-09-02 20:00:00+00:00,2026-10-16,360.0,45.88,827014251,GLD   261016C00360000,0.12046543463381246,44,0.893788172203188,0.03792801326602092,0.2547252094729804,21.94090976664648,402.78,2026-09-02
2026-09-02,2026-09-02 20:00:00+00:00,2026-10-16,361.0,45.0,897213225,GLD   261016C00361000,0.12046543463381246,44,0.8962709171259745,0.03792801326602092,0.2552659943930805,22.97111493974541,402.78,2026-09-02
2026-09-02,2026-09-02 20:00:00+00:00,2026-10-16,362.0,43.98,897213239,GLD   261016C00362000,0.12046543463381246,44,0.8987536620487612,0.03792801326602092,0.24957278900584207,23.079829208732196,402.78,2026-09-02
2026-09-02,2026-09-02 20:00:00+00:00,2026-10-16,363.0,43.18,897213248,GLD   261016C00363000,0.12046543463381246,44,0.9012364069715478,0.03792801326602092,0.2530994042315521,24.592980658265603,402.78,2026-09-02
2026-09-02,2026-09-02 20:00:00+00:00,2026-10-16,364.0,42.25,897213265,GLD   261016C00364000,0.12046543463381246,44,0.9037191518943344,0.03792801326602092,0.2509844036522322,25.2742430651845,402.78,2026-09-02
2026-09-02,2026-09-02 20:00:00+00:00,2026-10-16,365.0,41.38,827014302,GLD   261016C00365000,0.12046543463381246,44,0.906201896817121,0.03792801326602092,0.25106085439333703,26.29396263238293,402.78,2026-09-02
2026-09-02,2026-09-02 20:00:00+00:00,2026-10-16,366.0,40.48,897213278,GLD   261016C00366000,0.12046543463381246,44,0.9086846417399077,0.03792801326602092,0.2497900249647908,27.12887123727669,402.78,2026-09-02
2026-09-02,2026-09-02 20:00:00+00:00,2026-10-16,367.0,39.5,897213293,GLD   261016C00367000,0.12046543463381246,44,0.9111673866626944,0.03792801326602092,0.24548010861435904,27.535440986558594,402.78,2026-09-02
2026-09-02,2026-09-02 20:00:00+00:00,2026-10-16,368.0,38.67,897213308,GLD   261016C00368000,0.12046543463381246,44,0.9136501315854809,0.03792801326602092,0.24644070207169283,28.723770058831736,402.78,2026-09-02
2026-09-02,2026-09-02 20:00:00+00:00,2026-10-16,369.0,37.75,897213330,GLD   261016C00369000,0.12046543463381246,44,0.9161328765082676,0.03792801326602092,0.24405547433877361,29.44091506811525,402.78,2026-09-02
2026-09-02,2026-09-02 20:00:00+00:00,2026-10-16,370.0,36.88,827014362,GLD   261016C00370000,0.12046543463381246,44,0.9186156214310542,0.03792801326602092,0.24321943347146735,30.391283932756043,402.78,2026-09-02
2026-09-02,2026-09-02 20:00:00+00:00,2026-10-16,371.0,36.05,897213345,GLD   261016C00371000,0.12046543463381246,44,0.9210983663538409,0.03792801326602092,0.2434690788078122,31.49902415376615,402.78,2026-09-02
2026-09-02,2026-09-02 20:00:00+00:00,2026-10-16,372.0,35.15,897213360,GLD   261016C00372000,0.12046543463381246,44,0.9235811112766275,0.03792801326602092,0.24130404858039695,32.28476427211293,402.78,2026-09-02
2026-09-02,2026-09-02 20:00:00+00:00,2026-10-16,373.0,34.35,897213378,GLD   261016C00373000,0.12046543463381246,44,0.9260638561994141,0.03792801326602092,0.24202525035785516,33.461709151448964,402.78,2026-09-02
2026-09-02,2026-09-02 20:00:00+00:00,2026-10-16,374.0,33.48,897213395,GLD   261016C00374000,0.12046543463381246,44,0.9285466011222008,0.03792801326602092,0.24043028990319004,34.33892477402605,402.78,2026-09-02
2026-09-02,2026-09-02 20:00:00+00:00,2026-10-16,375.0,32.65,827014423,GLD   261016C00375000,0.12046543463381246,44,0.9310293460449874,0.03792801326602092,0.23981753847049553,35.3451838475864,402.78,2026-09-02
2026-09-02,2026-09-02 20:00:00+00:00,2026-10-16,376.0,31.83,897213408,GLD   261016C00376000,0.12046543463381246,44,0.933512090967774,0.03792801326602092,0.23927573377257216,36.359317710525566,402.78,2026-09-02
2026-09-02,2026-09-02 20:00:00+00:00,2026-10-16,377.0,31.03,897213423,GLD   261016C00377000,0.12046543463381246,44,0.9359948358905607,0.03792801326602092,0.239060500117112,37.407478914789294,402.78,2026-09-02
2026-09-02,2026-09-02 20:00:00+00:00,2026-10-16,378.0,30.23,897213438,GLD   261016C00378000,0.12046543463381246,44,0.9384775808133473,0.03792801326602092,0.2386193228107877,38.42285169313035,402.78,2026-09-02
2026-09-02,2026-09-02 20:00:00+00:00,2026-10-16,379.0,29.43,897213449,GLD   261016C00379000,0.12046543463381246,44,0.940960325736134,0.03792801326602092,0.2379640107876621,39.407876308537084,402.78,2026-09-02
2026-09-02,2026-09-02 20:00:00+00:00,2026-10-16,380.0,28.6,827014471,GLD   261016C00380000,0.12046543463381246,44,0.9434430706589205,0.03792801326602092,0.23636071516266094,40.290834818827165,402.78,2026-09-02
2026-09-02,2026-09-02 20:00:00+00:00,2026-10-16,381.0,27.88,897213469,GLD   261016C00381000,0.12046543463381246,44,0.9459258155817072,0.03792801326602092,0.23725885537723085,41.40782594780338,402.78,2026-09-02
2026-09-02,2026-09-02 20:00:00+00:00,2026-10-16,382.0,27.15,897213486,GLD   261016C00382000,0.12046543463381246,44,0.9484085605044938,0.03792801326602092,0.23764173771291974,42.44935223655786,402.78,2026-09-02
2026-09-02,2026-09-02 20:00:00+00:00,2026-10-16,383.0,26.4,897213503,GLD   261016C00383000,0.12046543463381246,44,0.9508913054272805,0.03792801326602092,0.23731240535425024,43.40674216025309,402.78,2026-09-02
2026-09-02,2026-09-02 20:00:00+00:00,2026-10-16,384.0,25.65,897213517,GLD   261016C00384000,0.12046543463381246,44,0.9533740503500671,0.03792801326602092,0.23676389061138037,44.32709376830615,402.78,2026-09-02
2026-09-02,2026-09-02 20:00:00+00:00,2026-10-16,385.0,24.93,827014526,GLD   261016C00385000,0.12046543463381246,44,0.9558567952728537,0.03792801326602092,0.23666809203075245,45.25880027808086,402.78,2026-09-02
2026-09-02,2026-09-02 20:00:00+00:00,2026-10-16,386.0,24.15,897213532,GLD   261016C00386000,0.12046543463381246,44,0.9583395401956404,0.03792801326602092,0.235042757097818,46.064227874235364,402.78,2026-09-02
2026-09-02,2026-09-02 20:00:00+00:00,2026-10-16,387.0,23.48,897213551,GLD   261016C00387000,0.12046543463381246,44,0.960822285118427,0.03792801326602092,0.23558808678118512,46.985184891849194,402.78,2026-09-02
2026-09-02,2026-09-02 20:00:00+00:00,2026-10-16,388.0,22.75,897213556,GLD   261016C00388000,0.12046543463381246,44,0.9633050300412136,0.03792801326602092,0.2346275957672857,47.78638989084054,402.78,2026-09-02
2026-09-02,2026-09-02 20:00:00+00:00,2026-10-16,389.0,22.1,897213572,GLD   261016C00389000,0.12046543463381246,44,0.9657877749640003,0.03792801326602092,0.235114388340991,48.63253074115177,402.78,2026-09-02
2026-09-02,2026-09-02 20:00:00+00:00,2026-10-16,390.0,21.45,827014584,GLD   261016C00390000,0.12046543463381246,44,0.9682705198867869,0.03792801326602092,0.23535563331572337,49.42572037291278,402.78,2026-09-02
2026-09-02,2026-09-02 20:00:00+00:00,2026-10-16,391.0,20.75,897213584,GLD   261016C00391000,0.12046543463381246,44,0.9707532648095736,0.03792801326602092,0.23436407400211318,50.131476847038414,402.78,2026-09-02
2026-09-02,2026-09-02 20:00:00+00:00,2026-10-16,392.0,20.15,897213599,GLD   261016C00392000,0.12046543463381246,44,0.9732360097323601,0.03792801326602092,0.23513885369570928,50.86370595539559,402.78,2026-09-02
2026-09-02,2026-09-02 20:00:00+00:00,2026-10-16,393.0,19.5,897213609,GLD   261016C00393000,0.12046543463381246,44,0.9757187546551468,0.03792801326602092,0.23469566477285697,51.51242768721382,402.78,2026-09-02
2026-09-02,2026-09-02 20:00:00+00:00,2026-10-16,394.0,18.88,897213624,GLD   261016C00394000,0.12046543463381246,44,0.9782014995779335,0.03792801326602092,0.2346125086433254,52.12964923633829,402.78,2026-09-02
2026-09-02,2026-09-02 20:00:00+00:00,2026-10-16,395.0,18.25,827014632,GLD   261016C00395000,0.12046543463381246,44,0.9806842445007201,0.03792801326602092,0.2341160305085592,52.69427612502369,402.78,2026-09-02
2026-09-02,2026-09-02 20:00:00+00:00,2026-10-16,396.0,17.65,897213637,GLD   261016C00396000,0.12046543463381246,44,0.9831669894235067,0.03792801326602092,0.23396848402405157,53.22149726035632,402.78,2026-09-02
2026-09-02,2026-09-02 20:00:00+00:00,2026-10-16,397.0,17.05,897213649,GLD   261016C00397000,0.12046543463381246,44,0.9856497343462933,0.03792801326602092,0.23359950139978902,53.69914585381301,402.78,2026-09-02
2026-09-02,2026-09-02 20:00:00+00:00,2026-10-16,398.0,16.5,897213662,GLD   261016C00398000,0.12046543463381246,44,0.98813247926908,0.03792801326602092,0.23393674518549817,54.13663259414717,402.78,2026-09-02
2026-09-02,2026-09-02 20:00:00+00:00,2026-10-16,399.0,15.95,897213672,GLD   261016C00399000,0.12046543463381246,44,0.9906152241918667,0.03792801326602092,0.23404650866882876,54.52093504974616,402.78,2026-09-02
2026-09-02,2026-09-02 20:00:00+00:00,2026-10-16,400.0,15.43,827014701,GLD   261016C00400000,0.12046543463381246,44,0.9930979691146532,0.03792801326602092,0.234480319360923,54.85566223406165,402.78,2026-09-02
2026-09-02,2026-09-02 20:00:00+00:00,2026-10-16,401.0,14.9,897213686,GLD   261016C00401000,0.12046543463381246,44,0.9955807140374399,0.03792801326602092,0.23450781145347283,55.136827419475566,402.78,2026-09-02
2026-09-02,2026-09-02 20:00:00+00:00,2026-10-16,402.0,14.4,897213698,GLD   261016C00402000,0.12046543463381246,44,0.9980634589602265,0.03792801326602092,0.23485768372071908,55.367066097382015,402.78,2026-09-02
2026-09-02,2026-09-02 20:00:00+00:00,2026-10-16,403.0,13.9,897213709,GLD   261016C00403000,0.12046543463381246,44,1.000546203883013,0.03792801326602092,0.23498698596088216,55.54515491668536,402.78,2026-09-02
2026-09-02,2026-09-02 20:00:00+00:00,2026-10-16,404.0,13.43,897213728,GLD   261016C00404000,0.12046543463381246,44,1.0030289488057997,0.03792801326602092,0.23543745768060914,55.671597778495716,402.78,2026-09-02
2026-09-02,2026-09-02 20:00:00+00:00,2026-10-16,405.0,12.95,827014751,GLD   261016C00405000,0.12046543463381246,44,1.0055116937285864,0.03792801326602092,0.23549119391841816,55.74680386119506,402.78,2026-09-02
2026-09-02,2026-09-02 20:00:00+00:00,2026-10-16,406.0,12.5,897213743,GLD   261016C00406000,0.12046543463381246,44,1.007994438651373,0.03792801326602092,0.23586795293064788,55.77108972208921,402.78,2026-09-02
2026-09-02,2026-09-02 20:00:00+00:00,2026-10-16,407.0,12.05,897213758,GLD   261016C00407000,0.12046543463381246,44,1.0104771835741597,0.03792801326602092,0.23603113600844522,55.74517449932389,402.78,2026-09-02
2026-09-02,2026-09-02 20:00:00+00:00,2026-10-16,408.0,11.63,897213769,GLD   261016C00408000,0.12046543463381246,44,1.0129599284969464,0.03792801326602092,0.2365209180678241,55.67028685868456,402.78,2026-09-02
2026-09-02,2026-09-02 20:00:00+00:00,2026-10-16,409.0,11.2,897213784,GLD   261016C00409000,0.12046543463381246,44,1.0154426734197328,0.03792801326602092,0.23662113568568605,55.54617870480031,402.78,2026-09-02
2026-09-02,2026-09-02 20:00:00+00:00,2026-10-16,410.0,10.8,827014809,GLD   261016C00410000,0.12046543463381246,44,1.0179254183425195,0.03792801326602092,0.23705328865675254,55.375843143037585,402.78,2026-09-02
2026-09-02,2026-09-02 20:00:00+00:00,2026-10-16,411.0,10.43,912708356,GLD   261016C00411000,0.12046543463381246,44,1.0204081632653061,0.03792801326602092,0.23782324419589715,55.162593378890854,402.78,2026-09-02
2026-09-02,2026-09-02 20:00:00+00:00,2026-10-16,412.0,10.03,912708461,GLD   261016C00412000,0.12046543463381246,44,1.0228909081880928,0.03792801326602092,0.2378458376296796,54.89900228961081,402.78,2026-09-02
2026-09-02,2026-09-02 20:00:00+00:00,2026-10-16,413.0,9.68,912708526,GLD   261016C00413000,0.12046543463381246,44,1.0253736531108795,0.03792801326602092,0.23857776802862068,54.59998761489742,402.78,2026-09-02
2026-09-02,2026-09-02 20:00:00+00:00,2026-10-16,414.0,9.33,912708596,GLD   261016C00414000,0.12046543463381246,44,1.0278563980336661,0.03792801326602092,0.23911316535538063,54.25838689514842,402.78,2026-09-02
2026-09-02,2026-09-02 20:00:00+00:00,2026-10-16,415.0,9.0,827014881,GLD   261016C00415000,0.12046543463381246,44,1.0303391429564528,0.03792801326602092,0.23982307041594758,53.88153292900558,402.78,2026-09-02
2026-09-02,2026-09-02 20:00:00+00:00,2026-10-16,416.0,8.63,912708680,GLD   261016C00416000,0.12046543463381246,44,1.0328218878792395,0.03792801326602092,0.2395928334538825,53.44607761358875,402.78,2026-09-02
2026-09-02,2026-09-02 20:00:00+00:00,2026-10-16,417.0,8.32,912708757,GLD   261016C00417000,0.12046543463381246,44,1.035304632802026,0.03792801326602092,0.24028916010288523,52.99541560044523,402.78,2026-09-02
2026-09-02,2026-09-02 20:00:00+00:00,2026-10-16,418.0,8.0,912708830,GLD   261016C00418000,0.12046543463381246,44,1.0377873777248126,0.03792801326602092,0.24060717246206478,52.50008139461197,402.78,2026-09-02
2026-09-02,2026-09-02 20:00:00+00:00,2026-10-16,419.0,7.7,912708896,GLD   261016C00419000,0.12046543463381246,44,1.0402701226475992,0.03792801326602092,0.24111686579985542,51.978100118644036,402.78,2026-09-02
2026-09-02,2026-09-02 20:00:00+00:00,2026-10-16,420.0,7.38,827014933,GLD   261016C00420000,0.12046543463381246,44,1.0427528675703859,0.03792801326602092,0.24105015649804845,51.40170940825265,402.78,2026-09-02
2026-09-02,2026-09-02 20:00:00+00:00,2026-10-16,421.0,7.13,912708991,GLD   261016C00421000,0.12046543463381246,44,1.0452356124931725,0.03792801326602092,0.24216188196009025,50.8463020324818,402.78,2026-09-02
2026-09-02,2026-09-02 20:00:00+00:00,2026-10-16,422.0,6.88,912709070,GLD   261016C00422000,0.12046543463381246,44,1.0477183574159592,0.03792801326602092,0.24310414735572417,50.261163235257236,402.78,2026-09-02
2026-09-02,2026-09-02 20:00:00+00:00,2026-10-16,423.0,6.6,912709158,GLD   261016C00423000,0.12046543463381246,44,1.0502011023387459,0.03792801326602092,0.24327135366657754,49.6120471756732,402.78,2026-09-02
2026-09-02,2026-09-02 20:00:00+00:00,2026-10-16,424.0,6.35,912709235,GLD   261016C00424000,0.12046543463381246,44,1.0526838472615325,0.03792801326602092,0.24386270373454322,48.96238370258819,402.78,2026-09-02
2026-09-02,2026-09-02 20:00:00+00:00,2026-10-16,425.0,6.1,827395259,GLD   261016C00425000,0.12046543463381246,44,1.055166592184319,0.03792801326602092,0.24427867064299064,48.280727041058405,402.78,2026-09-02
2026-09-02,2026-09-02 20:00:00+00:00,2026-10-16,426.0,5.88,912709314,GLD   261016C00426000,0.12046543463381246,44,1.0576493371071056,0.03792801326602092,0.24514645034885035,47.61068861228287,402.78,2026-09-02
2026-09-02,2026-09-02 20:00:00+00:00,2026-10-16,427.0,5.68,912709403,GLD   261016C00427000,0.12046543463381246,44,1.0601320820298923,0.03792801326602092,0.24627724891575054,46.946193227450095,402.78,2026-09-02
2026-09-02,2026-09-02 20:00:00+00:00,2026-10-16,428.0,5.43,912709471,GLD   261016C00428000,0.12046543463381246,44,1.062614826952679,0.03792801326602092,0.24617339921249076,46.17248160794488,402.78,2026-09-02
2026-09-02,2026-09-02 20:00:00+00:00,2026-10-16,429.0,5.23,912709553,GLD   261016C00429000,0.12046543463381246,44,1.0650975718754656,0.03792801326602092,0.24697975010992962,45.45604163556612,402.78,2026-09-02
2026-09-02,2026-09-02 20:00:00+00:00,2026-10-16,430.0,5.03,827395322,GLD   261016C00430000,0.12046543463381246,44,1.0675803167982523,0.03792801326602092,0.2476277420840226,44.71536515533161,402.78,2026-09-02
2026-09-02,2026-09-02 20:00:00+00:00,2026-10-16,435.0,4.13,827395402,GLD   261016C00435000,0.12046543463381246,44,1.0799940414121854,0.03792801326602092,0.25080814506700266,40.88526845347674,402.78,2026-09-02
2026-09-02,2026-09-02 20:00:00+00:00,2026-10-16,440.0,3.38,827395449,GLD   261016C00440000,0.12046543463381246,44,1.0924077660261184,0.03792801326602092,0.25390627665920185,36.962863397101174,402.78,2026-09-02
2026-09-02,2026-09-02 20:00:00+00:00,2026-10-16,445.0,2.8,827395514,GLD   261016C00445000,0.12046543463381246,44,1.1048214906400518,0.03792801326602092,0.2581880955695175,33.265497640137866,402.78,2026-09-02
2026-09-02,2026-09-02 20:00:00+00:00,2026-10-16,450.0,2.31,827395582,GLD   261016C00450000,0.12046543463381246,44,1.1172352152539848,0.03792801326602092,0.2620793162909336,29.686582870540015,402.78,2026-09-02
2026-09-02,2026-09-02 20:00:00+00:00,2026-10-16,455.0,1.93,827395643,GLD   261016C00455000,0.12046543463381246,44,1.1296489398679181,0.03792801326602092,0.26684354133335875,26.47775531490589,402.78,2026-09-02
2026-09-02,2026-09-02 20:00:00+00:00,2026-10-16,460.0,1.59,827395672,GLD   261016C00460000,0.12046543463381246,44,1.1420626644818512,0.03792801326602092,0.270467440569494,23.35480998116376,402.78,2026-09-02
2026-09-02,2026-09-02 20:00:00+00:00,2026-10-16,465.0,1.36,827395727,GLD   261016C00465000,0.12046543463381246,44,1.1544763890957843,0.03792801326602092,0.2764530241747387,20.88811344526217,402.78,2026-09-02
2026-09-02,2026-09-02 20:00:00+00:00,2026-10-16,470.0,1.17,827395802,GLD   261016C00470000,0.12046543463381246,44,1.1668901137097176,0.03792801326602092,0.28248857223680246,18.69397652174568,402.78,2026-09-02
2026-09-02,2026-09-02 20:00:00+00:00,2026-10-16,475.0,0.99,827395864,GLD   261016C00475000,0.12046543463381246,44,1.1793038383236507,0.03792801326602092,0.2872206021017395,16.551278550108073,402.78,2026-09-02
2026-09-02,2026-09-02 20:00:00+00:00,2026-10-16,480.0,0.84,827395917,GLD   261016C00480000,0.12046543463381246,44,1.1917175629375838,0.03792801326602092,0.2919076732685789,14.64281169703498,402.78,2026-09-02
2026-09-02,2026-09-02 20:00:00+00:00,2026-11-20,325.0,81.47,838421482,GLD   261120C00325000,0.216290212183436,79,0.8068920999056558,0.038334391959178676,0.2906429764765315,17.13341854991755,402.78,2026-09-02
2026-09-02,2026-09-02 20:00:00+00:00,2026-11-20,330.0,76.68,838421537,GLD   261120C00330000,0.216290212183436,79,0.8193058245195889,0.038334391959178676,0.28327995707979414,19.424261049565892,402.78,2026-09-02
2026-09-02,2026-09-02 20:00:00+00:00,2026-11-20,335.0,71.8,838421587,GLD   261120C00335000,0.216290212183436,79,0.8317195491335221,0.038334391959178676,0.2704202141462825,20.980164485540588,402.78,2026-09-02
2026-09-02,2026-09-02 20:00:00+00:00,2026-11-20,340.0,67.25,838421643,GLD   261120C00340000,0.216290212183436,79,0.8441332737474553,0.038334391959178676,0.2709917134705931,25.244387207771894,402.78,2026-09-02
2026-09-02,2026-09-02 20:00:00+00:00,2026-11-20,345.0,62.68,838421701,GLD   261120C00345000,0.216290212183436,79,0.8565469983613884,0.038334391959178676,0.26755379097638654,29.105742413185734,402.78,2026-09-02
2026-09-02,2026-09-02 20:00:00+00:00,2026-11-20,350.0,58.1,838421767,GLD   261120C00350000,0.216290212183436,79,0.8689607229753216,0.038334391959178676,0.26151387509880597,32.77776150545662,402.78,2026-09-02
2026-09-02,2026-09-02 20:00:00+00:00,2026-11-20,355.0,53.68,838421807,GLD   261120C00355000,0.216290212183436,79,0.8813744475892548,0.038334391959178676,0.25803113360209395,37.192138699615256,402.78,2026-09-02
2026-09-02,2026-09-02 20:00:00+00:00,2026-11-20,360.0,49.28,838421860,GLD   261120C00360000,0.216290212183436,79,0.893788172203188,0.038334391959178676,0.2526625109233894,41.48718030240062,402.78,2026-09-02
2026-09-02,2026-09-02 20:00:00+00:00,2026-11-20,365.0,45.05,838421927,GLD   261120C00365000,0.216290212183436,79,0.906201896817121,0.038334391959178676,0.2489340728190728,46.220962727462656,402.78,2026-09-02
2026-09-02,2026-09-02 20:00:00+00:00,2026-11-20,370.0,40.98,838421990,GLD   261120C00370000,0.216290212183436,79,0.9186156214310542,0.038334391959178676,0.24592334410240874,51.10028399185442,402.78,2026-09-02
2026-09-02,2026-09-02 20:00:00+00:00,2026-11-20,375.0,37.08,838422047,GLD   261120C00375000,0.216290212183436,79,0.9310293460449874,0.038334391959178676,0.24335993929812688,55.93080934310465,402.78,2026-09-02
2026-09-02,2026-09-02 20:00:00+00:00,2026-11-20,380.0,33.42,838422090,GLD   261120C00380000,0.216290212183436,79,0.9434430706589205,0.038334391959178676,0.2420533105458133,60.61281528166179,402.78,2026-09-02
2026-09-02,2026-09-02 20:00:00+00:00,2026-11-20,385.0,29.95,838422120,GLD   261120C00385000,0.216290212183436,79,0.9558567952728537,0.038334391959178676,0.24077022515730934,64.82693468261076,402.78,2026-09-02
2026-09-02,2026-09-02 20:00:00+00:00,2026-11-20,390.0,26.73,838422150,GLD   261120C00390000,0.216290212183436,79,0.9682705198867869,0.038334391959178676,0.24022344729630277,68.45906644529144,402.78,2026-09-02
2026-09-02,2026-09-02 20:00:00+00:00,2026-11-20,395.0,23.7,838422190,GLD   261120C00395000,0.216290212183436,79,0.9806842445007201,0.038334391959178676,0.23935752088529988,71.32613819178975,402.78,2026-09-02
2026-09-02,2026-09-02 20:00:00+00:00,2026-11-20,400.0,21.0,838422240,GLD   261120C00400000,0.216290212183436,79,0.9930979691146532,0.038334391959178676,0.24004202928720045,73.36360587992316,402.78,2026-09-02
2026-09-02,2026-09-02 20:00:00+00:00,2026-11-20,405.0,18.52,838422292,GLD   261120C00405000,0.216290212183436,79,1.0055116937285864,0.038334391959178676,0.24069004920041193,74.48587686576836,402.78,2026-09-02
2026-09-02,2026-09-02 20:00:00+00:00,2026-11-20,410.0,16.27,838422347,GLD   261120C00410000,0.216290212183436,79,1.0179254183425195,0.038334391959178676,0.24148894966626544,74.7005071440724,402.78,2026-09-02
2026-09-02,2026-09-02 20:00:00+00:00,2026-11-20,415.0,14.25,838422419,GLD   261120C00415000,0.216290212183436,79,1.0303391429564528,0.038334391959178676,0.24252882502870643,74.0516040900415,402.78,2026-09-02
2026-09-02,2026-09-02 20:00:00+00:00,2026-11-20,420.0,12.43,838422473,GLD   261120C00420000,0.216290212183436,79,1.0427528675703859,0.038334391959178676,0.24353330152807762,72.6123210074626,402.78,2026-09-02
2026-09-02,2026-09-02 20:00:00+00:00,2026-11-20,425.0,10.9,838422532,GLD   261120C00425000,0.216290212183436,79,1.055166592184319,0.038334391959178676,0.24593313210690393,70.53780963263928,402.78,2026-09-02
2026-09-02,2026-09-02 20:00:00+00:00,2026-11-20,430.0,9.53,838422584,GLD   261120C00430000,0.216290212183436,79,1.0675803167982523,0.038334391959178676,0.24815703936992212,67.92237424841646,402.78,2026-09-02
2026-09-02,2026-09-02 20:00:00+00:00,2026-11-20,435.0,8.25,838422631,GLD   261120C00435000,0.216290212183436,79,1.0799940414121854,0.038334391959178676,0.249330119136069,64.79388130692702,402.78,2026-09-02
2026-09-02,2026-09-02 20:00:00+00:00,2026-11-20,440.0,7.15,838422685,GLD   261120C00440000,0.216290212183436,79,1.0924077660261184,0.038334391959178676,0.25097904865453025,61.362992002778086,402.78,2026-09-02
2026-09-02,2026-09-02 20:00:00+00:00,2026-11-20,445.0,6.23,838422733,GLD   261120C00445000,0.216290212183436,79,1.1048214906400518,0.038334391959178676,0.2534252581699752,57.81220367555912,402.78,2026-09-02
2026-09-02,2026-09-02 20:00:00+00:00,2026-11-20,450.0,5.43,838422769,GLD   261120C00450000,0.216290212183436,79,1.1172352152539848,0.038334391959178676,0.2559688355132007,54.17580354444203,402.78,2026-09-02
2026-09-02,2026-09-02 20:00:00+00:00,2026-11-20,455.0,4.7,838422824,GLD   261120C00455000,0.216290212183436,79,1.1296489398679181,0.038334391959178676,0.2578927232093178,50.41157689284902,402.78,2026-09-02
2026-09-02,2026-09-02 20:00:00+00:00,2026-11-20,460.0,4.1,838422879,GLD   261120C00460000,0.216290212183436,79,1.1420626644818512,0.038334391959178676,0.2605848249061966,46.81760591037131,402.78,2026-09-02
2026-09-02,2026-09-02 20:00:00+00:00,2026-11-20,465.0,3.6,838422937,GLD   261120C00465000,0.216290212183436,79,1.1544763890957843,0.038334391959178676,0.26379026133930317,43.42482076336757,402.78,2026-09-02
2026-09-02,2026-09-02 20:00:00+00:00,2026-11-20,470.0,3.15,838422999,GLD   261120C00470000,0.216290212183436,79,1.1668901137097176,0.038334391959178676,0.2666290247819386,40.09937096298457,402.78,2026-09-02
2026-09-02,2026-09-02 20:00:00+00:00,2026-11-20,475.0,2.79,838423049,GLD   261120C00475000,0.216290212183436,79,1.1793038383236507,0.038334391959178676,0.2703143155743367,37.115992075761696,402.78,2026-09-02
2026-09-02,2026-09-02 20:00:00+00:00,2026-11-20,480.0,2.46,838423086,GLD   261120C00480000,0.216290212183436,79,1.1917175629375838,0.038334391959178676,0.27352665296969947,34.213383690141576,402.78,2026-09-02
2026-09-02,2026-09-02 20:00:00+00:00,2026-12-18,325.0,83.65,843266837,GLD   261218C00325000,0.2929500342231348,107,0.8068920999056558,0.038946906726671914,0.3002249951644802,29.439575819908956,402.78,2026-09-02
2026-09-02,2026-09-02 20:00:00+00:00,2026-12-18,330.0,78.22,843266880,GLD   261218C00330000,0.2929500342231348,107,0.8193058245195889,0.038946906726671914,0.2674149335577152,27.057061121602477,402.78,2026-09-02
2026-09-02,2026-09-02 20:00:00+00:00,2026-12-18,335.0,73.7,843266934,GLD   261218C00335000,0.2929500342231348,107,0.8317195491335221,0.038946906726671914,0.2664698835632764,31.33848850611351,402.78,2026-09-02
2026-09-02,2026-09-02 20:00:00+00:00,2026-12-18,340.0,69.08,843266977,GLD   261218C00340000,0.2929500342231348,107,0.8441332737474553,0.038946906726671914,0.2604075325735846,34.79323892707353,402.78,2026-09-02
2026-09-02,2026-09-02 20:00:00+00:00,2026-12-18,345.0,64.55,843267030,GLD   261218C00345000,0.2929500342231348,107,0.8565469983613884,0.038946906726671914,0.2554535729778,38.74932771340288,402.78,2026-09-02
2026-09-02,2026-09-02 20:00:00+00:00,2026-12-18,350.0,60.1,843267095,GLD   261218C00350000,0.2929500342231348,107,0.8689607229753216,0.038946906726671914,0.25089450488211584,43.034031125793824,402.78,2026-09-02
2026-09-02,2026-09-02 20:00:00+00:00,2026-12-18,355.0,55.78,843267155,GLD   261218C00355000,0.2929500342231348,107,0.8813744475892548,0.038946906726671914,0.24748900573486465,47.763639287304876,402.78,2026-09-02
2026-09-02,2026-09-02 20:00:00+00:00,2026-12-18,360.0,51.63,843267204,GLD   261218C00360000,0.2929500342231348,107,0.893788172203188,0.038946906726671914,0.24549293266972522,52.88922505725916,402.78,2026-09-02
2026-09-02,2026-09-02 20:00:00+00:00,2026-12-18,365.0,47.58,843267244,GLD   261218C00365000,0.2929500342231348,107,0.906201896817121,0.038946906726671914,0.24314179997434843,57.959348781862204,402.78,2026-09-02
2026-09-02,2026-09-02 20:00:00+00:00,2026-12-18,370.0,43.68,843267291,GLD   261218C00370000,0.2929500342231348,107,0.9186156214310542,0.038946906726671914,0.24113931953804574,62.99853558948103,402.78,2026-09-02
2026-09-02,2026-09-02 20:00:00+00:00,2026-12-18,375.0,40.0,843267336,GLD   261218C00375000,0.2929500342231348,107,0.9310293460449874,0.038946906726671914,0.2402795862982981,67.96449245814877,402.78,2026-09-02
2026-09-02,2026-09-02 20:00:00+00:00,2026-12-18,380.0,36.45,843267377,GLD   261218C00380000,0.2929500342231348,107,0.9434430706589205,0.038946906726671914,0.23896179121164604,72.51261135221117,402.78,2026-09-02
2026-09-02,2026-09-02 20:00:00+00:00,2026-12-18,385.0,33.13,843267421,GLD   261218C00385000,0.2929500342231348,107,0.9558567952728537,0.038946906726671914,0.23845754600195215,76.6464735167577,402.78,2026-09-02
2026-09-02,2026-09-02 20:00:00+00:00,2026-12-18,390.0,29.98,843267461,GLD   261218C00390000,0.2929500342231348,107,0.9682705198867869,0.038946906726671914,0.23781578445127238,80.17162655861458,402.78,2026-09-02
2026-09-02,2026-09-02 20:00:00+00:00,2026-12-18,395.0,27.05,843267516,GLD   261218C00395000,0.2929500342231348,107,0.9806842445007201,0.038946906726671914,0.2375969932147302,83.0262449898532,402.78,2026-09-02
2026-09-02,2026-09-02 20:00:00+00:00,2026-12-18,400.0,24.4,843267561,GLD   261218C00400000,0.2929500342231348,107,0.9930979691146532,0.038946906726671914,0.2384366847935133,85.13454911902588,402.78,2026-09-02
2026-09-02,2026-09-02 20:00:00+00:00,2026-12-18,405.0,21.93,843267622,GLD   261218C00405000,0.2929500342231348,107,1.0055116937285864,0.038946906726671914,0.23912420130716638,86.44266985620703,402.78,2026-09-02
2026-09-02,2026-09-02 20:00:00+00:00,2026-12-18,410.0,19.63,843267653,GLD   261218C00410000,0.2929500342231348,107,1.0179254183425195,0.038946906726671914,0.23959096153294668,86.96017742796438,402.78,2026-09-02
2026-09-02,2026-09-02 20:00:00+00:00,2026-12-18,415.0,17.5,843267705,GLD   261218C00415000,0.2929500342231348,107,1.0303391429564528,0.038946906726671914,0.23989325348148122,86.71097013000727,402.78,2026-09-02
2026-09-02,2026-09-02 20:00:00+00:00,2026-12-18,420.0,15.68,843267745,GLD   261218C00420000,0.2929500342231348,107,1.0427528675703859,0.038946906726671914,0.24172766149425884,85.76161523900625,402.78,2026-09-02
2026-09-02,2026-09-02 20:00:00+00:00,2026-12-18,425.0,13.98,843267789,GLD   261218C00425000,0.2929500342231348,107,1.055166592184319,0.038946906726671914,0.2430054291372188,84.17247828938146,402.78,2026-09-02
2026-09-02,2026-09-02 20:00:00+00:00,2026-12-18,430.0,12.43,843267838,GLD   261218C00430000,0.2929500342231348,107,1.0675803167982523,0.038946906726671914,0.24417655316507447,82.01937402648727,402.78,2026-09-02
2026-09-02,2026-09-02 20:00:00+00:00,2026-12-18,435.0,11.05,843267905,GLD   261218C00435000,0.2929500342231348,107,1.0799940414121854,0.038946906726671914,0.2456084516114555,79.40661521083679,402.78,2026-09-02
2026-09-02,2026-09-02 20:00:00+00:00,2026-12-18,440.0,9.82,843267970,GLD   261218C00440000,0.2929500342231348,107,1.0924077660261184,0.038946906726671914,0.24720289984894916,76.42709895569608,402.78,2026-09-02
2026-09-02,2026-09-02 20:00:00+00:00,2026-12-18,445.0,8.8,843268027,GLD   261218C00445000,0.2929500342231348,107,1.1048214906400518,0.038946906726671914,0.24994402538565919,73.29796830026775,402.78,2026-09-02
2026-09-02,2026-09-02 20:00:00+00:00,2026-12-18,450.0,7.8,843268078,GLD   261218C00450000,0.2929500342231348,107,1.1172352152539848,0.038946906726671914,0.2514287194528617,69.82342742513102,402.78,2026-09-02
2026-09-02,2026-09-02 20:00:00+00:00,2026-12-18,455.0,6.93,843268128,GLD   261218C00455000,0.2929500342231348,107,1.1296489398679181,0.038946906726671914,0.25327317623524004,66.26160075714678,402.78,2026-09-02
2026-09-02,2026-09-02 20:00:00+00:00,2026-12-18,460.0,6.18,843268193,GLD   261218C00460000,0.2929500342231348,107,1.1420626644818512,0.038946906726671914,0.25553226816141983,62.70852774157804,402.78,2026-09-02
2026-09-02,2026-09-02 20:00:00+00:00,2026-12-18,465.0,5.48,843268254,GLD   261218C00465000,0.2929500342231348,107,1.1544763890957843,0.038946906726671914,0.2572502445545979,59.04346779130189,402.78,2026-09-02
2026-09-02,2026-09-02 20:00:00+00:00,2026-12-18,470.0,4.9,843268302,GLD   261218C00470000,0.2929500342231348,107,1.1668901137097176,0.038946906726671914,0.2597349634882994,55.573384275735485,402.78,2026-09-02
2026-09-02,2026-09-02 20:00:00+00:00,2026-12-18,475.0,4.43,843268355,GLD   261218C00475000,0.2929500342231348,107,1.1793038383236507,0.038946906726671914,0.2630937391164714,52.38872119530667,402.78,2026-09-02
2026-09-02,2026-09-02 20:00:00+00:00,2026-12-18,480.0,3.95,843268405,GLD   261218C00480000,0.2929500342231348,107,1.1917175629375838,0.038946906726671914,0.2651962136576884,49.0274237647189,402.78,2026-09-02
2026-09-02,2026-09-02 20:00:00+00:00,2026-12-31,325.0,83.65,843069639,GLD   261231C00325000,0.32854209445585214,120,0.8068920999056558,0.03935770287529023,0.2683028108027763,27.44144985805451,402.78,2026-09-02
2026-09-02,2026-09-02 20:00:00+00:00,2026-12-31,330.0,79.1,843069691,GLD   261231C00330000,0.32854209445585214,120,0.8193058245195889,0.03935770287529023,0.266742457602825,31.515531205896334,402.78,2026-09-02
2026-09-02,2026-09-02 20:00:00+00:00,2026-12-31,335.0,74.72,843069756,GLD   261231C00335000,0.32854209445585214,120,0.8317195491335221,0.03935770287529023,0.2679769009861164,36.499776398157834,402.78,2026-09-02
2026-09-02,2026-09-02 20:00:00+00:00,2026-12-31,340.0,70.15,843069801,GLD   261231C00340000,0.32854209445585214,120,0.8441332737474553,0.03935770287529023,0.2620099155207165,40.10674575889007,402.78,2026-09-02
2026-09-02,2026-09-02 20:00:00+00:00,2026-12-31,345.0,65.7,843069849,GLD   261231C00345000,0.32854209445585214,120,0.8565469983613884,0.03935770287529023,0.2576658389414662,44.302478598511044,402.78,2026-09-02
2026-09-02,2026-09-02 20:00:00+00:00,2026-12-31,350.0,61.35,843069906,GLD   261231C00350000,0.32854209445585214,120,0.8689607229753216,0.03935770287529023,0.25396874852804474,48.83393814874319,402.78,2026-09-02
2026-09-02,2026-09-02 20:00:00+00:00,2026-12-31,355.0,57.1,843069951,GLD   261231C00355000,0.32854209445585214,120,0.8813744475892548,0.03935770287529023,0.25059898351328447,53.577805143656086,402.78,2026-09-02
2026-09-02,2026-09-02 20:00:00+00:00,2026-12-31,360.0,52.93,843070010,GLD   261231C00360000,0.32854209445585214,120,0.893788172203188,0.03935770287529023,0.24698017850974574,58.35867555084579,402.78,2026-09-02
2026-09-02,2026-09-02 20:00:00+00:00,2026-12-31,361.0,52.1,843070041,GLD   261231C00361000,0.32854209445585214,120,0.8962709171259745,0.03935770287529023,0.24612352788606662,59.29611836733,402.78,2026-09-02
2026-09-02,2026-09-02 20:00:00+00:00,2026-12-31,362.0,51.35,843070091,GLD   261231C00362000,0.32854209445585214,120,0.8987536620487612,0.03935770287529023,0.2465281515124254,60.45658773232462,402.78,2026-09-02
2026-09-02,2026-09-02 20:00:00+00:00,2026-12-31,363.0,50.5,843070136,GLD   261231C00363000,0.32854209445585214,120,0.9012364069715478,0.03935770287529023,0.24519824947444724,61.310551690740546,402.78,2026-09-02
2026-09-02,2026-09-02 20:00:00+00:00,2026-12-31,364.0,49.75,843070178,GLD   261231C00364000,0.32854209445585214,120,0.9037191518943344,0.03935770287529023,0.24542221876094117,62.4281933759303,402.78,2026-09-02
2026-09-02,2026-09-02 20:00:00+00:00,2026-12-31,365.0,49.05,843070227,GLD   261231C00365000,0.32854209445585214,120,0.906201896817121,0.03935770287529023,0.2463328850136139,63.6451585013246,402.78,2026-09-02
2026-09-02,2026-09-02 20:00:00+00:00,2026-12-31,366.0,48.2,843070260,GLD   261231C00366000,0.32854209445585214,120,0.9086846417399077,0.03935770287529023,0.2448002381061204,64.4638520092714,402.78,2026-09-02
2026-09-02,2026-09-02 20:00:00+00:00,2026-12-31,367.0,47.38,843070284,GLD   261231C00367000,0.32854209445585214,120,0.9111673866626944,0.03935770287529023,0.24367941380450503,65.34858050874483,402.78,2026-09-02
2026-09-02,2026-09-02 20:00:00+00:00,2026-12-31,368.0,46.6,843070325,GLD   261231C00368000,0.32854209445585214,120,0.9136501315854809,0.03935770287529023,0.24310352338207886,66.31403462303355,402.78,2026-09-02
2026-09-02,2026-09-02 20:00:00+00:00,2026-12-31,369.0,45.85,843070366,GLD   261231C00369000,0.32854209445585214,120,0.9161328765082676,0.03935770287529023,0.24289951193919412,67.32720109033066,402.78,2026-09-02
2026-09-02,2026-09-02 20:00:00+00:00,2026-12-31,370.0,45.08,843070396,GLD   261231C00370000,0.32854209445585214,120,0.9186156214310542,0.03935770287529023,0.2423180802582764,68.27811977796273,402.78,2026-09-02
2026-09-02,2026-09-02 20:00:00+00:00,2026-12-31,371.0,44.38,843070455,GLD   261231C00371000,0.32854209445585214,120,0.9210983663538409,0.03935770287529023,0.24267313988851386,69.34641592044052,402.78,2026-09-02
2026-09-02,2026-09-02 20:00:00+00:00,2026-12-31,372.0,43.6,843070491,GLD   261231C00372000,0.32854209445585214,120,0.9235811112766275,0.03935770287529023,0.24179018924133855,70.23936218717228,402.78,2026-09-02
2026-09-02,2026-09-02 20:00:00+00:00,2026-12-31,373.0,42.83,843070539,GLD   261231C00373000,0.32854209445585214,120,0.9260638561994141,0.03935770287529023,0.24098150077098984,71.13563625325077,402.78,2026-09-02
2026-09-02,2026-09-02 20:00:00+00:00,2026-12-31,374.0,42.18,843070578,GLD   261231C00374000,0.32854209445585214,120,0.9285466011222008,0.03935770287529023,0.24176832222463568,72.21214202931955,402.78,2026-09-02
2026-09-02,2026-09-02 20:00:00+00:00,2026-12-31,375.0,41.4,843070629,GLD   261231C00375000,0.32854209445585214,120,0.9310293460449874,0.03935770287529023,0.24066744645358995,73.05299628204918,402.78,2026-09-02
2026-09-02,2026-09-02 20:00:00+00:00,2026-12-31,376.0,40.68,843070679,GLD   261231C00376000,0.32854209445585214,120,0.933512090967774,0.03935770287529023,0.24031609341306615,73.9681477874607,402.78,2026-09-02
2026-09-02,2026-09-02 20:00:00+00:00,2026-12-31,377.0,40.03,843070741,GLD   261231C00377000,0.32854209445585214,120,0.9359948358905607,0.03935770287529023,0.2408193980057724,74.95560213501624,402.78,2026-09-02
2026-09-02,2026-09-02 20:00:00+00:00,2026-12-31,378.0,39.33,843070801,GLD   261231C00378000,0.32854209445585214,120,0.9384775808133473,0.03935770287529023,0.24056335461130374,75.84629646950198,402.78,2026-09-02
2026-09-02,2026-09-02 20:00:00+00:00,2026-12-31,379.0,38.6,843070854,GLD   261231C00379000,0.32854209445585214,120,0.940960325736134,0.03935770287529023,0.23983458133274693,76.67758624493555,402.78,2026-09-02
2026-09-02,2026-09-02 20:00:00+00:00,2026-12-31,380.0,37.9,843070906,GLD   261231C00380000,0.32854209445585214,120,0.9434430706589205,0.03935770287529023,0.23942158528389412,77.52319320537198,402.78,2026-09-02
2026-09-02,2026-09-02 20:00:00+00:00,2026-12-31,381.0,37.28,843070940,GLD   261231C00381000,0.32854209445585214,120,0.9459258155817072,0.03935770287529023,0.23995107814362276,78.42759837684339,402.78,2026-09-02
2026-09-02,2026-09-02 20:00:00+00:00,2026-12-31,382.0,36.55,843070984,GLD   261231C00382000,0.32854209445585214,120,0.9484085605044938,0.03935770287529023,0.23899444272806875,79.19379622858588,402.78,2026-09-02
2026-09-02,2026-09-02 20:00:00+00:00,2026-12-31,383.0,35.85,843071018,GLD   261231C00383000,0.32854209445585214,120,0.9508913054272805,0.03935770287529023,0.23834560326738286,79.96867470853772,402.78,2026-09-02
2026-09-02,2026-09-02 20:00:00+00:00,2026-12-31,384.0,35.2,843071063,GLD   261231C00384000,0.32854209445585214,120,0.9533740503500671,0.03935770287529023,0.23824247066816318,80.76268009517173,402.78,2026-09-02
2026-09-02,2026-09-02 20:00:00+00:00,2026-12-31,385.0,34.63,843071103,GLD   261231C00385000,0.32854209445585214,120,0.9558567952728537,0.03935770287529023,0.2390363979709335,81.58789794589023,402.78,2026-09-02
2026-09-02,2026-09-02 20:00:00+00:00,2026-12-31,386.0,33.98,843071143,GLD   261231C00386000,0.32854209445585214,120,0.9583395401956404,0.03935770287529023,0.23875863656839358,82.32202611102252,402.78,2026-09-02
2026-09-02,2026-09-02 20:00:00+00:00,2026-12-31,387.0,33.35,843071179,GLD   261231C00387000,0.32854209445585214,120,0.960822285118427,0.03935770287529023,0.2386417858620175,83.04209871350007,402.78,2026-09-02
2026-09-02,2026-09-02 20:00:00+00:00,2026-12-31,388.0,32.75,843071224,GLD   261231C00388000,0.32854209445585214,120,0.9633050300412136,0.03935770287529023,0.23880071288077162,83.75054887670512,402.78,2026-09-02
2026-09-02,2026-09-02 20:00:00+00:00,2026-12-31,389.0,32.08,843071265,GLD   261231C00389000,0.32854209445585214,120,0.9657877749640003,0.03935770287529023,0.23804377697082243,84.3937234752804,402.78,2026-09-02
2026-09-02,2026-09-02 20:00:00+00:00,2026-12-31,390.0,31.5,843071309,GLD   261231C00390000,0.32854209445585214,120,0.9682705198867869,0.03935770287529023,0.23827291499422865,85.05384612490727,402.78,2026-09-02
2026-09-02,2026-09-02 20:00:00+00:00,2026-12-31,391.0,30.93,843071333,GLD   261231C00391000,0.32854209445585214,120,0.9707532648095736,0.03935770287529023,0.23853197581348945,85.68619796348013,402.78,2026-09-02
2026-09-02,2026-09-02 20:00:00+00:00,2026-12-31,392.0,30.28,843071386,GLD   261231C00392000,0.32854209445585214,120,0.9732360097323601,0.03935770287529023,0.23777717258958148,86.25939863036544,402.78,2026-09-02
2026-09-02,2026-09-02 20:00:00+00:00,2026-12-31,393.0,29.73,843071441,GLD   261231C00393000,0.32854209445585214,120,0.9757187546551468,0.03935770287529023,0.23810133155481894,86.83844737220821,402.78,2026-09-02
2026-09-02,2026-09-02 20:00:00+00:00,2026-12-31,394.0,29.13,843071489,GLD   261231C00394000,0.32854209445585214,120,0.9782014995779335,0.03935770287529023,0.23776687236791477,87.37235490331673,402.78,2026-09-02
2026-09-02,2026-09-02 20:00:00+00:00,2026-12-31,395.0,28.55,843071544,GLD   261231C00395000,0.32854209445585214,120,0.9806842445007201,0.03935770287529023,0.23758199922116477,87.88292512776512,402.78,2026-09-02
2026-09-02,2026-09-02 20:00:00+00:00,2026-12-31,396.0,27.95,843071597,GLD   261231C00396000,0.32854209445585214,120,0.9831669894235067,0.03935770287529023,0.2370912113535218,88.36088368077493,402.78,2026-09-02
2026-09-02,2026-09-02 20:00:00+00:00,2026-12-31,397.0,27.35,843071640,GLD   261231C00397000,0.32854209445585214,120,0.9856497343462933,0.03935770287529023,0.2365241590055637,88.81148399633362,402.78,2026-09-02
2026-09-02,2026-09-02 20:00:00+00:00,2026-12-31,398.0,26.93,843071687,GLD   261231C00398000,0.32854209445585214,120,0.98813247926908,0.03935770287529023,0.23789835385931657,89.25674372543884,402.78,2026-09-02
2026-09-02,2026-09-02 20:00:00+00:00,2026-12-31,399.0,26.38,843071732,GLD   261231C00399000,0.32854209445585214,120,0.9906152241918667,0.03935770287529023,0.23772934081880376,89.65265524536807,402.78,2026-09-02
2026-09-02,2026-09-02 20:00:00+00:00,2026-12-31,400.0,25.8,843071784,GLD   261231C00400000,0.32854209445585214,120,0.9930979691146532,0.03935770287529023,0.23714841204201803,90.01706430075483,402.78,2026-09-02
2026-09-02,2026-09-02 20:00:00+00:00,2026-12-31,401.0,25.35,843071839,GLD   261231C00401000,0.32854209445585214,120,0.9955807140374399,0.03935770287529023,0.23793084705406808,90.35989999770156,402.78,2026-09-02
2026-09-02,2026-09-02 20:00:00+00:00,2026-12-31,402.0,24.83,843071894,GLD   261231C00402000,0.32854209445585214,120,0.9980634589602265,0.03935770287529023,0.23785634273821488,90.66773617133126,402.78,2026-09-02
2026-09-02,2026-09-02 20:00:00+00:00,2026-12-31,403.0,24.33,843071934,GLD   261231C00403000,0.32854209445585214,120,1.000546203883013,0.03935770287529023,0.2379232941790484,90.94602872836326,402.78,2026-09-02
2026-09-02,2026-09-02 20:00:00+00:00,2026-12-31,404.0,23.88,843071994,GLD   261231C00404000,0.32854209445585214,120,1.0030289488057997,0.03935770287529023,0.23845958555759866,91.19426162929518,402.78,2026-09-02
2026-09-02,2026-09-02 20:00:00+00:00,2026-12-31,405.0,23.38,843072046,GLD   261231C00405000,0.32854209445585214,120,1.0055116937285864,0.03935770287529023,0.2383681594490074,91.41193583397359,402.78,2026-09-02
2026-09-02,2026-09-02 20:00:00+00:00,2026-12-31,406.0,22.88,843072092,GLD   261231C00406000,0.32854209445585214,120,1.007994438651373,0.03935770287529023,0.23819944908227772,91.59994449513745,402.78,2026-09-02
2026-09-02,2026-09-02 20:00:00+00:00,2026-12-31,407.0,22.43,843072139,GLD   261231C00407000,0.32854209445585214,120,1.0104771835741597,0.03935770287529023,0.2384989052102901,91.75743635898415,402.78,2026-09-02
2026-09-02,2026-09-02 20:00:00+00:00,2026-12-31,408.0,22.0,843072184,GLD   261231C00408000,0.32854209445585214,120,1.0129599284969464,0.03935770287529023,0.23893815471744168,91.88475485099903,402.78,2026-09-02
2026-09-02,2026-09-02 20:00:00+00:00,2026-12-31,409.0,21.53,843072231,GLD   261231C00409000,0.32854209445585214,120,1.0154426734197328,0.03935770287529023,0.2388650194183924,91.98336656482661,402.78,2026-09-02
2026-09-02,2026-09-02 20:00:00+00:00,2026-12-31,410.0,21.05,843072278,GLD   261231C00410000,0.32854209445585214,120,1.0179254183425195,0.03935770287529023,0.23860727173769847,92.05272762253216,402.78,2026-09-02
2026-09-02,2026-09-02 20:00:00+00:00,2026-12-31,411.0,20.63,843072326,GLD   261231C00411000,0.32854209445585214,120,1.0204081632653061,0.03935770287529023,0.23892549829678617,92.09205200440343,402.78,2026-09-02
2026-09-02,2026-09-02 20:00:00+00:00,2026-12-31,412.0,20.2,843072366,GLD   261231C00412000,0.32854209445585214,120,1.0228909081880928,0.03935770287529023,0.23905957812620332,92.10269380598265,402.78,2026-09-02
2026-09-02,2026-09-02 20:00:00+00:00,2026-12-31,413.0,19.7,843072414,GLD   261231C00413000,0.32854209445585214,120,1.0253736531108795,0.03935770287529023,0.238358464574907,92.08368666794486,402.78,2026-09-02
2026-09-02,2026-09-02 20:00:00+00:00,2026-12-31,414.0,19.38,843072459,GLD   261231C00414000,0.32854209445585214,120,1.0278563980336661,0.03935770287529023,0.23953768163407224,92.03893885785484,402.78,2026-09-02
2026-09-02,2026-09-02 20:00:00+00:00,2026-12-31,415.0,18.95,843072512,GLD   261231C00415000,0.32854209445585214,120,1.0303391429564528,0.03935770287529023,0.2394481274464168,91.96409835963472,402.78,2026-09-02
2026-09-02,2026-09-02 20:00:00+00:00,2026-12-31,416.0,18.55,843072566,GLD   261231C00416000,0.32854209445585214,120,1.0328218878792395,0.03935770287529023,0.2396110870112665,91.86238486121026,402.78,2026-09-02
2026-09-02,2026-09-02 20:00:00+00:00,2026-12-31,417.0,18.2,843072617,GLD   261231C00417000,0.32854209445585214,120,1.035304632802026,0.03935770287529023,0.2402460034779273,91.73723154580361,402.78,2026-09-02
2026-09-02,2026-09-02 20:00:00+00:00,2026-12-31,418.0,17.77,843072659,GLD   261231C00418000,0.32854209445585214,120,1.0377873777248126,0.03935770287529023,0.2399363542282023,91.57807075454141,402.78,2026-09-02
2026-09-02,2026-09-02 20:00:00+00:00,2026-12-31,419.0,17.43,843072716,GLD   261231C00419000,0.32854209445585214,120,1.0402701226475992,0.03935770287529023,0.2405375202397816,91.4017421668667,402.78,2026-09-02
2026-09-02,2026-09-02 20:00:00+00:00,2026-12-31,420.0,17.02,843072784,GLD   261231C00420000,0.32854209445585214,120,1.0427528675703859,0.03935770287529023,0.24030138812372465,91.18942039374046,402.78,2026-09-02
2026-09-02,2026-09-02 20:00:00+00:00,2026-12-31,421.0,16.67,843072842,GLD   261231C00421000,0.32854209445585214,120,1.0452356124931725,0.03935770287529023,0.24065177260814236,90.96004020183015,402.78,2026-09-02
2026-09-02,2026-09-02 20:00:00+00:00,2026-12-31,422.0,16.33,843072889,GLD   261231C00422000,0.32854209445585214,120,1.0477183574159592,0.03935770287529023,0.24104273400558163,90.70779166748912,402.78,2026-09-02
2026-09-02,2026-09-02 20:00:00+00:00,2026-12-31,423.0,15.95,843072949,GLD   261231C00423000,0.32854209445585214,120,1.0502011023387459,0.03935770287529023,0.24092253991803153,90.4205701436202,402.78,2026-09-02
2026-09-02,2026-09-02 20:00:00+00:00,2026-12-31,424.0,15.68,843073002,GLD   261231C00424000,0.32854209445585214,120,1.0526838472615325,0.03935770287529023,0.24195125825917352,90.13875193190174,402.78,2026-09-02
2026-09-02,2026-09-02 20:00:00+00:00,2026-12-31,425.0,15.33,843073052,GLD   261231C00425000,0.32854209445585214,120,1.055166592184319,0.03935770287529023,0.24202610715748746,89.81070187996468,402.78,2026-09-02
2026-09-02,2026-09-02 20:00:00+00:00,2026-12-31,426.0,14.95,843073111,GLD   261231C00426000,0.32854209445585214,120,1.0576493371071056,0.03935770287529023,0.24169625792512672,89.4457040089183,402.78,2026-09-02
2026-09-02,2026-09-02 20:00:00+00:00,2026-12-31,427.0,14.65,843073169,GLD   261231C00427000,0.32854209445585214,120,1.0601320820298923,0.03935770287529023,0.2421921213992872,89.08613671800283,402.78,2026-09-02
2026-09-02,2026-09-02 20:00:00+00:00,2026-12-31,428.0,14.35,843073212,GLD   261231C00428000,0.32854209445585214,120,1.062614826952679,0.03935770287529023,0.24262299848394475,88.70487129326607,402.78,2026-09-02
2026-09-02,2026-09-02 20:00:00+00:00,2026-12-31,429.0,14.05,843073266,GLD   261231C00429000,0.32854209445585214,120,1.0650975718754656,0.03935770287529023,0.24298898230949423,88.30184208192469,402.78,2026-09-02
2026-09-02,2026-09-02 20:00:00+00:00,2026-12-31,430.0,13.73,843073313,GLD   261231C00430000,0.32854209445585214,120,1.0675803167982523,0.03935770287529023,0.2430624715040438,87.86567742151868,402.78,2026-09-02
2026-09-02,2026-09-02 20:00:00+00:00,2026-12-31,431.0,13.43,843073357,GLD   261231C00431000,0.32854209445585214,120,1.070063061721039,0.03935770287529023,0.24329743949016558,87.41769279343318,402.78,2026-09-02
2026-09-02,2026-09-02 20:00:00+00:00,2026-12-31,432.0,13.15,843073393,GLD   261231C00432000,0.32854209445585214,120,1.0725458066438256,0.03935770287529023,0.24369721102295444,86.9607140059393,402.78,2026-09-02
2026-09-02,2026-09-02 20:00:00+00:00,2026-12-31,433.0,12.8,843073463,GLD   261231C00433000,0.32854209445585214,120,1.075028551566612,0.03935770287529023,0.243224453199748,86.43269553945935,402.78,2026-09-02
2026-09-02,2026-09-02 20:00:00+00:00,2026-12-31,434.0,12.58,843073489,GLD   261231C00434000,0.32854209445585214,120,1.0775112964893987,0.03935770287529023,0.24419165891511369,85.97753277438451,402.78,2026-09-02
2026-09-02,2026-09-02 20:00:00+00:00,2026-12-31,435.0,12.25,843073545,GLD   261231C00435000,0.32854209445585214,120,1.0799940414121854,0.03935770287529023,0.24381635273704305,85.41618556806004,402.78,2026-09-02
2026-09-02,2026-09-02 20:00:00+00:00,2026-12-31,436.0,12.03,843073608,GLD   261231C00436000,0.32854209445585214,120,1.082476786334972,0.03935770287529023,0.24466566468561068,84.92637701653246,402.78,2026-09-02
2026-09-02,2026-09-02 20:00:00+00:00,2026-12-31,437.0,11.78,843073649,GLD   261231C00437000,0.32854209445585214,120,1.0849595312577587,0.03935770287529023,0.24510433678431431,84.39350123506023,402.78,2026-09-02
2026-09-02,2026-09-02 20:00:00+00:00,2026-12-31,438.0,11.53,843073690,GLD   261231C00438000,0.32854209445585214,120,1.0874422761805453,0.03935770287529023,0.24548337749121707,83.84254189342113,402.78,2026-09-02
2026-09-02,2026-09-02 20:00:00+00:00,2026-12-31,440.0,11.0,843073728,GLD   261231C00440000,0.32854209445585214,120,1.0924077660261184,0.03935770287529023,0.24569873221619054,82.65106917741473,402.78,2026-09-02
2026-09-02,2026-09-02 20:00:00+00:00,2026-12-31,445.0,9.88,843073788,GLD   261231C00445000,0.32854209445585214,120,1.1048214906400518,0.03935770287529023,0.24769554101144897,79.6050328398255,402.78,2026-09-02
2026-09-02,2026-09-02 20:00:00+00:00,2026-12-31,450.0,8.8,843073841,GLD   261231C00450000,0.32854209445585214,120,1.1172352152539848,0.03935770287529023,0.24876922270720825,76.21100878053049,402.78,2026-09-02
2026-09-02,2026-09-02 20:00:00+00:00,2026-12-31,455.0,7.88,843073889,GLD   261231C00455000,0.32854209445585214,120,1.1296489398679181,0.03935770287529023,0.2505658384057694,72.74388690294833,402.78,2026-09-02
2026-09-02,2026-09-02 20:00:00+00:00,2026-12-31,460.0,7.05,843073930,GLD   261231C00460000,0.32854209445585214,120,1.1420626644818512,0.03935770287529023,0.25231119979154315,69.16828557442047,402.78,2026-09-02
2026-09-02,2026-09-02 20:00:00+00:00,2026-12-31,465.0,6.33,843073971,GLD   261231C00465000,0.32854209445585214,120,1.1544763890957843,0.03935770287529023,0.25443070322545247,65.62186983514925,402.78,2026-09-02
2026-09-02,2026-09-02 20:00:00+00:00,2026-12-31,470.0,5.7,843074015,GLD   261231C00470000,0.32854209445585214,120,1.1668901137097176,0.03935770287529023,0.2567940825677477,62.140449960287995,402.78,2026-09-02
2026-09-02,2026-09-02 20:00:00+00:00,2026-12-31,475.0,5.13,843074064,GLD   261231C00475000,0.32854209445585214,120,1.1793038383236507,0.03935770287529023,0.25905838979603724,58.68970580244467,402.78,2026-09-02
2026-09-02,2026-09-02 20:00:00+00:00,2026-12-31,480.0,4.63,843074117,GLD   261231C00480000,0.32854209445585214,120,1.1917175629375838,0.03935770287529023,0.2615074025363662,55.36434328793289,402.78,2026-09-02
2026-09-02,2026-09-02 20:00:00+00:00,2027-01-15,323.0,86.6,776885187,GLD   270115C00323000,0.36960985626283366,135,0.8019266100600825,0.03937114885462411,0.27497414144417276,32.14219407966669,402.78,2026-09-02
2026-09-02,2026-09-02 20:00:00+00:00,2027-01-15,324.0,85.6,776885208,GLD   270115C00324000,0.36960985626283366,135,0.8044093549828691,0.03937114885462411,0.27168497147308657,32.27054263277092,402.78,2026-09-02
2026-09-02,2026-09-02 20:00:00+00:00,2027-01-15,325.0,84.6,731137385,GLD   270115C00325000,0.36960985626283366,135,0.8068920999056558,0.03937114885462411,0.2684054404978641,32.400624435661136,402.78,2026-09-02
2026-09-02,2026-09-02 20:00:00+00:00,2027-01-15,326.0,83.68,776885237,GLD   270115C00326000,0.36960985626283366,135,0.8093748448284424,0.03937114885462411,0.26757264056829744,33.11579642523489,402.78,2026-09-02
2026-09-02,2026-09-02 20:00:00+00:00,2027-01-15,327.0,82.9,776885267,GLD   270115C00327000,0.36960985626283366,135,0.811857589751229,0.03937114885462411,0.27076711089741434,34.795382809851375,402.78,2026-09-02
2026-09-02,2026-09-02 20:00:00+00:00,2027-01-15,328.0,81.95,776885310,GLD   270115C00328000,0.36960985626283366,135,0.8143403346740157,0.03937114885462411,0.26890129465898505,35.28943828179913,402.78,2026-09-02
2026-09-02,2026-09-02 20:00:00+00:00,2027-01-15,329.0,81.1,776885341,GLD   270115C00329000,0.36960985626283366,135,0.8168230795968022,0.03937114885462411,0.2697870857832022,36.44230369783722,402.78,2026-09-02
2026-09-02,2026-09-02 20:00:00+00:00,2027-01-15,330.0,80.22,731137430,GLD   270115C00330000,0.36960985626283366,135,0.8193058245195889,0.03937114885462411,0.2697329397716559,37.38255066146502,402.78,2026-09-02
2026-09-02,2026-09-02 20:00:00+00:00,2027-01-15,331.0,79.33,811874759,GLD   270115C00331000,0.36960985626283366,135,0.8217885694423755,0.03937114885462411,0.269330402266141,38.25010279957943,402.78,2026-09-02
2026-09-02,2026-09-02 20:00:00+00:00,2027-01-15,332.0,78.43,811874818,GLD   270115C00332000,0.36960985626283366,135,0.8242713143651622,0.03937114885462411,0.26860123783992607,39.05008336910812,402.78,2026-09-02
2026-09-02,2026-09-02 20:00:00+00:00,2027-01-15,333.0,77.55,811874868,GLD   270115C00333000,0.36960985626283366,135,0.8267540592879488,0.03937114885462411,0.2683162960839458,39.96293678728092,402.78,2026-09-02
2026-09-02,2026-09-02 20:00:00+00:00,2027-01-15,334.0,76.55,811874933,GLD   270115C00334000,0.36960985626283366,135,0.8292368042107354,0.03937114885462411,0.26499416726613423,40.170623470121456,402.78,2026-09-02
2026-09-02,2026-09-02 20:00:00+00:00,2027-01-15,335.0,75.65,731137475,GLD   270115C00335000,0.36960985626283366,135,0.8317195491335221,0.03937114885462411,0.2641385038246401,40.96763014760581,402.78,2026-09-02
2026-09-02,2026-09-02 20:00:00+00:00,2027-01-15,336.0,74.78,811874983,GLD   270115C00336000,0.36960985626283366,135,0.8342022940563087,0.03937114885462411,0.26394721399368715,41.93020448389097,402.78,2026-09-02
2026-09-02,2026-09-02 20:00:00+00:00,2027-01-15,337.0,73.88,811875034,GLD   270115C00337000,0.36960985626283366,135,0.8366850389790953,0.03937114885462411,0.2629750444282778,42.71693023484171,402.78,2026-09-02
2026-09-02,2026-09-02 20:00:00+00:00,2027-01-15,338.0,72.97,811875095,GLD   270115C00338000,0.36960985626283366,135,0.839167783901882,0.03937114885462411,0.26172436841716995,43.44665029508397,402.78,2026-09-02
2026-09-02,2026-09-02 20:00:00+00:00,2027-01-15,339.0,72.08,811875143,GLD   270115C00339000,0.36960985626283366,135,0.8416505288246686,0.03937114885462411,0.2608867908983492,44.28198221527097,402.78,2026-09-02
2026-09-02,2026-09-02 20:00:00+00:00,2027-01-15,340.0,71.22,731137508,GLD   270115C00340000,0.36960985626283366,135,0.8441332737474553,0.03937114885462411,0.2606593105959706,45.267865435100816,402.78,2026-09-02
2026-09-02,2026-09-02 20:00:00+00:00,2027-01-15,341.0,70.25,811875201,GLD   270115C00341000,0.36960985626283366,135,0.8466160186702418,0.03937114885462411,0.2579607549627312,45.68404585495729,402.78,2026-09-02
2026-09-02,2026-09-02 20:00:00+00:00,2027-01-15,342.0,69.43,811875255,GLD   270115C00342000,0.36960985626283366,135,0.8490987635930285,0.03937114885462411,0.2584858520678245,46.86172332210741,402.78,2026-09-02
2026-09-02,2026-09-02 20:00:00+00:00,2027-01-15,343.0,68.6,811875315,GLD   270115C00343000,0.36960985626283366,135,0.8515815085158152,0.03937114885462411,0.25869082275377586,47.96772626391291,402.78,2026-09-02
2026-09-02,2026-09-02 20:00:00+00:00,2027-01-15,344.0,67.68,811875363,GLD   270115C00344000,0.36960985626283366,135,0.8540642534386018,0.03937114885462411,0.2569572842716239,48.63538782568609,402.78,2026-09-02
2026-09-02,2026-09-02 20:00:00+00:00,2027-01-15,345.0,66.85,731137548,GLD   270115C00345000,0.36960985626283366,135,0.8565469983613884,0.03937114885462411,0.257014904046897,49.71897573436856,402.78,2026-09-02
2026-09-02,2026-09-02 20:00:00+00:00,2027-01-15,346.0,65.72,811875432,GLD   270115C00346000,0.36960985626283366,135,0.859029743284175,0.03937114885462411,0.2509963336558081,49.4188010147132,402.78,2026-09-02
2026-09-02,2026-09-02 20:00:00+00:00,2027-01-15,347.0,65.07,811875499,GLD   270115C00347000,0.36960985626283366,135,0.8615124882069617,0.03937114885462411,0.2545406809086912,51.31825608396921,402.78,2026-09-02
2026-09-02,2026-09-02 20:00:00+00:00,2027-01-15,348.0,64.25,811875548,GLD   270115C00348000,0.36960985626283366,135,0.8639952331297484,0.03937114885462411,0.25458036376992244,52.41229955491018,402.78,2026-09-02
2026-09-02,2026-09-02 20:00:00+00:00,2027-01-15,349.0,63.38,811875601,GLD   270115C00349000,0.36960985626283366,135,0.8664779780525349,0.03937114885462411,0.2535958916793578,53.28392954608853,402.78,2026-09-02
2026-09-02,2026-09-02 20:00:00+00:00,2027-01-15,350.0,62.53,731137602,GLD   270115C00350000,0.36960985626283366,135,0.8689607229753216,0.03937114885462411,0.25293002798249953,54.23070579739814,402.78,2026-09-02
2026-09-02,2026-09-02 20:00:00+00:00,2027-01-15,351.0,61.68,811875652,GLD   270115C00351000,0.36960985626283366,135,0.8714434678981082,0.03937114885462411,0.25220297761624677,55.16869119666852,402.78,2026-09-02
2026-09-02,2026-09-02 20:00:00+00:00,2027-01-15,352.0,60.85,811875709,GLD   270115C00352000,0.36960985626283366,135,0.8739262128208949,0.03937114885462411,0.2517729666442611,56.173650641378686,402.78,2026-09-02
2026-09-02,2026-09-02 20:00:00+00:00,2027-01-15,353.0,59.95,811875761,GLD   270115C00353000,0.36960985626283366,135,0.8764089577436814,0.03937114885462411,0.2500463104982861,56.90983901249843,402.78,2026-09-02
2026-09-02,2026-09-02 20:00:00+00:00,2027-01-15,354.0,59.18,811875834,GLD   270115C00354000,0.36960985626283366,135,0.8788917026664681,0.03937114885462411,0.2505351426276379,58.111816278598745,402.78,2026-09-02
2026-09-02,2026-09-02 20:00:00+00:00,2027-01-15,355.0,58.35,731137652,GLD   270115C00355000,0.36960985626283366,135,0.8813744475892548,0.03937114885462411,0.24990680116685113,59.08260679414375,402.78,2026-09-02
2026-09-02,2026-09-02 20:00:00+00:00,2027-01-15,356.0,57.35,811875903,GLD   270115C00356000,0.36960985626283366,135,0.8838571925120414,0.03937114885462411,0.24637079839734363,59.47082161033511,402.78,2026-09-02
2026-09-02,2026-09-02 20:00:00+00:00,2027-01-15,357.0,56.68,811875969,GLD   270115C00357000,0.36960985626283366,135,0.886339937434828,0.03937114885462411,0.2482994264305569,60.960692394676606,402.78,2026-09-02
2026-09-02,2026-09-02 20:00:00+00:00,2027-01-15,358.0,55.85,811876009,GLD   270115C00358000,0.36960985626283366,135,0.8888226823576146,0.03937114885462411,0.24749047719510273,61.90201385862324,402.78,2026-09-02
2026-09-02,2026-09-02 20:00:00+00:00,2027-01-15,359.0,55.08,811876098,GLD   270115C00359000,0.36960985626283366,135,0.8913054272804013,0.03937114885462411,0.24757730266219002,63.01344739194807,402.78,2026-09-02
2026-09-02,2026-09-02 20:00:00+00:00,2027-01-15,360.0,54.2,731137705,GLD   270115C00360000,0.36960985626283366,135,0.893788172203188,0.03937114885462411,0.2458575754175894,63.786265767160955,402.78,2026-09-02
2026-09-02,2026-09-02 20:00:00+00:00,2027-01-15,365.0,50.33,731137762,GLD   270115C00365000,0.36960985626283366,135,0.906201896817121,0.03937114885462411,0.2445122696123086,68.94850133300501,402.78,2026-09-02
2026-09-02,2026-09-02 20:00:00+00:00,2027-01-15,370.0,46.55,731137800,GLD   270115C00370000,0.36960985626283366,135,0.9186156214310542,0.03937114885462411,0.24263720086915425,73.85824587432083,402.78,2026-09-02
2026-09-02,2026-09-02 20:00:00+00:00,2027-01-15,375.0,42.9,731137844,GLD   270115C00375000,0.36960985626283366,135,0.9310293460449874,0.03937114885462411,0.2407383838753216,78.52444418884997,402.78,2026-09-02
2026-09-02,2026-09-02 20:00:00+00:00,2027-01-15,380.0,39.45,731137909,GLD   270115C00380000,0.36960985626283366,135,0.9434430706589205,0.03937114885462411,0.23957194430632517,82.92561416080376,402.78,2026-09-02
2026-09-02,2026-09-02 20:00:00+00:00,2027-01-15,385.0,36.15,759656704,GLD   270115C00385000,0.36960985626283366,135,0.9558567952728537,0.03937114885462411,0.23838050853936002,86.87578852803344,402.78,2026-09-02
2026-09-02,2026-09-02 20:00:00+00:00,2027-01-15,390.0,33.13,759656749,GLD   270115C00390000,0.36960985626283366,135,0.9682705198867869,0.03937114885462411,0.23854725851127878,90.35199388053715,402.78,2026-09-02
2026-09-02,2026-09-02 20:00:00+00:00,2027-01-15,395.0,30.2,759656782,GLD   270115C00395000,0.36960985626283366,135,0.9806842445007201,0.03937114885462411,0.23786214476181194,93.16983385444789,402.78,2026-09-02
2026-09-02,2026-09-02 20:00:00+00:00,2027-01-15,400.0,27.5,761418429,GLD   270115C00400000,0.36960985626283366,135,0.9930979691146532,0.03937114885462411,0.2378454651081004,95.33667617319348,402.78,2026-09-02
2026-09-02,2026-09-02 20:00:00+00:00,2027-01-15,405.0,25.0,764260513,GLD   270115C00405000,0.36960985626283366,135,1.0055116937285864,0.03937114885462411,0.2381460807095282,96.80459482088506,402.78,2026-09-02
2026-09-02,2026-09-02 20:00:00+00:00,2027-01-15,410.0,22.68,769169487,GLD   270115C00410000,0.36960985626283366,135,1.0179254183425195,0.03937114885462411,0.23856764475470404,97.56614234600588,402.78,2026-09-02
2026-09-02,2026-09-02 20:00:00+00:00,2027-01-15,415.0,20.48,770772181,GLD   270115C00415000,0.36960985626283366,135,1.0303391429564528,0.03937114885462411,0.23853015977079056,97.63594084314487,402.78,2026-09-02
2026-09-02,2026-09-02 20:00:00+00:00,2027-01-15,420.0,18.63,772352864,GLD   270115C00420000,0.36960985626283366,135,1.0427528675703859,0.03937114885462411,0.2404432909063064,97.05992697020068,402.78,2026-09-02
2026-09-02,2026-09-02 20:00:00+00:00,2027-01-15,425.0,16.88,772834192,GLD   270115C00425000,0.36960985626283366,135,1.055166592184319,0.03937114885462411,0.24182090364554898,95.89165080690238,402.78,2026-09-02
2026-09-02,2026-09-02 20:00:00+00:00,2027-01-15,430.0,15.18,772834250,GLD   270115C00430000,0.36960985626283366,135,1.0675803167982523,0.03937114885462411,0.24219570691948755,94.15055651355812,402.78,2026-09-02
2026-09-02,2026-09-02 20:00:00+00:00,2027-01-15,435.0,13.7,776885391,GLD   270115C00435000,0.36960985626283366,135,1.0799940414121854,0.03937114885462411,0.24343351231003185,91.96111102574307,402.78,2026-09-02
2026-09-02,2026-09-02 20:00:00+00:00,2027-01-15,440.0,12.35,776885430,GLD   270115C00440000,0.36960985626283366,135,1.0924077660261184,0.03937114885462411,0.2446827541130595,89.3692273669047,402.78,2026-09-02
2026-09-02,2026-09-02 20:00:00+00:00,2027-01-15,445.0,11.18,776885456,GLD   270115C00445000,0.36960985626283366,135,1.1048214906400518,0.03937114885462411,0.24661941929934544,86.51845238685225,402.78,2026-09-02
2026-09-02,2026-09-02 20:00:00+00:00,2027-01-15,450.0,10.05,778908528,GLD   270115C00450000,0.36960985626283366,135,1.1172352152539848,0.03937114885462411,0.24774176162639633,83.32042287460806,402.78,2026-09-02
2026-09-02,2026-09-02 20:00:00+00:00,2027-01-15,455.0,9.1,778908583,GLD   270115C00455000,0.36960985626283366,135,1.1296489398679181,0.03937114885462411,0.24980503758443523,80.05782232816004,402.78,2026-09-02
2026-09-02,2026-09-02 20:00:00+00:00,2027-01-15,460.0,8.2,778908639,GLD   270115C00460000,0.36960985626283366,135,1.1420626644818512,0.03937114885462411,0.25134194986401126,76.58620563707991,402.78,2026-09-02
2026-09-02,2026-09-02 20:00:00+00:00,2027-01-15,465.0,7.43,779174794,GLD   270115C00465000,0.36960985626283366,135,1.1544763890957843,0.03937114885462411,0.2534784402819351,73.14866871843645,402.78,2026-09-02
2026-09-02,2026-09-02 20:00:00+00:00,2027-01-15,470.0,6.7,779174835,GLD   270115C00470000,0.36960985626283366,135,1.1668901137097176,0.03937114885462411,0.25511745606986824,69.58326257142652,402.78,2026-09-02
2026-09-02,2026-09-02 20:00:00+00:00,2027-01-15,475.0,6.08,813159158,GLD   270115C00475000,0.36960985626283366,135,1.1793038383236507,0.03937114885462411,0.25734272303665073,66.15727276234682,402.78,2026-09-02
2026-09-02,2026-09-02 20:00:00+00:00,2027-01-15,480.0,5.5,806089172,GLD   270115C00480000,0.36960985626283366,135,1.1917175629375838,0.03937114885462411,0.25923665068475543,62.69932791276789,402.78,2026-09-02
2026-09-02,2026-09-02 20:00:00+00:00,2027-02-19,325.0,86.55,910574009,GLD   270219C00325000,0.4654346338124572,170,0.8068920999056558,0.039260592433689685,0.2618059133908712,41.55258641667609,402.78,2026-09-02
2026-09-02,2026-09-02 20:00:00+00:00,2027-02-19,330.0,82.15,910574066,GLD   270219C00330000,0.4654346338124572,170,0.8193058245195889,0.039260592433689685,0.2600062197327615,46.1602569069068,402.78,2026-09-02
2026-09-02,2026-09-02 20:00:00+00:00,2027-02-19,335.0,77.58,910574121,GLD   270219C00335000,0.4654346338124572,170,0.8317195491335221,0.039260592433689685,0.2534426269886084,49.70096365807789,402.78,2026-09-02
2026-09-02,2026-09-02 20:00:00+00:00,2027-02-19,340.0,73.38,910574154,GLD   270219C00340000,0.4654346338124572,170,0.8441332737474553,0.039260592433689685,0.25306117420448004,55.05646614048949,402.78,2026-09-02
2026-09-02,2026-09-02 20:00:00+00:00,2027-02-19,345.0,69.0,910574226,GLD   270219C00345000,0.4654346338124572,170,0.8565469983613884,0.039260592433689685,0.24805931764664133,59.364243843018514,402.78,2026-09-02
2026-09-02,2026-09-02 20:00:00+00:00,2027-02-19,350.0,64.95,910574256,GLD   270219C00350000,0.4654346338124572,170,0.8689607229753216,0.039260592433689685,0.24728724804753444,64.81383481071316,402.78,2026-09-02
2026-09-02,2026-09-02 20:00:00+00:00,2027-02-19,355.0,60.93,910574319,GLD   270219C00355000,0.4654346338124572,170,0.8813744475892548,0.039260592433689685,0.2454264468808659,70.01087002532381,402.78,2026-09-02
2026-09-02,2026-09-02 20:00:00+00:00,2027-02-19,360.0,56.98,910574390,GLD   270219C00360000,0.4654346338124572,170,0.893788172203188,0.039260592433689685,0.24314569282485177,75.08353543936045,402.78,2026-09-02
2026-09-02,2026-09-02 20:00:00+00:00,2027-02-19,365.0,53.08,910574441,GLD   270219C00365000,0.4654346338124572,170,0.906201896817121,0.039260592433689685,0.24018984584985303,79.9526931149354,402.78,2026-09-02
2026-09-02,2026-09-02 20:00:00+00:00,2027-02-19,370.0,49.5,910574501,GLD   270219C00370000,0.4654346338124572,170,0.9186156214310542,0.039260592433689685,0.23977564841890708,85.05370520803734,402.78,2026-09-02
2026-09-02,2026-09-02 20:00:00+00:00,2027-02-19,375.0,46.0,910574551,GLD   270219C00375000,0.4654346338124572,170,0.9310293460449874,0.039260592433689685,0.23874901619860905,89.7571532457953,402.78,2026-09-02
2026-09-02,2026-09-02 20:00:00+00:00,2027-02-19,380.0,42.63,910574599,GLD   270219C00380000,0.4654346338124572,170,0.9434430706589205,0.039260592433689685,0.23767858475362885,94.09074358764296,402.78,2026-09-02
2026-09-02,2026-09-02 20:00:00+00:00,2027-02-19,385.0,39.45,910574644,GLD   270219C00385000,0.4654346338124572,170,0.9558567952728537,0.039260592433689685,0.2371360722647049,98.02677571315145,402.78,2026-09-02
2026-09-02,2026-09-02 20:00:00+00:00,2027-02-19,390.0,36.4,910574719,GLD   270219C00390000,0.4654346338124572,170,0.9682705198867869,0.039260592433689685,0.23643873049439867,101.44424927591132,402.78,2026-09-02
2026-09-02,2026-09-02 20:00:00+00:00,2027-02-19,395.0,33.55,910574800,GLD   270219C00395000,0.4654346338124572,170,0.9806842445007201,0.039260592433689685,0.23624911701055248,104.31911589966167,402.78,2026-09-02
2026-09-02,2026-09-02 20:00:00+00:00,2027-02-19,400.0,30.85,910574851,GLD   270219C00400000,0.4654346338124572,170,0.9930979691146532,0.039260592433689685,0.23605051644360647,106.58856006471481,402.78,2026-09-02
2026-09-02,2026-09-02 20:00:00+00:00,2027-02-19,405.0,28.38,910574896,GLD   270219C00405000,0.4654346338124572,170,1.0055116937285864,0.039260592433689685,0.23658425604933875,108.23256566235919,402.78,2026-09-02
2026-09-02,2026-09-02 20:00:00+00:00,2027-02-19,410.0,26.08,910574987,GLD   270219C00410000,0.4654346338124572,170,1.0179254183425195,0.039260592433689685,0.23729051039842888,109.23768302824688,402.78,2026-09-02
2026-09-02,2026-09-02 20:00:00+00:00,2027-02-19,415.0,23.83,910575057,GLD   270219C00415000,0.4654346338124572,170,1.0303391429564528,0.039260592433689685,0.2371026291399263,109.61990621190745,402.78,2026-09-02
2026-09-02,2026-09-02 20:00:00+00:00,2027-02-19,420.0,21.88,910575124,GLD   270219C00420000,0.4654346338124572,170,1.0427528675703859,0.039260592433689685,0.23833978261770683,109.40165583488418,402.78,2026-09-02
2026-09-02,2026-09-02 20:00:00+00:00,2027-02-19,425.0,19.95,910575199,GLD   270219C00425000,0.4654346338124572,170,1.055166592184319,0.039260592433689685,0.23848615565923972,108.60964892668775,402.78,2026-09-02
2026-09-02,2026-09-02 20:00:00+00:00,2027-02-19,430.0,18.25,910575264,GLD   270219C00430000,0.4654346338124572,170,1.0675803167982523,0.039260592433689685,0.239517258138489,107.30809886226218,402.78,2026-09-02
2026-09-02,2026-09-02 20:00:00+00:00,2027-02-19,435.0,16.65,910575329,GLD   270219C00435000,0.4654346338124572,170,1.0799940414121854,0.039260592433689685,0.24029334165761246,105.52774258260449,402.78,2026-09-02
2026-09-02,2026-09-02 20:00:00+00:00,2027-02-19,440.0,15.25,910575386,GLD   270219C00440000,0.4654346338124572,170,1.0924077660261184,0.039260592433689685,0.24182889423342424,103.38062574517333,402.78,2026-09-02
2026-09-02,2026-09-02 20:00:00+00:00,2027-02-19,445.0,13.98,910575458,GLD   270219C00445000,0.4654346338124572,170,1.1048214906400518,0.039260592433689685,0.2435497856079601,100.91539020494156,402.78,2026-09-02
2026-09-02,2026-09-02 20:00:00+00:00,2027-02-19,450.0,12.7,910575511,GLD   270219C00450000,0.4654346338124572,170,1.1172352152539848,0.039260592433689685,0.24411750849476088,98.03899486121941,402.78,2026-09-02
2026-09-02,2026-09-02 20:00:00+00:00,2027-02-19,455.0,11.63,910575565,GLD   270219C00455000,0.4654346338124572,170,1.1296489398679181,0.039260592433689685,0.24581131755048413,95.05124461006521,402.78,2026-09-02
2026-09-02,2026-09-02 20:00:00+00:00,2027-02-19,460.0,10.6,910575627,GLD   270219C00460000,0.4654346338124572,170,1.1420626644818512,0.039260592433689685,0.24696623688964173,91.80140345147993,402.78,2026-09-02
2026-09-02,2026-09-02 20:00:00+00:00,2027-02-19,465.0,9.7,910575677,GLD   270219C00465000,0.4654346338124572,170,1.1544763890957843,0.039260592433689685,0.2486135086870752,88.49578550662534,402.78,2026-09-02
2026-09-02,2026-09-02 20:00:00+00:00,2027-02-19,470.0,8.93,910575731,GLD   270219C00470000,0.4654346338124572,170,1.1668901137097176,0.039260592433689685,0.25088448405163355,85.23707861397126,402.78,2026-09-02
2026-09-02,2026-09-02 20:00:00+00:00,2027-02-19,475.0,8.15,910575787,GLD   270219C00475000,0.4654346338124572,170,1.1793038383236507,0.039260592433689685,0.252218679400813,81.73646582829991,402.78,2026-09-02
2026-09-02,2026-09-02 20:00:00+00:00,2027-02-19,480.0,7.45,910575836,GLD   270219C00480000,0.4654346338124572,170,1.1917175629375838,0.039260592433689685,0.2537143814806827,78.24746138002874,402.78,2026-09-02
2026-09-02,2026-09-02 20:00:00+00:00,2027-03-19,325.0,88.3,848877380,GLD   270319C00325000,0.5420944558521561,198,0.8068920999056558,0.0393501350261238,0.2615269319801592,49.41668006012065,402.78,2026-09-02
2026-09-02,2026-09-02 20:00:00+00:00,2027-03-19,330.0,83.9,848877447,GLD   270319C00330000,0.5420944558521561,198,0.8193058245195889,0.0393501350261238,0.2581794716949576,53.779916954462216,402.78,2026-09-02
2026-09-02,2026-09-02 20:00:00+00:00,2027-03-19,335.0,79.65,848877502,GLD   270319C00335000,0.5420944558521561,198,0.8317195491335221,0.0393501350261238,0.2564496304894799,58.7477019393645,402.78,2026-09-02
2026-09-02,2026-09-02 20:00:00+00:00,2027-03-19,340.0,75.4,848877540,GLD   270319C00340000,0.5420944558521561,198,0.8441332737474553,0.0393501350261238,0.2535270962567069,63.515269169227395,402.78,2026-09-02
2026-09-02,2026-09-02 20:00:00+00:00,2027-03-19,345.0,71.25,848877588,GLD   270319C00345000,0.5420944558521561,198,0.8565469983613884,0.0393501350261238,0.25104941798085356,68.49102865826154,402.78,2026-09-02
2026-09-02,2026-09-02 20:00:00+00:00,2027-03-19,350.0,67.15,848877633,GLD   270319C00350000,0.5420944558521561,198,0.8689607229753216,0.0393501350261238,0.248171577024553,73.42208834530496,402.78,2026-09-02
2026-09-02,2026-09-02 20:00:00+00:00,2027-03-19,355.0,63.2,848877673,GLD   270319C00355000,0.5420944558521561,198,0.8813744475892548,0.0393501350261238,0.2461729056213982,78.55412181016695,402.78,2026-09-02
2026-09-02,2026-09-02 20:00:00+00:00,2027-03-19,360.0,59.35,848877733,GLD   270319C00360000,0.5420944558521561,198,0.893788172203188,0.0393501350261238,0.24422783076046034,83.62679599038862,402.78,2026-09-02
2026-09-02,2026-09-02 20:00:00+00:00,2027-03-19,365.0,55.65,848877783,GLD   270319C00365000,0.5420944558521561,198,0.906201896817121,0.0393501350261238,0.24282885856516662,88.65907649757848,402.78,2026-09-02
2026-09-02,2026-09-02 20:00:00+00:00,2027-03-19,370.0,52.03,848877838,GLD   270319C00370000,0.5420944558521561,198,0.9186156214310542,0.0393501350261238,0.24108492207443344,93.42908695395974,402.78,2026-09-02
2026-09-02,2026-09-02 20:00:00+00:00,2027-03-19,375.0,48.6,848877898,GLD   270319C00375000,0.5420944558521561,198,0.9310293460449874,0.0393501350261238,0.24011775361122567,98.0262600413141,402.78,2026-09-02
2026-09-02,2026-09-02 20:00:00+00:00,2027-03-19,380.0,45.3,848877958,GLD   270319C00380000,0.5420944558521561,198,0.9434430706589205,0.0393501350261238,0.23919783019730823,102.27097185543356,402.78,2026-09-02
2026-09-02,2026-09-02 20:00:00+00:00,2027-03-19,385.0,42.15,848877995,GLD   270319C00385000,0.5420944558521561,198,0.9558567952728537,0.0393501350261238,0.2384759578810074,106.11527703510163,402.78,2026-09-02
2026-09-02,2026-09-02 20:00:00+00:00,2027-03-19,390.0,39.23,848878035,GLD   270319C00390000,0.5420944558521561,198,0.9682705198867869,0.0393501350261238,0.2386386008025147,109.52575938604792,402.78,2026-09-02
2026-09-02,2026-09-02 20:00:00+00:00,2027-03-19,395.0,36.3,848878088,GLD   270319C00395000,0.5420944558521561,198,0.9806842445007201,0.0393501350261238,0.23746548378420995,112.36797466310448,402.78,2026-09-02
2026-09-02,2026-09-02 20:00:00+00:00,2027-03-19,400.0,33.65,848878142,GLD   270319C00400000,0.5420944558521561,198,0.9930979691146532,0.0393501350261238,0.23756778752291574,114.69679803406551,402.78,2026-09-02
2026-09-02,2026-09-02 20:00:00+00:00,2027-03-19,405.0,31.15,848878207,GLD   270319C00405000,0.5420944558521561,198,1.0055116937285864,0.0393501350261238,0.23776011110125111,116.44921388004057,402.78,2026-09-02
2026-09-02,2026-09-02 20:00:00+00:00,2027-03-19,410.0,28.8,848878259,GLD   270319C00410000,0.5420944558521561,198,1.0179254183425195,0.0393501350261238,0.2380526290148497,117.62072001906573,402.78,2026-09-02
2026-09-02,2026-09-02 20:00:00+00:00,2027-03-19,415.0,26.58,848878307,GLD   270319C00415000,0.5420944558521561,198,1.0303391429564528,0.0393501350261238,0.23829421391552313,118.21863023656333,402.78,2026-09-02
2026-09-02,2026-09-02 20:00:00+00:00,2027-03-19,420.0,24.53,848878345,GLD   270319C00420000,0.5420944558521561,198,1.0427528675703859,0.0393501350261238,0.23884906618176027,118.25921023813673,402.78,2026-09-02
2026-09-02,2026-09-02 20:00:00+00:00,2027-03-19,425.0,22.53,848878379,GLD   270319C00425000,0.5420944558521561,198,1.055166592184319,0.0393501350261238,0.23873179638860748,117.76153007742269,402.78,2026-09-02
2026-09-02,2026-09-02 20:00:00+00:00,2027-03-19,430.0,20.83,848878413,GLD   270319C00430000,0.5420944558521561,198,1.0675803167982523,0.0393501350261238,0.24010390512151647,116.78752016524729,402.78,2026-09-02
2026-09-02,2026-09-02 20:00:00+00:00,2027-03-19,435.0,19.1,848878462,GLD   270319C00435000,0.5420944558521561,198,1.0799940414121854,0.0393501350261238,0.24019325442230333,115.32244449172039,402.78,2026-09-02
2026-09-02,2026-09-02 20:00:00+00:00,2027-03-19,440.0,17.6,848878514,GLD   270319C00440000,0.5420944558521561,198,1.0924077660261184,0.0393501350261238,0.24128137132925914,113.48187136705968,402.78,2026-09-02
2026-09-02,2026-09-02 20:00:00+00:00,2027-03-19,445.0,16.23,848878548,GLD   270319C00445000,0.5420944558521561,198,1.1048214906400518,0.0393501350261238,0.24257120867138726,111.30246101149508,402.78,2026-09-02
2026-09-02,2026-09-02 20:00:00+00:00,2027-03-19,450.0,14.93,848878603,GLD   270319C00450000,0.5420944558521561,198,1.1172352152539848,0.0393501350261238,0.24357895404761654,108.79215742459151,402.78,2026-09-02
2026-09-02,2026-09-02 20:00:00+00:00,2027-03-19,455.0,13.75,848878642,GLD   270319C00455000,0.5420944558521561,198,1.1296489398679181,0.0393501350261238,0.24481050107562918,106.04315484573078,402.78,2026-09-02
2026-09-02,2026-09-02 20:00:00+00:00,2027-03-19,460.0,12.65,848878676,GLD   270319C00460000,0.5420944558521561,198,1.1420626644818512,0.0393501350261238,0.2459522797160782,103.06645122061892,402.78,2026-09-02
2026-09-02,2026-09-02 20:00:00+00:00,2027-03-19,465.0,11.68,848878710,GLD   270319C00465000,0.5420944558521561,198,1.1544763890957843,0.0393501350261238,0.2475529863161035,99.99539220663861,402.78,2026-09-02
2026-09-02,2026-09-02 20:00:00+00:00,2027-03-19,470.0,10.75,848878756,GLD   270319C00470000,0.5420944558521561,198,1.1668901137097176,0.0393501350261238,0.24878499899609013,96.73358049254689,402.78,2026-09-02
2026-09-02,2026-09-02 20:00:00+00:00,2027-03-19,475.0,9.95,848878797,GLD   270319C00475000,0.5420944558521561,198,1.1793038383236507,0.0393501350261238,0.2506300424999558,93.5108441115488,402.78,2026-09-02
2026-09-02,2026-09-02 20:00:00+00:00,2027-03-19,480.0,9.18,848878836,GLD   270319C00480000,0.5420944558521561,198,1.1917175629375838,0.0393501350261238,0.25210320702428,90.15747920080155,402.78,2026-09-02
2026-09-02,2026-09-02 20:00:00+00:00,2027-03-31,325.0,88.7,870310661,GLD   270331C00325000,0.5749486652977412,210,0.8068920999056558,0.03945114721956192,0.2544559788146057,50.57418269197771,402.78,2026-09-02
2026-09-02,2026-09-02 20:00:00+00:00,2027-03-31,330.0,84.93,870310683,GLD   270331C00330000,0.5749486652977412,210,0.8193058245195889,0.03945114721956192,0.26229189573014167,58.201248711721824,402.78,2026-09-02
2026-09-02,2026-09-02 20:00:00+00:00,2027-03-31,335.0,80.6,870310701,GLD   270331C00335000,0.5749486652977412,210,0.8317195491335221,0.03945114721956192,0.25843775953194126,62.60448805331584,402.78,2026-09-02
2026-09-02,2026-09-02 20:00:00+00:00,2027-03-31,340.0,76.18,870310731,GLD   270331C00340000,0.5749486652977412,210,0.8441332737474553,0.03945114721956192,0.2524080134934745,66.56700781807832,402.78,2026-09-02
2026-09-02,2026-09-02 20:00:00+00:00,2027-03-31,345.0,72.22,870310741,GLD   270331C00345000,0.5749486652977412,210,0.8565469983613884,0.03945114721956192,0.2522456685892306,72.14106297032858,402.78,2026-09-02
2026-09-02,2026-09-02 20:00:00+00:00,2027-03-31,350.0,68.15,870310761,GLD   270331C00350000,0.5749486652977412,210,0.8689607229753216,0.03945114721956192,0.2493344217603095,77.04382586363293,402.78,2026-09-02
2026-09-02,2026-09-02 20:00:00+00:00,2027-03-31,355.0,64.25,870310786,GLD   270331C00355000,0.5749486652977412,210,0.8813744475892548,0.03945114721956192,0.24753003898682077,82.18040216635816,402.78,2026-09-02
2026-09-02,2026-09-02 20:00:00+00:00,2027-03-31,360.0,60.43,870310797,GLD   270331C00360000,0.5749486652977412,210,0.893788172203188,0.03945114721956192,0.24554837319375944,87.19546603348937,402.78,2026-09-02
2026-09-02,2026-09-02 20:00:00+00:00,2027-03-31,365.0,56.73,870310821,GLD   270331C00365000,0.5749486652977412,210,0.906201896817121,0.03945114721956192,0.24379730757130313,92.11302216024534,402.78,2026-09-02
2026-09-02,2026-09-02 20:00:00+00:00,2027-03-31,370.0,52.95,870310854,GLD   270331C00370000,0.5749486652977412,210,0.9186156214310542,0.03945114721956192,0.24012375120865181,96.5695133441493,402.78,2026-09-02
2026-09-02,2026-09-02 20:00:00+00:00,2027-03-31,375.0,49.73,870310872,GLD   270331C00375000,0.5749486652977412,210,0.9310293460449874,0.03945114721956192,0.24106160222357137,101.37415788512551,402.78,2026-09-02
2026-09-02,2026-09-02 20:00:00+00:00,2027-03-31,380.0,46.43,870310901,GLD   270331C00380000,0.5749486652977412,210,0.9434430706589205,0.03945114721956192,0.2399314648824744,105.55718484613752,402.78,2026-09-02
2026-09-02,2026-09-02 20:00:00+00:00,2027-03-31,381.0,45.83,870310920,GLD   270331C00381000,0.5749486652977412,210,0.9459258155817072,0.03945114721956192,0.24013135064886887,106.38170279308473,402.78,2026-09-02
2026-09-02,2026-09-02 20:00:00+00:00,2027-03-31,382.0,45.2,870310944,GLD   270331C00382000,0.5749486652977412,210,0.9484085605044938,0.03945114721956192,0.23999877021880825,107.16164473002208,402.78,2026-09-02
2026-09-02,2026-09-02 20:00:00+00:00,2027-03-31,383.0,44.6,870310971,GLD   270331C00383000,0.5749486652977412,210,0.9508913054272805,0.03945114721956192,0.2400967433941551,107.9401659049546,402.78,2026-09-02
2026-09-02,2026-09-02 20:00:00+00:00,2027-03-31,384.0,43.9,870310999,GLD   270331C00384000,0.5749486652977412,210,0.9533740503500671,0.03945114721956192,0.23922404640344905,108.63651226005047,402.78,2026-09-02
2026-09-02,2026-09-02 20:00:00+00:00,2027-03-31,385.0,43.3,870311024,GLD   270331C00385000,0.5749486652977412,210,0.9558567952728537,0.03945114721956192,0.23922835834072909,109.374151078146,402.78,2026-09-02
2026-09-02,2026-09-02 20:00:00+00:00,2027-03-31,386.0,42.53,870311057,GLD   270331C00386000,0.5749486652977412,210,0.9583395401956404,0.03945114721956192,0.23763906952710825,110.00252632501635,402.78,2026-09-02
2026-09-02,2026-09-02 20:00:00+00:00,2027-03-31,387.0,42.13,870311074,GLD   270331C00387000,0.5749486652977412,210,0.960822285118427,0.03945114721956192,0.23936225190935656,110.7970693260861,402.78,2026-09-02
2026-09-02,2026-09-02 20:00:00+00:00,2027-03-31,388.0,41.53,870311105,GLD   270331C00388000,0.5749486652977412,210,0.9633050300412136,0.03945114721956192,0.23922106623081493,111.46801250171298,402.78,2026-09-02
2026-09-02,2026-09-02 20:00:00+00:00,2027-03-31,389.0,40.95,870311125,GLD   270331C00389000,0.5749486652977412,210,0.9657877749640003,0.03945114721956192,0.23921192082604398,112.12559519690409,402.78,2026-09-02
2026-09-02,2026-09-02 20:00:00+00:00,2027-03-31,390.0,40.28,870311154,GLD   270331C00390000,0.5749486652977412,210,0.9682705198867869,0.03945114721956192,0.23835684410603722,112.72932022136682,402.78,2026-09-02
2026-09-02,2026-09-02 20:00:00+00:00,2027-03-31,391.0,39.6,870311180,GLD   270331C00391000,0.5749486652977412,210,0.9707532648095736,0.03945114721956192,0.2373750541708432,113.31382979992077,402.78,2026-09-02
2026-09-02,2026-09-02 20:00:00+00:00,2027-03-31,392.0,39.23,870311204,GLD   270331C00392000,0.5749486652977412,210,0.9732360097323601,0.03945114721956192,0.23907686312748122,113.9718303076655,402.78,2026-09-02
2026-09-02,2026-09-02 20:00:00+00:00,2027-03-31,393.0,38.63,870311231,GLD   270331C00393000,0.5749486652977412,210,0.9757187546551468,0.03945114721956192,0.23870578506933526,114.53668481567155,402.78,2026-09-02
2026-09-02,2026-09-02 20:00:00+00:00,2027-03-31,394.0,38.08,870311251,GLD   270331C00394000,0.5749486652977412,210,0.9782014995779335,0.03945114721956192,0.2387258174172603,115.09270694897617,402.78,2026-09-02
2026-09-02,2026-09-02 20:00:00+00:00,2027-03-31,395.0,37.42,870311279,GLD   270331C00395000,0.5749486652977412,210,0.9806842445007201,0.03945114721956192,0.2377475198718719,115.60470171689171,402.78,2026-09-02
2026-09-02,2026-09-02 20:00:00+00:00,2027-03-31,396.0,36.88,870311307,GLD   270331C00396000,0.5749486652977412,210,0.9831669894235067,0.03945114721956192,0.23776472105579455,116.12040907557567,402.78,2026-09-02
2026-09-02,2026-09-02 20:00:00+00:00,2027-03-31,397.0,36.35,870311331,GLD   270331C00397000,0.5749486652977412,210,0.9856497343462933,0.03945114721956192,0.2378210649446585,116.61481025758714,402.78,2026-09-02
2026-09-02,2026-09-02 20:00:00+00:00,2027-03-31,398.0,35.78,870311352,GLD   270331C00398000,0.5749486652977412,210,0.98813247926908,0.03945114721956192,0.2374891016523354,117.08142298920038,402.78,2026-09-02
2026-09-02,2026-09-02 20:00:00+00:00,2027-03-31,399.0,35.28,870311380,GLD   270331C00399000,0.5749486652977412,210,0.9906152241918667,0.03945114721956192,0.23770926190568137,117.53407291707823,402.78,2026-09-02
2026-09-02,2026-09-02 20:00:00+00:00,2027-03-31,400.0,34.67,870311405,GLD   270331C00400000,0.5749486652977412,210,0.9930979691146532,0.03945114721956192,0.23694945757957178,117.95424450599253,402.78,2026-09-02
2026-09-02,2026-09-02 20:00:00+00:00,2027-03-31,401.0,34.22,870311424,GLD   270331C00401000,0.5749486652977412,210,0.9955807140374399,0.03945114721956192,0.2375010595950298,118.36497601160217,402.78,2026-09-02
2026-09-02,2026-09-02 20:00:00+00:00,2027-03-31,402.0,33.72,870311451,GLD   270331C00402000,0.5749486652977412,210,0.9980634589602265,0.03945114721956192,0.2375825300644152,118.74855967161012,402.78,2026-09-02
2026-09-02,2026-09-02 20:00:00+00:00,2027-03-31,403.0,33.22,870311469,GLD   270331C00403000,0.5749486652977412,210,1.000546203883013,0.03945114721956192,0.23761833404470234,119.1092762878343,402.78,2026-09-02
2026-09-02,2026-09-02 20:00:00+00:00,2027-03-31,404.0,32.72,870311492,GLD   270331C00404000,0.5749486652977412,210,1.0030289488057997,0.03945114721956192,0.23760898840958256,119.4473532973438,402.78,2026-09-02
2026-09-02,2026-09-02 20:00:00+00:00,2027-03-31,405.0,32.15,870311514,GLD   270331C00405000,0.5749486652977412,210,1.0055116937285864,0.03945114721956192,0.23697046779664235,119.76267212193218,402.78,2026-09-02
2026-09-02,2026-09-02 20:00:00+00:00,2027-03-31,406.0,31.75,870311532,GLD   270331C00406000,0.5749486652977412,210,1.007994438651373,0.03945114721956192,0.2377065518111922,120.05611322507319,402.78,2026-09-02
2026-09-02,2026-09-02 20:00:00+00:00,2027-03-31,407.0,31.28,870311560,GLD   270331C00407000,0.5749486652977412,210,1.0104771835741597,0.03945114721956192,0.23781315817413856,120.32653472764792,402.78,2026-09-02
2026-09-02,2026-09-02 20:00:00+00:00,2027-03-31,408.0,30.8,870311580,GLD   270331C00408000,0.5749486652977412,210,1.0129599284969464,0.03945114721956192,0.23779230627873915,120.5746727268798,402.78,2026-09-02
2026-09-02,2026-09-02 20:00:00+00:00,2027-03-31,409.0,30.33,870311601,GLD   270331C00409000,0.5749486652977412,210,1.0154426734197328,0.03945114721956192,0.23781045739268886,120.80032018983339,402.78,2026-09-02
2026-09-02,2026-09-02 20:00:00+00:00,2027-03-31,410.0,29.88,870311628,GLD   270331C00410000,0.5749486652977412,210,1.0179254183425195,0.03945114721956192,0.23795019023707142,121.0031382804121,402.78,2026-09-02
2026-09-02,2026-09-02 20:00:00+00:00,2027-03-31,411.0,29.43,870311659,GLD   270331C00411000,0.5749486652977412,210,1.0204081632653061,0.03945114721956192,0.23804604935245594,121.18375273718992,402.78,2026-09-02
2026-09-02,2026-09-02 20:00:00+00:00,2027-03-31,412.0,28.98,870311679,GLD   270331C00412000,0.5749486652977412,210,1.0228909081880928,0.03945114721956192,0.23809845382561912,121.34231639617249,402.78,2026-09-02
2026-09-02,2026-09-02 20:00:00+00:00,2027-03-31,413.0,28.53,870311701,GLD   270331C00413000,0.5749486652977412,210,1.0253736531108795,0.03945114721956192,0.23810773892598236,121.4789449265305,402.78,2026-09-02
2026-09-02,2026-09-02 20:00:00+00:00,2027-03-31,414.0,28.1,870311724,GLD   270331C00414000,0.5749486652977412,210,1.0278563980336661,0.03945114721956192,0.2382387082002126,121.5930919371264,402.78,2026-09-02
2026-09-02,2026-09-02 20:00:00+00:00,2027-03-31,415.0,27.65,870311754,GLD   270331C00415000,0.5749486652977412,210,1.0303391429564528,0.03945114721956192,0.23816253685029223,121.68612660171297,402.78,2026-09-02
2026-09-02,2026-09-02 20:00:00+00:00,2027-03-31,416.0,27.25,870311771,GLD   270331C00416000,0.5749486652977412,210,1.0328218878792395,0.03945114721956192,0.23845474277706818,121.75626856454386,402.78,2026-09-02
2026-09-02,2026-09-02 20:00:00+00:00,2027-03-31,417.0,26.8,870311798,GLD   270331C00417000,0.5749486652977412,210,1.035304632802026,0.03945114721956192,0.23829403696777302,121.80606392590711,402.78,2026-09-02
2026-09-02,2026-09-02 20:00:00+00:00,2027-03-31,418.0,26.4,870311820,GLD   270331C00418000,0.5749486652977412,210,1.0377873777248126,0.03945114721956192,0.23850186675684526,121.83369310805844,402.78,2026-09-02
2026-09-02,2026-09-02 20:00:00+00:00,2027-03-31,419.0,26.0,870311854,GLD   270331C00419000,0.5749486652977412,210,1.0402701226475992,0.03945114721956192,0.23866789962472396,121.84039917031002,402.78,2026-09-02
2026-09-02,2026-09-02 20:00:00+00:00,2027-03-31,420.0,25.6,870311879,GLD   270331C00420000,0.5749486652977412,210,1.0427528675703859,0.03945114721956192,0.23879243358867247,121.82627325106854,402.78,2026-09-02
2026-09-02,2026-09-02 20:00:00+00:00,2027-03-31,421.0,25.2,870311904,GLD   270331C00421000,0.5749486652977412,210,1.0452356124931725,0.03945114721956192,0.2388757107877173,121.79137340713156,402.78,2026-09-02
2026-09-02,2026-09-02 20:00:00+00:00,2027-03-31,422.0,24.8,870311931,GLD   270331C00422000,0.5749486652977412,210,1.0477183574159592,0.03945114721956192,0.23891795473480604,121.73572521752473,402.78,2026-09-02
2026-09-02,2026-09-02 20:00:00+00:00,2027-03-31,423.0,24.43,870311957,GLD   270331C00423000,0.5749486652977412,210,1.0502011023387459,0.03945114721956192,0.23916593303708364,121.6609335178043,402.78,2026-09-02
2026-09-02,2026-09-02 20:00:00+00:00,2027-03-31,424.0,24.05,870311977,GLD   270331C00424000,0.5749486652977412,210,1.0526838472615325,0.03945114721956192,0.23929131448762497,121.56563446515635,402.78,2026-09-02
2026-09-02,2026-09-02 20:00:00+00:00,2027-03-31,425.0,23.68,870312000,GLD   270331C00425000,0.5749486652977412,210,1.055166592184319,0.03945114721956192,0.23945879087662325,121.45110533952194,402.78,2026-09-02
2026-09-02,2026-09-02 20:00:00+00:00,2027-03-31,426.0,23.33,870312027,GLD   270331C00426000,0.5749486652977412,210,1.0576493371071056,0.03945114721956192,0.23975121100330732,121.31896038240576,402.78,2026-09-02
2026-09-02,2026-09-02 20:00:00+00:00,2027-03-31,427.0,22.93,870312045,GLD   270331C00427000,0.5749486652977412,210,1.0601320820298923,0.03945114721956192,0.23959163207178935,121.16155629365811,402.78,2026-09-02
2026-09-02,2026-09-02 20:00:00+00:00,2027-03-31,428.0,22.58,870312076,GLD   270331C00428000,0.5749486652977412,210,1.062614826952679,0.03945114721956192,0.23980501243239272,120.99051746755885,402.78,2026-09-02
2026-09-02,2026-09-02 20:00:00+00:00,2027-03-31,429.0,22.23,870312100,GLD   270331C00429000,0.5749486652977412,210,1.0650975718754656,0.03945114721956192,0.23997938978364697,120.80054094815193,402.78,2026-09-02
2026-09-02,2026-09-02 20:00:00+00:00,2027-03-31,430.0,21.88,870312136,GLD   270331C00430000,0.5749486652977412,210,1.0675803167982523,0.03945114721956192,0.24011488519506535,120.59161741295544,402.78,2026-09-02
2026-09-02,2026-09-02 20:00:00+00:00,2027-03-31,431.0,21.55,870312153,GLD   270331C00431000,0.5749486652977412,210,1.070063061721039,0.03945114721956192,0.24037779229963202,120.36810485738697,402.78,2026-09-02
2026-09-02,2026-09-02 20:00:00+00:00,2027-03-31,432.0,21.2,870312177,GLD   270331C00432000,0.5749486652977412,210,1.0725458066438256,0.03945114721956192,0.24043620368326085,120.12168370366953,402.78,2026-09-02
2026-09-02,2026-09-02 20:00:00+00:00,2027-03-31,433.0,20.88,870312192,GLD   270331C00433000,0.5749486652977412,210,1.075028551566612,0.03945114721956192,0.24070630976734686,119.86435743086456,402.78,2026-09-02
2026-09-02,2026-09-02 20:00:00+00:00,2027-03-31,434.0,20.55,870312222,GLD   270331C00434000,0.5749486652977412,210,1.0775112964893987,0.03945114721956192,0.24085539290336896,119.58651742397856,402.78,2026-09-02
2026-09-02,2026-09-02 20:00:00+00:00,2027-03-31,435.0,20.23,870312243,GLD   270331C00435000,0.5749486652977412,210,1.0799940414121854,0.03945114721956192,0.24105058489786463,119.29387263414367,402.78,2026-09-02
2026-09-02,2026-09-02 20:00:00+00:00,2027-03-31,436.0,19.9,870312257,GLD   270331C00436000,0.5749486652977412,210,1.082476786334972,0.03945114721956192,0.2411245024922304,118.9800214186298,402.78,2026-09-02
2026-09-02,2026-09-02 20:00:00+00:00,2027-03-31,437.0,19.48,870312287,GLD   270331C00437000,0.5749486652977412,210,1.0849595312577587,0.03945114721956192,0.24040210864571857,118.61212936054325,402.78,2026-09-02
2026-09-02,2026-09-02 20:00:00+00:00,2027-03-31,438.0,19.3,870312306,GLD   270331C00438000,0.5749486652977412,210,1.0874422761805453,0.03945114721956192,0.2416665120770224,118.32291305110968,402.78,2026-09-02
2026-09-02,2026-09-02 20:00:00+00:00,2027-03-31,439.0,19.0,870312328,GLD   270331C00439000,0.5749486652977412,210,1.089925021103332,0.03945114721956192,0.241883301010076,117.96963779672221,402.78,2026-09-02
2026-09-02,2026-09-02 20:00:00+00:00,2027-03-31,440.0,18.68,870312348,GLD   270331C00440000,0.5749486652977412,210,1.0924077660261184,0.03945114721956192,0.24189392718812452,117.58989673100434,402.78,2026-09-02
2026-09-02,2026-09-02 20:00:00+00:00,2027-03-31,441.0,18.38,870312372,GLD   270331C00441000,0.5749486652977412,210,1.094890510948905,0.03945114721956192,0.24203801853498447,117.20268194086852,402.78,2026-09-02
2026-09-02,2026-09-02 20:00:00+00:00,2027-03-31,442.0,18.1,870312402,GLD   270331C00442000,0.5749486652977412,210,1.0973732558716918,0.03945114721956192,0.24231723277168354,116.81005355687287,402.78,2026-09-02
2026-09-02,2026-09-02 20:00:00+00:00,2027-03-31,443.0,17.8,870312427,GLD   270331C00443000,0.5749486652977412,210,1.0998560007944784,0.03945114721956192,0.24238972081448887,116.38990095723517,402.78,2026-09-02
2026-09-02,2026-09-02 20:00:00+00:00,2027-03-31,444.0,17.52,870312442,GLD   270331C00444000,0.5749486652977412,210,1.102338745717265,0.03945114721956192,0.2425985145031475,115.96562372986685,402.78,2026-09-02
2026-09-02,2026-09-02 20:00:00+00:00,2027-03-31,445.0,17.25,870312471,GLD   270331C00445000,0.5749486652977412,210,1.1048214906400518,0.03945114721956192,0.24285895365225157,115.53259938481527,402.78,2026-09-02
2026-09-02,2026-09-02 20:00:00+00:00,2027-03-31,446.0,16.98,870312491,GLD   270331C00446000,0.5749486652977412,210,1.1073042355628384,0.03945114721956192,0.2430851115030237,115.08466859474963,402.78,2026-09-02
2026-09-02,2026-09-02 20:00:00+00:00,2027-03-31,447.0,16.7,870312514,GLD   270331C00447000,0.5749486652977412,210,1.109786980485625,0.03945114721956192,0.2431897435015999,114.61405380307401,402.78,2026-09-02
2026-09-02,2026-09-02 20:00:00+00:00,2027-03-31,448.0,16.45,870312540,GLD   270331C00448000,0.5749486652977412,210,1.1122697254084115,0.03945114721956192,0.24352214450677856,114.151754942934,402.78,2026-09-02
2026-09-02,2026-09-02 20:00:00+00:00,2027-03-31,449.0,16.18,870312564,GLD   270331C00449000,0.5749486652977412,210,1.1147524703311982,0.03945114721956192,0.24364568197550251,113.65885313934498,402.78,2026-09-02
2026-09-02,2026-09-02 20:00:00+00:00,2027-03-31,450.0,15.88,870312587,GLD   270331C00450000,0.5749486652977412,210,1.1172352152539848,0.03945114721956192,0.24346959102498367,113.12351736103506,402.78,2026-09-02
2026-09-02,2026-09-02 20:00:00+00:00,2027-03-31,451.0,15.68,870312597,GLD   270331C00451000,0.5749486652977412,210,1.1197179601767715,0.03945114721956192,0.2441443393615075,112.66434998828727,402.78,2026-09-02
2026-09-02,2026-09-02 20:00:00+00:00,2027-03-31,452.0,15.43,870312626,GLD   270331C00452000,0.5749486652977412,210,1.1222007050995582,0.03945114721956192,0.244344169249665,112.14632117753455,402.78,2026-09-02
2026-09-02,2026-09-02 20:00:00+00:00,2027-03-31,453.0,15.18,870312645,GLD   270331C00453000,0.5749486652977412,210,1.1246834500223448,0.03945114721956192,0.24451090059550482,111.61426006274564,402.78,2026-09-02
2026-09-02,2026-09-02 20:00:00+00:00,2027-03-31,454.0,14.93,870312670,GLD   270331C00454000,0.5749486652977412,210,1.1271661949451315,0.03945114721956192,0.24464444026863208,111.06801028521424,402.78,2026-09-02
2026-09-02,2026-09-02 20:00:00+00:00,2027-03-31,455.0,14.73,870312694,GLD   270331C00455000,0.5749486652977412,210,1.1296489398679181,0.03945114721956192,0.24519701084019618,110.56387875468562,402.78,2026-09-02
2026-09-02,2026-09-02 20:00:00+00:00,2027-03-31,456.0,14.48,870312723,GLD   270331C00456000,0.5749486652977412,210,1.1321316847907046,0.03945114721956192,0.24526613221922894,109.99126302476992,402.78,2026-09-02
2026-09-02,2026-09-02 20:00:00+00:00,2027-03-31,457.0,14.25,870312751,GLD   270331C00457000,0.5749486652977412,210,1.1346144297134912,0.03945114721956192,0.24548449505595488,109.4285172580057,402.78,2026-09-02
2026-09-02,2026-09-02 20:00:00+00:00,2027-03-31,458.0,14.03,870312771,GLD   270331C00458000,0.5749486652977412,210,1.137097174636278,0.03945114721956192,0.2457629549364559,108.86571026055161,402.78,2026-09-02
2026-09-02,2026-09-02 20:00:00+00:00,2027-03-31,459.0,13.83,870312786,GLD   270331C00459000,0.5749486652977412,210,1.1395799195590646,0.03945114721956192,0.2461951637857594,108.317435345409,402.78,2026-09-02
2026-09-02,2026-09-02 20:00:00+00:00,2027-03-31,460.0,13.58,870312811,GLD   270331C00460000,0.5749486652977412,210,1.1420626644818512,0.03945114721956192,0.24613420062931257,107.69025892199764,402.78,2026-09-02
2026-09-02,2026-09-02 20:00:00+00:00,2027-03-31,461.0,13.35,870312832,GLD   270331C00461000,0.5749486652977412,210,1.144545409404638,0.03945114721956192,0.24622572918133812,107.07624410884276,402.78,2026-09-02
2026-09-02,2026-09-02 20:00:00+00:00,2027-03-31,462.0,13.15,870312847,GLD   270331C00462000,0.5749486652977412,210,1.1470281543274246,0.03945114721956192,0.24656667024372148,106.49332433030484,402.78,2026-09-02
2026-09-02,2026-09-02 20:00:00+00:00,2027-03-31,463.0,12.98,870312871,GLD   270331C00463000,0.5749486652977412,210,1.1495108992502112,0.03945114721956192,0.24716154995365064,105.94595838215287,402.78,2026-09-02
2026-09-02,2026-09-02 20:00:00+00:00,2027-03-31,464.0,12.78,870312889,GLD   270331C00464000,0.5749486652977412,210,1.1519936441729977,0.03945114721956192,0.24744545796224848,105.34352522948716,402.78,2026-09-02
2026-09-02,2026-09-02 20:00:00+00:00,2027-03-31,465.0,12.55,870312917,GLD   270331C00465000,0.5749486652977412,210,1.1544763890957843,0.03945114721956192,0.24741341179339219,104.68111641328966,402.78,2026-09-02
2026-09-02,2026-09-02 20:00:00+00:00,2027-03-31,470.0,11.6,870312946,GLD   270331C00470000,0.5749486652977412,210,1.1668901137097176,0.03945114721956192,0.24872290896186605,101.53676182759745,402.78,2026-09-02
2026-09-02,2026-09-02 20:00:00+00:00,2027-03-31,475.0,10.73,870312975,GLD   270331C00475000,0.5749486652977412,210,1.1793038383236507,0.03945114721956192,0.25011733173737305,98.3054342848365,402.78,2026-09-02
2026-09-02,2026-09-02 20:00:00+00:00,2027-03-31,480.0,9.82,870313005,GLD   270331C00480000,0.5749486652977412,210,1.1917175629375838,0.03945114721956192,0.2503921315933578,94.73480216309879,402.78,2026-09-02
2026-09-02,2026-09-02 20:00:00+00:00,2027-06-17,325.0,94.48,800378868,GLD   270617C00325000,0.7885010266940452,288,0.8068920999056558,0.04010772647690976,0.2680485834510066,73.37270282923792,402.78,2026-09-02
2026-09-02,2026-09-02 20:00:00+00:00,2027-06-17,330.0,90.3,800378900,GLD   270617C00330000,0.7885010266940452,288,0.8193058245195889,0.04010772647690976,0.26486809665067124,77.96581505877592,402.78,2026-09-02
2026-09-02,2026-09-02 20:00:00+00:00,2027-06-17,335.0,86.03,800378925,GLD   270617C00335000,0.7885010266940452,288,0.8317195491335221,0.04010772647690976,0.25994705864945433,82.16052270724619,402.78,2026-09-02
2026-09-02,2026-09-02 20:00:00+00:00,2027-06-17,340.0,82.15,800378958,GLD   270617C00340000,0.7885010266940452,288,0.8441332737474553,0.04010772647690976,0.25903935394333677,87.48205823601248,402.78,2026-09-02
2026-09-02,2026-09-02 20:00:00+00:00,2027-06-17,345.0,78.22,800379021,GLD   270617C00345000,0.7885010266940452,288,0.8565469983613884,0.04010772647690976,0.2566975249744021,92.4154828057585,402.78,2026-09-02
2026-09-02,2026-09-02 20:00:00+00:00,2027-06-17,350.0,74.2,800379070,GLD   270617C00350000,0.7885010266940452,288,0.8689607229753216,0.04010772647690976,0.25269260135395466,96.95368238490065,402.78,2026-09-02
2026-09-02,2026-09-02 20:00:00+00:00,2027-06-17,355.0,70.65,800379115,GLD   270617C00355000,0.7885010266940452,288,0.8813744475892548,0.04010772647690976,0.25271729953465993,102.29443165376816,402.78,2026-09-02
2026-09-02,2026-09-02 20:00:00+00:00,2027-06-17,360.0,67.0,800379157,GLD   270617C00360000,0.7885010266940452,288,0.893788172203188,0.04010772647690976,0.25085823990637446,107.10320177000374,402.78,2026-09-02
2026-09-02,2026-09-02 20:00:00+00:00,2027-06-17,365.0,63.35,800379210,GLD   270617C00365000,0.7885010266940452,288,0.906201896817121,0.04010772647690976,0.24822715724417943,111.63897549009033,402.78,2026-09-02
2026-09-02,2026-09-02 20:00:00+00:00,2027-06-17,370.0,60.03,800379260,GLD   270617C00370000,0.7885010266940452,288,0.9186156214310542,0.04010772647690976,0.2477268887023441,116.28752462083938,402.78,2026-09-02
2026-09-02,2026-09-02 20:00:00+00:00,2027-06-17,375.0,56.7,800379300,GLD   270617C00375000,0.7885010266940452,288,0.9310293460449874,0.04010772647690976,0.2462800521406345,120.54367907530174,402.78,2026-09-02
2026-09-02,2026-09-02 20:00:00+00:00,2027-06-17,380.0,53.28,800379353,GLD   270617C00380000,0.7885010266940452,288,0.9434430706589205,0.04010772647690976,0.2433210014800541,124.39088160356607,402.78,2026-09-02
2026-09-02,2026-09-02 20:00:00+00:00,2027-06-17,385.0,50.45,800379387,GLD   270617C00385000,0.7885010266940452,288,0.9558567952728537,0.04010772647690976,0.24426918065575884,128.21853765808433,402.78,2026-09-02
2026-09-02,2026-09-02 20:00:00+00:00,2027-06-17,390.0,47.53,800379434,GLD   270617C00390000,0.7885010266940452,288,0.9682705198867869,0.04010772647690976,0.2436286344567314,131.53547220699122,402.78,2026-09-02
2026-09-02,2026-09-02 20:00:00+00:00,2027-06-17,395.0,44.68,800379480,GLD   270617C00395000,0.7885010266940452,288,0.9806842445007201,0.04010772647690976,0.2427016936675646,134.44129943251352,402.78,2026-09-02
2026-09-02,2026-09-02 20:00:00+00:00,2027-06-17,400.0,41.88,800379535,GLD   270617C00400000,0.7885010266940452,288,0.9930979691146532,0.04010772647690976,0.241354767393414,136.92676089565728,402.78,2026-09-02
2026-09-02,2026-09-02 20:00:00+00:00,2027-06-17,405.0,39.35,800379585,GLD   270617C00405000,0.7885010266940452,288,1.0055116937285864,0.04010772647690976,0.2411860337440856,138.98993445077477,402.78,2026-09-02
2026-09-02,2026-09-02 20:00:00+00:00,2027-06-17,410.0,36.92,800379657,GLD   270617C00410000,0.7885010266940452,288,1.0179254183425195,0.04010772647690976,0.24094087729277092,140.59626209987402,402.78,2026-09-02
2026-09-02,2026-09-02 20:00:00+00:00,2027-06-17,415.0,34.7,800379714,GLD   270617C00415000,0.7885010266940452,288,1.0303391429564528,0.04010772647690976,0.24140574697153644,141.74022295683093,402.78,2026-09-02
2026-09-02,2026-09-02 20:00:00+00:00,2027-06-17,420.0,32.5,800379764,GLD   270617C00420000,0.7885010266940452,288,1.0427528675703859,0.04010772647690976,0.24124630773561084,142.43449012794818,402.78,2026-09-02
2026-09-02,2026-09-02 20:00:00+00:00,2027-06-17,425.0,30.48,800379840,GLD   270617C00425000,0.7885010266940452,288,1.055166592184319,0.04010772647690976,0.24160587487695745,142.68388498847733,402.78,2026-09-02
2026-09-02,2026-09-02 20:00:00+00:00,2027-06-17,430.0,28.58,800379908,GLD   270617C00430000,0.7885010266940452,288,1.0675803167982523,0.04010772647690976,0.2420800110300072,142.50973373443412,402.78,2026-09-02
2026-09-02,2026-09-02 20:00:00+00:00,2027-06-17,435.0,26.78,800379978,GLD   270617C00435000,0.7885010266940452,288,1.0799940414121854,0.04010772647690976,0.24255013326304037,141.93360139443473,402.78,2026-09-02
2026-09-02,2026-09-02 20:00:00+00:00,2027-06-17,440.0,25.03,800380022,GLD   270617C00440000,0.7885010266940452,288,1.0924077660261184,0.04010772647690976,0.24268465080531318,140.96754960486402,402.78,2026-09-02
2026-09-02,2026-09-02 20:00:00+00:00,2027-06-17,445.0,23.48,800380075,GLD   270617C00445000,0.7885010266940452,288,1.1048214906400518,0.04010772647690976,0.24357239766782152,139.67448037037678,402.78,2026-09-02
2026-09-02,2026-09-02 20:00:00+00:00,2027-06-17,450.0,22.05,800380138,GLD   270617C00450000,0.7885010266940452,288,1.1172352152539848,0.04010772647690976,0.24468327564327047,138.0844592216009,402.78,2026-09-02
2026-09-02,2026-09-02 20:00:00+00:00,2027-06-17,455.0,20.68,800824420,GLD   270617C00455000,0.7885010266940452,288,1.1296489398679181,0.04010772647690976,0.245614803104382,136.2048465946702,402.78,2026-09-02
2026-09-02,2026-09-02 20:00:00+00:00,2027-06-17,460.0,19.4,800824505,GLD   270617C00460000,0.7885010266940452,288,1.1420626644818512,0.04010772647690976,0.24661263009356338,134.08140208023383,402.78,2026-09-02
2026-09-02,2026-09-02 20:00:00+00:00,2027-06-17,465.0,18.15,801599385,GLD   270617C00465000,0.7885010266940452,288,1.1544763890957843,0.04010772647690976,0.2472544195833616,131.691771712997,402.78,2026-09-02
2026-09-02,2026-09-02 20:00:00+00:00,2027-06-17,470.0,17.05,801599430,GLD   270617C00470000,0.7885010266940452,288,1.1668901137097176,0.04010772647690976,0.248478190223407,129.18504274659304,402.78,2026-09-02
2026-09-02,2026-09-02 20:00:00+00:00,2027-06-17,475.0,16.0,813159478,GLD   270617C00475000,0.7885010266940452,288,1.1793038383236507,0.04010772647690976,0.24955916402908043,126.49927497836364,402.78,2026-09-02
2026-09-02,2026-09-02 20:00:00+00:00,2027-06-17,480.0,15.03,806090421,GLD   270617C00480000,0.7885010266940452,288,1.1917175629375838,0.04010772647690976,0.2507608068873174,123.70319753156471,402.78,2026-09-02
2026-09-02,2026-09-02 20:00:00+00:00,2027-06-30,325.0,95.25,897587853,GLD   270630C00325000,0.8240930869267625,301,0.8068920999056558,0.040217156353134394,0.26722243303162985,75.95627965581991,402.78,2026-09-02
2026-09-02,2026-09-02 20:00:00+00:00,2027-06-30,330.0,91.05,897587927,GLD   270630C00330000,0.8240930869267625,301,0.8193058245195889,0.040217156353134394,0.26357963763838643,80.43909038864716,402.78,2026-09-02
2026-09-02,2026-09-02 20:00:00+00:00,2027-06-30,333.0,89.08,897587994,GLD   270630C00333000,0.8240930869267625,301,0.8267540592879488,0.040217156353134394,0.26766617142381144,84.86257721061668,402.78,2026-09-02
2026-09-02,2026-09-02 20:00:00+00:00,2027-06-30,334.0,88.3,897588072,GLD   270630C00334000,0.8240930869267625,301,0.8292368042107354,0.040217156353134394,0.2674347237666138,85.89295776073882,402.78,2026-09-02
2026-09-02,2026-09-02 20:00:00+00:00,2027-06-30,335.0,87.0,897588139,GLD   270630C00335000,0.8240930869267625,301,0.8317195491335221,0.040217156353134394,0.2611310253587552,85.32361462882018,402.78,2026-09-02
2026-09-02,2026-09-02 20:00:00+00:00,2027-06-30,336.0,86.2,897588197,GLD   270630C00336000,0.8240930869267625,301,0.8342022940563087,0.040217156353134394,0.2606711847213097,86.31246173915898,402.78,2026-09-02
2026-09-02,2026-09-02 20:00:00+00:00,2027-06-30,337.0,85.4,897588233,GLD   270630C00337000,0.8240930869267625,301,0.8366850389790953,0.040217156353134394,0.2601816448009574,87.2941120620956,402.78,2026-09-02
2026-09-02,2026-09-02 20:00:00+00:00,2027-06-30,338.0,84.6,897588260,GLD   270630C00338000,0.8240930869267625,301,0.839167783901882,0.040217156353134394,0.25966309476261973,88.26879816147617,402.78,2026-09-02
2026-09-02,2026-09-02 20:00:00+00:00,2027-06-30,339.0,83.8,897588282,GLD   270630C00339000,0.8240930869267625,301,0.8416505288246686,0.040217156353134394,0.2591162144581788,89.23674647687916,402.78,2026-09-02
2026-09-02,2026-09-02 20:00:00+00:00,2027-06-30,340.0,83.5,897588307,GLD   270630C00340000,0.8240930869267625,301,0.8441332737474553,0.040217156353134394,0.2640428589091637,91.56729519645025,402.78,2026-09-02
2026-09-02,2026-09-02 20:00:00+00:00,2027-06-30,341.0,82.23,897588350,GLD   270630C00341000,0.8240930869267625,301,0.8466160186702418,0.040217156353134394,0.2582688489348629,91.23603609144959,402.78,2026-09-02
2026-09-02,2026-09-02 20:00:00+00:00,2027-06-30,342.0,81.4,897588366,GLD   270630C00342000,0.8240930869267625,301,0.8490987635930285,0.040217156353134394,0.257311580232624,92.10216497480972,402.78,2026-09-02
2026-09-02,2026-09-02 20:00:00+00:00,2027-06-30,343.0,80.65,897588393,GLD   270630C00343000,0.8240930869267625,301,0.8515815085158152,0.040217156353134394,0.2571942452481948,93.17683561182237,402.78,2026-09-02
2026-09-02,2026-09-02 20:00:00+00:00,2027-06-30,344.0,79.83,897588426,GLD   270630C00344000,0.8240930869267625,301,0.8540642534386018,0.040217156353134394,0.2562964682421648,94.05961044781718,402.78,2026-09-02
2026-09-02,2026-09-02 20:00:00+00:00,2027-06-30,345.0,79.1,897588450,GLD   270630C00345000,0.8240930869267625,301,0.8565469983613884,0.040217156353134394,0.2563246681257152,95.16466977603254,402.78,2026-09-02
2026-09-02,2026-09-02 20:00:00+00:00,2027-06-30,346.0,78.28,897588476,GLD   270630C00346000,0.8240930869267625,301,0.859029743284175,0.040217156353134394,0.25537682421943175,96.03616203940084,402.78,2026-09-02
2026-09-02,2026-09-02 20:00:00+00:00,2027-06-30,347.0,77.55,897588508,GLD   270630C00347000,0.8240930869267625,301,0.8615124882069617,0.040217156353134394,0.25533661051495005,97.11873848711676,402.78,2026-09-02
2026-09-02,2026-09-02 20:00:00+00:00,2027-06-30,348.0,76.75,897588547,GLD   270630C00348000,0.8240930869267625,301,0.8639952331297484,0.040217156353134394,0.2545447320808657,98.02591317873888,402.78,2026-09-02
2026-09-02,2026-09-02 20:00:00+00:00,2027-06-30,349.0,75.58,897588590,GLD   270630C00349000,0.8240930869267625,301,0.8664779780525349,0.040217156353134394,0.2499735756599345,98.07206114391671,402.78,2026-09-02
2026-09-02,2026-09-02 20:00:00+00:00,2027-06-30,350.0,75.28,897588647,GLD   270630C00350000,0.8240930869267625,301,0.8689607229753216,0.040217156353134394,0.25419262468414383,100.11028747177397,402.78,2026-09-02
2026-09-02,2026-09-02 20:00:00+00:00,2027-06-30,351.0,74.53,897588698,GLD   270630C00351000,0.8240930869267625,301,0.8714434678981082,0.040217156353134394,0.2538159960544669,101.10209566048916,402.78,2026-09-02
2026-09-02,2026-09-02 20:00:00+00:00,2027-06-30,352.0,73.72,897588752,GLD   270630C00352000,0.8240930869267625,301,0.8739262128208949,0.040217156353134394,0.2528204321338795,101.96032702419657,402.78,2026-09-02
2026-09-02,2026-09-02 20:00:00+00:00,2027-06-30,353.0,73.03,897588815,GLD   270630C00353000,0.8240930869267625,301,0.8764089577436814,0.040217156353134394,0.25297088428670544,103.05555445033002,402.78,2026-09-02
2026-09-02,2026-09-02 20:00:00+00:00,2027-06-30,354.0,72.22,897588870,GLD   270630C00354000,0.8240930869267625,301,0.8788917026664681,0.040217156353134394,0.25192649210011586,103.90135581551012,402.78,2026-09-02
2026-09-02,2026-09-02 20:00:00+00:00,2027-06-30,355.0,71.53,897588907,GLD   270630C00355000,0.8240930869267625,301,0.8813744475892548,0.040217156353134394,0.25200734790889556,104.97035627017112,402.78,2026-09-02
2026-09-02,2026-09-02 20:00:00+00:00,2027-06-30,356.0,70.8,897588922,GLD   270630C00356000,0.8240930869267625,301,0.8838571925120414,0.040217156353134394,0.2516713706965559,105.95012788696485,402.78,2026-09-02
2026-09-02,2026-09-02 20:00:00+00:00,2027-06-30,357.0,70.03,897588950,GLD   270630C00357000,0.8240930869267625,301,0.886339937434828,0.040217156353134394,0.2509297919887119,106.84814481226618,402.78,2026-09-02
2026-09-02,2026-09-02 20:00:00+00:00,2027-06-30,358.0,69.85,897588992,GLD   270630C00358000,0.8240930869267625,301,0.8888226823576146,0.040217156353134394,0.2556150797084905,108.71812145763826,402.78,2026-09-02
2026-09-02,2026-09-02 20:00:00+00:00,2027-06-30,359.0,68.58,897589019,GLD   270630C00359000,0.8240930869267625,301,0.8913054272804013,0.040217156353134394,0.25020199657930065,108.77308191377277,402.78,2026-09-02
2026-09-02,2026-09-02 20:00:00+00:00,2027-06-30,360.0,67.85,897589052,GLD   270630C00360000,0.8240930869267625,301,0.893788172203188,0.040217156353134394,0.2497465144443326,109.71062614472407,402.78,2026-09-02
2026-09-02,2026-09-02 20:00:00+00:00,2027-06-30,361.0,67.18,897589087,GLD   270630C00361000,0.8240930869267625,301,0.8962709171259745,0.040217156353134394,0.24980396658489484,110.72998328872382,402.78,2026-09-02
2026-09-02,2026-09-02 20:00:00+00:00,2027-06-30,362.0,66.47,897589127,GLD   270630C00362000,0.8240930869267625,301,0.8987536620487612,0.040217156353134394,0.24946535378238188,111.67329794411069,402.78,2026-09-02
2026-09-02,2026-09-02 20:00:00+00:00,2027-06-30,363.0,65.78,897589148,GLD   270630C00363000,0.8240930869267625,301,0.9012364069715478,0.040217156353134394,0.2492733468473889,112.63298291994914,402.78,2026-09-02
2026-09-02,2026-09-02 20:00:00+00:00,2027-06-30,364.0,65.07,897589187,GLD   270630C00364000,0.8240930869267625,301,0.9037191518943344,0.040217156353134394,0.24887187102837488,113.55129339929285,402.78,2026-09-02
2026-09-02,2026-09-02 20:00:00+00:00,2027-06-30,365.0,64.38,897589208,GLD   270630C00365000,0.8240930869267625,301,0.906201896817121,0.040217156353134394,0.24861523159937937,114.48433814109944,402.78,2026-09-02
2026-09-02,2026-09-02 20:00:00+00:00,2027-06-30,366.0,63.68,897589260,GLD   270630C00366000,0.8240930869267625,301,0.9086846417399077,0.040217156353134394,0.24823982297787445,115.39126645724545,402.78,2026-09-02
2026-09-02,2026-09-02 20:00:00+00:00,2027-06-30,367.0,62.95,897589296,GLD   270630C00367000,0.8240930869267625,301,0.9111673866626944,0.040217156353134394,0.24757617578441282,116.24938320139083,402.78,2026-09-02
2026-09-02,2026-09-02 20:00:00+00:00,2027-06-30,368.0,62.3,897589337,GLD   270630C00368000,0.8240930869267625,301,0.9136501315854809,0.040217156353134394,0.24756955421334131,117.19206145612262,402.78,2026-09-02
2026-09-02,2026-09-02 20:00:00+00:00,2027-06-30,369.0,61.65,897589380,GLD   270630C00369000,0.8240930869267625,301,0.9161328765082676,0.040217156353134394,0.247527124005463,118.11791250369357,402.78,2026-09-02
2026-09-02,2026-09-02 20:00:00+00:00,2027-06-30,370.0,60.93,897589420,GLD   270630C00370000,0.8240930869267625,301,0.9186156214310542,0.040217156353134394,0.24686133481292052,118.95250264746413,402.78,2026-09-02
2026-09-02,2026-09-02 20:00:00+00:00,2027-06-30,371.0,60.25,897589467,GLD   270630C00371000,0.8240930869267625,301,0.9210983663538409,0.040217156353134394,0.24650350920995695,119.8185031459176,402.78,2026-09-02
2026-09-02,2026-09-02 20:00:00+00:00,2027-06-30,372.0,59.6,897589491,GLD   270630C00372000,0.8240930869267625,301,0.9235811112766275,0.040217156353134394,0.24636398125244308,120.70081060505012,402.78,2026-09-02
2026-09-02,2026-09-02 20:00:00+00:00,2027-06-30,373.0,58.93,897589536,GLD   270630C00373000,0.8240930869267625,301,0.9260638561994141,0.040217156353134394,0.24602661639722065,121.54882535863001,402.78,2026-09-02
2026-09-02,2026-09-02 20:00:00+00:00,2027-06-30,374.0,58.3,897589580,GLD   270630C00374000,0.8240930869267625,301,0.9285466011222008,0.040217156353134394,0.24598559245830398,122.41883686803652,402.78,2026-09-02
2026-09-02,2026-09-02 20:00:00+00:00,2027-06-30,375.0,57.63,897589621,GLD   270630C00375000,0.8240930869267625,301,0.9310293460449874,0.040217156353134394,0.24558558809952813,123.23819485498714,402.78,2026-09-02
2026-09-02,2026-09-02 20:00:00+00:00,2027-06-30,376.0,57.03,897589671,GLD   270630C00376000,0.8240930869267625,301,0.933512090967774,0.040217156353134394,0.2457202546504326,124.10052337621752,402.78,2026-09-02
2026-09-02,2026-09-02 20:00:00+00:00,2027-06-30,377.0,56.35,897589722,GLD   270630C00377000,0.8240930869267625,301,0.9359948358905607,0.040217156353134394,0.2451779470483772,124.8832758638399,402.78,2026-09-02
2026-09-02,2026-09-02 20:00:00+00:00,2027-06-30,378.0,55.75,897589774,GLD   270630C00378000,0.8240930869267625,301,0.9384775808133473,0.040217156353134394,0.24524449802851306,125.71159069239651,402.78,2026-09-02
2026-09-02,2026-09-02 20:00:00+00:00,2027-06-30,379.0,55.08,897589841,GLD   270630C00379000,0.8240930869267625,301,0.940960325736134,0.040217156353134394,0.24472241834821185,126.47413315271827,402.78,2026-09-02
2026-09-02,2026-09-02 20:00:00+00:00,2027-06-30,380.0,54.5,897589891,GLD   270630C00380000,0.8240930869267625,301,0.9434430706589205,0.040217156353134394,0.24487966901985928,127.28188313373796,402.78,2026-09-02
2026-09-02,2026-09-02 20:00:00+00:00,2027-06-30,381.0,53.85,897589934,GLD   270630C00381000,0.8240930869267625,301,0.9459258155817072,0.040217156353134394,0.2444542028111406,128.0282641915866,402.78,2026-09-02
2026-09-02,2026-09-02 20:00:00+00:00,2027-06-30,382.0,53.23,897590004,GLD   270630C00382000,0.8240930869267625,301,0.9484085605044938,0.040217156353134394,0.24423272010618824,128.7779375183204,402.78,2026-09-02
2026-09-02,2026-09-02 20:00:00+00:00,2027-06-30,383.0,52.63,897590091,GLD   270630C00383000,0.8240930869267625,301,0.9508913054272805,0.040217156353134394,0.24413436509622266,129.5225274653154,402.78,2026-09-02
2026-09-02,2026-09-02 20:00:00+00:00,2027-06-30,384.0,52.03,897590152,GLD   270630C00384000,0.8240930869267625,301,0.9533740503500671,0.040217156353134394,0.24400344238718968,130.25020716130317,402.78,2026-09-02
2026-09-02,2026-09-02 20:00:00+00:00,2027-06-30,385.0,51.43,897590231,GLD   270630C00385000,0.8240930869267625,301,0.9558567952728537,0.040217156353134394,0.24384041763106368,130.96120979797303,402.78,2026-09-02
2026-09-02,2026-09-02 20:00:00+00:00,2027-06-30,386.0,50.8,897590285,GLD   270630C00386000,0.8240930869267625,301,0.9583395401956404,0.040217156353134394,0.24341787571674212,131.6428103284592,402.78,2026-09-02
2026-09-02,2026-09-02 20:00:00+00:00,2027-06-30,387.0,50.2,897590342,GLD   270630C00387000,0.8240930869267625,301,0.960822285118427,0.040217156353134394,0.24319316138708968,132.3220015884895,402.78,2026-09-02
2026-09-02,2026-09-02 20:00:00+00:00,2027-06-30,388.0,49.63,897590400,GLD   270630C00388000,0.8240930869267625,301,0.9633050300412136,0.040217156353134394,0.2431631733999588,132.99615596278767,402.78,2026-09-02
2026-09-02,2026-09-02 20:00:00+00:00,2027-06-30,389.0,49.08,897590468,GLD   270630C00389000,0.8240930869267625,301,0.9657877749640003,0.040217156353134394,0.24325013856263836,133.6593466020704,402.78,2026-09-02
2026-09-02,2026-09-02 20:00:00+00:00,2027-06-30,390.0,48.48,897590531,GLD   270630C00390000,0.8240930869267625,301,0.9682705198867869,0.040217156353134394,0.24293113902127378,134.28831843615694,402.78,2026-09-02
2026-09-02,2026-09-02 20:00:00+00:00,2027-06-30,391.0,47.93,897590586,GLD   270630C00391000,0.8240930869267625,301,0.9707532648095736,0.040217156353134394,0.2429530339770951,134.91584672204357,402.78,2026-09-02
2026-09-02,2026-09-02 20:00:00+00:00,2027-06-30,392.0,47.38,897590644,GLD   270630C00392000,0.8240930869267625,301,0.9732360097323601,0.040217156353134394,0.24294221222521745,135.52519088177252,402.78,2026-09-02
2026-09-02,2026-09-02 20:00:00+00:00,2027-06-30,393.0,46.4,897590697,GLD   270630C00393000,0.8240930869267625,301,0.9757187546551468,0.040217156353134394,0.2397388898520731,136.01424315813824,402.78,2026-09-02
2026-09-02,2026-09-02 20:00:00+00:00,2027-06-30,394.0,46.25,897590760,GLD   270630C00394000,0.8240930869267625,301,0.9782014995779335,0.040217156353134394,0.24260471698744224,136.6840079230859,402.78,2026-09-02
2026-09-02,2026-09-02 20:00:00+00:00,2027-06-30,395.0,45.65,897590829,GLD   270630C00395000,0.8240930869267625,301,0.9806842445007201,0.040217156353134394,0.2421348927716725,137.23150241783995,402.78,2026-09-02
2026-09-02,2026-09-02 20:00:00+00:00,2027-06-30,396.0,45.15,897590862,GLD   270630C00396000,0.8240930869267625,301,0.9831669894235067,0.040217156353134394,0.242362643152196,137.7802388360477,402.78,2026-09-02
2026-09-02,2026-09-02 20:00:00+00:00,2027-06-30,397.0,44.5,897590904,GLD   270630C00397000,0.8240930869267625,301,0.9856497343462933,0.040217156353134394,0.2414722141343169,138.28793960925432,402.78,2026-09-02
2026-09-02,2026-09-02 20:00:00+00:00,2027-06-30,398.0,43.55,897590964,GLD   270630C00398000,0.8240930869267625,301,0.98813247926908,0.040217156353134394,0.23839458985505624,138.74317214733958,402.78,2026-09-02
2026-09-02,2026-09-02 20:00:00+00:00,2027-06-30,399.0,43.25,897591022,GLD   270630C00399000,0.8240930869267625,301,0.9906152241918667,0.040217156353134394,0.23997471463782716,139.26847814812885,402.78,2026-09-02
2026-09-02,2026-09-02 20:00:00+00:00,2027-06-30,400.0,42.35,897591090,GLD   270630C00400000,0.8240930869267625,301,0.9930979691146532,0.040217156353134394,0.2372181667077355,139.71081015224456,402.78,2026-09-02
2026-09-02,2026-09-02 20:00:00+00:00,2027-06-30,401.0,42.25,897591201,GLD   270630C00401000,0.8240930869267625,301,0.9955807140374399,0.040217156353134394,0.24015475431708622,140.20965007382853,402.78,2026-09-02
2026-09-02,2026-09-02 20:00:00+00:00,2027-06-30,402.0,41.75,897591281,GLD   270630C00402000,0.8240930869267625,301,0.9980634589602265,0.040217156353134394,0.2401968771946617,140.652203752995,402.78,2026-09-02
2026-09-02,2026-09-02 20:00:00+00:00,2027-06-30,403.0,41.25,897591346,GLD   270630C00403000,0.8240930869267625,301,1.000546203883013,0.040217156353134394,0.24020757787702607,141.07633646369896,402.78,2026-09-02
2026-09-02,2026-09-02 20:00:00+00:00,2027-06-30,404.0,40.4,897591399,GLD   270630C00404000,0.8240930869267625,301,1.0030289488057997,0.040217156353134394,0.2377132944517769,141.4712096353589,402.78,2026-09-02
2026-09-02,2026-09-02 20:00:00+00:00,2027-06-30,405.0,40.1,897591482,GLD   270630C00405000,0.8240930869267625,301,1.0055116937285864,0.040217156353134394,0.23907874436145649,141.867289410828,402.78,2026-09-02
2026-09-02,2026-09-02 20:00:00+00:00,2027-06-30,406.0,39.75,897591547,GLD   270630C00406000,0.8240930869267625,301,1.007994438651373,0.040217156353134394,0.2400544715079479,142.23979929608217,402.78,2026-09-02
2026-09-02,2026-09-02 20:00:00+00:00,2027-06-30,407.0,39.1,897591606,GLD   270630C00407000,0.8240930869267625,301,1.0104771835741597,0.040217156353134394,0.23889075134648013,142.59227862992972,402.78,2026-09-02
2026-09-02,2026-09-02 20:00:00+00:00,2027-06-30,410.0,37.45,897591672,GLD   270630C00410000,0.8240930869267625,301,1.0179254183425195,0.040217156353134394,0.23733885438637808,143.5493595650983,402.78,2026-09-02
2026-09-02,2026-09-02 20:00:00+00:00,2027-06-30,415.0,35.28,897591742,GLD   270630C00415000,0.8240930869267625,301,1.0303391429564528,0.040217156353134394,0.2381956912708469,144.7677711838907,402.78,2026-09-02
2026-09-02,2026-09-02 20:00:00+00:00,2027-06-30,420.0,33.35,897591811,GLD   270630C00420000,0.8240930869267625,301,1.0427528675703859,0.040217156353134394,0.23995455190734938,145.52444630298703,402.78,2026-09-02
2026-09-02,2026-09-02 20:00:00+00:00,2027-06-30,425.0,30.93,897591871,GLD   270630C00425000,0.8240930869267625,301,1.055166592184319,0.040217156353134394,0.2376258077588864,145.85852292744138,402.78,2026-09-02
2026-09-02,2026-09-02 20:00:00+00:00,2027-06-30,430.0,29.45,897591919,GLD   270630C00430000,0.8240930869267625,301,1.0675803167982523,0.040217156353134394,0.24104266881430525,145.7648497522089,402.78,2026-09-02
2026-09-02,2026-09-02 20:00:00+00:00,2027-06-30,435.0,27.65,897591957,GLD   270630C00435000,0.8240930869267625,301,1.0799940414121854,0.040217156353134394,0.24158761200653395,145.27891937156352,402.78,2026-09-02
2026-09-02,2026-09-02 20:00:00+00:00,2027-06-30,440.0,25.98,897592020,GLD   270630C00440000,0.8240930869267625,301,1.0924077660261184,0.040217156353134394,0.24237035434888682,144.42596805314702,402.78,2026-09-02
2026-09-02,2026-09-02 20:00:00+00:00,2027-06-30,445.0,24.35,897592083,GLD   270630C00445000,0.8240930869267625,301,1.1048214906400518,0.040217156353134394,0.2427918532027863,143.21421893605068,402.78,2026-09-02
2026-09-02,2026-09-02 20:00:00+00:00,2027-06-30,450.0,22.83,897592137,GLD   270630C00450000,0.8240930869267625,301,1.1172352152539848,0.040217156353134394,0.24336024662842975,141.68411442770963,402.78,2026-09-02
2026-09-02,2026-09-02 20:00:00+00:00,2027-06-30,455.0,21.2,897592191,GLD   270630C00455000,0.8240930869267625,301,1.1296489398679181,0.040217156353134394,0.24253174932310362,139.73789062531247,402.78,2026-09-02
2026-09-02,2026-09-02 20:00:00+00:00,2027-06-30,460.0,20.0,897592219,GLD   270630C00460000,0.8240930869267625,301,1.1420626644818512,0.040217156353134394,0.24418979630721738,137.7296163272138,402.78,2026-09-02
2026-09-02,2026-09-02 20:00:00+00:00,2027-06-30,465.0,19.83,897592243,GLD   270630C00465000,0.8240930869267625,301,1.1544763890957843,0.040217156353134394,0.2528821962117217,136.3909802955034,402.78,2026-09-02
2026-09-02,2026-09-02 20:00:00+00:00,2027-06-30,470.0,17.5,897592267,GLD   270630C00470000,0.8240930869267625,301,1.1668901137097176,0.040217156353134394,0.24512530974922703,132.79407294445792,402.78,2026-09-02
2026-09-02,2026-09-02 20:00:00+00:00,2027-06-30,475.0,16.4,897592300,GLD   270630C00475000,0.8240930869267625,301,1.1793038383236507,0.040217156353134394,0.24590443863226102,130.0772797781335,402.78,2026-09-02
2026-09-02,2026-09-02 20:00:00+00:00,2027-06-30,480.0,15.5,897592325,GLD   270630C00480000,0.8240930869267625,301,1.1917175629375838,0.040217156353134394,0.24773089330932124,127.41668909850823,402.78,2026-09-02
2026-09-02,2026-09-02 20:00:00+00:00,2027-09-17,325.0,99.38,887869727,GLD   270917C00325000,1.0403832991101984,380,0.8068920999056558,0.04084706619608072,0.2580850467876531,88.70037523007161,402.78,2026-09-02
2026-09-02,2026-09-02 20:00:00+00:00,2027-09-17,330.0,95.4,887869790,GLD   270917C00330000,1.0403832991101984,380,0.8193058245195889,0.04084706619608072,0.25615621386757126,93.84114797613286,402.78,2026-09-02
2026-09-02,2026-09-02 20:00:00+00:00,2027-09-17,335.0,91.45,887869857,GLD   270917C00335000,1.0403832991101984,380,0.8317195491335221,0.04084706619608072,0.2539261413724162,98.91228869049289,402.78,2026-09-02
2026-09-02,2026-09-02 20:00:00+00:00,2027-09-17,340.0,87.75,887869910,GLD   270917C00340000,1.0403832991101984,380,0.8441332737474553,0.04084706619608072,0.2535254385356791,104.48582031267838,402.78,2026-09-02
2026-09-02,2026-09-02 20:00:00+00:00,2027-09-17,345.0,83.78,887869959,GLD   270917C00345000,1.0403832991101984,380,0.8565469983613884,0.04084706619608072,0.24991945758750667,109.15833969882368,402.78,2026-09-02
2026-09-02,2026-09-02 20:00:00+00:00,2027-09-17,350.0,80.28,887870022,GLD   270917C00350000,1.0403832991101984,380,0.8689607229753216,0.04084706619608072,0.2499791448575445,114.68815932332606,402.78,2026-09-02
2026-09-02,2026-09-02 20:00:00+00:00,2027-09-17,355.0,76.75,887870079,GLD   270917C00355000,1.0403832991101984,380,0.8813744475892548,0.04084706619608072,0.24903308905484162,119.82983318119061,402.78,2026-09-02
2026-09-02,2026-09-02 20:00:00+00:00,2027-09-17,360.0,73.15,887870134,GLD   270917C00360000,1.0403832991101984,380,0.893788172203188,0.04084706619608072,0.24686832890557125,124.58683083782279,402.78,2026-09-02
2026-09-02,2026-09-02 20:00:00+00:00,2027-09-17,365.0,69.97,887870182,GLD   270917C00365000,1.0403832991101984,380,0.906201896817121,0.04084706619608072,0.24738945865584538,129.63170869619626,402.78,2026-09-02
2026-09-02,2026-09-02 20:00:00+00:00,2027-09-17,370.0,66.35,887870217,GLD   270917C00370000,1.0403832991101984,380,0.9186156214310542,0.04084706619608072,0.24388758817603812,133.8489015497131,402.78,2026-09-02
2026-09-02,2026-09-02 20:00:00+00:00,2027-09-17,375.0,63.25,887870280,GLD   270917C00375000,1.0403832991101984,380,0.9310293460449874,0.04084706619608072,0.2436757817191072,138.30051646023676,402.78,2026-09-02
2026-09-02,2026-09-02 20:00:00+00:00,2027-09-17,380.0,60.23,887870334,GLD   270917C00380000,1.0403832991101984,380,0.9434430706589205,0.04084706619608072,0.24335772279473025,142.43293105285082,402.78,2026-09-02
2026-09-02,2026-09-02 20:00:00+00:00,2027-09-17,385.0,57.08,887870377,GLD   270917C00385000,1.0403832991101984,380,0.9558567952728537,0.04084706619608072,0.2415016433390789,146.13685567906012,402.78,2026-09-02
2026-09-02,2026-09-02 20:00:00+00:00,2027-09-17,390.0,54.53,887870430,GLD   270917C00390000,1.0403832991101984,380,0.9682705198867869,0.04084706619608072,0.24308974008364603,149.7190216069384,402.78,2026-09-02
2026-09-02,2026-09-02 20:00:00+00:00,2027-09-17,395.0,51.68,887870478,GLD   270917C00395000,1.0403832991101984,380,0.9806842445007201,0.04084706619608072,0.24200919467778884,152.79319080927786,402.78,2026-09-02
2026-09-02,2026-09-02 20:00:00+00:00,2027-09-17,400.0,49.15,887870533,GLD   270917C00400000,1.0403832991101984,380,0.9930979691146532,0.04084706619608072,0.2424015902833082,155.54198134678242,402.78,2026-09-02
2026-09-02,2026-09-02 20:00:00+00:00,2027-09-17,405.0,46.43,887870585,GLD   270917C00405000,1.0403832991101984,380,1.0055116937285864,0.04084706619608072,0.24096771747255702,157.88460033721032,402.78,2026-09-02
2026-09-02,2026-09-02 20:00:00+00:00,2027-09-17,410.0,44.25,887870628,GLD   270917C00410000,1.0403832991101984,380,1.0179254183425195,0.04084706619608072,0.24235034994008026,159.85052983211878,402.78,2026-09-02
2026-09-02,2026-09-02 20:00:00+00:00,2027-09-17,415.0,41.5,887870681,GLD   270917C00415000,1.0403832991101984,380,1.0303391429564528,0.04084706619608072,0.23958774853432552,161.44204487869473,402.78,2026-09-02
2026-09-02,2026-09-02 20:00:00+00:00,2027-09-17,420.0,39.4,887870740,GLD   270917C00420000,1.0403832991101984,380,1.0427528675703859,0.04084706619608072,0.2402911158411764,162.62031087324834,402.78,2026-09-02
2026-09-02,2026-09-02 20:00:00+00:00,2027-09-17,425.0,37.08,887870798,GLD   270917C00425000,1.0403832991101984,380,1.055166592184319,0.04084706619608072,0.2390756803714671,163.4258404747378,402.78,2026-09-02
2026-09-02,2026-09-02 20:00:00+00:00,2027-09-17,430.0,35.2,887870856,GLD   270917C00430000,1.0403832991101984,380,1.0675803167982523,0.04084706619608072,0.23999986915746707,163.83013357580904,402.78,2026-09-02
2026-09-02,2026-09-02 20:00:00+00:00,2027-09-17,435.0,33.4,887870918,GLD   270917C00435000,1.0403832991101984,380,1.0799940414121854,0.04084706619608072,0.2408684125325643,163.87352300255102,402.78,2026-09-02
2026-09-02,2026-09-02 20:00:00+00:00,2027-09-17,440.0,31.68,887870960,GLD   270917C00440000,1.0403832991101984,380,1.0924077660261184,0.04084706619608072,0.24169928466295826,163.57480711079708,402.78,2026-09-02
2026-09-02,2026-09-02 20:00:00+00:00,2027-09-17,445.0,30.38,887871012,GLD   270917C00445000,1.0403832991101984,380,1.1048214906400518,0.04084706619608072,0.24459654330657798,163.00631264813833,402.78,2026-09-02
2026-09-02,2026-09-02 20:00:00+00:00,2027-09-17,450.0,28.68,887871065,GLD   270917C00450000,1.0403832991101984,380,1.1172352152539848,0.04084706619608072,0.2445540385943838,162.08108485664434,402.78,2026-09-02
2026-09-02,2026-09-02 20:00:00+00:00,2027-09-17,455.0,26.8,887871118,GLD   270917C00455000,1.0403832991101984,380,1.1296489398679181,0.04084706619608072,0.24290256661614407,160.76020085234208,402.78,2026-09-02
2026-09-02,2026-09-02 20:00:00+00:00,2027-09-17,460.0,25.4,887871178,GLD   270917C00460000,1.0403832991101984,380,1.1420626644818512,0.04084706619608072,0.24375385292908175,159.2820600073576,402.78,2026-09-02
2026-09-02,2026-09-02 20:00:00+00:00,2027-09-17,465.0,23.85,887871225,GLD   270917C00465000,1.0403832991101984,380,1.1544763890957843,0.04084706619608072,0.2431992241757922,157.43212581210753,402.78,2026-09-02
2026-09-02,2026-09-02 20:00:00+00:00,2027-09-17,470.0,22.55,887871279,GLD   270917C00470000,1.0403832991101984,380,1.1668901137097176,0.04084706619608072,0.2437766233106144,155.44252148785247,402.78,2026-09-02
2026-09-02,2026-09-02 20:00:00+00:00,2027-09-17,475.0,21.43,887871325,GLD   270917C00475000,1.0403832991101984,380,1.1793038383236507,0.04084706619608072,0.2450917548679747,153.35140548172905,402.78,2026-09-02
2026-09-02,2026-09-02 20:00:00+00:00,2027-09-17,480.0,20.35,887871375,GLD   270917C00480000,1.0403832991101984,380,1.1917175629375838,0.04084706619608072,0.24626992886671795,151.08626584337813,402.78,2026-09-02
2026-09-02,2026-09-02 20:00:00+00:00,2028-01-21,325.0,107.0,814295299,GLD   280121C00325000,1.3853524982888432,506,0.8068920999056558,0.04160796715967671,0.2607381454751828,110.07751464384108,402.78,2026-09-02
2026-09-02,2026-09-02 20:00:00+00:00,2028-01-21,330.0,103.33,814295359,GLD   280121C00330000,1.3853524982888432,506,0.8193058245195889,0.04160796715967671,0.26005014468347654,115.57416177489651,402.78,2026-09-02
2026-09-02,2026-09-02 20:00:00+00:00,2028-01-21,335.0,99.2,814295409,GLD   280121C00335000,1.3853524982888432,506,0.8317195491335221,0.04160796715967671,0.2549930711145514,119.75018158595584,402.78,2026-09-02
2026-09-02,2026-09-02 20:00:00+00:00,2028-01-21,340.0,95.85,814295468,GLD   280121C00340000,1.3853524982888432,506,0.8441332737474553,0.04160796715967671,0.25598071895157914,125.6499357922516,402.78,2026-09-02
2026-09-02,2026-09-02 20:00:00+00:00,2028-01-21,345.0,92.0,814295533,GLD   280121C00345000,1.3853524982888432,506,0.8565469983613884,0.04160796715967671,0.2524748066126369,130.2557027324843,402.78,2026-09-02
2026-09-02,2026-09-02 20:00:00+00:00,2028-01-21,350.0,88.9,814295591,GLD   280121C00350000,1.3853524982888432,506,0.8689607229753216,0.04160796715967671,0.25418947687679905,136.04441347790484,402.78,2026-09-02
2026-09-02,2026-09-02 20:00:00+00:00,2028-01-21,355.0,85.28,814295637,GLD   280121C00355000,1.3853524982888432,506,0.8813744475892548,0.04160796715967671,0.2515283037840389,140.68961637202557,402.78,2026-09-02
2026-09-02,2026-09-02 20:00:00+00:00,2028-01-21,360.0,81.8,814295687,GLD   280121C00360000,1.3853524982888432,506,0.893788172203188,0.04160796715967671,0.24945806167246776,145.360339743352,402.78,2026-09-02
2026-09-02,2026-09-02 20:00:00+00:00,2028-01-21,365.0,78.78,814295739,GLD   280121C00365000,1.3853524982888432,506,0.906201896817121,0.04160796715967671,0.25004400086449463,150.32629938234163,402.78,2026-09-02
2026-09-02,2026-09-02 20:00:00+00:00,2028-01-21,370.0,75.28,814295802,GLD   280121C00370000,1.3853524982888432,506,0.9186156214310542,0.04160796715967671,0.24696645108954984,154.53064556467018,402.78,2026-09-02
2026-09-02,2026-09-02 20:00:00+00:00,2028-01-21,375.0,72.43,814295869,GLD   280121C00375000,1.3853524982888432,506,0.9310293460449874,0.04160796715967671,0.2476308898913674,159.0393413488605,402.78,2026-09-02
2026-09-02,2026-09-02 20:00:00+00:00,2028-01-21,380.0,69.22,814295954,GLD   280121C00380000,1.3853524982888432,506,0.9434430706589205,0.04160796715967671,0.24554798204610123,162.9923228621267,402.78,2026-09-02
2026-09-02,2026-09-02 20:00:00+00:00,2028-01-21,385.0,66.65,814295994,GLD   280121C00385000,1.3853524982888432,506,0.9558567952728537,0.04160796715967671,0.24690201416937632,166.9884593242789,402.78,2026-09-02
2026-09-02,2026-09-02 20:00:00+00:00,2028-01-21,390.0,63.63,814296032,GLD   280121C00390000,1.3853524982888432,506,0.9682705198867869,0.04160796715967671,0.24507489826651294,170.4659412257364,402.78,2026-09-02
2026-09-02,2026-09-02 20:00:00+00:00,2028-01-21,395.0,60.98,814296088,GLD   280121C00395000,1.3853524982888432,506,0.9806842445007201,0.04160796715967671,0.24497418240103871,173.75922014093737,402.78,2026-09-02
2026-09-02,2026-09-02 20:00:00+00:00,2028-01-21,400.0,58.65,814296135,GLD   280121C00400000,1.3853524982888432,506,0.9930979691146532,0.04160796715967671,0.24622341023450717,176.76622378468602,402.78,2026-09-02
2026-09-02,2026-09-02 20:00:00+00:00,2028-01-21,405.0,55.78,814296206,GLD   280121C00405000,1.3853524982888432,506,1.0055116937285864,0.04160796715967671,0.24397220645276832,179.38990839584662,402.78,2026-09-02
2026-09-02,2026-09-02 20:00:00+00:00,2028-01-21,410.0,53.65,816976248,GLD   280121C00410000,1.3853524982888432,506,1.0179254183425195,0.04160796715967671,0.24540964615764094,181.7321503007192,402.78,2026-09-02
2026-09-02,2026-09-02 20:00:00+00:00,2028-01-21,415.0,51.08,816976281,GLD   280121C00415000,1.3853524982888432,506,1.0303391429564528,0.04160796715967671,0.24398583142952995,183.74956838260718,402.78,2026-09-02
2026-09-02,2026-09-02 20:00:00+00:00,2028-01-21,420.0,49.1,816976318,GLD   280121C00420000,1.3853524982888432,506,1.0427528675703859,0.04160796715967671,0.24534669001074508,185.42010433422078,402.78,2026-09-02
2026-09-02,2026-09-02 20:00:00+00:00,2028-01-21,425.0,46.83,816976363,GLD   280121C00425000,1.3853524982888432,506,1.055166592184319,0.04160796715967671,0.24471893527144573,186.7915756684675,402.78,2026-09-02
2026-09-02,2026-09-02 20:00:00+00:00,2028-01-21,430.0,44.88,816976417,GLD   280121C00430000,1.3853524982888432,506,1.0675803167982523,0.04160796715967671,0.24539692454570905,187.82625258539827,402.78,2026-09-02
2026-09-02,2026-09-02 20:00:00+00:00,2028-01-21,435.0,42.58,816976485,GLD   280121C00435000,1.3853524982888432,506,1.0799940414121854,0.04160796715967671,0.24381631548488514,188.58091384907,402.78,2026-09-02
2026-09-02,2026-09-02 20:00:00+00:00,2028-01-21,440.0,40.85,816976556,GLD   280121C00440000,1.3853524982888432,506,1.0924077660261184,0.04160796715967671,0.24487105445833876,188.99646277414521,402.78,2026-09-02
2026-09-02,2026-09-02 20:00:00+00:00,2028-01-21,445.0,39.05,816976610,GLD   280121C00445000,1.3853524982888432,506,1.1048214906400518,0.04160796715967671,0.24517221021605656,189.12880577521247,402.78,2026-09-02
2026-09-02,2026-09-02 20:00:00+00:00,2028-01-21,450.0,37.65,816976653,GLD   280121C00450000,1.3853524982888432,506,1.1172352152539848,0.04160796715967671,0.24721797765986997,188.99679772969654,402.78,2026-09-02
2026-09-02,2026-09-02 20:00:00+00:00,2028-01-21,455.0,35.78,816976727,GLD   280121C00455000,1.3853524982888432,506,1.1296489398679181,0.04160796715967671,0.2464161528996192,188.57550830236636,402.78,2026-09-02
2026-09-02,2026-09-02 20:00:00+00:00,2028-01-21,460.0,34.67,816976778,GLD   280121C00460000,1.3853524982888432,506,1.1420626644818512,0.04160796715967671,0.24929863174958156,187.99752710476102,402.78,2026-09-02
2026-09-02,2026-09-02 20:00:00+00:00,2028-01-21,465.0,32.6,816976825,GLD   280121C00465000,1.3853524982888432,506,1.1544763890957843,0.04160796715967671,0.24672894995668904,186.98627313114022,402.78,2026-09-02
2026-09-02,2026-09-02 20:00:00+00:00,2028-01-21,470.0,31.15,816976882,GLD   280121C00470000,1.3853524982888432,506,1.1668901137097176,0.04160796715967671,0.24712590895155445,185.85027732871973,402.78,2026-09-02
2026-09-02,2026-09-02 20:00:00+00:00,2028-01-21,475.0,29.95,816976936,GLD   280121C00475000,1.3853524982888432,506,1.1793038383236507,0.04160796715967671,0.24855004963604735,184.58881049741953,402.78,2026-09-02
2026-09-02,2026-09-02 20:00:00+00:00,2028-01-21,480.0,28.78,816976991,GLD   280121C00480000,1.3853524982888432,506,1.1917175629375838,0.04160796715967671,0.2498354725974612,183.1526550495794,402.78,2026-09-02
2026-09-02,2026-09-02 20:00:00+00:00,2028-06-16,325.0,115.23,852304105,GLD   280616C00325000,1.787816563997262,653,0.8068920999056558,0.0424956849505387,0.2610401580325329,129.41171765192595,402.78,2026-09-02
2026-09-02,2026-09-02 20:00:00+00:00,2028-06-16,330.0,111.88,851891539,GLD   280616C00330000,1.787816563997262,653,0.8193058245195889,0.0424956849505387,0.26154399346848956,135.26359298479014,402.78,2026-09-02
2026-09-02,2026-09-02 20:00:00+00:00,2028-06-16,335.0,108.23,852304174,GLD   280616C00335000,1.787816563997262,653,0.8317195491335221,0.0424956849505387,0.25940117484023795,140.23566045803048,402.78,2026-09-02
2026-09-02,2026-09-02 20:00:00+00:00,2028-06-16,340.0,104.95,851891588,GLD   280616C00340000,1.787816563997262,653,0.8441332737474553,0.0424956849505387,0.2594938488961198,145.77082717334525,402.78,2026-09-02
2026-09-02,2026-09-02 20:00:00+00:00,2028-06-16,345.0,101.55,852304254,GLD   280616C00345000,1.787816563997262,653,0.8565469983613884,0.0424956849505387,0.2583352881585248,150.86055011210013,402.78,2026-09-02
2026-09-02,2026-09-02 20:00:00+00:00,2028-06-16,350.0,98.05,851891628,GLD   280616C00350000,1.787816563997262,653,0.8689607229753216,0.0424956849505387,0.2561712078611367,155.62306916256838,402.78,2026-09-02
2026-09-02,2026-09-02 20:00:00+00:00,2028-06-16,355.0,94.75,852304325,GLD   280616C00355000,1.787816563997262,653,0.8813744475892548,0.0424956849505387,0.2549557351392694,160.50282855283876,402.78,2026-09-02
2026-09-02,2026-09-02 20:00:00+00:00,2028-06-16,360.0,91.53,851891668,GLD   280616C00360000,1.787816563997262,653,0.893788172203188,0.0424956849505387,0.25387437018593784,165.27732280820257,402.78,2026-09-02
2026-09-02,2026-09-02 20:00:00+00:00,2028-06-16,365.0,88.38,852304389,GLD   280616C00365000,1.787816563997262,653,0.906201896817121,0.0424956849505387,0.25285269250264386,169.9114887944932,402.78,2026-09-02
2026-09-02,2026-09-02 20:00:00+00:00,2028-06-16,370.0,85.38,851891693,GLD   280616C00370000,1.787816563997262,653,0.9186156214310542,0.0424956849505387,0.2523409782352858,174.44963299229718,402.78,2026-09-02
2026-09-02,2026-09-02 20:00:00+00:00,2028-06-16,375.0,82.4,852304452,GLD   280616C00375000,1.787816563997262,653,0.9310293460449874,0.0424956849505387,0.25157179567841814,178.75665121659154,402.78,2026-09-02
2026-09-02,2026-09-02 20:00:00+00:00,2028-06-16,380.0,79.5,851891739,GLD   280616C00380000,1.787816563997262,653,0.9434430706589205,0.0424956849505387,0.25088952240599327,182.8699667488758,402.78,2026-09-02
2026-09-02,2026-09-02 20:00:00+00:00,2028-06-16,385.0,76.6,852304531,GLD   280616C00385000,1.787816563997262,653,0.9558567952728537,0.0424956849505387,0.24985883901352068,186.7398689965908,402.78,2026-09-02
2026-09-02,2026-09-02 20:00:00+00:00,2028-06-16,390.0,73.97,851891780,GLD   280616C00390000,1.787816563997262,653,0.9682705198867869,0.0424956849505387,0.2499169616929256,190.46016638487276,402.78,2026-09-02
2026-09-02,2026-09-02 20:00:00+00:00,2028-06-16,395.0,71.15,852304600,GLD   280616C00395000,1.787816563997262,653,0.9806842445007201,0.0424956849505387,0.24863168774014338,193.86303338636037,402.78,2026-09-02
2026-09-02,2026-09-02 20:00:00+00:00,2028-06-16,400.0,68.65,851891820,GLD   280616C00400000,1.787816563997262,653,0.9930979691146532,0.0424956849505387,0.24865900288494305,197.0773513933277,402.78,2026-09-02
2026-09-02,2026-09-02 20:00:00+00:00,2028-06-16,405.0,66.18,852304666,GLD   280616C00405000,1.787816563997262,653,1.0055116937285864,0.0424956849505387,0.24848918892303484,200.01929298290537,402.78,2026-09-02
2026-09-02,2026-09-02 20:00:00+00:00,2028-06-16,410.0,63.73,851891862,GLD   280616C00410000,1.787816563997262,653,1.0179254183425195,0.0424956849505387,0.2480842207142152,202.69358191683787,402.78,2026-09-02
2026-09-02,2026-09-02 20:00:00+00:00,2028-06-16,415.0,61.48,852304743,GLD   280616C00415000,1.787816563997262,653,1.0303391429564528,0.0424956849505387,0.24833308375524354,205.09892203470392,402.78,2026-09-02
2026-09-02,2026-09-02 20:00:00+00:00,2028-06-16,420.0,59.08,851891902,GLD   280616C00420000,1.787816563997262,653,1.0427528675703859,0.0424956849505387,0.24752912630895157,207.242772009228,402.78,2026-09-02
2026-09-02,2026-09-02 20:00:00+00:00,2028-06-16,425.0,57.0,852304826,GLD   280616C00425000,1.787816563997262,653,1.055166592184319,0.0424956849505387,0.24795352151812988,209.10045774718256,402.78,2026-09-02
2026-09-02,2026-09-02 20:00:00+00:00,2028-06-16,430.0,54.93,851891950,GLD   280616C00430000,1.787816563997262,653,1.0675803167982523,0.0424956849505387,0.2481085743124597,210.69136068979552,402.78,2026-09-02
2026-09-02,2026-09-02 20:00:00+00:00,2028-06-16,435.0,52.8,852304894,GLD   280616C00435000,1.787816563997262,653,1.0799940414121854,0.0424956849505387,0.2476756297330372,212.02980197521728,402.78,2026-09-02
2026-09-02,2026-09-02 20:00:00+00:00,2028-06-16,440.0,50.8,851891989,GLD   280616C00440000,1.787816563997262,653,1.0924077660261184,0.0424956849505387,0.24756074407799167,213.09871922688515,402.78,2026-09-02
2026-09-02,2026-09-02 20:00:00+00:00,2028-06-16,445.0,48.98,852304959,GLD   280616C00445000,1.787816563997262,653,1.1048214906400518,0.0424956849505387,0.2479977258600295,213.89890805773285,402.78,2026-09-02
2026-09-02,2026-09-02 20:00:00+00:00,2028-06-16,450.0,46.75,851892032,GLD   280616C00450000,1.787816563997262,653,1.1172352152539848,0.0424956849505387,0.24623624360291288,214.48253807666276,402.78,2026-09-02
2026-09-02,2026-09-02 20:00:00+00:00,2028-06-16,455.0,45.53,852305055,GLD   280616C00455000,1.787816563997262,653,1.1296489398679181,0.0424956849505387,0.24890435491008683,214.76545700976828,402.78,2026-09-02
2026-09-02,2026-09-02 20:00:00+00:00,2028-06-16,460.0,43.63,851892072,GLD   280616C00460000,1.787816563997262,653,1.1420626644818512,0.0424956849505387,0.24813141919830817,214.84877238150776,402.78,2026-09-02
2026-09-02,2026-09-02 20:00:00+00:00,2028-06-16,465.0,42.1,852305139,GLD   280616C00465000,1.787816563997262,653,1.1544763890957843,0.0424956849505387,0.2488150614875369,214.70447822573672,402.78,2026-09-02
2026-09-02,2026-09-02 20:00:00+00:00,2028-06-16,470.0,40.65,851892108,GLD   280616C00470000,1.787816563997262,653,1.1668901137097176,0.0424956849505387,0.2496131889711134,214.35691340613693,402.78,2026-09-02
2026-09-02,2026-09-02 20:00:00+00:00,2028-06-16,475.0,39.08,852305199,GLD   280616C00475000,1.787816563997262,653,1.1793038383236507,0.0424956849505387,0.24959917284669358,213.78774245634918,402.78,2026-09-02
2026-09-02,2026-09-02 20:00:00+00:00,2028-06-16,480.0,37.7,851892142,GLD   280616C00480000,1.787816563997262,653,1.1917175629375838,0.0424956849505387,0.2502277797291056,213.0479023135298,402.78,2026-09-02
