date,timestamp,expiry,K,price,conId,localSymbol,T,dte,moneyness,rate,implied_vol,vega,spot,curve_date
2026-08-28,2026-08-28 20:00:00+00:00,2026-09-18,329.0,80.78,803857782,GLD   260918C00329000,0.057494866529774126,21,0.8046173787571229,0.0376810669676884,0.41604137209318587,3.1067217511888123,408.89,2026-08-28
2026-08-28,2026-08-28 20:00:00+00:00,2026-09-18,332.0,77.65,811871974,GLD   260918C00332000,0.057494866529774126,21,0.8119543153415344,0.0376810669676884,0.33584950852431356,1.1558725134347212,408.89,2026-08-28
2026-08-28,2026-08-28 20:00:00+00:00,2026-09-18,333.0,76.65,811872029,GLD   260918C00333000,0.057494866529774126,21,0.8143999608696716,0.0376810669676884,0.32961860083304345,1.123724245349649,408.89,2026-08-28
2026-08-28,2026-08-28 20:00:00+00:00,2026-09-18,334.0,75.68,811872089,GLD   260918C00334000,0.057494866529774126,21,0.8168456063978087,0.0376810669676884,0.34526782260425376,1.6709960543771036,408.89,2026-08-28
2026-08-28,2026-08-28 20:00:00+00:00,2026-09-18,336.0,73.78,811872142,GLD   260918C00336000,0.057494866529774126,21,0.8217368974540831,0.0376810669676884,0.376206233353354,3.142721519871985,408.89,2026-08-28
2026-08-28,2026-08-28 20:00:00+00:00,2026-09-18,337.0,72.8,811872202,GLD   260918C00337000,0.057494866529774126,21,0.8241825429822202,0.0376810669676884,0.3766914939320646,3.4027082553578754,408.89,2026-08-28
2026-08-28,2026-08-28 20:00:00+00:00,2026-09-18,338.0,71.7,811872263,GLD   260918C00338000,0.057494866529774126,21,0.8266281885103574,0.0376810669676884,0.3333651900513098,1.9496027121187092,408.89,2026-08-28
2026-08-28,2026-08-28 20:00:00+00:00,2026-09-18,339.0,70.7,811872323,GLD   260918C00339000,0.057494866529774126,21,0.8290738340384944,0.0376810669676884,0.32769754430092873,1.933477940629974,408.89,2026-08-28
2026-08-28,2026-08-28 20:00:00+00:00,2026-09-18,341.0,68.7,811872383,GLD   260918C00341000,0.057494866529774126,21,0.8339651250947688,0.0376810669676884,0.31639537928160283,1.8990793905887737,408.89,2026-08-28
2026-08-28,2026-08-28 20:00:00+00:00,2026-09-18,342.0,67.7,811872429,GLD   260918C00342000,0.057494866529774126,21,0.8364107706229059,0.0376810669676884,0.31075988214351236,1.880728578904409,408.89,2026-08-28
2026-08-28,2026-08-28 20:00:00+00:00,2026-09-18,343.0,66.85,811872483,GLD   260918C00343000,0.057494866529774126,21,0.8388564161510431,0.0376810669676884,0.3564679167108611,4.100420888742783,408.89,2026-08-28
2026-08-28,2026-08-28 20:00:00+00:00,2026-09-18,344.0,65.7,811872545,GLD   260918C00344000,0.057494866529774126,21,0.8413020616791802,0.0376810669676884,0.29951729263775057,1.8415079810242272,408.89,2026-08-28
2026-08-28,2026-08-28 20:00:00+00:00,2026-09-18,345.0,64.72,803858008,GLD   260918C00345000,0.057494866529774126,21,0.8437477072073174,0.0376810669676884,0.3038581375923008,2.2057956207800054,408.89,2026-08-28
2026-08-28,2026-08-28 20:00:00+00:00,2026-09-18,346.0,63.7,811872598,GLD   260918C00346000,0.057494866529774126,21,0.8461933527354546,0.0376810669676884,0.28830834183059634,1.7986008556721584,408.89,2026-08-28
2026-08-28,2026-08-28 20:00:00+00:00,2026-09-18,347.0,62.88,811872656,GLD   260918C00347000,0.057494866529774126,21,0.8486389982635917,0.0376810669676884,0.3411459039253182,4.555125396404759,408.89,2026-08-28
2026-08-28,2026-08-28 20:00:00+00:00,2026-09-18,348.0,61.75,811872714,GLD   260918C00348000,0.057494866529774126,21,0.8510846437917289,0.0376810669676884,0.29968380512716253,2.7141013224788404,408.89,2026-08-28
2026-08-28,2026-08-28 20:00:00+00:00,2026-09-18,349.0,60.7,811872778,GLD   260918C00349000,0.057494866529774126,21,0.853530289319866,0.0376810669676884,0.27154452618118374,1.7263131854450842,408.89,2026-08-28
2026-08-28,2026-08-28 20:00:00+00:00,2026-09-18,350.0,59.95,803858047,GLD   260918C00350000,0.057494866529774126,21,0.8559759348480032,0.0376810669676884,0.33840946750398726,5.467362190967241,408.89,2026-08-28
2026-08-28,2026-08-28 20:00:00+00:00,2026-09-18,351.0,58.8,811872828,GLD   260918C00351000,0.057494866529774126,21,0.8584215803761404,0.0376810669676884,0.299510349766817,3.541582630288834,408.89,2026-08-28
2026-08-28,2026-08-28 20:00:00+00:00,2026-09-18,352.0,57.8,811872903,GLD   260918C00352000,0.057494866529774126,21,0.8608672259042774,0.0376810669676884,0.2941156785166823,3.5528111569850322,408.89,2026-08-28
2026-08-28,2026-08-28 20:00:00+00:00,2026-09-18,353.0,56.8,811872958,GLD   260918C00353000,0.057494866529774126,21,0.8633128714324146,0.0376810669676884,0.2887362387426198,3.564263347536218,408.89,2026-08-28
2026-08-28,2026-08-28 20:00:00+00:00,2026-09-18,354.0,55.95,811873023,GLD   260918C00354000,0.057494866529774126,21,0.8657585169605517,0.0376810669676884,0.31609044708637524,5.636296260832975,408.89,2026-08-28
2026-08-28,2026-08-28 20:00:00+00:00,2026-09-18,355.0,54.9,803858102,GLD   260918C00355000,0.057494866529774126,21,0.8682041624886889,0.0376810669676884,0.30122664515636866,5.056250861064775,408.89,2026-08-28
2026-08-28,2026-08-28 20:00:00+00:00,2026-09-18,356.0,53.98,811873068,GLD   260918C00356000,0.057494866529774126,21,0.8706498080168261,0.0376810669676884,0.31008595335446304,6.082677275884706,408.89,2026-08-28
2026-08-28,2026-08-28 20:00:00+00:00,2026-09-18,357.0,53.13,811873127,GLD   260918C00357000,0.057494866529774126,21,0.8730954535449632,0.0376810669676884,0.32618931152643627,7.713821056807868,408.89,2026-08-28
2026-08-28,2026-08-28 20:00:00+00:00,2026-09-18,358.0,51.95,811873181,GLD   260918C00358000,0.057494866529774126,21,0.8755410990731004,0.0376810669676884,0.2939679690539837,5.824735337547483,408.89,2026-08-28
2026-08-28,2026-08-28 20:00:00+00:00,2026-09-18,359.0,50.98,811873241,GLD   260918C00359000,0.057494866529774126,21,0.8779867446012375,0.0376810669676884,0.29341666971230884,6.245984203186522,408.89,2026-08-28
2026-08-28,2026-08-28 20:00:00+00:00,2026-09-18,360.0,49.98,803858153,GLD   260918C00360000,0.057494866529774126,21,0.8804323901293747,0.0376810669676884,0.2878818837831729,6.303724321319788,408.89,2026-08-28
2026-08-28,2026-08-28 20:00:00+00:00,2026-09-18,361.0,49.0,897210631,GLD   260918C00361000,0.057494866529774126,21,0.8828780356575119,0.0376810669676884,0.28544143438264724,6.60734157829115,408.89,2026-08-28
2026-08-28,2026-08-28 20:00:00+00:00,2026-09-18,362.0,48.03,897210656,GLD   260918C00362000,0.057494866529774126,21,0.885323681185649,0.0376810669676884,0.2842764243652113,7.029522361321207,408.89,2026-08-28
2026-08-28,2026-08-28 20:00:00+00:00,2026-09-18,363.0,47.05,897210671,GLD   260918C00363000,0.057494866529774126,21,0.8877693267137862,0.0376810669676884,0.28146844051806263,7.334511311694771,408.89,2026-08-28
2026-08-28,2026-08-28 20:00:00+00:00,2026-09-18,364.0,46.05,897210700,GLD   260918C00364000,0.057494866529774126,21,0.8902149722419233,0.0376810669676884,0.27586928286002954,7.412757531484533,408.89,2026-08-28
2026-08-28,2026-08-28 20:00:00+00:00,2026-09-18,365.0,45.08,803858205,GLD   260918C00365000,0.057494866529774126,21,0.8926606177700604,0.0376810669676884,0.27419118490191174,7.839760316290943,408.89,2026-08-28
2026-08-28,2026-08-28 20:00:00+00:00,2026-09-18,366.0,44.13,897210724,GLD   260918C00366000,0.057494866529774126,21,0.8951062632981975,0.0376810669676884,0.27465782405817896,8.482155373835072,408.89,2026-08-28
2026-08-28,2026-08-28 20:00:00+00:00,2026-09-18,367.0,43.15,897210741,GLD   260918C00367000,0.057494866529774126,21,0.8975519088263347,0.0376810669676884,0.27126909303851426,8.796288365999343,408.89,2026-08-28
2026-08-28,2026-08-28 20:00:00+00:00,2026-09-18,368.0,42.15,897210767,GLD   260918C00368000,0.057494866529774126,21,0.8999975543544719,0.0376810669676884,0.26555683317249645,8.902450575917202,408.89,2026-08-28
2026-08-28,2026-08-28 20:00:00+00:00,2026-09-18,369.0,41.2,897210791,GLD   260918C00369000,0.057494866529774126,21,0.902443199882609,0.0376810669676884,0.2652394587565214,9.540077573931596,408.89,2026-08-28
2026-08-28,2026-08-28 20:00:00+00:00,2026-09-18,370.0,40.23,803858277,GLD   260918C00370000,0.057494866529774126,21,0.9048888454107462,0.0376810669676884,0.26252570424284793,9.967272528112476,408.89,2026-08-28
2026-08-28,2026-08-28 20:00:00+00:00,2026-09-18,371.0,39.28,897210809,GLD   260918C00371000,0.057494866529774126,21,0.9073344909388833,0.0376810669676884,0.2615526173430497,10.59091394650653,408.89,2026-08-28
2026-08-28,2026-08-28 20:00:00+00:00,2026-09-18,372.0,38.33,897210837,GLD   260918C00372000,0.057494866529774126,21,0.9097801364670205,0.0376810669676884,0.2602425427661279,11.206090895741205,408.89,2026-08-28
2026-08-28,2026-08-28 20:00:00+00:00,2026-09-18,373.0,37.38,897210857,GLD   260918C00373000,0.057494866529774126,21,0.9122257819951577,0.0376810669676884,0.2586289748585784,11.81475421206952,408.89,2026-08-28
2026-08-28,2026-08-28 20:00:00+00:00,2026-09-18,374.0,36.45,897210884,GLD   260918C00374000,0.057494866529774126,21,0.9146714275232948,0.0376810669676884,0.25833868741793564,12.588483553029787,408.89,2026-08-28
2026-08-28,2026-08-28 20:00:00+00:00,2026-09-18,375.0,35.45,803858325,GLD   260918C00375000,0.057494866529774126,21,0.917117073051432,0.0376810669676884,0.25226871836194775,12.767088969375855,408.89,2026-08-28
2026-08-28,2026-08-28 20:00:00+00:00,2026-09-18,376.0,34.5,897210918,GLD   260918C00376000,0.057494866529774126,21,0.9195627185795691,0.0376810669676884,0.24999385014688597,13.373876715040344,408.89,2026-08-28
2026-08-28,2026-08-28 20:00:00+00:00,2026-09-18,377.0,33.58,897210941,GLD   260918C00377000,0.057494866529774126,21,0.9220083641077063,0.0376810669676884,0.24961849740361797,14.215413194805565,408.89,2026-08-28
2026-08-28,2026-08-28 20:00:00+00:00,2026-09-18,378.0,32.65,897210961,GLD   260918C00378000,0.057494866529774126,21,0.9244540096358435,0.0376810669676884,0.24815731876110658,14.963019350767633,408.89,2026-08-28
2026-08-28,2026-08-28 20:00:00+00:00,2026-09-18,379.0,31.55,897210989,GLD   260918C00379000,0.057494866529774126,21,0.9268996551639805,0.0376810669676884,0.23509829540876673,14.40971435227213,408.89,2026-08-28
2026-08-28,2026-08-28 20:00:00+00:00,2026-09-18,380.0,30.78,803858360,GLD   260918C00380000,0.057494866529774126,21,0.9293453006921177,0.0376810669676884,0.2437174948229454,16.363580151871197,408.89,2026-08-28
2026-08-28,2026-08-28 20:00:00+00:00,2026-09-18,381.0,29.83,897211017,GLD   260918C00381000,0.057494866529774126,21,0.9317909462202548,0.0376810669676884,0.24024420606130736,16.959416523094248,408.89,2026-08-28
2026-08-28,2026-08-28 20:00:00+00:00,2026-09-18,382.0,28.95,897211044,GLD   260918C00382000,0.057494866529774126,21,0.934236591748392,0.0376810669676884,0.24054360165456318,18.00157738748745,408.89,2026-08-28
2026-08-28,2026-08-28 20:00:00+00:00,2026-09-18,383.0,28.03,897211066,GLD   260918C00383000,0.057494866529774126,21,0.9366822372765292,0.0376810669676884,0.23822431489769366,18.774124157678106,408.89,2026-08-28
2026-08-28,2026-08-28 20:00:00+00:00,2026-09-18,384.0,27.13,897211094,GLD   260918C00384000,0.057494866529774126,21,0.9391278828046663,0.0376810669676884,0.23666398498034108,19.65230664137324,408.89,2026-08-28
2026-08-28,2026-08-28 20:00:00+00:00,2026-09-18,385.0,26.13,803858402,GLD   260918C00385000,0.057494866529774126,21,0.9415735283328035,0.0376810669676884,0.22983549679769205,19.97572230952045,408.89,2026-08-28
2026-08-28,2026-08-28 20:00:00+00:00,2026-09-18,386.0,25.3,897211119,GLD   260918C00386000,0.057494866529774126,21,0.9440191738609406,0.0376810669676884,0.2311684162604622,21.215594952766537,408.89,2026-08-28
2026-08-28,2026-08-28 20:00:00+00:00,2026-09-18,387.0,24.4,897211136,GLD   260918C00387000,0.057494866529774126,21,0.9464648193890778,0.0376810669676884,0.2287353567567654,22.063021746086587,408.89,2026-08-28
2026-08-28,2026-08-28 20:00:00+00:00,2026-09-18,388.0,23.63,897211163,GLD   260918C00388000,0.057494866529774126,21,0.948910464917215,0.0376810669676884,0.23162968179294835,23.463529567161494,408.89,2026-08-28
2026-08-28,2026-08-28 20:00:00+00:00,2026-09-18,389.0,22.75,897211193,GLD   260918C00389000,0.057494866529774126,21,0.9513561104453521,0.0376810669676884,0.22928188316570597,24.341941320846395,408.89,2026-08-28
2026-08-28,2026-08-28 20:00:00+00:00,2026-09-18,390.0,21.9,803858438,GLD   260918C00390000,0.057494866529774126,21,0.9538017559734893,0.0376810669676884,0.2278233959916048,25.315023676521196,408.89,2026-08-28
2026-08-28,2026-08-28 20:00:00+00:00,2026-09-18,391.0,21.13,897211216,GLD   260918C00391000,0.057494866529774126,21,0.9562474015016263,0.0376810669676884,0.22902834497885782,26.519823470918254,408.89,2026-08-28
2026-08-28,2026-08-28 20:00:00+00:00,2026-09-18,392.0,20.33,897211241,GLD   260918C00392000,0.057494866529774126,21,0.9586930470297635,0.0376810669676884,0.22857141000973064,27.56400794337603,408.89,2026-08-28
2026-08-28,2026-08-28 20:00:00+00:00,2026-09-18,393.0,19.5,897211266,GLD   260918C00393000,0.057494866529774126,21,0.9611386925579007,0.0376810669676884,0.22661875433465467,28.48261153659732,408.89,2026-08-28
2026-08-28,2026-08-28 20:00:00+00:00,2026-09-18,394.0,18.75,897211289,GLD   260918C00394000,0.057494866529774126,21,0.9635843380860378,0.0376810669676884,0.22703087495779622,29.559191430329435,408.89,2026-08-28
2026-08-28,2026-08-28 20:00:00+00:00,2026-09-18,395.0,17.98,803858480,GLD   260918C00395000,0.057494866529774126,21,0.966029983614175,0.0376810669676884,0.22628323346124962,30.528401908177763,408.89,2026-08-28
2026-08-28,2026-08-28 20:00:00+00:00,2026-09-18,396.0,17.25,897211313,GLD   260918C00396000,0.057494866529774126,21,0.9684756291423121,0.0376810669676884,0.22637466888288038,31.51737854071637,408.89,2026-08-28
2026-08-28,2026-08-28 20:00:00+00:00,2026-09-18,397.0,16.52,897211331,GLD   260918C00397000,0.057494866529774126,21,0.9709212746704493,0.0376810669676884,0.2259848995544948,32.440506090811795,408.89,2026-08-28
2026-08-28,2026-08-28 20:00:00+00:00,2026-09-18,398.0,15.78,897211352,GLD   260918C00398000,0.057494866529774126,21,0.9733669201985864,0.0376810669676884,0.22484066227162258,33.28990277244415,408.89,2026-08-28
2026-08-28,2026-08-28 20:00:00+00:00,2026-09-18,399.0,15.13,897211376,GLD   260918C00399000,0.057494866529774126,21,0.9758125657267236,0.0376810669676884,0.22591365480246026,34.18394896453066,408.89,2026-08-28
2026-08-28,2026-08-28 20:00:00+00:00,2026-09-18,400.0,14.45,803858533,GLD   260918C00400000,0.057494866529774126,21,0.9782582112548608,0.0376810669676884,0.22560528143914418,34.9669692016452,408.89,2026-08-28
2026-08-28,2026-08-28 20:00:00+00:00,2026-09-18,401.0,13.8,897211394,GLD   260918C00401000,0.057494866529774126,21,0.9807038567829979,0.0376810669676884,0.22567850986858828,35.703292143560944,408.89,2026-08-28
2026-08-28,2026-08-28 20:00:00+00:00,2026-09-18,402.0,13.13,897211411,GLD   260918C00402000,0.057494866529774126,21,0.9831495023111351,0.0376810669676884,0.2247284401458688,36.35444895589573,408.89,2026-08-28
2026-08-28,2026-08-28 20:00:00+00:00,2026-09-18,403.0,12.45,897211434,GLD   260918C00403000,0.057494866529774126,21,0.9855951478392722,0.0376810669676884,0.22306893101455644,36.93577442516713,408.89,2026-08-28
2026-08-28,2026-08-28 20:00:00+00:00,2026-09-18,404.0,11.83,897211462,GLD   260918C00404000,0.057494866529774126,21,0.9880407933674094,0.0376810669676884,0.22258779145581647,37.4737704493823,408.89,2026-08-28
2026-08-28,2026-08-28 20:00:00+00:00,2026-09-18,405.0,11.28,803858564,GLD   260918C00405000,0.057494866529774126,21,0.9904864388955466,0.0376810669676884,0.22349146827235816,37.95184481808531,408.89,2026-08-28
2026-08-28,2026-08-28 20:00:00+00:00,2026-09-18,406.0,10.75,897211480,GLD   260918C00406000,0.057494866529774126,21,0.9929320844236836,0.0376810669676884,0.22442680942313747,38.34724172171089,408.89,2026-08-28
2026-08-28,2026-08-28 20:00:00+00:00,2026-09-18,407.0,10.2,897211502,GLD   260918C00407000,0.057494866529774126,21,0.9953777299518208,0.0376810669676884,0.22436149707725273,38.65705033645741,408.89,2026-08-28
2026-08-28,2026-08-28 20:00:00+00:00,2026-09-18,408.0,9.7,897211520,GLD   260918C00408000,0.057494866529774126,21,0.9978233754799579,0.0376810669676884,0.22511770657012237,38.88857546379188,408.89,2026-08-28
2026-08-28,2026-08-28 20:00:00+00:00,2026-09-18,409.0,9.18,897211540,GLD   260918C00409000,0.057494866529774126,21,1.0002690210080951,0.0376810669676884,0.22489196314960716,39.03842906452769,408.89,2026-08-28
2026-08-28,2026-08-28 20:00:00+00:00,2026-09-18,410.0,8.7,803858598,GLD   260918C00410000,0.057494866529774126,21,1.0027146665362323,0.0376810669676884,0.22522886700937528,39.10829866073584,408.89,2026-08-28
2026-08-28,2026-08-28 20:00:00+00:00,2026-09-18,411.0,8.23,912700363,GLD   260918C00411000,0.057494866529774126,21,1.0051603120643695,0.0376810669676884,0.22536158713502807,39.098415095933454,408.89,2026-08-28
2026-08-28,2026-08-28 20:00:00+00:00,2026-09-18,412.0,7.78,912700461,GLD   260918C00412000,0.057494866529774126,21,1.0076059575925065,0.0376810669676884,0.2255494870196097,39.00980457513109,408.89,2026-08-28
2026-08-28,2026-08-28 20:00:00+00:00,2026-09-18,413.0,7.33,912700546,GLD   260918C00413000,0.057494866529774126,21,1.0100516031206437,0.0376810669676884,0.2252824635515921,38.84238055799111,408.89,2026-08-28
2026-08-28,2026-08-28 20:00:00+00:00,2026-09-18,414.0,6.93,912700620,GLD   260918C00414000,0.057494866529774126,21,1.0124972486487809,0.0376810669676884,0.2258525240113028,38.60240052670627,408.89,2026-08-28
2026-08-28,2026-08-28 20:00:00+00:00,2026-09-18,415.0,6.53,803858639,GLD   260918C00415000,0.057494866529774126,21,1.014942894176918,0.0376810669676884,0.22597792408792303,38.28751367321301,408.89,2026-08-28
2026-08-28,2026-08-28 20:00:00+00:00,2026-09-18,416.0,6.18,912700698,GLD   260918C00416000,0.057494866529774126,21,1.0173885397050553,0.0376810669676884,0.22697333899987865,37.91298228261281,408.89,2026-08-28
2026-08-28,2026-08-28 20:00:00+00:00,2026-09-18,417.0,5.83,912700776,GLD   260918C00417000,0.057494866529774126,21,1.0198341852331922,0.0376810669676884,0.22754267304250975,37.47068310290275,408.89,2026-08-28
2026-08-28,2026-08-28 20:00:00+00:00,2026-09-18,418.0,5.48,912700836,GLD   260918C00418000,0.057494866529774126,21,1.0222798307613294,0.0376810669676884,0.22768116725264115,36.9591589580359,408.89,2026-08-28
2026-08-28,2026-08-28 20:00:00+00:00,2026-09-18,419.0,5.15,912700926,GLD   260918C00419000,0.057494866529774126,21,1.0247254762894666,0.0376810669676884,0.22792939700698484,36.39026685115988,408.89,2026-08-28
2026-08-28,2026-08-28 20:00:00+00:00,2026-09-18,420.0,4.85,803858695,GLD   260918C00420000,0.057494866529774126,21,1.0271711218176038,0.0376810669676884,0.2285824832136743,35.77882820511142,408.89,2026-08-28
2026-08-28,2026-08-28 20:00:00+00:00,2026-09-18,421.0,4.58,912700990,GLD   260918C00421000,0.057494866529774126,21,1.029616767345741,0.0376810669676884,0.22967427877122537,35.136686292358405,408.89,2026-08-28
2026-08-28,2026-08-28 20:00:00+00:00,2026-09-18,422.0,4.3,912701061,GLD   260918C00422000,0.057494866529774126,21,1.032062412873878,0.0376810669676884,0.23008308395231142,34.428051813871335,408.89,2026-08-28
2026-08-28,2026-08-28 20:00:00+00:00,2026-09-18,423.0,4.03,912701121,GLD   260918C00423000,0.057494866529774126,21,1.0345080584020152,0.0376810669676884,0.230372817267105,33.67291091066813,408.89,2026-08-28
2026-08-28,2026-08-28 20:00:00+00:00,2026-09-18,424.0,3.78,912701196,GLD   260918C00424000,0.057494866529774126,21,1.0369537039301524,0.0376810669676884,0.23085247139604761,32.89017563157247,408.89,2026-08-28
2026-08-28,2026-08-28 20:00:00+00:00,2026-09-18,425.0,3.6,803858737,GLD   260918C00425000,0.057494866529774126,21,1.0393993494582896,0.0376810669676884,0.23310609656805176,32.18124669245637,408.89,2026-08-28
2026-08-28,2026-08-28 20:00:00+00:00,2026-09-18,426.0,3.33,912701285,GLD   260918C00426000,0.057494866529774126,21,1.0418449949864268,0.0376810669676884,0.23217814531410108,31.25896180119438,408.89,2026-08-28
2026-08-28,2026-08-28 20:00:00+00:00,2026-09-18,427.0,3.13,912701381,GLD   260918C00427000,0.057494866529774126,21,1.0442906405145638,0.0376810669676884,0.23307500964226202,30.426580821687477,408.89,2026-08-28
2026-08-28,2026-08-28 20:00:00+00:00,2026-09-18,428.0,2.95,912701443,GLD   260918C00428000,0.057494866529774126,21,1.046736286042701,0.0376810669676884,0.23427975374264642,29.603141201991605,408.89,2026-08-28
2026-08-28,2026-08-28 20:00:00+00:00,2026-09-18,429.0,2.75,912701541,GLD   260918C00429000,0.057494866529774126,21,1.0491819315708382,0.0376810669676884,0.23444397988086568,28.687837080072274,408.89,2026-08-28
2026-08-28,2026-08-28 20:00:00+00:00,2026-09-18,430.0,2.59,803858781,GLD   260918C00430000,0.057494866529774126,21,1.0516275770989754,0.0376810669676884,0.23564197202762588,27.846935558927544,408.89,2026-08-28
2026-08-28,2026-08-28 20:00:00+00:00,2026-09-18,431.0,2.45,914633638,GLD   260918C00431000,0.057494866529774126,21,1.0540732226271126,0.0376810669676884,0.23724788461672147,27.041463089218862,408.89,2026-08-28
2026-08-28,2026-08-28 20:00:00+00:00,2026-09-18,432.0,2.28,914633703,GLD   260918C00432000,0.057494866529774126,21,1.0565188681552495,0.0376810669676884,0.23740720278313387,26.104746754785662,408.89,2026-08-28
2026-08-28,2026-08-28 20:00:00+00:00,2026-09-18,433.0,2.14,914633742,GLD   260918C00433000,0.057494866529774126,21,1.0589645136833867,0.0376810669676884,0.2383622084167786,25.242077372420574,408.89,2026-08-28
2026-08-28,2026-08-28 20:00:00+00:00,2026-09-18,434.0,2.01,914633783,GLD   260918C00434000,0.057494866529774126,21,1.061410159211524,0.0376810669676884,0.23939548083422707,24.39233478451564,408.89,2026-08-28
2026-08-28,2026-08-28 20:00:00+00:00,2026-09-18,435.0,1.9,803858798,GLD   260918C00435000,0.057494866529774126,21,1.0638558047396611,0.0376810669676884,0.24095667220773181,23.605723477859733,408.89,2026-08-28
2026-08-28,2026-08-28 20:00:00+00:00,2026-09-18,440.0,1.37,803858836,GLD   260918C00440000,0.057494866529774126,21,1.0760840323803469,0.0376810669676884,0.2453156589631923,19.488688265503104,408.89,2026-08-28
2026-08-28,2026-08-28 20:00:00+00:00,2026-09-18,445.0,1.0,803858884,GLD   260918C00445000,0.057494866529774126,21,1.0883122600210327,0.0376810669676884,0.25077293246472254,15.909550079786284,408.89,2026-08-28
2026-08-28,2026-08-28 20:00:00+00:00,2026-09-18,450.0,0.75,803858930,GLD   260918C00450000,0.057494866529774126,21,1.1005404876617184,0.0376810669676884,0.2577793742057868,13.00589566426012,408.89,2026-08-28
2026-08-28,2026-08-28 20:00:00+00:00,2026-09-18,455.0,0.57,804784015,GLD   260918C00455000,0.057494866529774126,21,1.1127687153024042,0.0376810669676884,0.26517059814259414,10.622205771036256,408.89,2026-08-28
2026-08-28,2026-08-28 20:00:00+00:00,2026-09-18,460.0,0.43,804784057,GLD   260918C00460000,0.057494866529774126,21,1.12499694294309,0.0376810669676884,0.27179283043984326,8.586480327014488,408.89,2026-08-28
2026-08-28,2026-08-28 20:00:00+00:00,2026-09-18,465.0,0.36,804784085,GLD   260918C00465000,0.057494866529774126,21,1.1372251705837757,0.0376810669676884,0.28310004778308795,7.350803651649107,408.89,2026-08-28
2026-08-28,2026-08-28 20:00:00+00:00,2026-09-18,470.0,0.29,813158521,GLD   260918C00470000,0.057494866529774126,21,1.1494533982244615,0.0376810669676884,0.2918906536889263,6.142942326340267,408.89,2026-08-28
2026-08-28,2026-08-28 20:00:00+00:00,2026-09-18,475.0,0.23,813158594,GLD   260918C00475000,0.057494866529774126,21,1.1616816258651472,0.0376810669676884,0.29946801734585315,5.074260623564419,408.89,2026-08-28
2026-08-28,2026-08-28 20:00:00+00:00,2026-09-18,480.0,0.21,813158641,GLD   260918C00480000,0.057494866529774126,21,1.173909853505833,0.0376810669676884,0.312937536195945,4.586524775239603,408.89,2026-08-28
2026-08-28,2026-08-28 20:00:00+00:00,2026-09-18,485.0,0.19,813158701,GLD   260918C00485000,0.057494866529774126,21,1.1861380811465188,0.0376810669676884,0.3254479889271781,4.127996402035637,408.89,2026-08-28
2026-08-28,2026-08-28 20:00:00+00:00,2026-09-18,490.0,0.16,813158764,GLD   260918C00490000,0.057494866529774126,21,1.1983663087872045,0.0376810669676884,0.3341763045684435,3.545579594732176,408.89,2026-08-28
2026-08-28,2026-08-28 20:00:00+00:00,2026-09-25,330.0,79.9,909093962,GLD   260925C00330000,0.07665982203969883,28,0.8070630242852601,0.0376810669676884,0.3105354472050442,1.6631880286014202,408.89,2026-08-28
2026-08-28,2026-08-28 20:00:00+00:00,2026-09-25,335.0,74.93,909094012,GLD   260925C00335000,0.07665982203969883,28,0.8192912519259459,0.0376810669676884,0.2992840568769724,2.077377035760992,408.89,2026-08-28
2026-08-28,2026-08-28 20:00:00+00:00,2026-09-25,340.0,69.97,909094052,GLD   260925C00340000,0.07665982203969883,28,0.8315194795666316,0.0376810669676884,0.2900928505778313,2.7027306681621446,408.89,2026-08-28
2026-08-28,2026-08-28 20:00:00+00:00,2026-09-25,345.0,65.08,909094105,GLD   260925C00345000,0.07665982203969883,28,0.8437477072073174,0.0376810669676884,0.29615987205682326,4.49470324531474,408.89,2026-08-28
2026-08-28,2026-08-28 20:00:00+00:00,2026-09-25,346.0,64.05,909094154,GLD   260925C00346000,0.07665982203969883,28,0.8461933527354546,0.0376810669676884,0.284185645512864,4.0288402628919195,408.89,2026-08-28
2026-08-28,2026-08-28 20:00:00+00:00,2026-09-25,347.0,63.23,909094212,GLD   260925C00347000,0.07665982203969883,28,0.8486389982635917,0.0376810669676884,0.3135600104418582,6.5244442777459115,408.89,2026-08-28
2026-08-28,2026-08-28 20:00:00+00:00,2026-09-25,348.0,62.35,909094252,GLD   260925C00348000,0.07665982203969883,28,0.8510846437917289,0.0376810669676884,0.32514884012946854,7.887340082460392,408.89,2026-08-28
2026-08-28,2026-08-28 20:00:00+00:00,2026-09-25,349.0,61.43,909094297,GLD   260925C00349000,0.07665982203969883,28,0.853530289319866,0.0376810669676884,0.32961652868175884,8.73612018417653,408.89,2026-08-28
2026-08-28,2026-08-28 20:00:00+00:00,2026-09-25,350.0,60.33,909094354,GLD   260925C00350000,0.07665982203969883,28,0.8559759348480032,0.0376810669676884,0.31237900993563233,7.7919194287552855,408.89,2026-08-28
2026-08-28,2026-08-28 20:00:00+00:00,2026-09-25,351.0,59.4,909094406,GLD   260925C00351000,0.07665982203969883,28,0.8584215803761404,0.0376810669676884,0.3158179149555044,8.579633444571018,408.89,2026-08-28
2026-08-28,2026-08-28 20:00:00+00:00,2026-09-25,352.0,58.43,909094453,GLD   260925C00352000,0.07665982203969883,28,0.8608672259042774,0.0376810669676884,0.31409056498808785,8.947310070550852,408.89,2026-08-28
2026-08-28,2026-08-28 20:00:00+00:00,2026-09-25,353.0,57.2,909094501,GLD   260925C00353000,0.07665982203969883,28,0.8633128714324146,0.0376810669676884,0.2790340166540817,6.3799777231662,408.89,2026-08-28
2026-08-28,2026-08-28 20:00:00+00:00,2026-09-25,354.0,56.53,909094549,GLD   260925C00354000,0.07665982203969883,28,0.8657585169605517,0.0376810669676884,0.314235531760659,10.052101859126209,408.89,2026-08-28
2026-08-28,2026-08-28 20:00:00+00:00,2026-09-25,355.0,55.48,909094589,GLD   260925C00355000,0.07665982203969883,28,0.8682041624886889,0.0376810669676884,0.303962876690831,9.670646291345927,408.89,2026-08-28
2026-08-28,2026-08-28 20:00:00+00:00,2026-09-25,356.0,54.6,909094631,GLD   260925C00356000,0.07665982203969883,28,0.8706498080168261,0.0376810669676884,0.31042973023736853,10.863156603765164,408.89,2026-08-28
2026-08-28,2026-08-28 20:00:00+00:00,2026-09-25,357.0,53.55,909094681,GLD   260925C00357000,0.07665982203969883,28,0.8730954535449632,0.0376810669676884,0.3005049404747785,10.513897576031223,408.89,2026-08-28
2026-08-28,2026-08-28 20:00:00+00:00,2026-09-25,358.0,52.55,909094726,GLD   260925C00358000,0.07665982203969883,28,0.8755410990731004,0.0376810669676884,0.2952872775095515,10.612957480031938,408.89,2026-08-28
2026-08-28,2026-08-28 20:00:00+00:00,2026-09-25,359.0,51.45,909094778,GLD   260925C00359000,0.07665982203969883,28,0.8779867446012375,0.0376810669676884,0.28029089049296463,9.720528456423258,408.89,2026-08-28
2026-08-28,2026-08-28 20:00:00+00:00,2026-09-25,360.0,50.38,909094824,GLD   260925C00360000,0.07665982203969883,28,0.8804323901293747,0.0376810669676884,0.2677557162984274,9.03916162349565,408.89,2026-08-28
2026-08-28,2026-08-28 20:00:00+00:00,2026-09-25,361.0,49.65,909094869,GLD   260925C00361000,0.07665982203969883,28,0.8828780356575119,0.0376810669676884,0.2884595949048176,11.850993857849453,408.89,2026-08-28
2026-08-28,2026-08-28 20:00:00+00:00,2026-09-25,362.0,48.58,909094924,GLD   260925C00362000,0.07665982203969883,28,0.885323681185649,0.0376810669676884,0.27717437496082853,11.327909361146949,408.89,2026-08-28
2026-08-28,2026-08-28 20:00:00+00:00,2026-09-25,363.0,47.7,909095001,GLD   260925C00363000,0.07665982203969883,28,0.8877693267137862,0.0376810669676884,0.28196968692904345,12.54031606882959,408.89,2026-08-28
2026-08-28,2026-08-28 20:00:00+00:00,2026-09-25,364.0,46.73,909095044,GLD   260925C00364000,0.07665982203969883,28,0.8902149722419233,0.0376810669676884,0.2790037259931677,12.933862657818745,408.89,2026-08-28
2026-08-28,2026-08-28 20:00:00+00:00,2026-09-25,365.0,45.43,909095084,GLD   260925C00365000,0.07665982203969883,28,0.8926606177700604,0.0376810669676884,0.24779322548257188,10.088122280206422,408.89,2026-08-28
2026-08-28,2026-08-28 20:00:00+00:00,2026-09-25,366.0,44.9,909095131,GLD   260925C00366000,0.07665982203969883,28,0.8951062632981975,0.0376810669676884,0.2805629336892628,14.607076441950007,408.89,2026-08-28
2026-08-28,2026-08-28 20:00:00+00:00,2026-09-25,367.0,43.58,909095176,GLD   260925C00367000,0.07665982203969883,28,0.8975519088263347,0.0376810669676884,0.2511847364445218,11.955179960307428,408.89,2026-08-28
2026-08-28,2026-08-28 20:00:00+00:00,2026-09-25,368.0,42.7,909095220,GLD   260925C00368000,0.07665982203969883,28,0.8999975543544719,0.0376810669676884,0.2554680268150755,13.256020907843588,408.89,2026-08-28
2026-08-28,2026-08-28 20:00:00+00:00,2026-09-25,369.0,42.18,909095275,GLD   260925C00369000,0.07665982203969883,28,0.902443199882609,0.0376810669676884,0.28154772242316983,17.121287658023316,408.89,2026-08-28
2026-08-28,2026-08-28 20:00:00+00:00,2026-09-25,370.0,40.8,909095330,GLD   260925C00370000,0.07665982203969883,28,0.9048888454107462,0.0376810669676884,0.2520203768511303,14.474735573709426,408.89,2026-08-28
2026-08-28,2026-08-28 20:00:00+00:00,2026-09-25,371.0,39.75,909095374,GLD   260925C00371000,0.07665982203969883,28,0.9073344909388833,0.0376810669676884,0.24318342926083136,14.208791350722528,408.89,2026-08-28
2026-08-28,2026-08-28 20:00:00+00:00,2026-09-25,372.0,38.8,909095410,GLD   260925C00372000,0.07665982203969883,28,0.9097801364670205,0.0376810669676884,0.24127629572274167,14.838879969916304,408.89,2026-08-28
2026-08-28,2026-08-28 20:00:00+00:00,2026-09-25,373.0,37.88,909095440,GLD   260925C00373000,0.07665982203969883,28,0.9122257819951577,0.0376810669676884,0.2411071709257551,15.720897362848012,408.89,2026-08-28
2026-08-28,2026-08-28 20:00:00+00:00,2026-09-25,374.0,37.1,909095488,GLD   260925C00374000,0.07665982203969883,28,0.9146714275232948,0.0376810669676884,0.24876868255091833,17.63894799439037,408.89,2026-08-28
2026-08-28,2026-08-28 20:00:00+00:00,2026-09-25,375.0,36.0,909095542,GLD   260925C00375000,0.07665982203969883,28,0.917117073051432,0.0376810669676884,0.23743937002150342,17.120126699752305,408.89,2026-08-28
2026-08-28,2026-08-28 20:00:00+00:00,2026-09-25,376.0,35.1,908792971,GLD   260925C00376000,0.07665982203969883,28,0.9195627185795691,0.0376810669676884,0.23753600211916492,18.111853932698562,408.89,2026-08-28
2026-08-28,2026-08-28 20:00:00+00:00,2026-09-25,377.0,34.17,908813568,GLD   260925C00377000,0.07665982203969883,28,0.9220083641077063,0.0376810669676884,0.23567284009698777,18.86633731036787,408.89,2026-08-28
2026-08-28,2026-08-28 20:00:00+00:00,2026-09-25,378.0,33.23,908813633,GLD   260925C00378000,0.07665982203969883,28,0.9244540096358435,0.0376810669676884,0.23309352396475153,19.548041792606817,408.89,2026-08-28
2026-08-28,2026-08-28 20:00:00+00:00,2026-09-25,379.0,32.38,908813693,GLD   260925C00379000,0.07665982203969883,28,0.9268996551639805,0.0376810669676884,0.23474189470084386,20.810161439471802,408.89,2026-08-28
2026-08-28,2026-08-28 20:00:00+00:00,2026-09-25,380.0,31.42,908813769,GLD   260925C00380000,0.07665982203969883,28,0.9293453006921177,0.0376810669676884,0.23077925227964297,21.35587244036893,408.89,2026-08-28
2026-08-28,2026-08-28 20:00:00+00:00,2026-09-25,381.0,30.55,908813836,GLD   260925C00381000,0.07665982203969883,28,0.9317909462202548,0.0376810669676884,0.23078853738000615,22.4406659184708,408.89,2026-08-28
2026-08-28,2026-08-28 20:00:00+00:00,2026-09-25,382.0,29.68,908813896,GLD   260925C00382000,0.07665982203969883,28,0.934236591748392,0.0376810669676884,0.23042535677934067,23.490823933826746,408.89,2026-08-28
2026-08-28,2026-08-28 20:00:00+00:00,2026-09-25,383.0,28.98,908813963,GLD   260925C00383000,0.07665982203969883,28,0.9366822372765292,0.0376810669676884,0.23654376295367263,25.326700065359578,408.89,2026-08-28
2026-08-28,2026-08-28 20:00:00+00:00,2026-09-25,384.0,27.93,908814016,GLD   260925C00384000,0.07665982203969883,28,0.9391278828046663,0.0376810669676884,0.22831456103734676,25.457522813355947,408.89,2026-08-28
2026-08-28,2026-08-28 20:00:00+00:00,2026-09-25,385.0,27.15,908814087,GLD   260925C00385000,0.07665982203969883,28,0.9415735283328035,0.0376810669676884,0.23040226975446565,26.821284299910467,408.89,2026-08-28
2026-08-28,2026-08-28 20:00:00+00:00,2026-09-25,386.0,26.4,908814156,GLD   260925C00386000,0.07665982203969883,28,0.9440191738609406,0.0376810669676884,0.23300820721006021,28.21554580606599,408.89,2026-08-28
2026-08-28,2026-08-28 20:00:00+00:00,2026-09-25,387.0,25.48,908814242,GLD   260925C00387000,0.07665982203969883,28,0.9464648193890778,0.0376810669676884,0.22921926694475114,28.92071793414606,408.89,2026-08-28
2026-08-28,2026-08-28 20:00:00+00:00,2026-09-25,388.0,24.58,908814298,GLD   260925C00388000,0.07665982203969883,28,0.948910464917215,0.0376810669676884,0.22596712096212435,29.699252451784982,408.89,2026-08-28
2026-08-28,2026-08-28 20:00:00+00:00,2026-09-25,389.0,23.78,908814364,GLD   260925C00389000,0.07665982203969883,28,0.9513561104453521,0.0376810669676884,0.22580865028230473,30.79794084860657,408.89,2026-08-28
2026-08-28,2026-08-28 20:00:00+00:00,2026-09-25,390.0,23.1,908814433,GLD   260925C00390000,0.07665982203969883,28,0.9538017559734893,0.0376810669676884,0.22903987452173608,32.186648330326236,408.89,2026-08-28
2026-08-28,2026-08-28 20:00:00+00:00,2026-09-25,391.0,22.2,908814504,GLD   260925C00391000,0.07665982203969883,28,0.9562474015016263,0.0376810669676884,0.22504870626060292,32.91409105275385,408.89,2026-08-28
2026-08-28,2026-08-28 20:00:00+00:00,2026-09-25,392.0,21.53,908814559,GLD   260925C00392000,0.07665982203969883,28,0.9586930470297635,0.0376810669676884,0.22768282497366887,34.181277827691204,408.89,2026-08-28
2026-08-28,2026-08-28 20:00:00+00:00,2026-09-25,393.0,20.65,908814616,GLD   260925C00393000,0.07665982203969883,28,0.9611386925579007,0.0376810669676884,0.2238110591917299,34.921702738072334,408.89,2026-08-28
2026-08-28,2026-08-28 20:00:00+00:00,2026-09-25,394.0,19.85,908814698,GLD   260925C00394000,0.07665982203969883,28,0.9635843380860378,0.0376810669676884,0.22200088370768353,35.8119063967521,408.89,2026-08-28
2026-08-28,2026-08-28 20:00:00+00:00,2026-09-25,395.0,19.18,908814758,GLD   260925C00395000,0.07665982203969883,28,0.966029983614175,0.0376810669676884,0.22344890302540737,36.88907010047553,408.89,2026-08-28
2026-08-28,2026-08-28 20:00:00+00:00,2026-09-25,396.0,18.48,908814823,GLD   260925C00396000,0.07665982203969883,28,0.9684756291423121,0.0376810669676884,0.2236636896549724,37.84078894227537,408.89,2026-08-28
2026-08-28,2026-08-28 20:00:00+00:00,2026-09-25,397.0,17.77,908814899,GLD   260925C00397000,0.07665982203969883,28,0.9709212746704493,0.0376810669676884,0.22324672625130038,38.7168574518513,408.89,2026-08-28
2026-08-28,2026-08-28 20:00:00+00:00,2026-09-25,398.0,17.0,908814968,GLD   260925C00398000,0.07665982203969883,28,0.9733669201985864,0.0376810669676884,0.22096628883862868,39.47323254625498,408.89,2026-08-28
2026-08-28,2026-08-28 20:00:00+00:00,2026-09-25,399.0,16.43,908815038,GLD   260925C00399000,0.07665982203969883,28,0.9758125657267236,0.0376810669676884,0.22337440802259367,40.37484000407534,408.89,2026-08-28
2026-08-28,2026-08-28 20:00:00+00:00,2026-09-25,400.0,15.88,908815088,GLD   260925C00400000,0.07665982203969883,28,0.9782582112548608,0.0376810669676884,0.22581303672390063,41.19344340688965,408.89,2026-08-28
2026-08-28,2026-08-28 20:00:00+00:00,2026-09-25,401.0,15.13,908815142,GLD   260925C00401000,0.07665982203969883,28,0.9807038567829979,0.0376810669676884,0.22303314100382848,41.80525005925851,408.89,2026-08-28
2026-08-28,2026-08-28 20:00:00+00:00,2026-09-25,402.0,14.53,908815202,GLD   260925C00402000,0.07665982203969883,28,0.9831495023111351,0.0376810669676884,0.22351364727588366,42.44832495711581,408.89,2026-08-28
2026-08-28,2026-08-28 20:00:00+00:00,2026-09-25,403.0,13.98,908815261,GLD   260925C00403000,0.07665982203969883,28,0.9855951478392722,0.0376810669676884,0.2247863858775236,43.03711761408801,408.89,2026-08-28
2026-08-28,2026-08-28 20:00:00+00:00,2026-09-25,404.0,13.4,908815304,GLD   260925C00404000,0.07665982203969883,28,0.9880407933674094,0.0376810669676884,0.22498541484428575,43.54046544254267,408.89,2026-08-28
2026-08-28,2026-08-28 20:00:00+00:00,2026-09-25,405.0,12.85,909095714,GLD   260925C00405000,0.07665982203969883,28,0.9904864388955466,0.0376810669676884,0.22551068889712916,43.98001768186139,408.89,2026-08-28
2026-08-28,2026-08-28 20:00:00+00:00,2026-09-25,406.0,12.35,909095755,GLD   260925C00406000,0.07665982203969883,28,0.9929320844236836,0.0376810669676884,0.22680411175945775,44.35396937388666,408.89,2026-08-28
2026-08-28,2026-08-28 20:00:00+00:00,2026-09-25,407.0,11.8,909095805,GLD   260925C00407000,0.07665982203969883,28,0.9953777299518208,0.0376810669676884,0.22661188131151722,44.65116732005275,408.89,2026-08-28
2026-08-28,2026-08-28 20:00:00+00:00,2026-09-25,408.0,11.28,909095857,GLD   260925C00408000,0.07665982203969883,28,0.9978233754799579,0.0376810669676884,0.22674466662844645,44.881895871927505,408.89,2026-08-28
2026-08-28,2026-08-28 20:00:00+00:00,2026-09-25,409.0,10.78,909095901,GLD   260925C00409000,0.07665982203969883,28,1.0002690210080951,0.0376810669676884,0.22697599321613088,45.04430523962995,408.89,2026-08-28
2026-08-28,2026-08-28 20:00:00+00:00,2026-09-25,410.0,10.3,909095961,GLD   260925C00410000,0.07665982203969883,28,1.0027146665362323,0.0376810669676884,0.22730628016134724,45.138293134622046,408.89,2026-08-28
2026-08-28,2026-08-28 20:00:00+00:00,2026-09-25,411.0,9.8,910568181,GLD   260925C00411000,0.07665982203969883,28,1.0051603120643695,0.0376810669676884,0.2268517107042484,45.164370300937875,408.89,2026-08-28
2026-08-28,2026-08-28 20:00:00+00:00,2026-09-25,412.0,9.38,910568253,GLD   260925C00412000,0.07665982203969883,28,1.0076059575925065,0.0376810669676884,0.2278292352673598,45.12351541494588,408.89,2026-08-28
2026-08-28,2026-08-28 20:00:00+00:00,2026-09-25,413.0,8.98,910568332,GLD   260925C00413000,0.07665982203969883,28,1.0100516031206437,0.0376810669676884,0.2289161554487422,45.01861945778557,408.89,2026-08-28
2026-08-28,2026-08-28 20:00:00+00:00,2026-09-25,414.0,8.53,910568397,GLD   260925C00414000,0.07665982203969883,28,1.0124972486487809,0.0376810669676884,0.22855956382351,44.84632705399058,408.89,2026-08-28
2026-08-28,2026-08-28 20:00:00+00:00,2026-09-25,415.0,8.13,909096012,GLD   260925C00415000,0.07665982203969883,28,1.014942894176918,0.0376810669676884,0.22898580301450566,44.61382285415538,408.89,2026-08-28
2026-08-28,2026-08-28 20:00:00+00:00,2026-09-25,416.0,7.75,910568466,GLD   260925C00416000,0.07665982203969883,28,1.0173885397050553,0.0376810669676884,0.22953543997863313,44.3226320551881,408.89,2026-08-28
2026-08-28,2026-08-28 20:00:00+00:00,2026-09-25,417.0,7.4,910568525,GLD   260925C00417000,0.07665982203969883,28,1.0198341852331922,0.0376810669676884,0.23044436934944243,43.979388421662804,408.89,2026-08-28
2026-08-28,2026-08-28 20:00:00+00:00,2026-09-25,418.0,6.98,910568597,GLD   260925C00418000,0.07665982203969883,28,1.0222798307613294,0.0376810669676884,0.22943371364837511,43.55241200584791,408.89,2026-08-28
2026-08-28,2026-08-28 20:00:00+00:00,2026-09-25,419.0,6.7,912702951,GLD   260925C00419000,0.07665982203969883,28,1.0247254762894666,0.0376810669676884,0.23132195102935654,43.122330248817754,408.89,2026-08-28
2026-08-28,2026-08-28 20:00:00+00:00,2026-09-25,420.0,6.35,909096064,GLD   260925C00420000,0.07665982203969883,28,1.0271711218176038,0.0376810669676884,0.23128481994094324,42.60633267848152,408.89,2026-08-28
2026-08-28,2026-08-28 20:00:00+00:00,2026-09-25,421.0,6.05,912703075,GLD   260925C00421000,0.07665982203969883,28,1.029616767345741,0.0376810669676884,0.23211179922083391,42.06545061759301,408.89,2026-08-28
2026-08-28,2026-08-28 20:00:00+00:00,2026-09-25,422.0,5.75,912703177,GLD   260925C00422000,0.07665982203969883,28,1.032062412873878,0.0376810669676884,0.23264010932454837,41.47430953363469,408.89,2026-08-28
2026-08-28,2026-08-28 20:00:00+00:00,2026-09-25,423.0,5.45,912703267,GLD   260925C00423000,0.07665982203969883,28,1.0345080584020152,0.0376810669676884,0.23286471189772706,40.83132388290691,408.89,2026-08-28
2026-08-28,2026-08-28 20:00:00+00:00,2026-09-25,424.0,5.2,912703366,GLD   260925C00424000,0.07665982203969883,28,1.0369537039301524,0.0376810669676884,0.23402329126140098,40.191251245261505,408.89,2026-08-28
2026-08-28,2026-08-28 20:00:00+00:00,2026-09-25,425.0,4.97,909096121,GLD   260925C00425000,0.07665982203969883,28,1.0393993494582896,0.0376810669676884,0.2354124335435219,39.536001598428356,408.89,2026-08-28
2026-08-28,2026-08-28 20:00:00+00:00,2026-09-25,426.0,4.6,912703456,GLD   260925C00426000,0.07665982203969883,28,1.0418449949864268,0.0376810669676884,0.23292602894967418,38.64051164099529,408.89,2026-08-28
2026-08-28,2026-08-28 20:00:00+00:00,2026-09-25,427.0,4.45,912703559,GLD   260925C00427000,0.07665982203969883,28,1.0442906405145638,0.0376810669676884,0.23582427477547896,38.02042872964956,408.89,2026-08-28
2026-08-28,2026-08-28 20:00:00+00:00,2026-09-25,428.0,4.2,912703660,GLD   260925C00428000,0.07665982203969883,28,1.046736286042701,0.0376810669676884,0.23584296604571864,37.2068073787687,408.89,2026-08-28
2026-08-28,2026-08-28 20:00:00+00:00,2026-09-25,429.0,4.0,912703763,GLD   260925C00429000,0.07665982203969883,28,1.0491819315708382,0.0376810669676884,0.2369273670499213,36.44400047901024,408.89,2026-08-28
2026-08-28,2026-08-28 20:00:00+00:00,2026-09-25,430.0,3.78,909096169,GLD   260925C00430000,0.07665982203969883,28,1.0516275770989754,0.0376810669676884,0.2371938224225305,35.60492434793255,408.89,2026-08-28
2026-08-28,2026-08-28 20:00:00+00:00,2026-09-25,431.0,3.58,917782874,GLD   260925C00431000,0.07665982203969883,28,1.0540732226271126,0.0376810669676884,0.2377441671776585,34.771201766104625,408.89,2026-08-28
2026-08-28,2026-08-28 20:00:00+00:00,2026-09-25,432.0,3.43,917782949,GLD   260925C00432000,0.07665982203969883,28,1.0565188681552495,0.0376810669676884,0.23949175437986853,34.030332069150845,408.89,2026-08-28
2026-08-28,2026-08-28 20:00:00+00:00,2026-09-25,433.0,3.23,917783005,GLD   260925C00433000,0.07665982203969883,28,1.0589645136833867,0.0376810669676884,0.2395207505282946,33.13166901563481,408.89,2026-08-28
2026-08-28,2026-08-28 20:00:00+00:00,2026-09-25,434.0,3.1,917783086,GLD   260925C00434000,0.07665982203969883,28,1.061410159211524,0.0376810669676884,0.24141994004370654,32.402126165633796,408.89,2026-08-28
2026-08-28,2026-08-28 20:00:00+00:00,2026-09-25,435.0,2.9,909096215,GLD   260925C00435000,0.07665982203969883,28,1.0638558047396611,0.0376810669676884,0.24090484514301647,31.43445729351909,408.89,2026-08-28
2026-08-28,2026-08-28 20:00:00+00:00,2026-09-25,440.0,2.25,909096255,GLD   260925C00440000,0.07665982203969883,28,1.0760840323803469,0.0376810669676884,0.24599159936876966,27.389206294816248,408.89,2026-08-28
2026-08-28,2026-08-28 20:00:00+00:00,2026-09-25,445.0,1.74,909096293,GLD   260925C00445000,0.07665982203969883,28,1.0883122600210327,0.0376810669676884,0.2508814666268415,23.528923274244843,408.89,2026-08-28
2026-08-28,2026-08-28 20:00:00+00:00,2026-09-25,450.0,1.32,909096341,GLD   260925C00450000,0.07665982203969883,28,1.1005404876617184,0.0376810669676884,0.25448999003479256,19.821563271852707,408.89,2026-08-28
2026-08-28,2026-08-28 20:00:00+00:00,2026-09-25,455.0,1.05,909096389,GLD   260925C00455000,0.07665982203969883,28,1.1127687153024042,0.0376810669676884,0.2611722914366984,16.914405093333745,408.89,2026-08-28
2026-08-28,2026-08-28 20:00:00+00:00,2026-09-25,460.0,0.86,909096465,GLD   260925C00460000,0.07665982203969883,28,1.12499694294309,0.0376810669676884,0.2692221940604038,14.573877494154287,408.89,2026-08-28
2026-08-28,2026-08-28 20:00:00+00:00,2026-09-25,465.0,0.7,909096528,GLD   260925C00465000,0.07665982203969883,28,1.1372251705837757,0.0376810669676884,0.27642989989770583,12.474931743545804,408.89,2026-08-28
2026-08-28,2026-08-28 20:00:00+00:00,2026-09-25,470.0,0.59,909096604,GLD   260925C00470000,0.07665982203969883,28,1.1494533982244615,0.0376810669676884,0.2851169913697057,10.859528093890843,408.89,2026-08-28
2026-08-28,2026-08-28 20:00:00+00:00,2026-09-25,475.0,0.48,909096663,GLD   260925C00475000,0.07665982203969883,28,1.1616816258651472,0.0376810669676884,0.2914550548932515,9.246688058637428,408.89,2026-08-28
2026-08-28,2026-08-28 20:00:00+00:00,2026-09-25,480.0,0.39,909096739,GLD   260925C00480000,0.07665982203969883,28,1.173909853505833,0.0376810669676884,0.297414487483632,7.847702567023401,408.89,2026-08-28
2026-08-28,2026-08-28 20:00:00+00:00,2026-09-25,485.0,0.34,909096785,GLD   260925C00485000,0.07665982203969883,28,1.1861380811465188,0.0376810669676884,0.3064972434380092,6.945259782644245,408.89,2026-08-28
2026-08-28,2026-08-28 20:00:00+00:00,2026-09-25,490.0,0.28,909096850,GLD   260925C00490000,0.07665982203969883,28,1.1983663087872045,0.0376810669676884,0.3124231211471372,5.927298040324437,408.89,2026-08-28
2026-08-28,2026-08-28 20:00:00+00:00,2026-09-30,328.0,82.2,819193559,GLD   260930C00328000,0.09034907597535935,33,0.8021717332289858,0.037664851065195154,0.3420271642558277,4.092030166457437,408.89,2026-08-28
2026-08-28,2026-08-28 20:00:00+00:00,2026-09-30,329.0,81.2,819193584,GLD   260930C00329000,0.09034907597535935,33,0.8046173787571229,0.037664851065195154,0.3371226243040525,4.083857588334605,408.89,2026-08-28
2026-08-28,2026-08-28 20:00:00+00:00,2026-09-30,330.0,80.15,819193614,GLD   260930C00330000,0.09034907597535935,33,0.8070630242852601,0.037664851065195154,0.31868268506089226,3.3153708904115318,408.89,2026-08-28
2026-08-28,2026-08-28 20:00:00+00:00,2026-09-30,331.0,79.25,819193638,GLD   260930C00331000,0.09034907597535935,33,0.8095086698133973,0.037664851065195154,0.3386987817320043,4.756139847271181,408.89,2026-08-28
2026-08-28,2026-08-28 20:00:00+00:00,2026-09-30,332.0,78.13,819193664,GLD   260930C00332000,0.09034907597535935,33,0.8119543153415344,0.037664851065195154,0.3023588313661516,2.9219803458207516,408.89,2026-08-28
2026-08-28,2026-08-28 20:00:00+00:00,2026-09-30,333.0,77.1,819193691,GLD   260930C00333000,0.09034907597535935,33,0.8143999608696716,0.037664851065195154,0.28582074516769496,2.308161017017597,408.89,2026-08-28
2026-08-28,2026-08-28 20:00:00+00:00,2026-09-30,334.0,76.2,819193715,GLD   260930C00334000,0.09034907597535935,33,0.8168456063978087,0.037664851065195154,0.31280936549007893,4.035989247217056,408.89,2026-08-28
2026-08-28,2026-08-28 20:00:00+00:00,2026-09-30,335.0,75.2,819193737,GLD   260930C00335000,0.09034907597535935,33,0.8192912519259459,0.037664851065195154,0.3079876463984138,4.024873802392135,408.89,2026-08-28
2026-08-28,2026-08-28 20:00:00+00:00,2026-09-30,336.0,74.22,819193774,GLD   260930C00336000,0.09034907597535935,33,0.8217368974540831,0.037664851065195154,0.3079786919109523,4.322499580071161,408.89,2026-08-28
2026-08-28,2026-08-28 20:00:00+00:00,2026-09-30,337.0,73.33,819193800,GLD   260930C00337000,0.09034907597535935,33,0.8241825429822202,0.037664851065195154,0.3249239674781448,5.832344291794445,408.89,2026-08-28
2026-08-28,2026-08-28 20:00:00+00:00,2026-09-30,338.0,72.25,819193834,GLD   260930C00338000,0.09034907597535935,33,0.8266281885103574,0.037664851065195154,0.30504083307171237,4.762037861586112,408.89,2026-08-28
2026-08-28,2026-08-28 20:00:00+00:00,2026-09-30,339.0,71.25,819193860,GLD   260930C00339000,0.09034907597535935,33,0.8290738340384944,0.037664851065195154,0.30028963231500244,4.762044435422642,408.89,2026-08-28
2026-08-28,2026-08-28 20:00:00+00:00,2026-09-30,340.0,70.38,819193894,GLD   260930C00340000,0.09034907597535935,33,0.8315194795666316,0.037664851065195154,0.318671281244047,6.509480975402664,408.89,2026-08-28
2026-08-28,2026-08-28 20:00:00+00:00,2026-09-30,341.0,69.15,819193920,GLD   260930C00341000,0.09034907597535935,33,0.8339651250947688,0.037664851065195154,0.2649140984091909,3.008107933461577,408.89,2026-08-28
2026-08-28,2026-08-28 20:00:00+00:00,2026-09-30,342.0,68.28,819193950,GLD   260930C00342000,0.09034907597535935,33,0.8364107706229059,0.037664851065195154,0.29213526067091156,5.215555359128999,408.89,2026-08-28
2026-08-28,2026-08-28 20:00:00+00:00,2026-09-30,343.0,67.25,819193971,GLD   260930C00343000,0.09034907597535935,33,0.8388564161510431,0.037664851065195154,0.2814238217459061,4.759615960906515,408.89,2026-08-28
2026-08-28,2026-08-28 20:00:00+00:00,2026-09-30,344.0,66.5,819193993,GLD   260930C00344000,0.09034907597535935,33,0.8413020616791802,0.037664851065195154,0.31604874795209614,8.028574556191883,408.89,2026-08-28
2026-08-28,2026-08-28 20:00:00+00:00,2026-09-30,345.0,65.35,819194020,GLD   260930C00345000,0.09034907597535935,33,0.8437477072073174,0.037664851065195154,0.29027884128931913,6.248105692462408,408.89,2026-08-28
2026-08-28,2026-08-28 20:00:00+00:00,2026-09-30,346.0,64.35,819194050,GLD   260930C00346000,0.09034907597535935,33,0.8461933527354546,0.037664851065195154,0.2855897445363924,6.271086779862373,408.89,2026-08-28
2026-08-28,2026-08-28 20:00:00+00:00,2026-09-30,347.0,63.63,819194073,GLD   260930C00347000,0.09034907597535935,33,0.8486389982635917,0.037664851065195154,0.3163470026980154,9.541381033597322,408.89,2026-08-28
2026-08-28,2026-08-28 20:00:00+00:00,2026-09-30,348.0,62.43,819194095,GLD   260930C00348000,0.09034907597535935,33,0.8510846437917289,0.037664851065195154,0.2879309588447213,7.386398827225036,408.89,2026-08-28
2026-08-28,2026-08-28 20:00:00+00:00,2026-09-30,349.0,61.35,819194117,GLD   260930C00349000,0.09034907597535935,33,0.853530289319866,0.037664851065195154,0.27160196435218675,6.342793554904605,408.89,2026-08-28
2026-08-28,2026-08-28 20:00:00+00:00,2026-09-30,350.0,60.4,819194151,GLD   260930C00350000,0.09034907597535935,33,0.8559759348480032,0.037664851065195154,0.27440775963505737,7.071805626528872,408.89,2026-08-28
2026-08-28,2026-08-28 20:00:00+00:00,2026-09-30,351.0,59.45,819194172,GLD   260930C00351000,0.09034907597535935,33,0.8584215803761404,0.037664851065195154,0.27647228819690645,7.769525686708356,408.89,2026-08-28
2026-08-28,2026-08-28 20:00:00+00:00,2026-09-30,352.0,58.55,819194202,GLD   260930C00352000,0.09034907597535935,33,0.8608672259042774,0.037664851065195154,0.2836639150715434,9.02844448463438,408.89,2026-08-28
2026-08-28,2026-08-28 20:00:00+00:00,2026-09-30,353.0,57.65,819194231,GLD   260930C00353000,0.09034907597535935,33,0.8633128714324146,0.037664851065195154,0.28928690014109015,10.184562890919175,408.89,2026-08-28
2026-08-28,2026-08-28 20:00:00+00:00,2026-09-30,354.0,56.73,819194259,GLD   260930C00354000,0.09034907597535935,33,0.8657585169605517,0.037664851065195154,0.2919651207526215,11.070635252922278,408.89,2026-08-28
2026-08-28,2026-08-28 20:00:00+00:00,2026-09-30,355.0,55.45,819194287,GLD   260930C00355000,0.09034907597535935,33,0.8682041624886889,0.037664851065195154,0.25780874753231187,7.966412502736042,408.89,2026-08-28
2026-08-28,2026-08-28 20:00:00+00:00,2026-09-30,356.0,54.85,819194310,GLD   260930C00356000,0.09034907597535935,33,0.8706498080168261,0.037664851065195154,0.29237683160202577,12.38721380828104,408.89,2026-08-28
2026-08-28,2026-08-28 20:00:00+00:00,2026-09-30,357.0,53.58,819194340,GLD   260930C00357000,0.09034907597535935,33,0.8730954535449632,0.037664851065195154,0.2631505765964277,9.733182323613022,408.89,2026-08-28
2026-08-28,2026-08-28 20:00:00+00:00,2026-09-30,358.0,52.78,819194367,GLD   260930C00358000,0.09034907597535935,33,0.8755410990731004,0.037664851065195154,0.27679681502720344,11.956104820510594,408.89,2026-08-28
2026-08-28,2026-08-28 20:00:00+00:00,2026-09-30,359.0,52.03,819194397,GLD   260930C00359000,0.09034907597535935,33,0.8779867446012375,0.037664851065195154,0.2908899117183871,14.277411150131089,408.89,2026-08-28
2026-08-28,2026-08-28 20:00:00+00:00,2026-09-30,360.0,50.63,819194426,GLD   260930C00360000,0.09034907597535935,33,0.8804323901293747,0.037664851065195154,0.253866658989247,10.575135164471057,408.89,2026-08-28
2026-08-28,2026-08-28 20:00:00+00:00,2026-09-30,361.0,49.65,819194451,GLD   260930C00361000,0.09034907597535935,33,0.8828780356575119,0.037664851065195154,0.250979789041169,10.902554969400999,408.89,2026-08-28
2026-08-28,2026-08-28 20:00:00+00:00,2026-09-30,362.0,49.05,819194479,GLD   260930C00362000,0.09034907597535935,33,0.885323681185649,0.037664851065195154,0.27710882047591745,14.868346762445208,408.89,2026-08-28
2026-08-28,2026-08-28 20:00:00+00:00,2026-09-30,363.0,47.8,819194497,GLD   260930C00363000,0.09034907597535935,33,0.8877693267137862,0.037664851065195154,0.2540625308356248,12.744047137740887,408.89,2026-08-28
2026-08-28,2026-08-28 20:00:00+00:00,2026-09-30,364.0,46.83,819194531,GLD   260930C00364000,0.09034907597535935,33,0.8902149722419233,0.037664851065195154,0.2515065950890073,13.177012974382146,408.89,2026-08-28
2026-08-28,2026-08-28 20:00:00+00:00,2026-09-30,365.0,45.85,819194552,GLD   260930C00365000,0.09034907597535935,33,0.8926606177700604,0.037664851065195154,0.24812043912475928,13.514737852440783,408.89,2026-08-28
2026-08-28,2026-08-28 20:00:00+00:00,2026-09-30,366.0,44.93,819194570,GLD   260930C00366000,0.09034907597535935,33,0.8951062632981975,0.037664851065195154,0.2489277678913437,14.434083879789199,408.89,2026-08-28
2026-08-28,2026-08-28 20:00:00+00:00,2026-09-30,367.0,43.93,819194599,GLD   260930C00367000,0.09034907597535935,33,0.8975519088263347,0.037664851065195154,0.24398313996111975,14.592888695516248,408.89,2026-08-28
2026-08-28,2026-08-28 20:00:00+00:00,2026-09-30,368.0,43.13,819194626,GLD   260930C00368000,0.09034907597535935,33,0.8999975543544719,0.037664851065195154,0.2518232943096198,16.526812668327054,408.89,2026-08-28
2026-08-28,2026-08-28 20:00:00+00:00,2026-09-30,369.0,42.25,819194646,GLD   260930C00369000,0.09034907597535935,33,0.902443199882609,0.037664851065195154,0.2537193639568054,17.669118935797382,408.89,2026-08-28
2026-08-28,2026-08-28 20:00:00+00:00,2026-09-30,370.0,41.13,819194661,GLD   260930C00370000,0.09034907597535935,33,0.9048888454107462,0.037664851065195154,0.2416594062278979,16.912082610600915,408.89,2026-08-28
2026-08-28,2026-08-28 20:00:00+00:00,2026-09-30,371.0,40.13,819194683,GLD   260930C00371000,0.09034907597535935,33,0.9073344909388833,0.037664851065195154,0.23657921769497914,17.114256564514577,408.89,2026-08-28
2026-08-28,2026-08-28 20:00:00+00:00,2026-09-30,372.0,39.18,819194706,GLD   260930C00372000,0.09034907597535935,33,0.9097801364670205,0.037664851065195154,0.23435116612939164,17.743208264212917,408.89,2026-08-28
2026-08-28,2026-08-28 20:00:00+00:00,2026-09-30,373.0,38.23,819194724,GLD   260930C00373000,0.09034907597535935,33,0.9122257819951577,0.037664851065195154,0.23198816862171512,18.373337946866414,408.89,2026-08-28
2026-08-28,2026-08-28 20:00:00+00:00,2026-09-30,374.0,37.38,819194746,GLD   260930C00374000,0.09034907597535935,33,0.9146714275232948,0.037664851065195154,0.23465461755134165,19.764124607836184,408.89,2026-08-28
2026-08-28,2026-08-28 20:00:00+00:00,2026-09-30,375.0,36.43,819194762,GLD   260930C00375000,0.09034907597535935,33,0.917117073051432,0.037664851065195154,0.23187806055592375,20.381363867459505,408.89,2026-08-28
2026-08-28,2026-08-28 20:00:00+00:00,2026-09-30,376.0,35.73,819194779,GLD   260930C00376000,0.09034907597535935,33,0.9195627185795691,0.037664851065195154,0.24044549809666355,22.63117642405854,408.89,2026-08-28
2026-08-28,2026-08-28 20:00:00+00:00,2026-09-30,377.0,34.72,819194797,GLD   260930C00377000,0.09034907597535935,33,0.9220083641077063,0.037664851065195154,0.23453762249285354,22.860962021612607,408.89,2026-08-28
2026-08-28,2026-08-28 20:00:00+00:00,2026-09-30,378.0,34.03,819194817,GLD   260930C00378000,0.09034907597535935,33,0.9244540096358435,0.037664851065195154,0.2419512210070156,24.925202083768465,408.89,2026-08-28
2026-08-28,2026-08-28 20:00:00+00:00,2026-09-30,379.0,32.9,819194837,GLD   260930C00379000,0.09034907597535935,33,0.9268996551639805,0.037664851065195154,0.23108092025453225,24.539223848063163,408.89,2026-08-28
2026-08-28,2026-08-28 20:00:00+00:00,2026-09-30,380.0,32.03,819194854,GLD   260930C00380000,0.09034907597535935,33,0.9293453006921177,0.037664851065195154,0.23064352404223754,25.581742775600866,408.89,2026-08-28
2026-08-28,2026-08-28 20:00:00+00:00,2026-09-30,381.0,31.15,819194871,GLD   260930C00381000,0.09034907597535935,33,0.9317909462202548,0.037664851065195154,0.22954581004809588,26.54761168958089,408.89,2026-08-28
2026-08-28,2026-08-28 20:00:00+00:00,2026-09-30,382.0,30.3,819194895,GLD   260930C00382000,0.09034907597535935,33,0.934236591748392,0.037664851065195154,0.2292992612973787,27.63683694303651,408.89,2026-08-28
2026-08-28,2026-08-28 20:00:00+00:00,2026-09-30,383.0,29.5,819194914,GLD   260930C00383000,0.09034907597535935,33,0.9366822372765292,0.037664851065195154,0.23048935133013873,28.909655957313326,408.89,2026-08-28
2026-08-28,2026-08-28 20:00:00+00:00,2026-09-30,384.0,28.58,819194931,GLD   260930C00384000,0.09034907597535935,33,0.9391278828046663,0.037664851065195154,0.2272554682179354,29.638796709160985,408.89,2026-08-28
2026-08-28,2026-08-28 20:00:00+00:00,2026-09-30,385.0,27.88,819194945,GLD   260930C00385000,0.09034907597535935,33,0.9415735283328035,0.037664851065195154,0.23104289511432868,31.20689812873523,408.89,2026-08-28
2026-08-28,2026-08-28 20:00:00+00:00,2026-09-30,386.0,27.1,819194960,GLD   260930C00386000,0.09034907597535935,33,0.9440191738609406,0.037664851065195154,0.23175500270873303,32.38883012700308,408.89,2026-08-28
2026-08-28,2026-08-28 20:00:00+00:00,2026-09-30,387.0,26.28,819194982,GLD   260930C00387000,0.09034907597535935,33,0.9464648193890778,0.037664851065195154,0.23091373256975783,33.39427470633141,408.89,2026-08-28
2026-08-28,2026-08-28 20:00:00+00:00,2026-09-30,388.0,25.48,819195005,GLD   260930C00388000,0.09034907597535935,33,0.948910464917215,0.037664851065195154,0.23039425122747192,34.426337231934866,408.89,2026-08-28
2026-08-28,2026-08-28 20:00:00+00:00,2026-09-30,389.0,24.7,897212423,GLD   260930C00389000,0.09034907597535935,33,0.9513561104453521,0.037664851065195154,0.23015981408460068,35.47358993947693,408.89,2026-08-28
2026-08-28,2026-08-28 20:00:00+00:00,2026-09-30,390.0,23.93,819195021,GLD   260930C00390000,0.09034907597535935,33,0.9538017559734893,0.037664851065195154,0.2299039942030795,36.501823437514325,408.89,2026-08-28
2026-08-28,2026-08-28 20:00:00+00:00,2026-09-30,391.0,22.9,897212438,GLD   260930C00391000,0.09034907597535935,33,0.9562474015016263,0.037664851065195154,0.22236514462092893,36.90882976593275,408.89,2026-08-28
2026-08-28,2026-08-28 20:00:00+00:00,2026-09-30,392.0,22.4,897212458,GLD   260930C00392000,0.09034907597535935,33,0.9586930470297635,0.037664851065195154,0.22878511632671583,38.45008621785652,408.89,2026-08-28
2026-08-28,2026-08-28 20:00:00+00:00,2026-09-30,393.0,21.65,897212475,GLD   260930C00393000,0.09034907597535935,33,0.9611386925579007,0.037664851065195154,0.228190804712195,39.38913144769658,408.89,2026-08-28
2026-08-28,2026-08-28 20:00:00+00:00,2026-09-30,394.0,20.98,897212489,GLD   260930C00394000,0.09034907597535935,33,0.9635843380860378,0.037664851065195154,0.22930027641868217,40.40688253227299,408.89,2026-08-28
2026-08-28,2026-08-28 20:00:00+00:00,2026-09-30,395.0,20.2,819195045,GLD   260930C00395000,0.09034907597535935,33,0.966029983614175,0.037664851065195154,0.22739001369932665,41.20879842406106,408.89,2026-08-28
2026-08-28,2026-08-28 20:00:00+00:00,2026-09-30,396.0,19.52,897212509,GLD   260930C00396000,0.09034907597535935,33,0.9684756291423121,0.037664851065195154,0.2276292098053731,42.10051646595182,408.89,2026-08-28
2026-08-28,2026-08-28 20:00:00+00:00,2026-09-30,397.0,18.83,897212528,GLD   260930C00397000,0.09034907597535935,33,0.9709212746704493,0.037664851065195154,0.22732187950247906,42.92353802659369,408.89,2026-08-28
2026-08-28,2026-08-28 20:00:00+00:00,2026-09-30,398.0,18.15,897212544,GLD   260930C00398000,0.09034907597535935,33,0.9733669201985864,0.037664851065195154,0.2269513509136625,43.702862814236276,408.89,2026-08-28
2026-08-28,2026-08-28 20:00:00+00:00,2026-09-30,399.0,17.33,897212561,GLD   260930C00399000,0.09034907597535935,33,0.9758125657267236,0.037664851065195154,0.2231360035249032,44.323741931655135,408.89,2026-08-28
2026-08-28,2026-08-28 20:00:00+00:00,2026-09-30,400.0,16.77,819195067,GLD   260930C00400000,0.09034907597535935,33,0.9782582112548608,0.037664851065195154,0.2249051643830724,45.092094867902205,408.89,2026-08-28
2026-08-28,2026-08-28 20:00:00+00:00,2026-09-30,401.0,16.23,897212574,GLD   260930C00401000,0.09034907597535935,33,0.9807038567829979,0.037664851065195154,0.22675359783330934,45.789896941897666,408.89,2026-08-28
2026-08-28,2026-08-28 20:00:00+00:00,2026-09-30,402.0,15.6,897212598,GLD   260930C00402000,0.09034907597535935,33,0.9831495023111351,0.037664851065195154,0.2263115544143133,46.37402241917964,408.89,2026-08-28
2026-08-28,2026-08-28 20:00:00+00:00,2026-09-30,403.0,14.88,897212612,GLD   260930C00403000,0.09034907597535935,33,0.9855951478392722,0.037664851065195154,0.2236614358994178,46.87352453999968,408.89,2026-08-28
2026-08-28,2026-08-28 20:00:00+00:00,2026-09-30,404.0,14.3,897212629,GLD   260930C00404000,0.09034907597535935,33,0.9880407933674094,0.037664851065195154,0.22372238042978568,47.36336040023256,408.89,2026-08-28
2026-08-28,2026-08-28 20:00:00+00:00,2026-09-30,405.0,13.73,819195090,GLD   260930C00405000,0.09034907597535935,33,0.9904864388955466,0.037664851065195154,0.22369104205192997,47.79122086019493,408.89,2026-08-28
2026-08-28,2026-08-28 20:00:00+00:00,2026-09-30,406.0,13.28,897212646,GLD   260930C00406000,0.09034907597535935,33,0.9929320844236836,0.037664851065195154,0.22585247744610537,48.16796740483183,408.89,2026-08-28
2026-08-28,2026-08-28 20:00:00+00:00,2026-09-30,407.0,12.75,897212663,GLD   260930C00407000,0.09034907597535935,33,0.9953777299518208,0.037664851065195154,0.22603810494905335,48.46688749528652,408.89,2026-08-28
2026-08-28,2026-08-28 20:00:00+00:00,2026-09-30,408.0,12.25,897212678,GLD   260930C00408000,0.09034907597535935,33,0.9978233754799579,0.037664851065195154,0.22654353291476148,48.70296652951516,408.89,2026-08-28
2026-08-28,2026-08-28 20:00:00+00:00,2026-09-30,409.0,11.7,897212696,GLD   260930C00409000,0.09034907597535935,33,1.0002690210080951,0.037664851065195154,0.22572930318592122,48.874763384534795,408.89,2026-08-28
2026-08-28,2026-08-28 20:00:00+00:00,2026-09-30,410.0,11.25,819195101,GLD   260930C00410000,0.09034907597535935,33,1.0027146665362323,0.037664851065195154,0.22666879329578954,48.98394366175758,408.89,2026-08-28
2026-08-28,2026-08-28 20:00:00+00:00,2026-09-30,411.0,10.75,912704594,GLD   260930C00411000,0.09034907597535935,33,1.0051603120643695,0.037664851065195154,0.22629535903865472,49.03014765426265,408.89,2026-08-28
2026-08-28,2026-08-28 20:00:00+00:00,2026-09-30,412.0,10.3,912704691,GLD   260930C00412000,0.09034907597535935,33,1.0076059575925065,0.037664851065195154,0.22665265379836785,49.01372181803871,408.89,2026-08-28
2026-08-28,2026-08-28 20:00:00+00:00,2026-09-30,413.0,9.88,912704760,GLD   260930C00413000,0.09034907597535935,33,1.0100516031206437,0.037664851065195154,0.22733557432703677,48.93650839019634,408.89,2026-08-28
2026-08-28,2026-08-28 20:00:00+00:00,2026-09-30,414.0,9.43,912704840,GLD   260930C00414000,0.09034907597535935,33,1.0124972486487809,0.037664851065195154,0.227120512962807,48.797239840114266,408.89,2026-08-28
2026-08-28,2026-08-28 20:00:00+00:00,2026-09-30,415.0,9.03,819195125,GLD   260930C00415000,0.09034907597535935,33,1.014942894176918,0.037664851065195154,0.22764732366716495,48.601290615916334,408.89,2026-08-28
2026-08-28,2026-08-28 20:00:00+00:00,2026-09-30,416.0,8.63,912704917,GLD   260930C00416000,0.09034907597535935,33,1.0173885397050553,0.037664851065195154,0.22789529265640307,48.34695109440196,408.89,2026-08-28
2026-08-28,2026-08-28 20:00:00+00:00,2026-09-30,417.0,8.25,912704987,GLD   260930C00417000,0.09034907597535935,33,1.0198341852331922,0.037664851065195154,0.22828009813474498,48.03848712291218,408.89,2026-08-28
2026-08-28,2026-08-28 20:00:00+00:00,2026-09-30,418.0,7.88,912705058,GLD   260930C00418000,0.09034907597535935,33,1.0222798307613294,0.037664851065195154,0.22859917218042541,47.6761769948188,408.89,2026-08-28
2026-08-28,2026-08-28 20:00:00+00:00,2026-09-30,419.0,7.55,912705126,GLD   260930C00419000,0.09034907597535935,33,1.0247254762894666,0.037664851065195154,0.2294902810501866,47.27352235794525,408.89,2026-08-28
2026-08-28,2026-08-28 20:00:00+00:00,2026-09-30,420.0,7.2,819195147,GLD   260930C00420000,0.09034907597535935,33,1.0271711218176038,0.037664851065195154,0.22969333325000477,46.81082343904619,408.89,2026-08-28
2026-08-28,2026-08-28 20:00:00+00:00,2026-09-30,421.0,6.88,912705201,GLD   260930C00421000,0.09034907597535935,33,1.029616767345741,0.037664851065195154,0.23027241804497317,46.31104684575246,408.89,2026-08-28
2026-08-28,2026-08-28 20:00:00+00:00,2026-09-30,422.0,6.58,912705269,GLD   260930C00422000,0.09034907597535935,33,1.032062412873878,0.037664851065195154,0.23102746340790764,45.77539940537631,408.89,2026-08-28
2026-08-28,2026-08-28 20:00:00+00:00,2026-09-30,423.0,6.28,912705324,GLD   260930C00423000,0.09034907597535935,33,1.0345080584020152,0.037664851065195154,0.23152899852311237,45.193135760707136,408.89,2026-08-28
2026-08-28,2026-08-28 20:00:00+00:00,2026-09-30,424.0,6.0,912705411,GLD   260930C00424000,0.09034907597535935,33,1.0369537039301524,0.037664851065195154,0.2322220656082965,44.582023556991295,408.89,2026-08-28
2026-08-28,2026-08-28 20:00:00+00:00,2026-09-30,425.0,5.75,819195171,GLD   260930C00425000,0.09034907597535935,33,1.0393993494582896,0.037664851065195154,0.2333490737681277,43.95919481893522,408.89,2026-08-28
2026-08-28,2026-08-28 20:00:00+00:00,2026-09-30,426.0,5.48,912705456,GLD   260930C00426000,0.09034907597535935,33,1.0418449949864268,0.037664851065195154,0.2337819531562738,43.27478253368122,408.89,2026-08-28
2026-08-28,2026-08-28 20:00:00+00:00,2026-09-30,427.0,5.2,912705537,GLD   260930C00427000,0.09034907597535935,33,1.0442906405145638,0.037664851065195154,0.23372892936598508,42.53230548662589,408.89,2026-08-28
2026-08-28,2026-08-28 20:00:00+00:00,2026-09-30,428.0,4.95,912705615,GLD   260930C00428000,0.09034907597535935,33,1.046736286042701,0.037664851065195154,0.2341277276861481,41.78623273179982,408.89,2026-08-28
2026-08-28,2026-08-28 20:00:00+00:00,2026-09-30,429.0,4.72,912705670,GLD   260930C00429000,0.09034907597535935,33,1.0491819315708382,0.037664851065195154,0.23476620173389096,41.031972120902154,408.89,2026-08-28
2026-08-28,2026-08-28 20:00:00+00:00,2026-09-30,430.0,4.4,819195191,GLD   260930C00430000,0.09034907597535935,33,1.0516275770989754,0.037664851065195154,0.23292717445353045,40.06957782898329,408.89,2026-08-28
2026-08-28,2026-08-28 20:00:00+00:00,2026-09-30,435.0,3.5,819195215,GLD   260930C00435000,0.09034907597535935,33,1.0638558047396611,0.037664851065195154,0.2377876590720378,36.095437978827626,408.89,2026-08-28
2026-08-28,2026-08-28 20:00:00+00:00,2026-09-30,440.0,2.8,819195239,GLD   260930C00440000,0.09034907597535935,33,1.0760840323803469,0.037664851065195154,0.24325307217007502,32.119535304359175,408.89,2026-08-28
2026-08-28,2026-08-28 20:00:00+00:00,2026-09-30,445.0,2.22,819195260,GLD   260930C00445000,0.09034907597535935,33,1.0883122600210327,0.037664851065195154,0.2479188490721397,28.17286674514726,408.89,2026-08-28
2026-08-28,2026-08-28 20:00:00+00:00,2026-09-30,450.0,1.76,819195282,GLD   260930C00450000,0.09034907597535935,33,1.1005404876617184,0.037664851065195154,0.2525691011373886,24.46627882400777,408.89,2026-08-28
2026-08-28,2026-08-28 20:00:00+00:00,2026-09-30,455.0,1.42,821007666,GLD   260930C00455000,0.09034907597535935,33,1.1127687153024042,0.037664851065195154,0.2583275490227156,21.241903981223285,408.89,2026-08-28
2026-08-28,2026-08-28 20:00:00+00:00,2026-09-30,460.0,1.12,821007725,GLD   260930C00460000,0.09034907597535935,33,1.12499694294309,0.037664851065195154,0.26242750289803374,18.131080224271138,408.89,2026-08-28
2026-08-28,2026-08-28 20:00:00+00:00,2026-09-30,465.0,0.93,821007756,GLD   260930C00465000,0.09034907597535935,33,1.1372251705837757,0.037664851065195154,0.2694681886852719,15.79701082339183,408.89,2026-08-28
2026-08-28,2026-08-28 20:00:00+00:00,2026-09-30,470.0,0.76,821007815,GLD   260930C00470000,0.09034907597535935,33,1.1494533982244615,0.037664851065195154,0.27521569374920807,13.605709200757866,408.89,2026-08-28
2026-08-28,2026-08-28 20:00:00+00:00,2026-09-30,475.0,0.67,822000539,GLD   260930C00475000,0.09034907597535935,33,1.1616816258651472,0.037664851065195154,0.2847867416766471,12.194668245538333,408.89,2026-08-28
2026-08-28,2026-08-28 20:00:00+00:00,2026-09-30,480.0,0.53,823330597,GLD   260930C00480000,0.09034907597535935,33,1.173909853505833,0.037664851065195154,0.28812722183875744,10.259166360554373,408.89,2026-08-28
2026-08-28,2026-08-28 20:00:00+00:00,2026-09-30,485.0,0.47,823330703,GLD   260930C00485000,0.09034907597535935,33,1.1861380811465188,0.037664851065195154,0.2971252710425295,9.212912964061694,408.89,2026-08-28
2026-08-28,2026-08-28 20:00:00+00:00,2026-09-30,490.0,0.4,823330783,GLD   260930C00490000,0.09034907597535935,33,1.1983663087872045,0.037664851065195154,0.30364140453748406,8.067796215813066,408.89,2026-08-28
2026-08-28,2026-08-28 20:00:00+00:00,2026-10-02,330.0,80.2,910965054,GLD   261002C00330000,0.09582477754962354,35,0.8070630242852601,0.03765219475105409,0.30435965408142657,3.1138254026603223,408.89,2026-08-28
2026-08-28,2026-08-28 20:00:00+00:00,2026-10-02,335.0,75.28,910965099,GLD   261002C00335000,0.09582477754962354,35,0.8192912519259459,0.03765219475105409,0.3020532100060024,4.324677567544223,408.89,2026-08-28
2026-08-28,2026-08-28 20:00:00+00:00,2026-10-02,340.0,70.53,910965140,GLD   261002C00340000,0.09582477754962354,35,0.8315194795666316,0.03765219475105409,0.3209518257566728,7.646319188445279,408.89,2026-08-28
2026-08-28,2026-08-28 20:00:00+00:00,2026-10-02,345.0,65.43,910965219,GLD   261002C00345000,0.09582477754962354,35,0.8437477072073174,0.03765219475105409,0.2836128144239075,6.561602169340881,408.89,2026-08-28
2026-08-28,2026-08-28 20:00:00+00:00,2026-10-02,346.0,64.72,910965269,GLD   261002C00346000,0.09582477754962354,35,0.8461933527354546,0.03765219475105409,0.3141851947822609,9.941211042848167,408.89,2026-08-28
2026-08-28,2026-08-28 20:00:00+00:00,2026-10-02,347.0,63.45,910965322,GLD   261002C00347000,0.09582477754962354,35,0.8486389982635917,0.03765219475105409,0.2774109168506228,6.886815219776388,408.89,2026-08-28
2026-08-28,2026-08-28 20:00:00+00:00,2026-10-02,348.0,62.85,910965385,GLD   261002C00348000,0.09582477754962354,35,0.8510846437917289,0.03765219475105409,0.31681089450763533,11.3075259938531,408.89,2026-08-28
2026-08-28,2026-08-28 20:00:00+00:00,2026-10-02,349.0,61.45,910965447,GLD   261002C00349000,0.09582477754962354,35,0.853530289319866,0.03765219475105409,0.26827404748033734,6.94330475898166,408.89,2026-08-28
2026-08-28,2026-08-28 20:00:00+00:00,2026-10-02,350.0,60.8,910965504,GLD   261002C00350000,0.09582477754962354,35,0.8559759348480032,0.03765219475105409,0.30269925555484367,11.016206166167207,408.89,2026-08-28
2026-08-28,2026-08-28 20:00:00+00:00,2026-10-02,351.0,59.65,910965561,GLD   261002C00351000,0.09582477754962354,35,0.8584215803761404,0.03765219475105409,0.2833848684695548,9.546297806233145,408.89,2026-08-28
2026-08-28,2026-08-28 20:00:00+00:00,2026-10-02,352.0,58.88,910965603,GLD   261002C00352000,0.09582477754962354,35,0.8608672259042774,0.03765219475105409,0.3000573977059685,11.940586760544596,408.89,2026-08-28
2026-08-28,2026-08-28 20:00:00+00:00,2026-10-02,353.0,57.78,910965660,GLD   261002C00353000,0.09582477754962354,35,0.8633128714324146,0.03765219475105409,0.28658507097447294,11.078157763289337,408.89,2026-08-28
2026-08-28,2026-08-28 20:00:00+00:00,2026-10-02,354.0,57.1,910965702,GLD   261002C00354000,0.09582477754962354,35,0.8657585169605517,0.03765219475105409,0.3072429664484224,14.014704729494873,408.89,2026-08-28
2026-08-28,2026-08-28 20:00:00+00:00,2026-10-02,355.0,56.0,910965762,GLD   261002C00355000,0.09582477754962354,35,0.8682041624886889,0.03765219475105409,0.2950105126022361,13.315856708006427,408.89,2026-08-28
2026-08-28,2026-08-28 20:00:00+00:00,2026-10-02,356.0,54.78,910965830,GLD   261002C00356000,0.09582477754962354,35,0.8706498080168261,0.03765219475105409,0.27238711411524563,11.35217862594763,408.89,2026-08-28
2026-08-28,2026-08-28 20:00:00+00:00,2026-10-02,357.0,53.83,910965888,GLD   261002C00357000,0.09582477754962354,35,0.8730954535449632,0.03765219475105409,0.27194356664037334,11.963718350241496,408.89,2026-08-28
2026-08-28,2026-08-28 20:00:00+00:00,2026-10-02,358.0,53.03,910965939,GLD   261002C00358000,0.09582477754962354,35,0.8755410990731004,0.03765219475105409,0.28257543495604764,13.939689937323589,408.89,2026-08-28
2026-08-28,2026-08-28 20:00:00+00:00,2026-10-02,359.0,51.8,910966002,GLD   261002C00359000,0.09582477754962354,35,0.8779867446012375,0.03765219475105409,0.25996950773112487,11.863422528842886,408.89,2026-08-28
2026-08-28,2026-08-28 20:00:00+00:00,2026-10-02,360.0,50.9,910966059,GLD   261002C00360000,0.09582477754962354,35,0.8804323901293747,0.03765219475105409,0.2632743841432966,12.996784635957553,408.89,2026-08-28
2026-08-28,2026-08-28 20:00:00+00:00,2026-10-02,361.0,50.1,910966105,GLD   261002C00361000,0.09582477754962354,35,0.8828780356575119,0.03765219475105409,0.27274912127293643,14.947917878914573,408.89,2026-08-28
2026-08-28,2026-08-28 20:00:00+00:00,2026-10-02,362.0,49.15,910966148,GLD   261002C00362000,0.09582477754962354,35,0.885323681185649,0.03765219475105409,0.27111252687526866,15.515030608548754,408.89,2026-08-28
2026-08-28,2026-08-28 20:00:00+00:00,2026-10-02,363.0,48.23,910966200,GLD   261002C00363000,0.09582477754962354,35,0.8877693267137862,0.03765219475105409,0.27118289620159197,16.318848794940404,408.89,2026-08-28
2026-08-28,2026-08-28 20:00:00+00:00,2026-10-02,364.0,47.0,910966247,GLD   261002C00364000,0.09582477754962354,35,0.8902149722419233,0.03765219475105409,0.25136661079255873,14.497854225576091,408.89,2026-08-28
2026-08-28,2026-08-28 20:00:00+00:00,2026-10-02,365.0,46.4,910966289,GLD   261002C00365000,0.09582477754962354,35,0.8926606177700604,0.03765219475105409,0.27105346357887616,17.950675938322426,408.89,2026-08-28
2026-08-28,2026-08-28 20:00:00+00:00,2026-10-02,366.0,45.33,910966340,GLD   261002C00366000,0.09582477754962354,35,0.8951062632981975,0.03765219475105409,0.26206524428827693,17.622507462894752,408.89,2026-08-28
2026-08-28,2026-08-28 20:00:00+00:00,2026-10-02,367.0,44.25,910966391,GLD   261002C00367000,0.09582477754962354,35,0.8975519088263347,0.03765219475105409,0.25246425493890434,17.1846129010762,408.89,2026-08-28
2026-08-28,2026-08-28 20:00:00+00:00,2026-10-02,368.0,43.18,910966452,GLD   261002C00368000,0.09582477754962354,35,0.8999975543544719,0.03765219475105409,0.24338921483773743,16.789263261927697,408.89,2026-08-28
2026-08-28,2026-08-28 20:00:00+00:00,2026-10-02,369.0,42.35,910966500,GLD   261002C00369000,0.09582477754962354,35,0.902443199882609,0.03765219475105409,0.2480752801963128,18.37024218772853,408.89,2026-08-28
2026-08-28,2026-08-28 20:00:00+00:00,2026-10-02,370.0,41.45,910966554,GLD   261002C00370000,0.09582477754962354,35,0.9048888454107462,0.03765219475105409,0.2483120269729756,19.33582894147688,408.89,2026-08-28
2026-08-28,2026-08-28 20:00:00+00:00,2026-10-02,371.0,40.5,910966602,GLD   261002C00371000,0.09582477754962354,35,0.9073344909388833,0.03765219475105409,0.2457465081087314,19.924422861269992,408.89,2026-08-28
2026-08-28,2026-08-28 20:00:00+00:00,2026-10-02,372.0,39.6,910966662,GLD   261002C00372000,0.09582477754962354,35,0.9097801364670205,0.03765219475105409,0.24549327725218606,20.860556821104417,408.89,2026-08-28
2026-08-28,2026-08-28 20:00:00+00:00,2026-10-02,373.0,38.2,910966714,GLD   261002C00373000,0.09582477754962354,35,0.9122257819951577,0.03765219475105409,0.2198736271684058,17.988203846111027,408.89,2026-08-28
2026-08-28,2026-08-28 20:00:00+00:00,2026-10-02,374.0,37.63,910966767,GLD   261002C00374000,0.09582477754962354,35,0.9146714275232948,0.03765219475105409,0.23651195892384275,21.57513839297878,408.89,2026-08-28
2026-08-28,2026-08-28 20:00:00+00:00,2026-10-02,375.0,36.85,910966832,GLD   261002C00375000,0.09582477754962354,35,0.917117073051432,0.03765219475105409,0.24105314598372207,23.259041129755886,408.89,2026-08-28
2026-08-28,2026-08-28 20:00:00+00:00,2026-10-02,376.0,35.95,910966895,GLD   261002C00376000,0.09582477754962354,35,0.9195627185795691,0.03765219475105409,0.23991004489166662,24.141688901667536,408.89,2026-08-28
2026-08-28,2026-08-28 20:00:00+00:00,2026-10-02,377.0,35.05,910966950,GLD   261002C00377000,0.09582477754962354,35,0.9220083641077063,0.03765219475105409,0.2385587880541571,25.01184262116407,408.89,2026-08-28
2026-08-28,2026-08-28 20:00:00+00:00,2026-10-02,378.0,34.17,910967006,GLD   261002C00378000,0.09582477754962354,35,0.9244540096358435,0.03765219475105409,0.23778302117837596,25.976341653788126,408.89,2026-08-28
2026-08-28,2026-08-28 20:00:00+00:00,2026-10-02,379.0,33.3,910967062,GLD   261002C00379000,0.09582477754962354,35,0.9268996551639805,0.03765219475105409,0.2371411199321039,26.971141605299525,408.89,2026-08-28
2026-08-28,2026-08-28 20:00:00+00:00,2026-10-02,380.0,32.42,910967116,GLD   261002C00380000,0.09582477754962354,35,0.9293453006921177,0.03765219475105409,0.23589339615451171,27.896849899868556,408.89,2026-08-28
2026-08-28,2026-08-28 20:00:00+00:00,2026-10-02,381.0,31.58,910967168,GLD   261002C00381000,0.09582477754962354,35,0.9317909462202548,0.03765219475105409,0.23582113628117365,28.984386918582832,408.89,2026-08-28
2026-08-28,2026-08-28 20:00:00+00:00,2026-10-02,382.0,30.73,910967228,GLD   261002C00382000,0.09582477754962354,35,0.934236591748392,0.03765219475105409,0.23512701682252807,29.99723047488447,408.89,2026-08-28
2026-08-28,2026-08-28 20:00:00+00:00,2026-10-02,383.0,29.88,910967282,GLD   261002C00383000,0.09582477754962354,35,0.9366822372765292,0.03765219475105409,0.23418596212202686,30.984990056460582,408.89,2026-08-28
2026-08-28,2026-08-28 20:00:00+00:00,2026-10-02,384.0,29.03,910967337,GLD   261002C00384000,0.09582477754962354,35,0.9391278828046663,0.03765219475105409,0.23301203486928712,31.950031447953265,408.89,2026-08-28
2026-08-28,2026-08-28 20:00:00+00:00,2026-10-02,385.0,28.2,910967394,GLD   261002C00385000,0.09582477754962354,35,0.9415735283328035,0.03765219475105409,0.23222445905944328,32.96239247544696,408.89,2026-08-28
2026-08-28,2026-08-28 20:00:00+00:00,2026-10-02,386.0,27.4,910967457,GLD   261002C00386000,0.09582477754962354,35,0.9440191738609406,0.03765219475105409,0.2320741000370123,34.04133542967385,408.89,2026-08-28
2026-08-28,2026-08-28 20:00:00+00:00,2026-10-02,387.0,26.6,910967525,GLD   261002C00387000,0.09582477754962354,35,0.9464648193890778,0.03765219475105409,0.23164028003187848,35.08115364907288,408.89,2026-08-28
2026-08-28,2026-08-28 20:00:00+00:00,2026-10-02,388.0,25.8,910967582,GLD   261002C00388000,0.09582477754962354,35,0.948910464917215,0.03765219475105409,0.23093954831520092,36.085114997915994,408.89,2026-08-28
2026-08-28,2026-08-28 20:00:00+00:00,2026-10-02,389.0,25.03,910967630,GLD   261002C00389000,0.09582477754962354,35,0.9513561104453521,0.03765219475105409,0.2307944418470375,37.1289702553665,408.89,2026-08-28
2026-08-28,2026-08-28 20:00:00+00:00,2026-10-02,390.0,24.25,910569075,GLD   261002C00390000,0.09582477754962354,35,0.9538017559734893,0.03765219475105409,0.23010405691722413,38.10750800807275,408.89,2026-08-28
2026-08-28,2026-08-28 20:00:00+00:00,2026-10-02,391.0,23.5,910569141,GLD   261002C00391000,0.09582477754962354,35,0.9562474015016263,0.03765219475105409,0.22992577740242703,39.11019838622699,408.89,2026-08-28
2026-08-28,2026-08-28 20:00:00+00:00,2026-10-02,392.0,22.75,910569204,GLD   261002C00392000,0.09582477754962354,35,0.9586930470297635,0.03765219475105409,0.22946668180814012,40.06756089097587,408.89,2026-08-28
2026-08-28,2026-08-28 20:00:00+00:00,2026-10-02,393.0,22.0,910569261,GLD   261002C00393000,0.09582477754962354,35,0.9611386925579007,0.03765219475105409,0.22873985961135476,40.982481875161554,408.89,2026-08-28
2026-08-28,2026-08-28 20:00:00+00:00,2026-10-02,394.0,21.3,910569335,GLD   261002C00394000,0.09582477754962354,35,0.9635843380860378,0.03765219475105409,0.22894958460396153,41.929597249384145,408.89,2026-08-28
2026-08-28,2026-08-28 20:00:00+00:00,2026-10-02,395.0,20.6,910569393,GLD   261002C00395000,0.09582477754962354,35,0.966029983614175,0.03765219475105409,0.2288628615803085,42.82197834145226,408.89,2026-08-28
2026-08-28,2026-08-28 20:00:00+00:00,2026-10-02,396.0,19.9,910569454,GLD   261002C00396000,0.09582477754962354,35,0.9684756291423121,0.03765219475105409,0.2284930687216111,43.662899239120584,408.89,2026-08-28
2026-08-28,2026-08-28 20:00:00+00:00,2026-10-02,397.0,19.25,910569507,GLD   261002C00397000,0.09582477754962354,35,0.9709212746704493,0.03765219475105409,0.22897524202773345,44.50267919206141,408.89,2026-08-28
2026-08-28,2026-08-28 20:00:00+00:00,2026-10-02,398.0,18.55,910569566,GLD   261002C00398000,0.09582477754962354,35,0.9733669201985864,0.03765219475105409,0.22805145370243124,45.24124442362959,408.89,2026-08-28
2026-08-28,2026-08-28 20:00:00+00:00,2026-10-02,399.0,17.93,910569624,GLD   261002C00399000,0.09582477754962354,35,0.9758125657267236,0.03765219475105409,0.22861340250475332,45.99013923448044,408.89,2026-08-28
2026-08-28,2026-08-28 20:00:00+00:00,2026-10-02,400.0,17.27,910569686,GLD   261002C00400000,0.09582477754962354,35,0.9782582112548608,0.03765219475105409,0.22801855073394256,46.65386140985778,408.89,2026-08-28
2026-08-28,2026-08-28 20:00:00+00:00,2026-10-02,401.0,16.68,910569745,GLD   261002C00401000,0.09582477754962354,35,0.9807038567829979,0.03765219475105409,0.22863820312889296,47.299010120168425,408.89,2026-08-28
2026-08-28,2026-08-28 20:00:00+00:00,2026-10-02,402.0,16.05,910569803,GLD   261002C00402000,0.09582477754962354,35,0.9831495023111351,0.03765219475105409,0.22812620015731083,47.86621150226249,408.89,2026-08-28
2026-08-28,2026-08-28 20:00:00+00:00,2026-10-02,403.0,15.18,910569853,GLD   261002C00403000,0.09582477754962354,35,0.9855951478392722,0.03765219475105409,0.2223813399965875,48.30841901024232,408.89,2026-08-28
2026-08-28,2026-08-28 20:00:00+00:00,2026-10-02,404.0,14.58,910569929,GLD   261002C00404000,0.09582477754962354,35,0.9880407933674094,0.03765219475105409,0.22199926323881375,48.79291792072206,408.89,2026-08-28
2026-08-28,2026-08-28 20:00:00+00:00,2026-10-02,405.0,14.33,910569983,GLD   261002C00405000,0.09582477754962354,35,0.9904864388955466,0.03765219475105409,0.2284461123765446,49.27159194465761,408.89,2026-08-28
2026-08-28,2026-08-28 20:00:00+00:00,2026-10-02,406.0,13.73,910570050,GLD   261002C00406000,0.09582477754962354,35,0.9929320844236836,0.03765219475105409,0.22745992668671533,49.61889491559973,408.89,2026-08-28
2026-08-28,2026-08-28 20:00:00+00:00,2026-10-02,407.0,13.23,910570113,GLD   261002C00407000,0.09582477754962354,35,0.9953777299518208,0.03765219475105409,0.22821327707646416,49.91603123920293,408.89,2026-08-28
2026-08-28,2026-08-28 20:00:00+00:00,2026-10-02,408.0,12.75,910570167,GLD   261002C00408000,0.09582477754962354,35,0.9978233754799579,0.03765219475105409,0.22908272381639105,50.15101521767903,408.89,2026-08-28
2026-08-28,2026-08-28 20:00:00+00:00,2026-10-02,409.0,12.2,910570227,GLD   261002C00409000,0.09582477754962354,35,1.0002690210080951,0.03765219475105409,0.22828147646458827,50.323924260101144,408.89,2026-08-28
2026-08-28,2026-08-28 20:00:00+00:00,2026-10-02,410.0,11.73,910570299,GLD   261002C00410000,0.09582477754962354,35,1.0027146665362323,0.03765219475105409,0.2287982663384639,50.437497174065314,408.89,2026-08-28
2026-08-28,2026-08-28 20:00:00+00:00,2026-10-02,411.0,11.3,910570350,GLD   261002C00411000,0.09582477754962354,35,1.0051603120643695,0.03765219475105409,0.22983455618070442,50.49091710414033,408.89,2026-08-28
2026-08-28,2026-08-28 20:00:00+00:00,2026-10-02,412.0,10.83,910570408,GLD   261002C00412000,0.09582477754962354,35,1.0076059575925065,0.03765219475105409,0.22980874043526128,50.48549707090889,408.89,2026-08-28
2026-08-28,2026-08-28 20:00:00+00:00,2026-10-02,413.0,10.43,910570476,GLD   261002C00413000,0.09582477754962354,35,1.0100516031206437,0.03765219475105409,0.23090333921769635,50.423048467141086,408.89,2026-08-28
2026-08-28,2026-08-28 20:00:00+00:00,2026-10-02,414.0,9.98,910570547,GLD   261002C00414000,0.09582477754962354,35,1.0124972486487809,0.03765219475105409,0.23074236333025616,50.3022159820892,408.89,2026-08-28
2026-08-28,2026-08-28 20:00:00+00:00,2026-10-02,415.0,9.57,910570604,GLD   261002C00415000,0.09582477754962354,35,1.014942894176918,0.03765219475105409,0.2311136369622312,50.12679681283005,408.89,2026-08-28
2026-08-28,2026-08-28 20:00:00+00:00,2026-10-02,416.0,9.15,910570666,GLD   261002C00416000,0.09582477754962354,35,1.0173885397050553,0.03765219475105409,0.23102415727889164,49.89405162808089,408.89,2026-08-28
2026-08-28,2026-08-28 20:00:00+00:00,2026-10-02,417.0,8.78,910570736,GLD   261002C00417000,0.09582477754962354,35,1.0198341852331922,0.03765219475105409,0.23167909678043797,49.61423469938069,408.89,2026-08-28
2026-08-28,2026-08-28 20:00:00+00:00,2026-10-02,418.0,8.4,910570790,GLD   261002C00418000,0.09582477754962354,35,1.0222798307613294,0.03765219475105409,0.23187854483397677,49.279464675281396,408.89,2026-08-28
2026-08-28,2026-08-28 20:00:00+00:00,2026-10-02,419.0,8.05,912707067,GLD   261002C00419000,0.09582477754962354,35,1.0247254762894666,0.03765219475105409,0.232434887186531,48.90110624107823,408.89,2026-08-28
2026-08-28,2026-08-28 20:00:00+00:00,2026-10-02,420.0,7.7,910967821,GLD   261002C00420000,0.09582477754962354,35,1.0271711218176038,0.03765219475105409,0.23274258069796483,48.47235158342009,408.89,2026-08-28
2026-08-28,2026-08-28 20:00:00+00:00,2026-10-02,421.0,7.4,912707154,GLD   261002C00421000,0.09582477754962354,35,1.029616767345741,0.03765219475105409,0.23384096057442946,48.01882557325928,408.89,2026-08-28
2026-08-28,2026-08-28 20:00:00+00:00,2026-10-02,422.0,7.05,912707227,GLD   261002C00422000,0.09582477754962354,35,1.032062412873878,0.03765219475105409,0.23365491398470478,47.49113876593014,408.89,2026-08-28
2026-08-28,2026-08-28 20:00:00+00:00,2026-10-02,423.0,6.75,912707295,GLD   261002C00423000,0.09582477754962354,35,1.0345080584020152,0.03765219475105409,0.2342761216572486,46.94643081722874,408.89,2026-08-28
2026-08-28,2026-08-28 20:00:00+00:00,2026-10-02,424.0,6.45,912707361,GLD   261002C00424000,0.09582477754962354,35,1.0369537039301524,0.03765219475105409,0.23466061980528752,46.35718514236912,408.89,2026-08-28
2026-08-28,2026-08-28 20:00:00+00:00,2026-10-02,425.0,6.15,910967884,GLD   261002C00425000,0.09582477754962354,35,1.0393993494582896,0.03765219475105409,0.23480468321302905,45.72205604478865,408.89,2026-08-28
2026-08-28,2026-08-28 20:00:00+00:00,2026-10-02,426.0,5.88,912707434,GLD   261002C00426000,0.09582477754962354,35,1.0418449949864268,0.03765219475105409,0.23536903477953747,45.07277406798815,408.89,2026-08-28
2026-08-28,2026-08-28 20:00:00+00:00,2026-10-02,427.0,5.63,912707506,GLD   261002C00427000,0.09582477754962354,35,1.0442906405145638,0.03765219475105409,0.2361530530082993,44.407210770136125,408.89,2026-08-28
2026-08-28,2026-08-28 20:00:00+00:00,2026-10-02,428.0,5.35,912707577,GLD   261002C00428000,0.09582477754962354,35,1.046736286042701,0.03765219475105409,0.23602918958319352,43.66276612472957,408.89,2026-08-28
2026-08-28,2026-08-28 20:00:00+00:00,2026-10-02,429.0,5.15,912707643,GLD   261002C00429000,0.09582477754962354,35,1.0491819315708382,0.03765219475105409,0.23751857742229476,42.99405195884519,408.89,2026-08-28
2026-08-28,2026-08-28 20:00:00+00:00,2026-10-02,430.0,4.93,910967941,GLD   261002C00430000,0.09582477754962354,35,1.0516275770989754,0.03765219475105409,0.23834332157270988,42.266358737373736,408.89,2026-08-28
2026-08-28,2026-08-28 20:00:00+00:00,2026-10-02,431.0,4.68,917783458,GLD   261002C00431000,0.09582477754962354,35,1.0540732226271126,0.03765219475105409,0.23823411687174817,41.45108978115397,408.89,2026-08-28
2026-08-28,2026-08-28 20:00:00+00:00,2026-10-02,432.0,4.48,917783529,GLD   261002C00432000,0.09582477754962354,35,1.0565188681552495,0.03765219475105409,0.2391099989219569,40.69256660419074,408.89,2026-08-28
2026-08-28,2026-08-28 20:00:00+00:00,2026-10-02,433.0,4.28,917783591,GLD   261002C00433000,0.09582477754962354,35,1.0589645136833867,0.03765219475105409,0.23978256800724196,39.90505479661582,408.89,2026-08-28
2026-08-28,2026-08-28 20:00:00+00:00,2026-10-02,434.0,4.05,917783647,GLD   261002C00434000,0.09582477754962354,35,1.061410159211524,0.03765219475105409,0.23947830169433731,39.01611573361232,408.89,2026-08-28
2026-08-28,2026-08-28 20:00:00+00:00,2026-10-02,435.0,3.93,910967996,GLD   261002C00435000,0.09582477754962354,35,1.0638558047396611,0.03765219475105409,0.24180076885418972,38.36294684113679,408.89,2026-08-28
2026-08-28,2026-08-28 20:00:00+00:00,2026-10-02,440.0,3.1,910968055,GLD   261002C00440000,0.09582477754962354,35,1.0760840323803469,0.03765219475105409,0.24467643055925148,34.20466896586381,408.89,2026-08-28
2026-08-28,2026-08-28 20:00:00+00:00,2026-10-02,445.0,2.48,910968107,GLD   261002C00445000,0.09582477754962354,35,1.0883122600210327,0.03765219475105409,0.24909216166427361,30.25416805040366,408.89,2026-08-28
2026-08-28,2026-08-28 20:00:00+00:00,2026-10-02,450.0,1.99,910968165,GLD   261002C00450000,0.09582477754962354,35,1.1005404876617184,0.03765219475105409,0.25375063714338475,26.534368150146435,408.89,2026-08-28
2026-08-28,2026-08-28 20:00:00+00:00,2026-10-02,455.0,1.61,910968206,GLD   261002C00455000,0.09582477754962354,35,1.1127687153024042,0.03765219475105409,0.25890616350919016,23.17307748747685,408.89,2026-08-28
2026-08-28,2026-08-28 20:00:00+00:00,2026-10-02,460.0,1.31,910968273,GLD   261002C00460000,0.09582477754962354,35,1.12499694294309,0.03765219475105409,0.2642533242884093,20.16824445886554,408.89,2026-08-28
2026-08-28,2026-08-28 20:00:00+00:00,2026-10-02,465.0,1.07,910968335,GLD   261002C00465000,0.09582477754962354,35,1.1372251705837757,0.03765219475105409,0.2696138911879621,17.50067188575837,408.89,2026-08-28
2026-08-28,2026-08-28 20:00:00+00:00,2026-10-02,470.0,0.93,910968380,GLD   261002C00470000,0.09582477754962354,35,1.1494533982244615,0.03765219475105409,0.2783839199330659,15.632626085983533,408.89,2026-08-28
2026-08-28,2026-08-28 20:00:00+00:00,2026-10-02,475.0,0.8,910968440,GLD   261002C00475000,0.09582477754962354,35,1.1616816258651472,0.03765219475105409,0.28605585750592877,13.87298781065491,408.89,2026-08-28
2026-08-28,2026-08-28 20:00:00+00:00,2026-10-02,480.0,0.67,910968500,GLD   261002C00480000,0.09582477754962354,35,1.173909853505833,0.03765219475105409,0.2918231248396449,12.111173745069621,408.89,2026-08-28
2026-08-28,2026-08-28 20:00:00+00:00,2026-10-02,485.0,0.56,910968565,GLD   261002C00485000,0.09582477754962354,35,1.1861380811465188,0.03765219475105409,0.2972089533587918,10.539206070705587,408.89,2026-08-28
2026-08-28,2026-08-28 20:00:00+00:00,2026-10-02,490.0,0.5,910968631,GLD   261002C00490000,0.09582477754962354,35,1.1983663087872045,0.03765219475105409,0.3057715341494418,9.526578419721789,408.89,2026-08-28
2026-08-28,2026-08-28 20:00:00+00:00,2026-10-09,330.0,80.7,918881350,GLD   261009C00330000,0.11498973305954825,42,0.8070630242852601,0.03760789765156034,0.3290458442484028,7.254935698560342,408.89,2026-08-28
2026-08-28,2026-08-28 20:00:00+00:00,2026-10-09,335.0,75.93,918881402,GLD   261009C00335000,0.11498973305954825,42,0.8192912519259459,0.03760789765156034,0.33349485084349295,9.85862852683494,408.89,2026-08-28
2026-08-28,2026-08-28 20:00:00+00:00,2026-10-09,340.0,70.93,918881453,GLD   261009C00340000,0.11498973305954825,42,0.8315194795666316,0.03760789765156034,0.31097586549865075,10.115700593525927,408.89,2026-08-28
2026-08-28,2026-08-28 20:00:00+00:00,2026-10-09,345.0,66.07,918881488,GLD   261009C00345000,0.11498973305954825,42,0.8437477072073174,0.03760789765156034,0.30134742130888637,11.83631464466184,408.89,2026-08-28
2026-08-28,2026-08-28 20:00:00+00:00,2026-10-09,350.0,61.4,918881533,GLD   261009C00350000,0.11498973305954825,42,0.8559759348480032,0.03760789765156034,0.30303668560134245,15.212410157296675,408.89,2026-08-28
2026-08-28,2026-08-28 20:00:00+00:00,2026-10-09,355.0,56.48,918881569,GLD   261009C00355000,0.11498973305954825,42,0.8682041624886889,0.03760789765156034,0.2849739337702283,16.4967049716182,408.89,2026-08-28
2026-08-28,2026-08-28 20:00:00+00:00,2026-10-09,360.0,51.65,918881619,GLD   261009C00360000,0.11498973305954825,42,0.8804323901293747,0.03760789765156034,0.27141578737990935,18.594841371395308,408.89,2026-08-28
2026-08-28,2026-08-28 20:00:00+00:00,2026-10-09,365.0,46.8,918881668,GLD   261009C00365000,0.11498973305954825,42,0.8926606177700604,0.03760789765156034,0.2555300516580231,20.65439688782124,408.89,2026-08-28
2026-08-28,2026-08-28 20:00:00+00:00,2026-10-09,370.0,42.2,918881719,GLD   261009C00370000,0.11498973305954825,42,0.9048888454107462,0.03760789765156034,0.24914466858087106,24.494777169024054,408.89,2026-08-28
2026-08-28,2026-08-28 20:00:00+00:00,2026-10-09,371.0,41.3,918881768,GLD   261009C00371000,0.11498973305954825,42,0.9073344909388833,0.03760789765156034,0.2482159443446435,25.363610015534885,408.89,2026-08-28
2026-08-28,2026-08-28 20:00:00+00:00,2026-10-09,372.0,40.38,918881819,GLD   261009C00372000,0.11498973305954825,42,0.9097801364670205,0.03760789765156034,0.24634362294813617,26.10758099943805,408.89,2026-08-28
2026-08-28,2026-08-28 20:00:00+00:00,2026-10-09,373.0,39.48,918881872,GLD   261009C00373000,0.11498973305954825,42,0.9122257819951577,0.03760789765156034,0.24509088875530288,26.95865627800123,408.89,2026-08-28
2026-08-28,2026-08-28 20:00:00+00:00,2026-10-09,374.0,38.6,918881917,GLD   261009C00374000,0.11498973305954825,42,0.9146714275232948,0.03760789765156034,0.24439460867149754,27.904898477212917,408.89,2026-08-28
2026-08-28,2026-08-28 20:00:00+00:00,2026-10-09,375.0,37.73,918881982,GLD   261009C00375000,0.11498973305954825,42,0.917117073051432,0.03760789765156034,0.24384716027164838,28.883727787311297,408.89,2026-08-28
2026-08-28,2026-08-28 20:00:00+00:00,2026-10-09,376.0,36.83,918882047,GLD   261009C00376000,0.11498973305954825,42,0.9195627185795691,0.03760789765156034,0.24208421121081342,29.700816629607598,408.89,2026-08-28
2026-08-28,2026-08-28 20:00:00+00:00,2026-10-09,377.0,35.98,918882098,GLD   261009C00377000,0.11498973305954825,42,0.9220083641077063,0.03760789765156034,0.2418161633084528,30.739008151991207,408.89,2026-08-28
2026-08-28,2026-08-28 20:00:00+00:00,2026-10-09,378.0,35.1,918882146,GLD   261009C00378000,0.11498973305954825,42,0.9244540096358435,0.03760789765156034,0.2403743930402212,31.62328225858351,408.89,2026-08-28
2026-08-28,2026-08-28 20:00:00+00:00,2026-10-09,379.0,34.25,918882188,GLD   261009C00379000,0.11498973305954825,42,0.9268996551639805,0.03760789765156034,0.23969532345337796,32.61919190090458,408.89,2026-08-28
2026-08-28,2026-08-28 20:00:00+00:00,2026-10-09,380.0,33.42,918882222,GLD   261009C00380000,0.11498973305954825,42,0.9293453006921177,0.03760789765156034,0.23940792305497455,33.669809436632185,408.89,2026-08-28
2026-08-28,2026-08-28 20:00:00+00:00,2026-10-09,381.0,32.58,918882268,GLD   261009C00381000,0.11498973305954825,42,0.9317909462202548,0.03760789765156034,0.2386057816513814,34.65592687801504,408.89,2026-08-28
2026-08-28,2026-08-28 20:00:00+00:00,2026-10-09,382.0,31.73,918882315,GLD   261009C00382000,0.11498973305954825,42,0.934236591748392,0.03760789765156034,0.2373252573487349,35.58611029188253,408.89,2026-08-28
2026-08-28,2026-08-28 20:00:00+00:00,2026-10-09,383.0,30.93,918882359,GLD   261009C00383000,0.11498973305954825,42,0.9366822372765292,0.03760789765156034,0.23723767752544955,36.659167073242514,408.89,2026-08-28
2026-08-28,2026-08-28 20:00:00+00:00,2026-10-09,384.0,30.13,918882402,GLD   261009C00384000,0.11498973305954825,42,0.9391278828046663,0.03760789765156034,0.23691216351296754,37.697135940205264,408.89,2026-08-28
2026-08-28,2026-08-28 20:00:00+00:00,2026-10-09,385.0,29.3,918882438,GLD   261009C00385000,0.11498973305954825,42,0.9415735283328035,0.03760789765156034,0.23558599134730174,38.62030187642101,408.89,2026-08-28
2026-08-28,2026-08-28 20:00:00+00:00,2026-10-09,386.0,28.53,918882478,GLD   261009C00386000,0.11498973305954825,42,0.9440191738609406,0.03760789765156034,0.23559827524637805,39.67840051284578,408.89,2026-08-28
2026-08-28,2026-08-28 20:00:00+00:00,2026-10-09,387.0,27.73,918882518,GLD   261009C00387000,0.11498973305954825,42,0.9464648193890778,0.03760789765156034,0.23463065975727515,40.62599520755269,408.89,2026-08-28
2026-08-28,2026-08-28 20:00:00+00:00,2026-10-09,388.0,26.83,918882548,GLD   261009C00388000,0.11498973305954825,42,0.948910464917215,0.03760789765156034,0.23105386587483806,41.324214016246096,408.89,2026-08-28
2026-08-28,2026-08-28 20:00:00+00:00,2026-10-09,389.0,26.2,918882590,GLD   261009C00389000,0.11498973305954825,42,0.9513561104453521,0.03760789765156034,0.23376130614774304,42.58440512584719,408.89,2026-08-28
2026-08-28,2026-08-28 20:00:00+00:00,2026-10-09,390.0,25.45,918882620,GLD   261009C00390000,0.11498973305954825,42,0.9538017559734893,0.03760789765156034,0.23334237769274038,43.537823002977284,408.89,2026-08-28
2026-08-28,2026-08-28 20:00:00+00:00,2026-10-09,391.0,24.7,918882668,GLD   261009C00391000,0.11498973305954825,42,0.9562474015016263,0.03760789765156034,0.23270160332424566,44.45358321076208,408.89,2026-08-28
2026-08-28,2026-08-28 20:00:00+00:00,2026-10-09,392.0,23.88,918882707,GLD   261009C00392000,0.11498973305954825,42,0.9586930470297635,0.03760789765156034,0.2303015212933533,45.22735151332101,408.89,2026-08-28
2026-08-28,2026-08-28 20:00:00+00:00,2026-10-09,393.0,23.28,918882770,GLD   261009C00393000,0.11498973305954825,42,0.9611386925579007,0.03760789765156034,0.23251727033378555,46.28708216485498,408.89,2026-08-28
2026-08-28,2026-08-28 20:00:00+00:00,2026-10-09,394.0,22.45,918882822,GLD   261009C00394000,0.11498973305954825,42,0.9635843380860378,0.03760789765156034,0.22952589411316437,46.99232552320594,408.89,2026-08-28
2026-08-28,2026-08-28 20:00:00+00:00,2026-10-09,395.0,21.78,918882879,GLD   261009C00395000,0.11498973305954825,42,0.966029983614175,0.03760789765156034,0.2297421335768886,47.86030130158981,408.89,2026-08-28
2026-08-28,2026-08-28 20:00:00+00:00,2026-10-09,396.0,21.08,918882939,GLD   261009C00396000,0.11498973305954825,42,0.9684756291423121,0.03760789765156034,0.22909590176725764,48.64807553355966,408.89,2026-08-28
2026-08-28,2026-08-28 20:00:00+00:00,2026-10-09,397.0,20.55,918883000,GLD   261009C00397000,0.11498973305954825,42,0.9709212746704493,0.03760789765156034,0.2316687499935739,49.53191320964277,408.89,2026-08-28
2026-08-28,2026-08-28 20:00:00+00:00,2026-10-09,398.0,19.9,918883048,GLD   261009C00398000,0.11498973305954825,42,0.9733669201985864,0.03760789765156034,0.23153980164891108,50.252818125384316,408.89,2026-08-28
2026-08-28,2026-08-28 20:00:00+00:00,2026-10-09,399.0,19.13,918883097,GLD   261009C00399000,0.11498973305954825,42,0.9758125657267236,0.03760789765156034,0.22882242436287925,50.854515058816204,408.89,2026-08-28
2026-08-28,2026-08-28 20:00:00+00:00,2026-10-09,400.0,18.52,918883142,GLD   261009C00400000,0.11498973305954825,42,0.9782582112548608,0.03760789765156034,0.22904438203284516,51.51058530318611,408.89,2026-08-28
2026-08-28,2026-08-28 20:00:00+00:00,2026-10-09,401.0,17.9,918883194,GLD   261009C00401000,0.11498973305954825,42,0.9807038567829979,0.03760789765156034,0.22883455925332385,52.108205026737195,408.89,2026-08-28
2026-08-28,2026-08-28 20:00:00+00:00,2026-10-09,402.0,17.13,918883251,GLD   261009C00402000,0.11498973305954825,42,0.9831495023111351,0.03760789765156034,0.22554539859527728,52.60513002586984,408.89,2026-08-28
2026-08-28,2026-08-28 20:00:00+00:00,2026-10-09,403.0,16.58,918883290,GLD   261009C00403000,0.11498973305954825,42,0.9855951478392722,0.03760789765156034,0.2262262935378589,53.1310034151106,408.89,2026-08-28
2026-08-28,2026-08-28 20:00:00+00:00,2026-10-09,404.0,16.2,918883338,GLD   261009C00404000,0.11498973305954825,42,0.9880407933674094,0.03760789765156034,0.2298309240953066,53.629172999396495,408.89,2026-08-28
2026-08-28,2026-08-28 20:00:00+00:00,2026-10-09,405.0,15.55,918883393,GLD   261009C00405000,0.11498973305954825,42,0.9904864388955466,0.03760789765156034,0.2281496131385677,54.01487752519424,408.89,2026-08-28
2026-08-28,2026-08-28 20:00:00+00:00,2026-10-09,406.0,14.9,918883447,GLD   261009C00406000,0.11498973305954825,42,0.9929320844236836,0.03760789765156034,0.2262602581928484,54.354884569684906,408.89,2026-08-28
2026-08-28,2026-08-28 20:00:00+00:00,2026-10-09,407.0,14.38,917783923,GLD   261009C00407000,0.11498973305954825,42,0.9953777299518208,0.03760789765156034,0.22653995670760052,54.65478543558646,408.89,2026-08-28
2026-08-28,2026-08-28 20:00:00+00:00,2026-10-09,408.0,13.85,917783979,GLD   261009C00408000,0.11498973305954825,42,0.9978233754799579,0.03760789765156034,0.22640404220940546,54.8978941971843,408.89,2026-08-28
2026-08-28,2026-08-28 20:00:00+00:00,2026-10-09,409.0,13.55,917784042,GLD   261009C00409000,0.11498973305954825,42,1.0002690210080951,0.03760789765156034,0.2302145188785158,55.08692871104752,408.89,2026-08-28
2026-08-28,2026-08-28 20:00:00+00:00,2026-10-09,410.0,12.9,917784106,GLD   261009C00410000,0.11498973305954825,42,1.0027146665362323,0.03760789765156034,0.2274392610521056,55.21762952765061,408.89,2026-08-28
2026-08-28,2026-08-28 20:00:00+00:00,2026-10-09,411.0,12.45,917784174,GLD   261009C00411000,0.11498973305954825,42,1.0051603120643695,0.03760789765156034,0.22806432432299478,55.293673567111725,408.89,2026-08-28
2026-08-28,2026-08-28 20:00:00+00:00,2026-10-09,412.0,11.98,917784231,GLD   261009C00412000,0.11498973305954825,42,1.0076059575925065,0.03760789765156034,0.22810109220286834,55.31508856086661,408.89,2026-08-28
2026-08-28,2026-08-28 20:00:00+00:00,2026-10-09,413.0,11.78,917784311,GLD   261009C00413000,0.11498973305954825,42,1.0100516031206437,0.03760789765156034,0.23279700610069556,55.28630304664338,408.89,2026-08-28
2026-08-28,2026-08-28 20:00:00+00:00,2026-10-09,414.0,11.35,917784366,GLD   261009C00414000,0.11498973305954825,42,1.0124972486487809,0.03760789765156034,0.2331166808374226,55.20615021048755,408.89,2026-08-28
2026-08-28,2026-08-28 20:00:00+00:00,2026-10-09,415.0,10.95,917784416,GLD   261009C00415000,0.11498973305954825,42,1.014942894176918,0.03760789765156034,0.23376412799870594,55.077103195813265,408.89,2026-08-28
2026-08-28,2026-08-28 20:00:00+00:00,2026-10-09,416.0,10.55,917784462,GLD   261009C00416000,0.11498973305954825,42,1.0173885397050553,0.03760789765156034,0.23419852541228753,54.89916641502307,408.89,2026-08-28
2026-08-28,2026-08-28 20:00:00+00:00,2026-10-09,417.0,10.15,917784517,GLD   261009C00417000,0.11498973305954825,42,1.0198341852331922,0.03760789765156034,0.23442070659520103,54.6724044224293,408.89,2026-08-28
2026-08-28,2026-08-28 20:00:00+00:00,2026-10-09,418.0,9.73,917784588,GLD   261009C00418000,0.11498973305954825,42,1.0222798307613294,0.03760789765156034,0.23406284374007952,54.39237110572659,408.89,2026-08-28
2026-08-28,2026-08-28 20:00:00+00:00,2026-10-09,419.0,9.35,917784659,GLD   261009C00419000,0.11498973305954825,42,1.0247254762894666,0.03760789765156034,0.23422689293054863,54.070655880135064,408.89,2026-08-28
2026-08-28,2026-08-28 20:00:00+00:00,2026-10-09,420.0,9.03,917784718,GLD   261009C00420000,0.11498973305954825,42,1.0271711218176038,0.03760789765156034,0.23529722193209454,53.72048838233822,408.89,2026-08-28
2026-08-28,2026-08-28 20:00:00+00:00,2026-10-09,421.0,8.68,917784768,GLD   261009C00421000,0.11498973305954825,42,1.029616767345741,0.03760789765156034,0.23560909699825575,53.31762311664274,408.89,2026-08-28
2026-08-28,2026-08-28 20:00:00+00:00,2026-10-09,422.0,8.32,917784825,GLD   261009C00422000,0.11498973305954825,42,1.032062412873878,0.03760789765156034,0.23552684423355383,52.86448128492781,408.89,2026-08-28
2026-08-28,2026-08-28 20:00:00+00:00,2026-10-09,423.0,8.0,917784869,GLD   261009C00423000,0.11498973305954825,42,1.0345080584020152,0.03760789765156034,0.23599754387503485,52.38608943221673,408.89,2026-08-28
2026-08-28,2026-08-28 20:00:00+00:00,2026-10-09,424.0,7.68,917784925,GLD   261009C00424000,0.11498973305954825,42,1.0369537039301524,0.03760789765156034,0.2362693821844645,51.865506258490136,408.89,2026-08-28
2026-08-28,2026-08-28 20:00:00+00:00,2026-10-09,425.0,7.38,917784999,GLD   261009C00425000,0.11498973305954825,42,1.0393993494582896,0.03760789765156034,0.23672980954339728,51.3170505585839,408.89,2026-08-28
2026-08-28,2026-08-28 20:00:00+00:00,2026-10-09,426.0,7.1,917785059,GLD   261009C00426000,0.11498973305954825,42,1.0418449949864268,0.03760789765156034,0.237389107547421,50.74574881689852,408.89,2026-08-28
2026-08-28,2026-08-28 20:00:00+00:00,2026-10-09,427.0,6.83,917785126,GLD   261009C00427000,0.11498973305954825,42,1.0442906405145638,0.03760789765156034,0.23805932974675675,50.14726934188882,408.89,2026-08-28
2026-08-28,2026-08-28 20:00:00+00:00,2026-10-09,428.0,6.53,917785209,GLD   261009C00428000,0.11498973305954825,42,1.046736286042701,0.03760789765156034,0.23793755244249482,49.480392271903206,408.89,2026-08-28
2026-08-28,2026-08-28 20:00:00+00:00,2026-10-09,429.0,6.28,917785282,GLD   261009C00429000,0.11498973305954825,42,1.0491819315708382,0.03760789765156034,0.23863457756945866,48.83031250475968,408.89,2026-08-28
2026-08-28,2026-08-28 20:00:00+00:00,2026-10-09,430.0,6.03,917785342,GLD   261009C00430000,0.11498973305954825,42,1.0516275770989754,0.03760789765156034,0.23915053858282048,48.14714273359472,408.89,2026-08-28
2026-08-28,2026-08-28 20:00:00+00:00,2026-10-09,431.0,5.8,917785398,GLD   261009C00431000,0.11498973305954825,42,1.0540732226271126,0.03760789765156034,0.2399038889725693,47.4591440557775,408.89,2026-08-28
2026-08-28,2026-08-28 20:00:00+00:00,2026-10-09,432.0,5.55,917785458,GLD   261009C00432000,0.11498973305954825,42,1.0565188681552495,0.03760789765156034,0.24005439700363207,46.70903423318778,408.89,2026-08-28
2026-08-28,2026-08-28 20:00:00+00:00,2026-10-09,433.0,5.38,917785519,GLD   261009C00433000,0.11498973305954825,42,1.0589645136833867,0.03760789765156034,0.2417519592142664,46.060978606531236,408.89,2026-08-28
2026-08-28,2026-08-28 20:00:00+00:00,2026-10-09,434.0,5.13,917785572,GLD   261009C00434000,0.11498973305954825,42,1.061410159211524,0.03760789765156034,0.24154342163419357,45.247681389029474,408.89,2026-08-28
2026-08-28,2026-08-28 20:00:00+00:00,2026-10-09,435.0,4.93,917785628,GLD   261009C00435000,0.11498973305954825,42,1.0638558047396611,0.03760789765156034,0.24225742443213244,44.495797202121146,408.89,2026-08-28
2026-08-28,2026-08-28 20:00:00+00:00,2026-10-09,440.0,4.0,918883663,GLD   261009C00440000,0.11498973305954825,42,1.0760840323803469,0.03760789765156034,0.24495702312579382,40.513793290457386,408.89,2026-08-28
2026-08-28,2026-08-28 20:00:00+00:00,2026-10-09,445.0,3.25,918883724,GLD   261009C00445000,0.11498973305954825,42,1.0883122600210327,0.03760789765156034,0.24811986171631142,36.48314624963423,408.89,2026-08-28
2026-08-28,2026-08-28 20:00:00+00:00,2026-10-09,450.0,2.69,918883778,GLD   261009C00450000,0.11498973305954825,42,1.1005404876617184,0.03760789765156034,0.2529716945211403,32.76275268802989,408.89,2026-08-28
2026-08-28,2026-08-28 20:00:00+00:00,2026-10-09,455.0,2.22,918883828,GLD   261009C00455000,0.11498973305954825,42,1.1127687153024042,0.03760789765156034,0.2574595830560663,29.18952952753336,408.89,2026-08-28
2026-08-28,2026-08-28 20:00:00+00:00,2026-10-09,460.0,1.83,918883872,GLD   261009C00460000,0.11498973305954825,42,1.12499694294309,0.03760789765156034,0.26174791178097956,25.83783938755874,408.89,2026-08-28
2026-08-28,2026-08-28 20:00:00+00:00,2026-10-09,465.0,1.52,918883933,GLD   261009C00465000,0.11498973305954825,42,1.1372251705837757,0.03760789765156034,0.26642602846035734,22.833220447594776,408.89,2026-08-28
2026-08-28,2026-08-28 20:00:00+00:00,2026-10-09,470.0,1.28,918883978,GLD   261009C00470000,0.11498973305954825,42,1.1494533982244615,0.03760789765156034,0.2717941854870879,20.23321039607538,408.89,2026-08-28
2026-08-28,2026-08-28 20:00:00+00:00,2026-10-09,475.0,1.09,918884019,GLD   261009C00475000,0.11498973305954825,42,1.1616816258651472,0.03760789765156034,0.27758281693337494,17.980916241687005,408.89,2026-08-28
2026-08-28,2026-08-28 20:00:00+00:00,2026-10-09,480.0,0.95,918884087,GLD   261009C00480000,0.11498973305954825,42,1.173909853505833,0.03760789765156034,0.2844403617992066,16.1469034693499,408.89,2026-08-28
2026-08-28,2026-08-28 20:00:00+00:00,2026-10-09,485.0,0.82,918884125,GLD   261009C00485000,0.11498973305954825,42,1.1861380811465188,0.03760789765156034,0.2903924091492779,14.406353332332408,408.89,2026-08-28
2026-08-28,2026-08-28 20:00:00+00:00,2026-10-09,490.0,0.72,918884185,GLD   261009C00490000,0.11498973305954825,42,1.1983663087872045,0.03760789765156034,0.29700294426893814,12.963704654503749,408.89,2026-08-28
2026-08-28,2026-08-28 20:00:00+00:00,2026-10-16,330.0,81.0,827013883,GLD   261016C00330000,0.13415468856947296,49,0.8070630242852601,0.03764823354038558,0.3130105364559218,8.564110059945794,408.89,2026-08-28
2026-08-28,2026-08-28 20:00:00+00:00,2026-10-16,335.0,76.08,827013908,GLD   261016C00335000,0.13415468856947296,49,0.8192912519259459,0.03764823354038558,0.3005749419360422,9.61630686009063,408.89,2026-08-28
2026-08-28,2026-08-28 20:00:00+00:00,2026-10-16,340.0,71.5,827013990,GLD   261016C00340000,0.13415468856947296,49,0.8315194795666316,0.03764823354038558,0.314822672334779,14.049622990458579,408.89,2026-08-28
2026-08-28,2026-08-28 20:00:00+00:00,2026-10-16,341.0,70.43,897212988,GLD   261016C00341000,0.13415468856947296,49,0.8339651250947688,0.03764823354038558,0.3054158226064405,13.514909821751685,408.89,2026-08-28
2026-08-28,2026-08-28 20:00:00+00:00,2026-10-16,342.0,69.5,897213008,GLD   261016C00342000,0.13415468856947296,49,0.8364107706229059,0.03764823354038558,0.30614529436295845,14.224882512183576,408.89,2026-08-28
2026-08-28,2026-08-28 20:00:00+00:00,2026-10-16,343.0,68.5,897213027,GLD   261016C00343000,0.13415468856947296,49,0.8388564161510431,0.03764823354038558,0.30182204173998906,14.315167609449011,408.89,2026-08-28
2026-08-28,2026-08-28 20:00:00+00:00,2026-10-16,344.0,67.57,897213042,GLD   261016C00344000,0.13415468856947296,49,0.8413020616791802,0.03764823354038558,0.30226650654925047,15.01858125979275,408.89,2026-08-28
2026-08-28,2026-08-28 20:00:00+00:00,2026-10-16,345.0,66.63,827014044,GLD   261016C00345000,0.13415468856947296,49,0.8437477072073174,0.03764823354038558,0.3018349961779081,15.626183376159288,408.89,2026-08-28
2026-08-28,2026-08-28 20:00:00+00:00,2026-10-16,346.0,65.7,897213058,GLD   261016C00346000,0.13415468856947296,49,0.8461933527354546,0.03764823354038558,0.3018527095790021,16.30750649114793,408.89,2026-08-28
2026-08-28,2026-08-28 20:00:00+00:00,2026-10-16,347.0,64.35,897213075,GLD   261016C00347000,0.13415468856947296,49,0.8486389982635917,0.03764823354038558,0.2738859826285392,13.228065080571277,408.89,2026-08-28
2026-08-28,2026-08-28 20:00:00+00:00,2026-10-16,348.0,63.93,897213093,GLD   261016C00348000,0.13415468856947296,49,0.8510846437917289,0.03764823354038558,0.306314167707879,18.300784588823515,408.89,2026-08-28
2026-08-28,2026-08-28 20:00:00+00:00,2026-10-16,349.0,62.7,897213105,GLD   261016C00349000,0.13415468856947296,49,0.853530289319866,0.03764823354038558,0.2887601499714889,16.663664698505272,408.89,2026-08-28
2026-08-28,2026-08-28 20:00:00+00:00,2026-10-16,350.0,61.55,827014109,GLD   261016C00350000,0.13415468856947296,49,0.8559759348480032,0.03764823354038558,0.27511496391417467,15.472777322427422,408.89,2026-08-28
2026-08-28,2026-08-28 20:00:00+00:00,2026-10-16,351.0,60.7,897213123,GLD   261016C00351000,0.13415468856947296,49,0.8584215803761404,0.03764823354038558,0.28007439026413494,16.914457887193322,408.89,2026-08-28
2026-08-28,2026-08-28 20:00:00+00:00,2026-10-16,352.0,59.73,897213132,GLD   261016C00352000,0.13415468856947296,49,0.8608672259042774,0.03764823354038558,0.2774908879206516,17.29729380623759,408.89,2026-08-28
2026-08-28,2026-08-28 20:00:00+00:00,2026-10-16,353.0,58.78,897213144,GLD   261016C00353000,0.13415468856947296,49,0.8633128714324146,0.03764823354038558,0.27598893679128955,17.848390272783828,408.89,2026-08-28
2026-08-28,2026-08-28 20:00:00+00:00,2026-10-16,354.0,57.93,897213163,GLD   261016C00354000,0.13415468856947296,49,0.8657585169605517,0.03764823354038558,0.2797079547561705,19.177942685474868,408.89,2026-08-28
2026-08-28,2026-08-28 20:00:00+00:00,2026-10-16,355.0,56.78,827014181,GLD   261016C00355000,0.13415468856947296,49,0.8682041624886889,0.03764823354038558,0.2672938826705329,18.137664571305322,408.89,2026-08-28
2026-08-28,2026-08-28 20:00:00+00:00,2026-10-16,356.0,56.28,897213173,GLD   261016C00356000,0.13415468856947296,49,0.8706498080168261,0.03764823354038558,0.28776873035347084,21.96196105881247,408.89,2026-08-28
2026-08-28,2026-08-28 20:00:00+00:00,2026-10-16,357.0,55.38,897213185,GLD   261016C00357000,0.13415468856947296,49,0.8730954535449632,0.03764823354038558,0.28767973494818433,22.784002756363734,408.89,2026-08-28
2026-08-28,2026-08-28 20:00:00+00:00,2026-10-16,358.0,54.03,897213198,GLD   261016C00358000,0.13415468856947296,49,0.8755410990731004,0.03764823354038558,0.2670541650342755,20.59893870032146,408.89,2026-08-28
2026-08-28,2026-08-28 20:00:00+00:00,2026-10-16,359.0,53.18,897213215,GLD   261016C00359000,0.13415468856947296,49,0.8779867446012375,0.03764823354038558,0.26966026081154126,21.862976522066887,408.89,2026-08-28
2026-08-28,2026-08-28 20:00:00+00:00,2026-10-16,360.0,52.08,827014251,GLD   261016C00360000,0.13415468856947296,49,0.8804323901293747,0.03764823354038558,0.2605667389835232,21.340666980515977,408.89,2026-08-28
2026-08-28,2026-08-28 20:00:00+00:00,2026-10-16,361.0,51.15,897213225,GLD   261016C00361000,0.13415468856947296,49,0.8828780356575119,0.03764823354038558,0.2593396249623039,22.04665272251915,408.89,2026-08-28
2026-08-28,2026-08-28 20:00:00+00:00,2026-10-16,362.0,50.23,897213239,GLD   261016C00362000,0.13415468856947296,49,0.885323681185649,0.03764823354038558,0.25842520555472004,22.817894849924155,408.89,2026-08-28
2026-08-28,2026-08-28 20:00:00+00:00,2026-10-16,363.0,49.28,897213248,GLD   261016C00363000,0.13415468856947296,49,0.8877693267137862,0.03764823354038558,0.2560862170628272,23.378291843129727,408.89,2026-08-28
2026-08-28,2026-08-28 20:00:00+00:00,2026-10-16,364.0,48.38,897213265,GLD   261016C00364000,0.13415468856947296,49,0.8902149722419233,0.03764823354038558,0.25575287544066094,24.273293025212713,408.89,2026-08-28
2026-08-28,2026-08-28 20:00:00+00:00,2026-10-16,365.0,47.45,827014302,GLD   261016C00365000,0.13415468856947296,49,0.8926606177700604,0.03764823354038558,0.25403476866493,24.962983994744814,408.89,2026-08-28
2026-08-28,2026-08-28 20:00:00+00:00,2026-10-16,366.0,46.53,897213278,GLD   261016C00366000,0.13415468856947296,49,0.8951062632981975,0.03764823354038558,0.2526034476269968,25.713373171737913,408.89,2026-08-28
2026-08-28,2026-08-28 20:00:00+00:00,2026-10-16,367.0,45.63,897213293,GLD   261016C00367000,0.13415468856947296,49,0.8975519088263347,0.03764823354038558,0.25180657740375034,26.579462370958925,408.89,2026-08-28
2026-08-28,2026-08-28 20:00:00+00:00,2026-10-16,368.0,44.73,897213308,GLD   261016C00368000,0.13415468856947296,49,0.8999975543544719,0.03764823354038558,0.25085122253112496,27.434311269567647,408.89,2026-08-28
2026-08-28,2026-08-28 20:00:00+00:00,2026-10-16,369.0,43.83,897213330,GLD   261016C00369000,0.13415468856947296,49,0.902443199882609,0.03764823354038558,0.24974636077918116,28.279179681678116,408.89,2026-08-28
2026-08-28,2026-08-28 20:00:00+00:00,2026-10-16,370.0,42.93,827014362,GLD   261016C00370000,0.13415468856947296,49,0.9048888454107462,0.03764823354038558,0.2484998337271623,29.115198933206976,408.89,2026-08-28
2026-08-28,2026-08-28 20:00:00+00:00,2026-10-16,371.0,42.03,897213345,GLD   261016C00371000,0.13415468856947296,49,0.9073344909388833,0.03764823354038558,0.2471185237112455,29.943392137496915,408.89,2026-08-28
2026-08-28,2026-08-28 20:00:00+00:00,2026-10-16,372.0,41.15,897213360,GLD   261016C00372000,0.13415468856947296,49,0.9097801364670205,0.03764823354038558,0.24625752389812844,30.86395295255397,408.89,2026-08-28
2026-08-28,2026-08-28 20:00:00+00:00,2026-10-16,373.0,40.28,897213378,GLD   261016C00373000,0.13415468856947296,49,0.9122257819951577,0.03764823354038558,0.2455523498616181,31.81827199732981,408.89,2026-08-28
2026-08-28,2026-08-28 20:00:00+00:00,2026-10-16,374.0,39.42,897213395,GLD   261016C00374000,0.13415468856947296,49,0.9146714275232948,0.03764823354038558,0.24498392849685624,32.8013473210127,408.89,2026-08-28
2026-08-28,2026-08-28 20:00:00+00:00,2026-10-16,375.0,38.53,827014423,GLD   261016C00375000,0.13415468856947296,49,0.917117073051432,0.03764823354038558,0.2433486984594725,33.63636585055394,408.89,2026-08-28
2026-08-28,2026-08-28 20:00:00+00:00,2026-10-16,376.0,37.73,897213408,GLD   261016C00376000,0.13415468856947296,49,0.9195627185795691,0.03764823354038558,0.24418934928132224,34.834270770911196,408.89,2026-08-28
2026-08-28,2026-08-28 20:00:00+00:00,2026-10-16,377.0,36.88,897213423,GLD   261016C00377000,0.13415468856947296,49,0.9220083641077063,0.03764823354038558,0.24337511955248198,35.79824362946914,408.89,2026-08-28
2026-08-28,2026-08-28 20:00:00+00:00,2026-10-16,378.0,36.03,897213438,GLD   261016C00378000,0.13415468856947296,49,0.9244540096358435,0.03764823354038558,0.24239629116384312,36.74434362808117,408.89,2026-08-28
2026-08-28,2026-08-28 20:00:00+00:00,2026-10-16,379.0,35.17,897213449,GLD   261016C00379000,0.13415468856947296,49,0.9268996551639805,0.03764823354038558,0.24099472528705373,37.639181208326775,408.89,2026-08-28
2026-08-28,2026-08-28 20:00:00+00:00,2026-10-16,380.0,34.38,827014471,GLD   261016C00380000,0.13415468856947296,49,0.9293453006921177,0.03764823354038558,0.24126651703128593,38.75199825157328,408.89,2026-08-28
2026-08-28,2026-08-28 20:00:00+00:00,2026-10-16,381.0,33.58,897213469,GLD   261016C00381000,0.13415468856947296,49,0.9317909462202548,0.03764823354038558,0.2410641446833499,39.79732738694506,408.89,2026-08-28
2026-08-28,2026-08-28 20:00:00+00:00,2026-10-16,382.0,32.7,897213486,GLD   261016C00382000,0.13415468856947296,49,0.934236591748392,0.03764823354038558,0.238698856167961,40.58177936703242,408.89,2026-08-28
2026-08-28,2026-08-28 20:00:00+00:00,2026-10-16,383.0,31.9,897213503,GLD   261016C00383000,0.13415468856947296,49,0.9366822372765292,0.03764823354038558,0.23815876506930211,41.58348466260808,408.89,2026-08-28
2026-08-28,2026-08-28 20:00:00+00:00,2026-10-16,384.0,31.1,897213517,GLD   261016C00384000,0.13415468856947296,49,0.9391278828046663,0.03764823354038558,0.2374363432836719,42.55801848612,408.89,2026-08-28
2026-08-28,2026-08-28 20:00:00+00:00,2026-10-16,385.0,30.35,827014526,GLD   261016C00385000,0.13415468856947296,49,0.9415735283328035,0.03764823354038558,0.23768692923700435,43.62569484115992,408.89,2026-08-28
2026-08-28,2026-08-28 20:00:00+00:00,2026-10-16,386.0,29.55,897213532,GLD   261016C00386000,0.13415468856947296,49,0.9440191738609406,0.03764823354038558,0.2365980114086531,44.5428757693092,408.89,2026-08-28
2026-08-28,2026-08-28 20:00:00+00:00,2026-10-16,387.0,28.8,897213551,GLD   261016C00387000,0.13415468856947296,49,0.9464648193890778,0.03764823354038558,0.23644734505591913,45.53963045436453,408.89,2026-08-28
2026-08-28,2026-08-28 20:00:00+00:00,2026-10-16,388.0,28.05,897213556,GLD   261016C00388000,0.13415468856947296,49,0.948910464917215,0.03764823354038558,0.23609702576277775,46.49975581570116,408.89,2026-08-28
2026-08-28,2026-08-28 20:00:00+00:00,2026-10-16,389.0,27.33,897213572,GLD   261016C00389000,0.13415468856947296,49,0.9513561104453521,0.03764823354038558,0.23618762301085516,47.4764653635969,408.89,2026-08-28
2026-08-28,2026-08-28 20:00:00+00:00,2026-10-16,390.0,26.58,827014584,GLD   261016C00390000,0.13415468856947296,49,0.9538017559734893,0.03764823354038558,0.2354501560099423,48.36491211238672,408.89,2026-08-28
2026-08-28,2026-08-28 20:00:00+00:00,2026-10-16,391.0,25.85,897213584,GLD   261016C00391000,0.13415468856947296,49,0.9562474015016263,0.03764823354038558,0.2349415755803697,49.25059933747639,408.89,2026-08-28
2026-08-28,2026-08-28 20:00:00+00:00,2026-10-16,392.0,25.18,897213599,GLD   261016C00392000,0.13415468856947296,49,0.9586930470297635,0.03764823354038558,0.23544379054745657,50.17768880897203,408.89,2026-08-28
2026-08-28,2026-08-28 20:00:00+00:00,2026-10-16,393.0,24.45,897213609,GLD   261016C00393000,0.13415468856947296,49,0.9611386925579007,0.03764823354038558,0.2345500181484036,50.98707893497978,408.89,2026-08-28
2026-08-28,2026-08-28 20:00:00+00:00,2026-10-16,394.0,23.78,897213624,GLD   261016C00394000,0.13415468856947296,49,0.9635843380860378,0.03764823354038558,0.23464045707480985,51.82562409112548,408.89,2026-08-28
2026-08-28,2026-08-28 20:00:00+00:00,2026-10-16,395.0,23.1,827014632,GLD   261016C00395000,0.13415468856947296,49,0.966029983614175,0.03764823354038558,0.23433650740524753,52.61010044025959,408.89,2026-08-28
2026-08-28,2026-08-28 20:00:00+00:00,2026-10-16,396.0,22.45,897213637,GLD   261016C00396000,0.13415468856947296,49,0.9684756291423121,0.03764823354038558,0.23440253685517237,53.37730609548325,408.89,2026-08-28
2026-08-28,2026-08-28 20:00:00+00:00,2026-10-16,397.0,21.78,897213649,GLD   261016C00397000,0.13415468856947296,49,0.9709212746704493,0.03764823354038558,0.23389695056779308,54.08498905960421,408.89,2026-08-28
2026-08-28,2026-08-28 20:00:00+00:00,2026-10-16,398.0,21.18,897213662,GLD   261016C00398000,0.13415468856947296,49,0.9733669201985864,0.03764823354038558,0.23448257311647752,54.79364693639555,408.89,2026-08-28
2026-08-28,2026-08-28 20:00:00+00:00,2026-10-16,399.0,20.53,897213672,GLD   261016C00399000,0.13415468856947296,49,0.9758125657267236,0.03764823354038558,0.2339537275129929,55.42554231302288,408.89,2026-08-28
2026-08-28,2026-08-28 20:00:00+00:00,2026-10-16,400.0,19.93,827014701,GLD   261016C00400000,0.13415468856947296,49,0.9782582112548608,0.03764823354038558,0.23413103381516415,56.03675501588427,408.89,2026-08-28
2026-08-28,2026-08-28 20:00:00+00:00,2026-10-16,401.0,19.27,897213686,GLD   261016C00401000,0.13415468856947296,49,0.9807038567829979,0.03764823354038558,0.23304740579323846,56.57898035254171,408.89,2026-08-28
2026-08-28,2026-08-28 20:00:00+00:00,2026-10-16,402.0,18.73,897213698,GLD   261016C00402000,0.13415468856947296,49,0.9831495023111351,0.03764823354038558,0.23388855951922016,57.115593552143,408.89,2026-08-28
2026-08-28,2026-08-28 20:00:00+00:00,2026-10-16,403.0,18.05,897213709,GLD   261016C00403000,0.13415468856947296,49,0.9855951478392722,0.03764823354038558,0.23208819066574798,57.568179927325176,408.89,2026-08-28
2026-08-28,2026-08-28 20:00:00+00:00,2026-10-16,404.0,17.58,897213728,GLD   261016C00404000,0.13415468856947296,49,0.9880407933674094,0.03764823354038558,0.23373983027869838,58.01862019710217,408.89,2026-08-28
2026-08-28,2026-08-28 20:00:00+00:00,2026-10-16,405.0,17.02,827014751,GLD   261016C00405000,0.13415468856947296,49,0.9904864388955466,0.03764823354038558,0.23363303765496235,58.40096175210358,408.89,2026-08-28
2026-08-28,2026-08-28 20:00:00+00:00,2026-10-16,406.0,16.35,897213743,GLD   261016C00406000,0.13415468856947296,49,0.9929320844236836,0.03764823354038558,0.23146122753480447,58.72687149441831,408.89,2026-08-28
2026-08-28,2026-08-28 20:00:00+00:00,2026-10-16,407.0,15.98,897213758,GLD   261016C00407000,0.13415468856947296,49,0.9953777299518208,0.03764823354038558,0.2342009700851515,59.02689895680119,408.89,2026-08-28
2026-08-28,2026-08-28 20:00:00+00:00,2026-10-16,408.0,15.48,897213769,GLD   261016C00408000,0.13415468856947296,49,0.9978233754799579,0.03764823354038558,0.23453122443472968,59.26671848053984,408.89,2026-08-28
2026-08-28,2026-08-28 20:00:00+00:00,2026-10-16,409.0,14.98,897213784,GLD   261016C00409000,0.13415468856947296,49,1.0002690210080951,0.03764823354038558,0.23466879199743268,59.45769051833154,408.89,2026-08-28
2026-08-28,2026-08-28 20:00:00+00:00,2026-10-16,410.0,14.5,827014809,GLD   261016C00410000,0.13415468856947296,49,1.0027146665362323,0.03764823354038558,0.23495173610644415,59.60035978796436,408.89,2026-08-28
2026-08-28,2026-08-28 20:00:00+00:00,2026-10-16,411.0,14.03,912708356,GLD   261016C00411000,0.13415468856947296,49,1.0051603120643695,0.03764823354038558,0.23521265022056181,59.69489769729392,408.89,2026-08-28
2026-08-28,2026-08-28 20:00:00+00:00,2026-10-16,412.0,13.55,912708461,GLD   261016C00412000,0.13415468856947296,49,1.0076059575925065,0.03764823354038558,0.23511811355678364,59.74184128154777,408.89,2026-08-28
2026-08-28,2026-08-28 20:00:00+00:00,2026-10-16,413.0,13.1,912708526,GLD   261016C00413000,0.13415468856947296,49,1.0100516031206437,0.03764823354038558,0.23533905610544603,59.74132597733651,408.89,2026-08-28
2026-08-28,2026-08-28 20:00:00+00:00,2026-10-16,414.0,12.68,912708596,GLD   261016C00414000,0.13415468856947296,49,1.0124972486487809,0.03764823354038558,0.23587690276158974,59.69454438381039,408.89,2026-08-28
2026-08-28,2026-08-28 20:00:00+00:00,2026-10-16,415.0,12.25,827014881,GLD   261016C00415000,0.13415468856947296,49,1.014942894176918,0.03764823354038558,0.2360635826379992,59.60168344033301,408.89,2026-08-28
2026-08-28,2026-08-28 20:00:00+00:00,2026-10-16,416.0,11.85,912708680,GLD   261016C00416000,0.13415468856947296,49,1.0173885397050553,0.03764823354038558,0.23657173001123594,59.465086342735894,408.89,2026-08-28
2026-08-28,2026-08-28 20:00:00+00:00,2026-10-16,417.0,11.45,912708757,GLD   261016C00417000,0.13415468856947296,49,1.0198341852331922,0.03764823354038558,0.2368999867138453,59.2843266444186,408.89,2026-08-28
2026-08-28,2026-08-28 20:00:00+00:00,2026-10-16,418.0,11.05,912708830,GLD   261016C00418000,0.13415468856947296,49,1.0222798307613294,0.03764823354038558,0.23704888358907777,59.05936362103237,408.89,2026-08-28
2026-08-28,2026-08-28 20:00:00+00:00,2026-10-16,419.0,10.65,912708896,GLD   261016C00419000,0.13415468856947296,49,1.0247254762894666,0.03764823354038558,0.23701825300222262,58.78985404219535,408.89,2026-08-28
2026-08-28,2026-08-28 20:00:00+00:00,2026-10-16,420.0,10.3,827014933,GLD   261016C00420000,0.13415468856947296,49,1.0271711218176038,0.03764823354038558,0.23766219380414116,58.487965681591334,408.89,2026-08-28
2026-08-28,2026-08-28 20:00:00+00:00,2026-10-16,421.0,9.95,912708991,GLD   261016C00421000,0.13415468856947296,49,1.029616767345741,0.03764823354038558,0.23813450460145252,58.14599374317699,408.89,2026-08-28
2026-08-28,2026-08-28 20:00:00+00:00,2026-10-16,422.0,9.6,912709070,GLD   261016C00422000,0.13415468856947296,49,1.032062412873878,0.03764823354038558,0.2384350177594461,57.76368630584511,408.89,2026-08-28
2026-08-28,2026-08-28 20:00:00+00:00,2026-10-16,423.0,9.25,912709158,GLD   261016C00423000,0.13415468856947296,49,1.0345080584020152,0.03764823354038558,0.23856293235672638,57.34052553248388,408.89,2026-08-28
2026-08-28,2026-08-28 20:00:00+00:00,2026-10-16,424.0,8.93,912709235,GLD   261016C00424000,0.13415468856947296,49,1.0369537039301524,0.03764823354038558,0.23904419298497961,56.89150827418508,408.89,2026-08-28
2026-08-28,2026-08-28 20:00:00+00:00,2026-10-16,425.0,8.57,827395259,GLD   261016C00425000,0.13415468856947296,49,1.0393993494582896,0.03764823354038558,0.2386492642327212,56.38044628288501,408.89,2026-08-28
2026-08-28,2026-08-28 20:00:00+00:00,2026-10-16,426.0,8.32,912709314,GLD   261016C00426000,0.13415468856947296,49,1.0418449949864268,0.03764823354038558,0.24004143325267363,55.90030953659167,408.89,2026-08-28
2026-08-28,2026-08-28 20:00:00+00:00,2026-10-16,427.0,8.0,912709403,GLD   261016C00427000,0.13415468856947296,49,1.0442906405145638,0.03764823354038558,0.2400226302259602,55.33855321119214,408.89,2026-08-28
2026-08-28,2026-08-28 20:00:00+00:00,2026-10-16,428.0,7.7,912709471,GLD   261016C00428000,0.13415468856947296,49,1.046736286042701,0.03764823354038558,0.24019657917739828,54.75401351294075,408.89,2026-08-28
2026-08-28,2026-08-28 20:00:00+00:00,2026-10-16,429.0,7.45,912709553,GLD   261016C00429000,0.13415468856947296,49,1.0491819315708382,0.03764823354038558,0.24112630922188988,54.18078627295287,408.89,2026-08-28
2026-08-28,2026-08-28 20:00:00+00:00,2026-10-16,430.0,7.23,827395322,GLD   261016C00430000,0.13415468856947296,49,1.0516275770989754,0.03764823354038558,0.24246705163782467,53.61123303434001,408.89,2026-08-28
2026-08-28,2026-08-28 20:00:00+00:00,2026-10-16,435.0,5.98,827395402,GLD   261016C00435000,0.13415468856947296,49,1.0638558047396611,0.03764823354038558,0.24412007889365778,50.17082964612327,408.89,2026-08-28
2026-08-28,2026-08-28 20:00:00+00:00,2026-10-16,440.0,4.98,827395449,GLD   261016C00440000,0.13415468856947296,49,1.0760840323803469,0.03764823354038558,0.24706588641209526,46.460402527537326,408.89,2026-08-28
2026-08-28,2026-08-28 20:00:00+00:00,2026-10-16,445.0,4.13,827395514,GLD   261016C00445000,0.13415468856947296,49,1.0883122600210327,0.03764823354038558,0.24983110478194434,42.55214722527159,408.89,2026-08-28
2026-08-28,2026-08-28 20:00:00+00:00,2026-10-16,450.0,3.45,827395582,GLD   261016C00450000,0.13415468856947296,49,1.1005404876617184,0.03764823354038558,0.25343399380100895,38.72663891473678,408.89,2026-08-28
2026-08-28,2026-08-28 20:00:00+00:00,2026-10-16,455.0,2.86,827395643,GLD   261016C00455000,0.13415468856947296,49,1.1127687153024042,0.03764823354038558,0.25641883226791407,34.89986319283573,408.89,2026-08-28
2026-08-28,2026-08-28 20:00:00+00:00,2026-10-16,460.0,2.43,827395672,GLD   261016C00460000,0.13415468856947296,49,1.12499694294309,0.03764823354038558,0.26135182821182545,31.561484458435128,408.89,2026-08-28
2026-08-28,2026-08-28 20:00:00+00:00,2026-10-16,465.0,2.05,827395727,GLD   261016C00465000,0.13415468856947296,49,1.1372251705837757,0.03764823354038558,0.2655571684419178,28.335002959921894,408.89,2026-08-28
2026-08-28,2026-08-28 20:00:00+00:00,2026-10-16,470.0,1.75,827395802,GLD   261016C00470000,0.13415468856947296,49,1.1494533982244615,0.03764823354038558,0.2704322093411349,25.475544623211505,408.89,2026-08-28
2026-08-28,2026-08-28 20:00:00+00:00,2026-10-16,475.0,1.48,827395864,GLD   261016C00475000,0.13415468856947296,49,1.1616816258651472,0.03764823354038558,0.2744791161435657,22.731851875092335,408.89,2026-08-28
2026-08-28,2026-08-28 20:00:00+00:00,2026-10-16,480.0,1.3,827395917,GLD   261016C00480000,0.13415468856947296,49,1.173909853505833,0.03764823354038558,0.2807503399827518,20.61838619792488,408.89,2026-08-28
2026-08-28,2026-08-28 20:00:00+00:00,2026-10-16,485.0,1.11,827395979,GLD   261016C00485000,0.13415468856947296,49,1.1861380811465188,0.03764823354038558,0.2849823900100775,18.399303139644996,408.89,2026-08-28
2026-08-28,2026-08-28 20:00:00+00:00,2026-10-16,490.0,0.96,827396023,GLD   261016C00490000,0.13415468856947296,49,1.1983663087872045,0.03764823354038558,0.2897895388514735,16.499832245258435,408.89,2026-08-28
2026-08-28,2026-08-28 20:00:00+00:00,2026-11-20,330.0,82.95,838421537,GLD   261120C00330000,0.2299794661190965,84,0.8070630242852601,0.03816620291049065,0.2904308906284161,19.343833395992597,408.89,2026-08-28
2026-08-28,2026-08-28 20:00:00+00:00,2026-11-20,335.0,78.22,838421587,GLD   261120C00335000,0.2299794661190965,84,0.8192912519259459,0.03816620291049065,0.28513695852635434,22.093707174467944,408.89,2026-08-28
2026-08-28,2026-08-28 20:00:00+00:00,2026-11-20,340.0,73.58,838421643,GLD   261120C00340000,0.2299794661190965,84,0.8315194795666316,0.03816620291049065,0.28183734863800936,25.48874518151701,408.89,2026-08-28
2026-08-28,2026-08-28 20:00:00+00:00,2026-11-20,345.0,69.08,838421701,GLD   261120C00345000,0.2299794661190965,84,0.8437477072073174,0.03816620291049065,0.28126582603110006,29.684247629858213,408.89,2026-08-28
2026-08-28,2026-08-28 20:00:00+00:00,2026-11-20,350.0,64.1,838421767,GLD   261120C00350000,0.2299794661190965,84,0.8559759348480032,0.03816620291049065,0.26311265389965854,30.809673805574263,408.89,2026-08-28
2026-08-28,2026-08-28 20:00:00+00:00,2026-11-20,355.0,59.73,838421807,GLD   261120C00355000,0.2299794661190965,84,0.8682041624886889,0.03816620291049065,0.2630696462833322,35.68546673177179,408.89,2026-08-28
2026-08-28,2026-08-28 20:00:00+00:00,2026-11-20,360.0,55.18,838421860,GLD   261120C00360000,0.2299794661190965,84,0.8804323901293747,0.03816620291049065,0.2556249142781831,39.37815708354943,408.89,2026-08-28
2026-08-28,2026-08-28 20:00:00+00:00,2026-11-20,365.0,50.9,838421927,GLD   261120C00365000,0.2299794661190965,84,0.8926606177700604,0.03816620291049065,0.25293500114558265,44.17280112194551,408.89,2026-08-28
2026-08-28,2026-08-28 20:00:00+00:00,2026-11-20,370.0,46.73,838421990,GLD   261120C00370000,0.2299794661190965,84,0.9048888454107462,0.03816620291049065,0.250140688840393,49.04583545218238,408.89,2026-08-28
2026-08-28,2026-08-28 20:00:00+00:00,2026-11-20,375.0,42.65,838422047,GLD   261120C00375000,0.2299794661190965,84,0.917117073051432,0.03816620291049065,0.24665720230052252,53.82271039774881,408.89,2026-08-28
2026-08-28,2026-08-28 20:00:00+00:00,2026-11-20,380.0,38.85,838422090,GLD   261120C00380000,0.2299794661190965,84,0.9293453006921177,0.03816620291049065,0.24566472099600356,58.810896753152946,408.89,2026-08-28
2026-08-28,2026-08-28 20:00:00+00:00,2026-11-20,385.0,35.58,838422120,GLD   261120C00385000,0.2299794661190965,84,0.9415735283328035,0.03816620291049065,0.250316183756385,63.958303356096984,408.89,2026-08-28
2026-08-28,2026-08-28 20:00:00+00:00,2026-11-20,390.0,31.78,838422150,GLD   261120C00390000,0.2299794661190965,84,0.9538017559734893,0.03816620291049065,0.243798639335949,67.68432014960595,408.89,2026-08-28
2026-08-28,2026-08-28 20:00:00+00:00,2026-11-20,395.0,28.73,838422190,GLD   261120C00395000,0.2299794661190965,84,0.966029983614175,0.03816620291049065,0.2457141173574142,71.42071476469094,408.89,2026-08-28
2026-08-28,2026-08-28 20:00:00+00:00,2026-11-20,400.0,25.53,838422240,GLD   261120C00400000,0.2299794661190965,84,0.9782582112548608,0.03816620291049065,0.24271852232990793,74.26473045187156,408.89,2026-08-28
2026-08-28,2026-08-28 20:00:00+00:00,2026-11-20,405.0,22.93,838422292,GLD   261120C00405000,0.2299794661190965,84,0.9904864388955466,0.03816620291049065,0.2450544095796533,76.44393471275153,408.89,2026-08-28
2026-08-28,2026-08-28 20:00:00+00:00,2026-11-20,410.0,20.33,838422347,GLD   261120C00410000,0.2299794661190965,84,1.0027146665362323,0.03816620291049065,0.24462973497929053,77.75278956153441,408.89,2026-08-28
2026-08-28,2026-08-28 20:00:00+00:00,2026-11-20,415.0,18.08,838422419,GLD   261120C00415000,0.2299794661190965,84,1.014942894176918,0.03816620291049065,0.24606378473779184,78.22548153820256,408.89,2026-08-28
2026-08-28,2026-08-28 20:00:00+00:00,2026-11-20,420.0,16.05,838422473,GLD   261120C00420000,0.2299794661190965,84,1.0271711218176038,0.03816620291049065,0.24774570104209706,77.89484702078133,408.89,2026-08-28
2026-08-28,2026-08-28 20:00:00+00:00,2026-11-20,425.0,14.18,838422532,GLD   261120C00425000,0.2299794661190965,84,1.0393993494582896,0.03816620291049065,0.2490209075991996,76.82295529144658,408.89,2026-08-28
2026-08-28,2026-08-28 20:00:00+00:00,2026-11-20,430.0,12.55,838422584,GLD   261120C00430000,0.2299794661190965,84,1.0516275770989754,0.03816620291049065,0.2510692454419099,75.11473442150596,408.89,2026-08-28
2026-08-28,2026-08-28 20:00:00+00:00,2026-11-20,435.0,11.1,838422631,GLD   261120C00435000,0.2299794661190965,84,1.0638558047396611,0.03816620291049065,0.2532886079416611,72.87236425261833,408.89,2026-08-28
2026-08-28,2026-08-28 20:00:00+00:00,2026-11-20,440.0,9.7,838422685,GLD   261120C00440000,0.2299794661190965,84,1.0760840323803469,0.03816620291049065,0.2540248782170005,70.081273785992,408.89,2026-08-28
2026-08-28,2026-08-28 20:00:00+00:00,2026-11-20,445.0,8.55,838422733,GLD   261120C00445000,0.2299794661190965,84,1.0883122600210327,0.03816620291049065,0.25624847814971585,67.03202606198377,408.89,2026-08-28
2026-08-28,2026-08-28 20:00:00+00:00,2026-11-20,450.0,7.55,838422769,GLD   261120C00450000,0.2299794661190965,84,1.1005404876617184,0.03816620291049065,0.25880179693223915,63.77668097444938,408.89,2026-08-28
2026-08-28,2026-08-28 20:00:00+00:00,2026-11-20,455.0,6.6,838422824,GLD   261120C00455000,0.2299794661190965,84,1.1127687153024042,0.03816620291049065,0.2602854758781381,60.22270899254949,408.89,2026-08-28
2026-08-28,2026-08-28 20:00:00+00:00,2026-11-20,460.0,5.83,838422879,GLD   261120C00460000,0.2299794661190965,84,1.12499694294309,0.03816620291049065,0.2629965482364409,56.75065414800848,408.89,2026-08-28
2026-08-28,2026-08-28 20:00:00+00:00,2026-11-20,465.0,5.15,838422937,GLD   261120C00465000,0.2299794661190965,84,1.1372251705837757,0.03816620291049065,0.2656914438451642,53.270532525835975,408.89,2026-08-28
2026-08-28,2026-08-28 20:00:00+00:00,2026-11-20,470.0,4.55,838422999,GLD   261120C00470000,0.2299794661190965,84,1.1494533982244615,0.03816620291049065,0.2683680020791479,49.831433778303236,408.89,2026-08-28
2026-08-28,2026-08-28 20:00:00+00:00,2026-11-20,475.0,4.08,838423049,GLD   261120C00475000,0.2299794661190965,84,1.1616816258651472,0.03816620291049065,0.2722919674473815,46.72645303639274,408.89,2026-08-28
2026-08-28,2026-08-28 20:00:00+00:00,2026-11-20,480.0,3.63,838423086,GLD   261120C00480000,0.2299794661190965,84,1.173909853505833,0.03816620291049065,0.2753957148023882,43.5859417427379,408.89,2026-08-28
2026-08-28,2026-08-28 20:00:00+00:00,2026-11-20,485.0,3.23,838423163,GLD   261120C00485000,0.2299794661190965,84,1.1861380811465188,0.03816620291049065,0.2784092653700152,40.56585891686563,408.89,2026-08-28
2026-08-28,2026-08-28 20:00:00+00:00,2026-11-20,490.0,2.88,838423223,GLD   261120C00490000,0.2299794661190965,84,1.1983663087872045,0.03816620291049065,0.28148377909408884,37.7111192251298,408.89,2026-08-28
2026-08-28,2026-08-28 20:00:00+00:00,2026-12-18,330.0,84.63,843266880,GLD   261218C00330000,0.3066392881587953,112,0.8070630242852601,0.03852032546054567,0.2816765590113588,28.10995412461935,408.89,2026-08-28
2026-08-28,2026-08-28 20:00:00+00:00,2026-12-18,335.0,80.08,843266934,GLD   261218C00335000,0.3066392881587953,112,0.8192912519259459,0.03852032546054567,0.27957333942698315,31.976390482533084,408.89,2026-08-28
2026-08-28,2026-08-28 20:00:00+00:00,2026-12-18,340.0,75.47,843266977,GLD   261218C00340000,0.3066392881587953,112,0.8315194795666316,0.03852032546054567,0.27396029602708294,35.34542761225531,408.89,2026-08-28
2026-08-28,2026-08-28 20:00:00+00:00,2026-12-18,345.0,70.95,843267030,GLD   261218C00345000,0.3066392881587953,112,0.8437477072073174,0.03852032546054567,0.26949555039526896,39.1927394913766,408.89,2026-08-28
2026-08-28,2026-08-28 20:00:00+00:00,2026-12-18,350.0,66.43,843267095,GLD   261218C00350000,0.3066392881587953,112,0.8559759348480032,0.03852032546054567,0.2636383377262391,42.96217193652889,408.89,2026-08-28
2026-08-28,2026-08-28 20:00:00+00:00,2026-12-18,355.0,62.1,843267155,GLD   261218C00355000,0.3066392881587953,112,0.8682041624886889,0.03852032546054567,0.2606223192031496,47.52740294445766,408.89,2026-08-28
2026-08-28,2026-08-28 20:00:00+00:00,2026-12-18,360.0,57.85,843267204,GLD   261218C00360000,0.3066392881587953,112,0.8804323901293747,0.03852032546054567,0.2574500092514792,52.19438582853652,408.89,2026-08-28
2026-08-28,2026-08-28 20:00:00+00:00,2026-12-18,365.0,53.7,843267244,GLD   261218C00365000,0.3066392881587953,112,0.8926606177700604,0.03852032546054567,0.2543530138500967,56.9525565563415,408.89,2026-08-28
2026-08-28,2026-08-28 20:00:00+00:00,2026-12-18,370.0,49.7,843267291,GLD   261218C00370000,0.3066392881587953,112,0.9048888454107462,0.03852032546054567,0.2519717627850361,61.83074301987486,408.89,2026-08-28
2026-08-28,2026-08-28 20:00:00+00:00,2026-12-18,375.0,46.0,843267336,GLD   261218C00375000,0.3066392881587953,112,0.917117073051432,0.03852032546054567,0.25225307245561857,66.95931729437086,408.89,2026-08-28
2026-08-28,2026-08-28 20:00:00+00:00,2026-12-18,380.0,41.95,843267377,GLD   261218C00380000,0.3066392881587953,112,0.9293453006921177,0.03852032546054567,0.24543792054550723,70.99764483827066,408.89,2026-08-28
2026-08-28,2026-08-28 20:00:00+00:00,2026-12-18,385.0,38.63,843267421,GLD   261218C00385000,0.3066392881587953,112,0.9415735283328035,0.03852032546054567,0.24693963884888215,75.67477944195085,408.89,2026-08-28
2026-08-28,2026-08-28 20:00:00+00:00,2026-12-18,390.0,35.13,843267461,GLD   261218C00390000,0.3066392881587953,112,0.9538017559734893,0.03852032546054567,0.2439032247693278,79.50788265681376,408.89,2026-08-28
2026-08-28,2026-08-28 20:00:00+00:00,2026-12-18,395.0,32.23,843267516,GLD   261218C00395000,0.3066392881587953,112,0.966029983614175,0.03852032546054567,0.24626293477406724,83.10773133154073,408.89,2026-08-28
2026-08-28,2026-08-28 20:00:00+00:00,2026-12-18,400.0,29.18,843267561,GLD   261218C00400000,0.3066392881587953,112,0.9782582112548608,0.03852032546054567,0.24465164856119082,85.89832056683109,408.89,2026-08-28
2026-08-28,2026-08-28 20:00:00+00:00,2026-12-18,405.0,26.48,843267622,GLD   261218C00405000,0.3066392881587953,112,0.9904864388955466,0.03852032546054567,0.2450758575095795,88.06536611858559,408.89,2026-08-28
2026-08-28,2026-08-28 20:00:00+00:00,2026-12-18,410.0,23.88,843267653,GLD   261218C00410000,0.3066392881587953,112,1.0027146665362323,0.03852032546054567,0.24460610779812564,89.51131555371148,408.89,2026-08-28
2026-08-28,2026-08-28 20:00:00+00:00,2026-12-18,415.0,21.75,843267705,GLD   261218C00415000,0.3066392881587953,112,1.014942894176918,0.03852032546054567,0.24739069729009644,90.23229091421327,408.89,2026-08-28
2026-08-28,2026-08-28 20:00:00+00:00,2026-12-18,420.0,19.6,843267745,GLD   261218C00420000,0.3066392881587953,112,1.0271711218176038,0.03852032546054567,0.2480188338640146,90.25553986829128,408.89,2026-08-28
2026-08-28,2026-08-28 20:00:00+00:00,2026-12-18,425.0,17.6,843267789,GLD   261218C00425000,0.3066392881587953,112,1.0393993494582896,0.03852032546054567,0.24844933842709288,89.61282919320254,408.89,2026-08-28
2026-08-28,2026-08-28 20:00:00+00:00,2026-12-18,430.0,15.93,843267838,GLD   261218C00430000,0.3066392881587953,112,1.0516275770989754,0.03852032546054567,0.25078198473909874,88.39670152924509,408.89,2026-08-28
2026-08-28,2026-08-28 20:00:00+00:00,2026-12-18,435.0,14.3,843267905,GLD   261218C00435000,0.3066392881587953,112,1.0638558047396611,0.03852032546054567,0.2518640388573521,86.62520166883394,408.89,2026-08-28
2026-08-28,2026-08-28 20:00:00+00:00,2026-12-18,440.0,12.85,843267970,GLD   261218C00440000,0.3066392881587953,112,1.0760840323803469,0.03852032546054567,0.25337575936513035,84.4067247631292,408.89,2026-08-28
2026-08-28,2026-08-28 20:00:00+00:00,2026-12-18,445.0,11.53,843268027,GLD   261218C00445000,0.3066392881587953,112,1.0883122600210327,0.03852032546054567,0.2548530681920238,81.7995723303155,408.89,2026-08-28
2026-08-28,2026-08-28 20:00:00+00:00,2026-12-18,450.0,10.35,843268078,GLD   261218C00450000,0.3066392881587953,112,1.1005404876617184,0.03852032546054567,0.2565361672523433,78.89806646165763,408.89,2026-08-28
2026-08-28,2026-08-28 20:00:00+00:00,2026-12-18,455.0,9.3,843268128,GLD   261218C00455000,0.3066392881587953,112,1.1127687153024042,0.03852032546054567,0.2584391471748241,75.78597666670358,408.89,2026-08-28
2026-08-28,2026-08-28 20:00:00+00:00,2026-12-18,460.0,8.43,843268193,GLD   261218C00460000,0.3066392881587953,112,1.12499694294309,0.03852032546054567,0.2614048939107918,72.66590114524405,408.89,2026-08-28
2026-08-28,2026-08-28 20:00:00+00:00,2026-12-18,465.0,7.53,843268254,GLD   261218C00465000,0.3066392881587953,112,1.1372251705837757,0.03852032546054567,0.2626816836846061,69.19610113313465,408.89,2026-08-28
2026-08-28,2026-08-28 20:00:00+00:00,2026-12-18,470.0,6.8,843268302,GLD   261218C00470000,0.3066392881587953,112,1.1494533982244615,0.03852032546054567,0.2651736388499849,65.8705939817114,408.89,2026-08-28
2026-08-28,2026-08-28 20:00:00+00:00,2026-12-18,475.0,5.95,843268355,GLD   261218C00475000,0.3066392881587953,112,1.1616816258651472,0.03852032546054567,0.2645485569530167,61.91400975510117,408.89,2026-08-28
2026-08-28,2026-08-28 20:00:00+00:00,2026-12-18,480.0,5.55,843268405,GLD   261218C00480000,0.3066392881587953,112,1.173909853505833,0.03852032546054567,0.2700777457454242,59.25090849912797,408.89,2026-08-28
2026-08-28,2026-08-28 20:00:00+00:00,2026-12-18,485.0,4.95,843268444,GLD   261218C00485000,0.3066392881587953,112,1.1861380811465188,0.03852032546054567,0.2712969436830841,55.744750758110555,408.89,2026-08-28
2026-08-28,2026-08-28 20:00:00+00:00,2026-12-18,490.0,4.47,843268501,GLD   261218C00490000,0.3066392881587953,112,1.1983663087872045,0.03852032546054567,0.27361415828866886,52.56318014191539,408.89,2026-08-28
2026-08-28,2026-08-28 20:00:00+00:00,2026-12-31,330.0,85.58,843069691,GLD   261231C00330000,0.34223134839151265,125,0.8070630242852601,0.03868469925520316,0.2834233126965351,33.08381185292301,408.89,2026-08-28
2026-08-28,2026-08-28 20:00:00+00:00,2026-12-31,335.0,80.47,843069756,GLD   261231C00335000,0.34223134839151265,125,0.8192912519259459,0.03868469925520316,0.2635602106380277,33.07861430691291,408.89,2026-08-28
2026-08-28,2026-08-28 20:00:00+00:00,2026-12-31,340.0,76.53,843069801,GLD   261231C00340000,0.34223134839151265,125,0.8315194795666316,0.03868469925520316,0.27567007694551726,40.63088265532867,408.89,2026-08-28
2026-08-28,2026-08-28 20:00:00+00:00,2026-12-31,345.0,71.78,843069849,GLD   261231C00345000,0.34223134839151265,125,0.8437477072073174,0.03868469925520316,0.2647272555545904,43.14513241422273,408.89,2026-08-28
2026-08-28,2026-08-28 20:00:00+00:00,2026-12-31,350.0,67.38,843069906,GLD   261231C00350000,0.34223134839151265,125,0.8559759348480032,0.03868469925520316,0.2609441405954772,47.46853170581524,408.89,2026-08-28
2026-08-28,2026-08-28 20:00:00+00:00,2026-12-31,355.0,63.1,843069951,GLD   261231C00355000,0.34223134839151265,125,0.8682041624886889,0.03868469925520316,0.2580837615882047,52.15392340599225,408.89,2026-08-28
2026-08-28,2026-08-28 20:00:00+00:00,2026-12-31,360.0,58.88,843070010,GLD   261231C00360000,0.34223134839151265,125,0.8804323901293747,0.03868469925520316,0.254726150089968,56.843915769063564,408.89,2026-08-28
2026-08-28,2026-08-28 20:00:00+00:00,2026-12-31,361.0,58.05,843070041,GLD   261231C00361000,0.34223134839151265,125,0.8828780356575119,0.03868469925520316,0.25411085619749507,57.802050143545614,408.89,2026-08-28
2026-08-28,2026-08-28 20:00:00+00:00,2026-12-31,362.0,57.3,843070091,GLD   261231C00362000,0.34223134839151265,125,0.885323681185649,0.03868469925520316,0.2547888268456795,59.007392167042475,408.89,2026-08-28
2026-08-28,2026-08-28 20:00:00+00:00,2026-12-31,363.0,56.65,843070136,GLD   261231C00363000,0.34223134839151265,125,0.8877693267137862,0.03868469925520316,0.25701287380428994,60.48383783144337,408.89,2026-08-28
2026-08-28,2026-08-28 20:00:00+00:00,2026-12-31,364.0,55.95,843070178,GLD   261231C00364000,0.34223134839151265,125,0.8902149722419233,0.03868469925520316,0.2582534591371195,61.75726496800377,408.89,2026-08-28
2026-08-28,2026-08-28 20:00:00+00:00,2026-12-31,365.0,55.13,843070227,GLD   261231C00365000,0.34223134839151265,125,0.8926606177700604,0.03868469925520316,0.257454861345049,62.66589135104561,408.89,2026-08-28
2026-08-28,2026-08-28 20:00:00+00:00,2026-12-31,366.0,54.38,843070260,GLD   261231C00366000,0.34223134839151265,125,0.8951062632981975,0.03868469925520316,0.2576964788413607,63.74832462409281,408.89,2026-08-28
2026-08-28,2026-08-28 20:00:00+00:00,2026-12-31,367.0,53.58,843070284,GLD   261231C00367000,0.34223134839151265,125,0.8975519088263347,0.03868469925520316,0.2570746844473295,64.68193882466142,408.89,2026-08-28
2026-08-28,2026-08-28 20:00:00+00:00,2026-12-31,368.0,52.43,843070325,GLD   261231C00368000,0.34223134839151265,125,0.8999975543544719,0.03868469925520316,0.25101777227269484,64.72962251417651,408.89,2026-08-28
2026-08-28,2026-08-28 20:00:00+00:00,2026-12-31,369.0,51.63,843070366,GLD   261231C00369000,0.34223134839151265,125,0.902443199882609,0.03868469925520316,0.25034372241413216,65.67154868652455,408.89,2026-08-28
2026-08-28,2026-08-28 20:00:00+00:00,2026-12-31,370.0,50.83,843070396,GLD   261231C00370000,0.34223134839151265,125,0.9048888454107462,0.03868469925520316,0.24960531013971193,66.60085466653217,408.89,2026-08-28
2026-08-28,2026-08-28 20:00:00+00:00,2026-12-31,371.0,50.1,843070455,GLD   261231C00371000,0.34223134839151265,125,0.9073344909388833,0.03868469925520316,0.24983967277826744,67.67759152025678,408.89,2026-08-28
2026-08-28,2026-08-28 20:00:00+00:00,2026-12-31,372.0,49.18,843070491,GLD   261231C00372000,0.34223134839151265,125,0.9097801364670205,0.03868469925520316,0.24721034096749503,68.31253990538264,408.89,2026-08-28
2026-08-28,2026-08-28 20:00:00+00:00,2026-12-31,373.0,48.6,843070539,GLD   261231C00373000,0.34223134839151265,125,0.9122257819951577,0.03868469925520316,0.24946547485189519,69.67242711134024,408.89,2026-08-28
2026-08-28,2026-08-28 20:00:00+00:00,2026-12-31,374.0,48.23,843070578,GLD   261231C00374000,0.34223134839151265,125,0.9146714275232948,0.03868469925520316,0.25451404561577373,71.36116782787722,408.89,2026-08-28
2026-08-28,2026-08-28 20:00:00+00:00,2026-12-31,375.0,47.05,843070629,GLD   261231C00375000,0.34223134839151265,125,0.917117073051432,0.03868469925520316,0.2480856921744533,71.49453870716721,408.89,2026-08-28
2026-08-28,2026-08-28 20:00:00+00:00,2026-12-31,376.0,46.35,843070679,GLD   261231C00376000,0.34223134839151265,125,0.9195627185795691,0.03868469925520316,0.24833459246763961,72.51840730720451,408.89,2026-08-28
2026-08-28,2026-08-28 20:00:00+00:00,2026-12-31,377.0,46.0,843070741,GLD   261231C00377000,0.34223134839151265,125,0.9220083641077063,0.03868469925520316,0.25323703232901174,74.08529743501383,408.89,2026-08-28
2026-08-28,2026-08-28 20:00:00+00:00,2026-12-31,378.0,45.3,843070801,GLD   261231C00378000,0.34223134839151265,125,0.9244540096358435,0.03868469925520316,0.25325069455793137,75.02347879034616,408.89,2026-08-28
2026-08-28,2026-08-28 20:00:00+00:00,2026-12-31,379.0,44.55,843070854,GLD   261231C00379000,0.34223134839151265,125,0.9268996551639805,0.03868469925520316,0.2525255161126144,75.86733865517272,408.89,2026-08-28
2026-08-28,2026-08-28 20:00:00+00:00,2026-12-31,380.0,43.85,843070906,GLD   261231C00380000,0.34223134839151265,125,0.9293453006921177,0.03868469925520316,0.2523889124494977,76.76325105092016,408.89,2026-08-28
2026-08-28,2026-08-28 20:00:00+00:00,2026-12-31,381.0,43.15,843070940,GLD   261231C00381000,0.34223134839151265,125,0.9317909462202548,0.03868469925520316,0.2521761840016581,77.63695597035439,408.89,2026-08-28
2026-08-28,2026-08-28 20:00:00+00:00,2026-12-31,382.0,42.03,843070984,GLD   261231C00382000,0.34223134839151265,125,0.934236591748392,0.03868469925520316,0.24652077558515595,77.97429852991039,408.89,2026-08-28
2026-08-28,2026-08-28 20:00:00+00:00,2026-12-31,383.0,41.75,843071018,GLD   261231C00383000,0.34223134839151265,125,0.9366822372765292,0.03868469925520316,0.2515298963137903,79.32034245484016,408.89,2026-08-28
2026-08-28,2026-08-28 20:00:00+00:00,2026-12-31,384.0,41.05,843071063,GLD   261231C00384000,0.34223134839151265,125,0.9391278828046663,0.03868469925520316,0.25109967114189646,80.13114049305541,408.89,2026-08-28
2026-08-28,2026-08-28 20:00:00+00:00,2026-12-31,385.0,40.03,843071103,GLD   261231C00385000,0.34223134839151265,125,0.9415735283328035,0.03868469925520316,0.2466378032392822,80.60056318571115,408.89,2026-08-28
2026-08-28,2026-08-28 20:00:00+00:00,2026-12-31,386.0,39.7,843071143,GLD   261231C00386000,0.34223134839151265,125,0.9440191738609406,0.03868469925520316,0.25064419831996787,81.7389200951838,408.89,2026-08-28
2026-08-28,2026-08-28 20:00:00+00:00,2026-12-31,387.0,38.85,843071179,GLD   261231C00387000,0.34223134839151265,125,0.9464648193890778,0.03868469925520316,0.24818414031481373,82.35900799444566,408.89,2026-08-28
2026-08-28,2026-08-28 20:00:00+00:00,2026-12-31,388.0,38.4,843071224,GLD   261231C00388000,0.34223134839151265,125,0.948910464917215,0.03868469925520316,0.250499315364752,83.29679324016067,408.89,2026-08-28
2026-08-28,2026-08-28 20:00:00+00:00,2026-12-31,389.0,37.75,843071265,GLD   261231C00389000,0.34223134839151265,125,0.9513561104453521,0.03868469925520316,0.2503138368704356,84.03906436259012,408.89,2026-08-28
2026-08-28,2026-08-28 20:00:00+00:00,2026-12-31,390.0,37.1,843071309,GLD   261231C00390000,0.34223134839151265,125,0.9538017559734893,0.03868469925520316,0.2500551113205962,84.7576519398453,408.89,2026-08-28
2026-08-28,2026-08-28 20:00:00+00:00,2026-12-31,391.0,36.45,843071333,GLD   261231C00391000,0.34223134839151265,125,0.9562474015016263,0.03868469925520316,0.24972451704507692,85.4530312652751,408.89,2026-08-28
2026-08-28,2026-08-28 20:00:00+00:00,2026-12-31,392.0,35.28,843071386,GLD   261231C00392000,0.34223134839151265,125,0.9586930470297635,0.03868469925520316,0.24327517201276497,85.82410096284809,408.89,2026-08-28
2026-08-28,2026-08-28 20:00:00+00:00,2026-12-31,393.0,34.83,843071441,GLD   261231C00393000,0.34223134839151265,125,0.9611386925579007,0.03868469925520316,0.24516146296849473,86.60900373595041,408.89,2026-08-28
2026-08-28,2026-08-28 20:00:00+00:00,2026-12-31,394.0,34.6,843071489,GLD   261231C00394000,0.34223134839151265,125,0.9635843380860378,0.03868469925520316,0.2494573259423487,87.44954441830981,408.89,2026-08-28
2026-08-28,2026-08-28 20:00:00+00:00,2026-12-31,395.0,34.0,843071544,GLD   261231C00395000,0.34223134839151265,125,0.966029983614175,0.03868469925520316,0.24941055585807187,88.07163594333164,408.89,2026-08-28
2026-08-28,2026-08-28 20:00:00+00:00,2026-12-31,396.0,33.4,843071597,GLD   261231C00396000,0.34223134839151265,125,0.9684756291423121,0.03868469925520316,0.24928984955335037,88.66787672290297,408.89,2026-08-28
2026-08-28,2026-08-28 20:00:00+00:00,2026-12-31,397.0,32.5,843071640,GLD   261231C00397000,0.34223134839151265,125,0.9709212746704493,0.03868469925520316,0.2457328365667723,89.13928537101133,408.89,2026-08-28
2026-08-28,2026-08-28 20:00:00+00:00,2026-12-31,398.0,31.9,843071687,GLD   261231C00398000,0.34223134839151265,125,0.9733669201985864,0.03868469925520316,0.24548858348028735,89.69689141747246,408.89,2026-08-28
2026-08-28,2026-08-28 20:00:00+00:00,2026-12-31,399.0,31.55,843071732,GLD   261231C00399000,0.34223134839151265,125,0.9758125657267236,0.03868469925520316,0.24794233655771242,90.29310419059314,408.89,2026-08-28
2026-08-28,2026-08-28 20:00:00+00:00,2026-12-31,400.0,30.9,843071784,GLD   261231C00400000,0.34223134839151265,125,0.9782582112548608,0.03868469925520316,0.24698948223618789,90.78047968499065,408.89,2026-08-28
2026-08-28,2026-08-28 20:00:00+00:00,2026-12-31,401.0,30.15,843071839,GLD   261231C00401000,0.34223134839151265,125,0.9807038567829979,0.03868469925520316,0.24487719175135714,91.22744714060542,408.89,2026-08-28
2026-08-28,2026-08-28 20:00:00+00:00,2026-12-31,402.0,29.78,843071894,GLD   261231C00402000,0.34223134839151265,125,0.9831495023111351,0.03868469925520316,0.2468565758497454,91.71955815076457,408.89,2026-08-28
2026-08-28,2026-08-28 20:00:00+00:00,2026-12-31,403.0,29.13,843071934,GLD   261231C00403000,0.34223134839151265,125,0.9855951478392722,0.03868469925520316,0.24570501851784066,92.13753634782563,408.89,2026-08-28
2026-08-28,2026-08-28 20:00:00+00:00,2026-12-31,404.0,28.43,843071994,GLD   261231C00404000,0.34223134839151265,125,0.9880407933674094,0.03868469925520316,0.2439505070707761,92.52835342480911,408.89,2026-08-28
2026-08-28,2026-08-28 20:00:00+00:00,2026-12-31,405.0,28.03,843072046,GLD   261231C00405000,0.34223134839151265,125,0.9904864388955466,0.03868469925520316,0.24536649884572254,92.92435593299751,408.89,2026-08-28
2026-08-28,2026-08-28 20:00:00+00:00,2026-12-31,406.0,27.38,843072092,GLD   261231C00406000,0.34223134839151265,125,0.9929320844236836,0.03868469925520316,0.24401869714586066,93.27173036173701,408.89,2026-08-28
2026-08-28,2026-08-28 20:00:00+00:00,2026-12-31,407.0,27.03,843072139,GLD   261231C00407000,0.34223134839151265,125,0.9953777299518208,0.03868469925520316,0.24581332916701215,93.60927461029812,408.89,2026-08-28
2026-08-28,2026-08-28 20:00:00+00:00,2026-12-31,408.0,26.55,843072184,GLD   261231C00408000,0.34223134839151265,125,0.9978233754799579,0.03868469925520316,0.2461400212789886,93.91030387354132,408.89,2026-08-28
2026-08-28,2026-08-28 20:00:00+00:00,2026-12-31,409.0,25.98,843072231,GLD   261231C00409000,0.34223134839151265,125,1.0002690210080951,0.03868469925520316,0.24543803230198102,94.18222471813057,408.89,2026-08-28
2026-08-28,2026-08-28 20:00:00+00:00,2026-12-31,410.0,25.45,843072278,GLD   261231C00410000,0.34223134839151265,125,1.0027146665362323,0.03868469925520316,0.24509252785025165,94.42858582581073,408.89,2026-08-28
2026-08-28,2026-08-28 20:00:00+00:00,2026-12-31,411.0,24.98,843072326,GLD   261231C00411000,0.34223134839151265,125,1.0051603120643695,0.03868469925520316,0.2453118964952417,94.64786627287208,408.89,2026-08-28
2026-08-28,2026-08-28 20:00:00+00:00,2026-12-31,412.0,24.5,843072366,GLD   261231C00412000,0.34223134839151265,125,1.0076059575925065,0.03868469925520316,0.2453544943378307,94.83980908276202,408.89,2026-08-28
2026-08-28,2026-08-28 20:00:00+00:00,2026-12-31,413.0,24.05,843072414,GLD   261231C00413000,0.34223134839151265,125,1.0100516031206437,0.03868469925520316,0.24564267703155057,95.00405041515342,408.89,2026-08-28
2026-08-28,2026-08-28 20:00:00+00:00,2026-12-31,414.0,23.6,843072459,GLD   261231C00414000,0.34223134839151265,125,1.0124972486487809,0.03868469925520316,0.24586030413815751,95.14116442380816,408.89,2026-08-28
2026-08-28,2026-08-28 20:00:00+00:00,2026-12-31,415.0,23.15,843072512,GLD   261231C00415000,0.34223134839151265,125,1.014942894176918,0.03868469925520316,0.2460081113877706,95.25141209123557,408.89,2026-08-28
2026-08-28,2026-08-28 20:00:00+00:00,2026-12-31,416.0,22.7,843072566,GLD   261231C00416000,0.34223134839151265,125,1.0173885397050553,0.03868469925520316,0.24608670878447592,95.33498361476272,408.89,2026-08-28
2026-08-28,2026-08-28 20:00:00+00:00,2026-12-31,417.0,22.25,843072617,GLD   261231C00417000,0.34223134839151265,125,1.0198341852331922,0.03868469925520316,0.2460966225150041,95.39200037826424,408.89,2026-08-28
2026-08-28,2026-08-28 20:00:00+00:00,2026-12-31,418.0,21.83,843072659,GLD   261231C00418000,0.34223134839151265,125,1.0222798307613294,0.03868469925520316,0.2463526565964334,95.4223390743926,408.89,2026-08-28
2026-08-28,2026-08-28 20:00:00+00:00,2026-12-31,419.0,21.4,843072716,GLD   261231C00419000,0.34223134839151265,125,1.0247254762894666,0.03868469925520316,0.24643593379547823,95.42669182232055,408.89,2026-08-28
2026-08-28,2026-08-28 20:00:00+00:00,2026-12-31,420.0,20.98,843072784,GLD   261231C00420000,0.34223134839151265,125,1.0271711218176038,0.03868469925520316,0.24655648177852857,95.40513323465268,408.89,2026-08-28
2026-08-28,2026-08-28 20:00:00+00:00,2026-12-31,421.0,20.6,843072842,GLD   261231C00421000,0.34223134839151265,125,1.029616767345741,0.03868469925520316,0.2470293699842878,95.35891332625913,408.89,2026-08-28
2026-08-28,2026-08-28 20:00:00+00:00,2026-12-31,422.0,20.2,843072889,GLD   261231C00422000,0.34223134839151265,125,1.032062412873878,0.03868469925520316,0.2472261731346138,95.28727192971868,408.89,2026-08-28
2026-08-28,2026-08-28 20:00:00+00:00,2026-12-31,423.0,19.8,843072949,GLD   261231C00423000,0.34223134839151265,125,1.0345080584020152,0.03868469925520316,0.2473568909567781,95.19056702512441,408.89,2026-08-28
2026-08-28,2026-08-28 20:00:00+00:00,2026-12-31,424.0,19.4,843073002,GLD   261231C00424000,0.34223134839151265,125,1.0369537039301524,0.03868469925520316,0.24742180284196513,95.06880110702463,408.89,2026-08-28
2026-08-28,2026-08-28 20:00:00+00:00,2026-12-31,425.0,19.02,843073052,GLD   261231C00425000,0.34223134839151265,125,1.0393993494582896,0.03868469925520316,0.24763181188227612,94.92398014049756,408.89,2026-08-28
2026-08-28,2026-08-28 20:00:00+00:00,2026-12-31,426.0,18.65,843073111,GLD   261231C00426000,0.34223134839151265,125,1.0418449949864268,0.03868469925520316,0.2478826027224772,94.75615000741894,408.89,2026-08-28
2026-08-28,2026-08-28 20:00:00+00:00,2026-12-31,427.0,18.3,843073169,GLD   261231C00427000,0.34223134839151265,125,1.0442906405145638,0.03868469925520316,0.24828076309943575,94.56755178838308,408.89,2026-08-28
2026-08-28,2026-08-28 20:00:00+00:00,2026-12-31,428.0,17.93,843073212,GLD   261231C00428000,0.34223134839151265,125,1.046736286042701,0.03868469925520316,0.24840397461177782,94.35262083859446,408.89,2026-08-28
2026-08-28,2026-08-28 20:00:00+00:00,2026-12-31,429.0,17.58,843073266,GLD   261231C00429000,0.34223134839151265,125,1.0491819315708382,0.03868469925520316,0.24867590605160222,94.11796545014754,408.89,2026-08-28
2026-08-28,2026-08-28 20:00:00+00:00,2026-12-31,430.0,17.17,843073313,GLD   261231C00430000,0.34223134839151265,125,1.0516275770989754,0.03868469925520316,0.24824596027089285,93.84608430893184,408.89,2026-08-28
2026-08-28,2026-08-28 20:00:00+00:00,2026-12-31,431.0,16.88,843073357,GLD   261231C00431000,0.34223134839151265,125,1.0540732226271126,0.03868469925520316,0.24903212981177497,93.58021068154356,408.89,2026-08-28
2026-08-28,2026-08-28 20:00:00+00:00,2026-12-31,432.0,16.52,843073393,GLD   261231C00432000,0.34223134839151265,125,1.0565188681552495,0.03868469925520316,0.24900935011720282,93.27382303407539,408.89,2026-08-28
2026-08-28,2026-08-28 20:00:00+00:00,2026-12-31,433.0,16.23,843073463,GLD   261231C00433000,0.34223134839151265,125,1.0589645136833867,0.03868469925520316,0.24967636863095688,92.96763157043404,408.89,2026-08-28
2026-08-28,2026-08-28 20:00:00+00:00,2026-12-31,434.0,15.93,843073489,GLD   261231C00434000,0.34223134839151265,125,1.061410159211524,0.03868469925520316,0.2501774800028652,92.6387624997494,408.89,2026-08-28
2026-08-28,2026-08-28 20:00:00+00:00,2026-12-31,435.0,15.6,843073545,GLD   261231C00435000,0.34223134839151265,125,1.0638558047396611,0.03868469925520316,0.2502950338437222,92.27774428881119,408.89,2026-08-28
2026-08-28,2026-08-28 20:00:00+00:00,2026-12-31,436.0,15.3,843073608,GLD   261231C00436000,0.34223134839151265,125,1.0663014502677983,0.03868469925520316,0.25067802327936517,91.9084776244919,408.89,2026-08-28
2026-08-28,2026-08-28 20:00:00+00:00,2026-12-31,437.0,15.0,843073649,GLD   261231C00437000,0.34223134839151265,125,1.0687470957959353,0.03868469925520316,0.25100266652265557,91.51947836822441,408.89,2026-08-28
2026-08-28,2026-08-28 20:00:00+00:00,2026-12-31,438.0,14.7,843073690,GLD   261231C00438000,0.34223134839151265,125,1.0711927413240725,0.03868469925520316,0.25126896357359374,91.11063354135365,408.89,2026-08-28
2026-08-28,2026-08-28 20:00:00+00:00,2026-12-31,440.0,14.08,843073728,GLD   261231C00440000,0.34223134839151265,125,1.0760840323803469,0.03868469925520316,0.25140452417628845,90.21991344621078,408.89,2026-08-28
2026-08-28,2026-08-28 20:00:00+00:00,2026-12-31,445.0,12.73,843073788,GLD   261231C00445000,0.34223134839151265,125,1.0883122600210327,0.03868469925520316,0.25296648853207016,87.79240650929812,408.89,2026-08-28
2026-08-28,2026-08-28 20:00:00+00:00,2026-12-31,450.0,11.68,843073841,GLD   261231C00450000,0.34223134839151265,125,1.1005404876617184,0.03868469925520316,0.2566456792836078,85.25433719165241,408.89,2026-08-28
2026-08-28,2026-08-28 20:00:00+00:00,2026-12-31,455.0,10.48,843073889,GLD   261231C00455000,0.34223134839151265,125,1.1127687153024042,0.03868469925520316,0.25729957572473217,82.18365315533033,408.89,2026-08-28
2026-08-28,2026-08-28 20:00:00+00:00,2026-12-31,460.0,9.45,843073930,GLD   261231C00460000,0.34223134839151265,125,1.12499694294309,0.03868469925520316,0.25873299219654877,78.98532838629247,408.89,2026-08-28
2026-08-28,2026-08-28 20:00:00+00:00,2026-12-31,465.0,8.48,843073971,GLD   261231C00465000,0.34223134839151265,125,1.1372251705837757,0.03868469925520316,0.25969405130585665,75.55864810416033,408.89,2026-08-28
2026-08-28,2026-08-28 20:00:00+00:00,2026-12-31,470.0,7.63,843074015,GLD   261231C00470000,0.34223134839151265,125,1.1494533982244615,0.03868469925520316,0.2610514081842267,72.0863835760926,408.89,2026-08-28
2026-08-28,2026-08-28 20:00:00+00:00,2026-12-31,475.0,7.0,843074064,GLD   261231C00475000,0.34223134839151265,125,1.1616816258651472,0.03868469925520316,0.26442322206767277,68.9670850476037,408.89,2026-08-28
2026-08-28,2026-08-28 20:00:00+00:00,2026-12-31,480.0,6.48,843074117,GLD   261231C00480000,0.34223134839151265,125,1.173909853505833,0.03868469925520316,0.26853341097338135,66.05090890029116,408.89,2026-08-28
2026-08-28,2026-08-28 20:00:00+00:00,2026-12-31,485.0,5.8,843074169,GLD   261231C00485000,0.34223134839151265,125,1.1861380811465188,0.03868469925520316,0.26928941557938235,62.45592343708506,408.89,2026-08-28
2026-08-28,2026-08-28 20:00:00+00:00,2026-12-31,490.0,5.15,843074219,GLD   261231C00490000,0.34223134839151265,125,1.1983663087872045,0.03868469925520316,0.2694248457995243,58.73057233905476,408.89,2026-08-28
2026-08-28,2026-08-28 20:00:00+00:00,2027-01-15,328.0,88.33,776885310,GLD   270115C00328000,0.38329911019849416,140,0.8021717332289858,0.038874279238274356,0.28168430746020756,35.98437643023786,408.89,2026-08-28
2026-08-28,2026-08-28 20:00:00+00:00,2027-01-15,329.0,87.45,776885341,GLD   270115C00329000,0.38329911019849416,140,0.8046173787571229,0.038874279238274356,0.2817317108311691,36.90351778078165,408.89,2026-08-28
2026-08-28,2026-08-28 20:00:00+00:00,2027-01-15,330.0,86.6,731137430,GLD   270115C00330000,0.38329911019849416,140,0.8070630242852601,0.038874279238274356,0.2824848377079703,37.993846376478714,408.89,2026-08-28
2026-08-28,2026-08-28 20:00:00+00:00,2027-01-15,331.0,85.7,811874759,GLD   270115C00331000,0.38329911019849416,140,0.8095086698133973,0.038874279238274356,0.28183186325775456,38.76828306134862,408.89,2026-08-28
2026-08-28,2026-08-28 20:00:00+00:00,2027-01-15,332.0,84.55,811874818,GLD   270115C00332000,0.38329911019849416,140,0.8119543153415344,0.038874279238274356,0.274679039162118,38.030824436503245,408.89,2026-08-28
2026-08-28,2026-08-28 20:00:00+00:00,2027-01-15,333.0,83.7,811874868,GLD   270115C00333000,0.38329911019849416,140,0.8143999608696716,0.038874279238274356,0.275328809926752,39.13013620665956,408.89,2026-08-28
2026-08-28,2026-08-28 20:00:00+00:00,2027-01-15,334.0,82.68,811874933,GLD   270115C00334000,0.38329911019849416,140,0.8168456063978087,0.038874279238274356,0.2715804698570632,39.19288597016151,408.89,2026-08-28
2026-08-28,2026-08-28 20:00:00+00:00,2027-01-15,335.0,81.88,731137475,GLD   270115C00335000,0.38329911019849416,140,0.8192912519259459,0.038874279238274356,0.2733546597565526,40.57919751939687,408.89,2026-08-28
2026-08-28,2026-08-28 20:00:00+00:00,2027-01-15,336.0,80.97,811874983,GLD   270115C00336000,0.38329911019849416,140,0.8217368974540831,0.038874279238274356,0.27230362737281255,41.30099060581832,408.89,2026-08-28
2026-08-28,2026-08-28 20:00:00+00:00,2027-01-15,337.0,80.08,811875034,GLD   270115C00337000,0.38329911019849416,140,0.8241825429822202,0.038874279238274356,0.2716870389678515,42.13390377863772,408.89,2026-08-28
2026-08-28,2026-08-28 20:00:00+00:00,2027-01-15,338.0,79.18,811875095,GLD   270115C00338000,0.38329911019849416,140,0.8266281885103574,0.038874279238274356,0.2707807405306958,42.90629901978519,408.89,2026-08-28
2026-08-28,2026-08-28 20:00:00+00:00,2027-01-15,339.0,78.28,811875143,GLD   270115C00339000,0.38329911019849416,140,0.8290738340384944,0.038874279238274356,0.26982826804379,43.675785464072426,408.89,2026-08-28
2026-08-28,2026-08-28 20:00:00+00:00,2027-01-15,340.0,77.4,731137508,GLD   270115C00340000,0.38329911019849416,140,0.8315194795666316,0.038874279238274356,0.2692805681918746,44.54864062722121,408.89,2026-08-28
2026-08-28,2026-08-28 20:00:00+00:00,2027-01-15,341.0,76.47,811875201,GLD   270115C00341000,0.38329911019849416,140,0.8339651250947688,0.038874279238274356,0.26756925062192616,45.15488112072973,408.89,2026-08-28
2026-08-28,2026-08-28 20:00:00+00:00,2027-01-15,342.0,75.6,811875255,GLD   270115C00342000,0.38329911019849416,140,0.8364107706229059,0.038874279238274356,0.2671426109702326,46.07175213608112,408.89,2026-08-28
2026-08-28,2026-08-28 20:00:00+00:00,2027-01-15,343.0,74.72,811875315,GLD   270115C00343000,0.38329911019849416,140,0.8388564161510431,0.038874279238274356,0.2664387593853287,46.930411994082455,408.89,2026-08-28
2026-08-28,2026-08-28 20:00:00+00:00,2027-01-15,344.0,73.83,811875363,GLD   270115C00344000,0.38329911019849416,140,0.8413020616791802,0.038874279238274356,0.2654716095481999,47.7346926839256,408.89,2026-08-28
2026-08-28,2026-08-28 20:00:00+00:00,2027-01-15,345.0,72.97,731137548,GLD   270115C00345000,0.38329911019849416,140,0.8437477072073174,0.038874279238274356,0.2650766761394219,48.67907205408176,408.89,2026-08-28
2026-08-28,2026-08-28 20:00:00+00:00,2027-01-15,346.0,72.08,811875432,GLD   270115C00346000,0.38329911019849416,140,0.8461933527354546,0.038874279238274356,0.2640109058707022,49.47453253194854,408.89,2026-08-28
2026-08-28,2026-08-28 20:00:00+00:00,2027-01-15,347.0,71.22,811875499,GLD   270115C00347000,0.38329911019849416,140,0.8486389982635917,0.038874279238274356,0.26349899602951476,50.40425345673045,408.89,2026-08-28
2026-08-28,2026-08-28 20:00:00+00:00,2027-01-15,348.0,70.35,811875548,GLD   270115C00348000,0.38329911019849416,140,0.8510846437917289,0.038874279238274356,0.26273118248945104,51.28118413107737,408.89,2026-08-28
2026-08-28,2026-08-28 20:00:00+00:00,2027-01-15,349.0,69.47,811875601,GLD   270115C00349000,0.38329911019849416,140,0.853530289319866,0.038874279238274356,0.26171941388016573,52.108925088276166,408.89,2026-08-28
2026-08-28,2026-08-28 20:00:00+00:00,2027-01-15,350.0,68.63,731137602,GLD   270115C00350000,0.38329911019849416,140,0.8559759348480032,0.038874279238274356,0.26141769002703963,53.102523743028755,408.89,2026-08-28
2026-08-28,2026-08-28 20:00:00+00:00,2027-01-15,351.0,67.78,811875652,GLD   270115C00351000,0.38329911019849416,140,0.8584215803761404,0.038874279238274356,0.26086249317834165,54.04338474443939,408.89,2026-08-28
2026-08-28,2026-08-28 20:00:00+00:00,2027-01-15,352.0,66.93,811875709,GLD   270115C00352000,0.38329911019849416,140,0.8608672259042774,0.038874279238274356,0.26024779532039555,54.975422375700624,408.89,2026-08-28
2026-08-28,2026-08-28 20:00:00+00:00,2027-01-15,353.0,66.08,811875761,GLD   270115C00353000,0.38329911019849416,140,0.8633128714324146,0.038874279238274356,0.25957556150453165,55.89911451888266,408.89,2026-08-28
2026-08-28,2026-08-28 20:00:00+00:00,2027-01-15,354.0,65.22,811875834,GLD   270115C00354000,0.38329911019849416,140,0.8657585169605517,0.038874279238274356,0.2586715447620489,56.777061920869684,408.89,2026-08-28
2026-08-28,2026-08-28 20:00:00+00:00,2027-01-15,355.0,64.38,731137652,GLD   270115C00355000,0.38329911019849416,140,0.8682041624886889,0.038874279238274356,0.25806561978729436,57.723208438481564,408.89,2026-08-28
2026-08-28,2026-08-28 20:00:00+00:00,2027-01-15,356.0,63.55,811875903,GLD   270115C00356000,0.38329911019849416,140,0.8706498080168261,0.038874279238274356,0.2575721031990834,58.695927067910354,408.89,2026-08-28
2026-08-28,2026-08-28 20:00:00+00:00,2027-01-15,357.0,62.73,811875969,GLD   270115C00357000,0.38329911019849416,140,0.8730954535449632,0.038874279238274356,0.25718449449585756,59.692432037973894,408.89,2026-08-28
2026-08-28,2026-08-28 20:00:00+00:00,2027-01-15,358.0,61.9,811876009,GLD   270115C00358000,0.38329911019849416,140,0.8755410990731004,0.038874279238274356,0.256566984099988,60.64305320262203,408.89,2026-08-28
2026-08-28,2026-08-28 20:00:00+00:00,2027-01-15,359.0,61.08,811876098,GLD   270115C00359000,0.38329911019849416,140,0.8779867446012375,0.038874279238274356,0.25605403119837866,61.616391341538026,408.89,2026-08-28
2026-08-28,2026-08-28 20:00:00+00:00,2027-01-15,360.0,60.25,731137705,GLD   270115C00360000,0.38329911019849416,140,0.8804323901293747,0.038874279238274356,0.25532020093938335,62.54697443357349,408.89,2026-08-28
2026-08-28,2026-08-28 20:00:00+00:00,2027-01-15,365.0,56.25,731137762,GLD   270115C00365000,0.38329911019849416,140,0.8926606177700604,0.038874279238274356,0.2530902308876627,67.4738310593471,408.89,2026-08-28
2026-08-28,2026-08-28 20:00:00+00:00,2027-01-15,370.0,52.35,731137800,GLD   270115C00370000,0.38329911019849416,140,0.9048888454107462,0.038874279238274356,0.2507528442385607,72.31121968213147,408.89,2026-08-28
2026-08-28,2026-08-28 20:00:00+00:00,2027-01-15,375.0,48.63,731137844,GLD   270115C00375000,0.38329911019849416,140,0.917117073051432,0.038874279238274356,0.24926950987512247,77.12317679292919,408.89,2026-08-28
2026-08-28,2026-08-28 20:00:00+00:00,2027-01-15,380.0,45.2,731137909,GLD   270115C00380000,0.38329911019849416,140,0.9293453006921177,0.038874279238274356,0.2497518694420346,81.88908151706113,408.89,2026-08-28
2026-08-28,2026-08-28 20:00:00+00:00,2027-01-15,385.0,41.6,759656704,GLD   270115C00385000,0.38329911019849416,140,0.9415735283328035,0.038874279238274356,0.24648896224228664,85.92475865577036,408.89,2026-08-28
2026-08-28,2026-08-28 20:00:00+00:00,2027-01-15,390.0,38.35,759656749,GLD   270115C00390000,0.38329911019849416,140,0.9538017559734893,0.038874279238274356,0.24571027107210827,89.78816393578765,408.89,2026-08-28
2026-08-28,2026-08-28 20:00:00+00:00,2027-01-15,395.0,35.3,759656782,GLD   270115C00395000,0.38329911019849416,140,0.966029983614175,0.038874279238274356,0.24545814846726136,93.17264845748745,408.89,2026-08-28
2026-08-28,2026-08-28 20:00:00+00:00,2027-01-15,400.0,32.35,761418429,GLD   270115C00400000,0.38329911019849416,140,0.9782582112548608,0.038874279238274356,0.2446119377608411,95.97370374896286,408.89,2026-08-28
2026-08-28,2026-08-28 20:00:00+00:00,2027-01-15,405.0,29.75,764260513,GLD   270115C00405000,0.38329911019849416,140,0.9904864388955466,0.038874279238274356,0.24574562336998063,98.19857471729216,408.89,2026-08-28
2026-08-28,2026-08-28 20:00:00+00:00,2027-01-15,410.0,27.08,769169487,GLD   270115C00410000,0.38329911019849416,140,1.0027146665362323,0.038874279238274356,0.24454289088612424,99.76692900869782,408.89,2026-08-28
2026-08-28,2026-08-28 20:00:00+00:00,2027-01-15,415.0,24.9,770772181,GLD   270115C00415000,0.38329911019849416,140,1.014942894176918,0.038874279238274356,0.2466649786884897,100.69422987141105,408.89,2026-08-28
2026-08-28,2026-08-28 20:00:00+00:00,2027-01-15,420.0,22.68,772352864,GLD   270115C00420000,0.38329911019849416,140,1.0271711218176038,0.038874279238274356,0.24683519311109559,100.99153267565998,408.89,2026-08-28
2026-08-28,2026-08-28 20:00:00+00:00,2027-01-15,425.0,20.63,772834192,GLD   270115C00425000,0.38329911019849416,140,1.0393993494582896,0.038874279238274356,0.24719202221883463,100.68000886856356,408.89,2026-08-28
2026-08-28,2026-08-28 20:00:00+00:00,2027-01-15,430.0,18.6,772834250,GLD   270115C00430000,0.38329911019849416,140,1.0516275770989754,0.038874279238274356,0.24628019183622674,99.76735045902291,408.89,2026-08-28
2026-08-28,2026-08-28 20:00:00+00:00,2027-01-15,435.0,17.18,776885391,GLD   270115C00435000,0.38329911019849416,140,1.0638558047396611,0.038874279238274356,0.2500956509814598,98.44245679568881,408.89,2026-08-28
2026-08-28,2026-08-28 20:00:00+00:00,2027-01-15,440.0,15.53,776885430,GLD   270115C00440000,0.38329911019849416,140,1.0760840323803469,0.038874279238274356,0.2502526781401597,96.55795213974342,408.89,2026-08-28
2026-08-28,2026-08-28 20:00:00+00:00,2027-01-15,445.0,14.2,776885456,GLD   270115C00445000,0.38329911019849416,140,1.0883122600210327,0.038874279238274356,0.2524319107527845,94.37900834512546,408.89,2026-08-28
2026-08-28,2026-08-28 20:00:00+00:00,2027-01-15,450.0,13.03,778908528,GLD   270115C00450000,0.38329911019849416,140,1.1005404876617184,0.038874279238274356,0.2551265735355206,91.94602308832962,408.89,2026-08-28
2026-08-28,2026-08-28 20:00:00+00:00,2027-01-15,455.0,11.75,778908583,GLD   270115C00455000,0.38329911019849416,140,1.1127687153024042,0.038874279238274356,0.255446960719768,89.02039179380228,408.89,2026-08-28
2026-08-28,2026-08-28 20:00:00+00:00,2027-01-15,460.0,10.68,778908639,GLD   270115C00460000,0.38329911019849416,140,1.12499694294309,0.038874279238274356,0.25695693037612366,85.98781006911103,408.89,2026-08-28
2026-08-28,2026-08-28 20:00:00+00:00,2027-01-15,465.0,9.68,779174794,GLD   270115C00465000,0.38329911019849416,140,1.1372251705837757,0.038874279238274356,0.2581839047017508,82.7435055684439,408.89,2026-08-28
2026-08-28,2026-08-28 20:00:00+00:00,2027-01-15,470.0,8.85,779174835,GLD   270115C00470000,0.38329911019849416,140,1.1494533982244615,0.038874279238274356,0.2604389175166376,79.55339387026446,408.89,2026-08-28
2026-08-28,2026-08-28 20:00:00+00:00,2027-01-15,475.0,8.05,813159158,GLD   270115C00475000,0.38329911019849416,140,1.1616816258651472,0.038874279238274356,0.2621065941835754,76.1983335290813,408.89,2026-08-28
2026-08-28,2026-08-28 20:00:00+00:00,2027-01-15,480.0,7.3,806089172,GLD   270115C00480000,0.38329911019849416,140,1.173909853505833,0.038874279238274356,0.26346854239040995,72.74279369014971,408.89,2026-08-28
2026-08-28,2026-08-28 20:00:00+00:00,2027-01-15,485.0,6.68,813159217,GLD   270115C00485000,0.38329911019849416,140,1.1861380811465188,0.038874279238274356,0.2657191967028194,69.48324554418271,408.89,2026-08-28
2026-08-28,2026-08-28 20:00:00+00:00,2027-01-15,490.0,6.13,806089226,GLD   270115C00490000,0.38329911019849416,140,1.1983663087872045,0.038874279238274356,0.26816941082524137,66.31585727063809,408.89,2026-08-28
2026-08-28,2026-08-28 20:00:00+00:00,2027-02-19,330.0,88.55,910574066,GLD   270219C00330000,0.4791238877481177,175,0.8070630242852601,0.03931663253210714,0.2712045024531894,46.25086553806388,408.89,2026-08-28
2026-08-28,2026-08-28 20:00:00+00:00,2027-02-19,335.0,84.15,910574121,GLD   270219C00335000,0.4791238877481177,175,0.8192912519259459,0.03931663253210714,0.2682480035654269,50.55327553891281,408.89,2026-08-28
2026-08-28,2026-08-28 20:00:00+00:00,2027-02-19,340.0,79.7,910574154,GLD   270219C00340000,0.4791238877481177,175,0.8315194795666316,0.03931663253210714,0.2632930940396152,54.50937890634186,408.89,2026-08-28
2026-08-28,2026-08-28 20:00:00+00:00,2027-02-19,345.0,75.5,910574226,GLD   270219C00345000,0.4791238877481177,175,0.8437477072073174,0.03931663253210714,0.2617728427876719,59.47990813967449,408.89,2026-08-28
2026-08-28,2026-08-28 20:00:00+00:00,2027-02-19,350.0,71.28,910574256,GLD   270219C00350000,0.4791238877481177,175,0.8559759348480032,0.03931663253210714,0.2586392750802451,64.14896502909265,408.89,2026-08-28
2026-08-28,2026-08-28 20:00:00+00:00,2027-02-19,355.0,67.47,910574319,GLD   270219C00355000,0.4791238877481177,175,0.8682041624886889,0.03931663253210714,0.26034844133807356,69.93091302917969,408.89,2026-08-28
2026-08-28,2026-08-28 20:00:00+00:00,2027-02-19,360.0,63.33,910574390,GLD   270219C00360000,0.4791238877481177,175,0.8804323901293747,0.03931663253210714,0.2559209199250677,74.37521039376229,408.89,2026-08-28
2026-08-28,2026-08-28 20:00:00+00:00,2027-02-19,365.0,59.23,910574441,GLD   270219C00365000,0.4791238877481177,175,0.8926606177700604,0.03931663253210714,0.25106591137377554,78.76622007868023,408.89,2026-08-28
2026-08-28,2026-08-28 20:00:00+00:00,2027-02-19,370.0,55.45,910574501,GLD   270219C00370000,0.4791238877481177,175,0.9048888454107462,0.03931663253210714,0.24913716227104887,83.62058575438336,408.89,2026-08-28
2026-08-28,2026-08-28 20:00:00+00:00,2027-02-19,375.0,52.0,910574551,GLD   270219C00375000,0.4791238877481177,175,0.917117073051432,0.03931663253210714,0.24970774426097053,88.62552718014491,408.89,2026-08-28
2026-08-28,2026-08-28 20:00:00+00:00,2027-02-19,380.0,48.33,910574599,GLD   270219C00380000,0.4791238877481177,175,0.9293453006921177,0.03931663253210714,0.24644134467141704,92.8629424427113,408.89,2026-08-28
2026-08-28,2026-08-28 20:00:00+00:00,2027-02-19,385.0,45.03,910574644,GLD   270219C00385000,0.4791238877481177,175,0.9415735283328035,0.03931663253210714,0.24587617355743424,97.08888432117494,408.89,2026-08-28
2026-08-28,2026-08-28 20:00:00+00:00,2027-02-19,390.0,41.95,910574719,GLD   270219C00390000,0.4791238877481177,175,0.9538017559734893,0.03931663253210714,0.2461594948445447,100.9454642229994,408.89,2026-08-28
2026-08-28,2026-08-28 20:00:00+00:00,2027-02-19,395.0,38.88,910574800,GLD   270219C00395000,0.4791238877481177,175,0.966029983614175,0.03931663253210714,0.24517070150366055,104.25161937443235,408.89,2026-08-28
2026-08-28,2026-08-28 20:00:00+00:00,2027-02-19,400.0,35.98,910574851,GLD   270219C00400000,0.4791238877481177,175,0.9782582112548608,0.03931663253210714,0.2444990357832052,107.07536923563329,408.89,2026-08-28
2026-08-28,2026-08-28 20:00:00+00:00,2027-02-19,405.0,33.4,910574896,GLD   270219C00405000,0.4791238877481177,175,0.9904864388955466,0.03931663253210714,0.24547943807551637,109.38106034796785,408.89,2026-08-28
2026-08-28,2026-08-28 20:00:00+00:00,2027-02-19,410.0,30.88,910574987,GLD   270219C00410000,0.4791238877481177,175,1.0027146665362323,0.03931663253210714,0.2456891863507219,111.10048651699717,408.89,2026-08-28
2026-08-28,2026-08-28 20:00:00+00:00,2027-02-19,415.0,28.48,910575057,GLD   270219C00415000,0.4791238877481177,175,1.014942894176918,0.03931663253210714,0.24571267383629458,112.24835340848722,408.89,2026-08-28
2026-08-28,2026-08-28 20:00:00+00:00,2027-02-19,420.0,26.28,910575124,GLD   270219C00420000,0.4791238877481177,175,1.0271711218176038,0.03931663253210714,0.2462821848266758,112.82853677979884,408.89,2026-08-28
2026-08-28,2026-08-28 20:00:00+00:00,2027-02-19,425.0,24.23,910575199,GLD   270219C00425000,0.4791238877481177,175,1.0393993494582896,0.03931663253210714,0.2469773939109407,112.86001981689704,408.89,2026-08-28
2026-08-28,2026-08-28 20:00:00+00:00,2027-02-19,430.0,22.28,910575264,GLD   270219C00430000,0.4791238877481177,175,1.0516275770989754,0.03931663253210714,0.24739099530735986,112.36744617285758,408.89,2026-08-28
2026-08-28,2026-08-28 20:00:00+00:00,2027-02-19,435.0,20.5,910575329,GLD   270219C00435000,0.4791238877481177,175,1.0638558047396611,0.03931663253210714,0.24818590979231525,111.38970049238942,408.89,2026-08-28
2026-08-28,2026-08-28 20:00:00+00:00,2027-02-19,440.0,18.85,910575386,GLD   270219C00440000,0.4791238877481177,175,1.0760840323803469,0.03931663253210714,0.2490553565322422,109.96751891778322,408.89,2026-08-28
2026-08-28,2026-08-28 20:00:00+00:00,2027-02-19,445.0,17.35,910575458,GLD   270219C00445000,0.4791238877481177,175,1.0883122600210327,0.03931663253210714,0.2502380473551341,108.16092136921016,408.89,2026-08-28
2026-08-28,2026-08-28 20:00:00+00:00,2027-02-19,450.0,16.0,910575511,GLD   270219C00450000,0.4791238877481177,175,1.1005404876617184,0.03931663253210714,0.25180645633423704,106.03864378457278,408.89,2026-08-28
2026-08-28,2026-08-28 20:00:00+00:00,2027-02-19,455.0,14.73,910575565,GLD   270219C00455000,0.4791238877481177,175,1.1127687153024042,0.03931663253210714,0.2531703137141653,103.61207686470432,408.89,2026-08-28
2026-08-28,2026-08-28 20:00:00+00:00,2027-02-19,460.0,13.55,910575627,GLD   270219C00460000,0.4791238877481177,175,1.12499694294309,0.03931663253210714,0.25447475390220065,100.93140717193225,408.89,2026-08-28
2026-08-28,2026-08-28 20:00:00+00:00,2027-02-19,465.0,12.4,910575677,GLD   270219C00465000,0.4791238877481177,175,1.1372251705837757,0.03931663253210714,0.25516359286746015,97.95550942309849,408.89,2026-08-28
2026-08-28,2026-08-28 20:00:00+00:00,2027-02-19,470.0,11.48,910575731,GLD   270219C00470000,0.4791238877481177,175,1.1494533982244615,0.03931663253210714,0.2573450233574026,95.03610399061297,408.89,2026-08-28
2026-08-28,2026-08-28 20:00:00+00:00,2027-02-19,475.0,10.53,910575787,GLD   270219C00475000,0.4791238877481177,175,1.1616816258651472,0.03931663253210714,0.258400376991462,91.81601120426116,408.89,2026-08-28
2026-08-28,2026-08-28 20:00:00+00:00,2027-02-19,480.0,9.78,910575836,GLD   270219C00480000,0.4791238877481177,175,1.173909853505833,0.03931663253210714,0.26086521258587025,88.78603070785805,408.89,2026-08-28
2026-08-28,2026-08-28 20:00:00+00:00,2027-02-19,485.0,8.95,910575902,GLD   270219C00485000,0.4791238877481177,175,1.1861380811465188,0.03931663253210714,0.2616836424955168,85.36816531643119,408.89,2026-08-28
2026-08-28,2026-08-28 20:00:00+00:00,2027-02-19,490.0,8.3,910575957,GLD   270219C00490000,0.4791238877481177,175,1.1983663087872045,0.03931663253210714,0.2638840157077649,82.23714002005298,408.89,2026-08-28
2026-08-28,2026-08-28 20:00:00+00:00,2027-03-19,330.0,90.88,848877447,GLD   270319C00330000,0.5557837097878165,203,0.8070630242852601,0.039552347761362655,0.27913441587621357,56.39220903681911,408.89,2026-08-28
2026-08-28,2026-08-28 20:00:00+00:00,2027-03-19,335.0,86.68,848877502,GLD   270319C00335000,0.5557837097878165,203,0.8192912519259459,0.039552347761362655,0.27766018035234885,61.15095202054994,408.89,2026-08-28
2026-08-28,2026-08-28 20:00:00+00:00,2027-03-19,340.0,82.45,848877540,GLD   270319C00340000,0.5557837097878165,203,0.8315194795666316,0.039552347761362655,0.2746118735213764,65.60930952505112,408.89,2026-08-28
2026-08-28,2026-08-28 20:00:00+00:00,2027-03-19,345.0,78.03,848877588,GLD   270319C00345000,0.5557837097878165,203,0.8437477072073174,0.039552347761362655,0.267930913197156,69.30167651592863,408.89,2026-08-28
2026-08-28,2026-08-28 20:00:00+00:00,2027-03-19,350.0,73.9,848877633,GLD   270319C00350000,0.5557837097878165,203,0.8559759348480032,0.039552347761362655,0.26469076706590133,73.89641468198818,408.89,2026-08-28
2026-08-28,2026-08-28 20:00:00+00:00,2027-03-19,355.0,70.1,848877673,GLD   270319C00355000,0.5557837097878165,203,0.8682041624886889,0.039552347761362655,0.26474408421693374,79.19926419463309,408.89,2026-08-28
2026-08-28,2026-08-28 20:00:00+00:00,2027-03-19,360.0,66.2,848877733,GLD   270319C00360000,0.5557837097878165,203,0.8804323901293747,0.039552347761362655,0.2623338789121248,83.92214625200688,408.89,2026-08-28
2026-08-28,2026-08-28 20:00:00+00:00,2027-03-19,365.0,62.3,848877783,GLD   270319C00365000,0.5557837097878165,203,0.8926606177700604,0.039552347761362655,0.2589365007353015,88.40510650009546,408.89,2026-08-28
2026-08-28,2026-08-28 20:00:00+00:00,2027-03-19,370.0,58.73,848877838,GLD   270319C00370000,0.5557837097878165,203,0.9048888454107462,0.039552347761362655,0.2581935157584958,93.18717048460456,408.89,2026-08-28
2026-08-28,2026-08-28 20:00:00+00:00,2027-03-19,375.0,55.18,848877898,GLD   270319C00375000,0.5557837097878165,203,0.917117073051432,0.039552347761362655,0.2565133223664947,97.61529984512588,408.89,2026-08-28
2026-08-28,2026-08-28 20:00:00+00:00,2027-03-19,380.0,50.95,848877958,GLD   270319C00380000,0.5557837097878165,203,0.9293453006921177,0.039552347761362655,0.2470737279913388,101.0106473887764,408.89,2026-08-28
2026-08-28,2026-08-28 20:00:00+00:00,2027-03-19,385.0,48.3,848877995,GLD   270319C00385000,0.5557837097878165,203,0.9415735283328035,0.039552347761362655,0.2521656416409649,105.60947564200359,408.89,2026-08-28
2026-08-28,2026-08-28 20:00:00+00:00,2027-03-19,390.0,45.4,848878035,GLD   270319C00390000,0.5557837097878165,203,0.9538017559734893,0.039552347761362655,0.25343397517492994,109.34243748230585,408.89,2026-08-28
2026-08-28,2026-08-28 20:00:00+00:00,2027-03-19,395.0,42.35,848878088,GLD   270319C00395000,0.5557837097878165,203,0.966029983614175,0.039552347761362655,0.25215829365281395,112.49353535511865,408.89,2026-08-28
2026-08-28,2026-08-28 20:00:00+00:00,2027-03-19,400.0,39.53,848878142,GLD   270319C00400000,0.5557837097878165,203,0.9782582112548608,0.039552347761362655,0.25182848167261107,115.23951031661937,408.89,2026-08-28
2026-08-28,2026-08-28 20:00:00+00:00,2027-03-19,405.0,36.38,848878207,GLD   270319C00405000,0.5557837097878165,203,0.9904864388955466,0.039552347761362655,0.24760941402232273,117.47096236267103,408.89,2026-08-28
2026-08-28,2026-08-28 20:00:00+00:00,2027-03-19,410.0,33.9,848878259,GLD   270319C00410000,0.5557837097878165,203,1.0027146665362323,0.039552347761362655,0.2480615527761169,119.28064689228508,408.89,2026-08-28
2026-08-28,2026-08-28 20:00:00+00:00,2027-03-19,415.0,31.53,848878307,GLD   270319C00415000,0.5557837097878165,203,1.014942894176918,0.039552347761362655,0.24834760278379547,120.56800147550614,408.89,2026-08-28
2026-08-28,2026-08-28 20:00:00+00:00,2027-03-19,420.0,29.25,848878345,GLD   270319C00420000,0.5557837097878165,203,1.0271711218176038,0.039552347761362655,0.2483258661496453,121.3414799654409,408.89,2026-08-28
2026-08-28,2026-08-28 20:00:00+00:00,2027-03-19,425.0,27.2,848878379,GLD   270319C00425000,0.5557837097878165,203,1.0393993494582896,0.039552347761362655,0.24917132249986756,121.60942922786775,408.89,2026-08-28
2026-08-28,2026-08-28 20:00:00+00:00,2027-03-19,430.0,25.2,848878413,GLD   270319C00430000,0.5557837097878165,203,1.0516275770989754,0.039552347761362655,0.24942731932913886,121.39483090529798,408.89,2026-08-28
2026-08-28,2026-08-28 20:00:00+00:00,2027-03-19,435.0,23.38,848878462,GLD   270319C00435000,0.5557837097878165,203,1.0638558047396611,0.039552347761362655,0.25019571959069,120.72676417278095,408.89,2026-08-28
2026-08-28,2026-08-28 20:00:00+00:00,2027-03-19,440.0,21.68,848878514,GLD   270319C00440000,0.5557837097878165,203,1.0760840323803469,0.039552347761362655,0.25101997015001254,119.63842372126112,408.89,2026-08-28
2026-08-28,2026-08-28 20:00:00+00:00,2027-03-19,445.0,20.1,848878548,GLD   270319C00445000,0.5557837097878165,203,1.0883122600210327,0.039552347761362655,0.25194084349395707,118.16837457575592,408.89,2026-08-28
2026-08-28,2026-08-28 20:00:00+00:00,2027-03-19,450.0,18.65,848878603,GLD   270319C00450000,0.5557837097878165,203,1.1005404876617184,0.039552347761362655,0.25308983974000443,116.36663504053715,408.89,2026-08-28
2026-08-28,2026-08-28 20:00:00+00:00,2027-03-19,455.0,17.25,848878642,GLD   270319C00455000,0.5557837097878165,203,1.1127687153024042,0.039552347761362655,0.2538226735037752,114.2285362591781,408.89,2026-08-28
2026-08-28,2026-08-28 20:00:00+00:00,2027-03-19,460.0,16.08,848878676,GLD   270319C00460000,0.5557837097878165,203,1.12499694294309,0.039552347761362655,0.2557676831734367,111.94041394875369,408.89,2026-08-28
2026-08-28,2026-08-28 20:00:00+00:00,2027-03-19,465.0,14.83,848878710,GLD   270319C00465000,0.5557837097878165,203,1.1372251705837757,0.039552347761362655,0.2562190396319144,109.26910655088926,408.89,2026-08-28
2026-08-28,2026-08-28 20:00:00+00:00,2027-03-19,470.0,13.78,848878756,GLD   270319C00470000,0.5557837097878165,203,1.1494533982244615,0.039552347761362655,0.25773957027504224,106.53860034851743,408.89,2026-08-28
2026-08-28,2026-08-28 20:00:00+00:00,2027-03-19,475.0,12.88,848878797,GLD   270319C00475000,0.5557837097878165,203,1.1616816258651472,0.039552347761362655,0.25998015719177203,103.79118674388455,408.89,2026-08-28
2026-08-28,2026-08-28 20:00:00+00:00,2027-03-19,480.0,12.0,848878836,GLD   270319C00480000,0.5557837097878165,203,1.173909853505833,0.039552347761362655,0.2617624773747289,100.87704439508204,408.89,2026-08-28
2026-08-28,2026-08-28 20:00:00+00:00,2027-03-19,485.0,11.08,848878878,GLD   270319C00485000,0.5557837097878165,203,1.1861380811465188,0.039552347761362655,0.2624798980581575,97.6689363217426,408.89,2026-08-28
2026-08-28,2026-08-28 20:00:00+00:00,2027-03-19,490.0,10.3,848878913,GLD   270319C00490000,0.5557837097878165,203,1.1983663087872045,0.039552347761362655,0.26397657335065305,94.55479260846073,408.89,2026-08-28
2026-08-28,2026-08-28 20:00:00+00:00,2027-03-31,330.0,91.68,870310683,GLD   270331C00330000,0.5886379192334018,215,0.8070630242852601,0.03963441622047097,0.278585086242389,59.5415585450053,408.89,2026-08-28
2026-08-28,2026-08-28 20:00:00+00:00,2027-03-31,335.0,87.3,870310701,GLD   270331C00335000,0.5886379192334018,215,0.8192912519259459,0.03963441622047097,0.2738019650428556,63.49939403598105,408.89,2026-08-28
2026-08-28,2026-08-28 20:00:00+00:00,2027-03-31,340.0,82.98,870310731,GLD   270331C00340000,0.5886379192334018,215,0.8315194795666316,0.03963441622047097,0.26926413999022913,67.64310388084422,408.89,2026-08-28
2026-08-28,2026-08-28 20:00:00+00:00,2027-03-31,345.0,78.75,870310741,GLD   270331C00345000,0.5886379192334018,215,0.8437477072073174,0.03963441622047097,0.26529577004974714,72.03207331161626,408.89,2026-08-28
2026-08-28,2026-08-28 20:00:00+00:00,2027-03-31,350.0,74.95,870310761,GLD   270331C00350000,0.5886379192334018,215,0.8559759348480032,0.03963441622047097,0.2661567046715878,77.58527666654318,408.89,2026-08-28
2026-08-28,2026-08-28 20:00:00+00:00,2027-03-31,355.0,70.78,870310786,GLD   270331C00355000,0.5886379192334018,215,0.8682041624886889,0.03963441622047097,0.2611901724725032,81.82690029001807,408.89,2026-08-28
2026-08-28,2026-08-28 20:00:00+00:00,2027-03-31,360.0,67.05,870310797,GLD   270331C00360000,0.5886379192334018,215,0.8804323901293747,0.03963441622047097,0.2606371735011228,86.94995751869114,408.89,2026-08-28
2026-08-28,2026-08-28 20:00:00+00:00,2027-03-31,365.0,63.25,870310821,GLD   270331C00365000,0.5886379192334018,215,0.8926606177700604,0.03963441622047097,0.2581916810897179,91.60248273439271,408.89,2026-08-28
2026-08-28,2026-08-28 20:00:00+00:00,2027-03-31,370.0,59.65,870310854,GLD   270331C00370000,0.5886379192334018,215,0.9048888454107462,0.03963441622047097,0.25689347132509577,96.29816724071307,408.89,2026-08-28
2026-08-28,2026-08-28 20:00:00+00:00,2027-03-31,375.0,56.28,870310872,GLD   270331C00375000,0.5886379192334018,215,0.917117073051432,0.03963441622047097,0.25684364656386904,100.92513585557175,408.89,2026-08-28
2026-08-28,2026-08-28 20:00:00+00:00,2027-03-31,380.0,52.65,870310901,GLD   270331C00380000,0.5886379192334018,215,0.9293453006921177,0.03963441622047097,0.2531941085300409,104.88450595478186,408.89,2026-08-28
2026-08-28,2026-08-28 20:00:00+00:00,2027-03-31,381.0,52.6,870310920,GLD   270331C00381000,0.5886379192334018,215,0.9317909462202548,0.03963441622047097,0.25874186752317485,106.22566575811138,408.89,2026-08-28
2026-08-28,2026-08-28 20:00:00+00:00,2027-03-31,382.0,51.4,870310944,GLD   270331C00382000,0.5886379192334018,215,0.934236591748392,0.03963441622047097,0.25339097687164325,106.56150264149296,408.89,2026-08-28
2026-08-28,2026-08-28 20:00:00+00:00,2027-03-31,383.0,50.75,870310971,GLD   270331C00383000,0.5886379192334018,215,0.9366822372765292,0.03963441622047097,0.2531859456509352,107.35029798604387,408.89,2026-08-28
2026-08-28,2026-08-28 20:00:00+00:00,2027-03-31,384.0,50.1,870310999,GLD   270331C00384000,0.5886379192334018,215,0.9391278828046663,0.03963441622047097,0.2529384935353882,108.12199860537967,408.89,2026-08-28
2026-08-28,2026-08-28 20:00:00+00:00,2027-03-31,385.0,49.48,870311024,GLD   270331C00385000,0.5886379192334018,215,0.9415735283328035,0.03963441622047097,0.2529248499325477,108.89778656786676,408.89,2026-08-28
2026-08-28,2026-08-28 20:00:00+00:00,2027-03-31,386.0,48.85,870311057,GLD   270331C00386000,0.5886379192334018,215,0.9440191738609406,0.03963441622047097,0.2527751987011172,109.64790386406982,408.89,2026-08-28
2026-08-28,2026-08-28 20:00:00+00:00,2027-03-31,387.0,48.15,870311074,GLD   270331C00387000,0.5886379192334018,215,0.9464648193890778,0.03963441622047097,0.25194847087329253,110.33720429929858,408.89,2026-08-28
2026-08-28,2026-08-28 20:00:00+00:00,2027-03-31,388.0,47.58,870311105,GLD   270331C00388000,0.5886379192334018,215,0.948910464917215,0.03963441622047097,0.2522582365360111,111.0889021851192,408.89,2026-08-28
2026-08-28,2026-08-28 20:00:00+00:00,2027-03-31,389.0,46.9,870311125,GLD   270331C00389000,0.5886379192334018,215,0.9513561104453521,0.03963441622047097,0.2515355027635583,111.75974302134051,408.89,2026-08-28
2026-08-28,2026-08-28 20:00:00+00:00,2027-03-31,390.0,46.33,870311154,GLD   270331C00390000,0.5886379192334018,215,0.9538017559734893,0.03963441622047097,0.25175549538219355,112.47167204728973,408.89,2026-08-28
2026-08-28,2026-08-28 20:00:00+00:00,2027-03-31,391.0,45.73,870311180,GLD   270331C00391000,0.5886379192334018,215,0.9562474015016263,0.03963441622047097,0.25166355705643084,113.14836432257272,408.89,2026-08-28
2026-08-28,2026-08-28 20:00:00+00:00,2027-03-31,392.0,45.03,870311204,GLD   270331C00392000,0.5886379192334018,215,0.9586930470297635,0.03963441622047097,0.25064996309140697,113.76377886302974,408.89,2026-08-28
2026-08-28,2026-08-28 20:00:00+00:00,2027-03-31,393.0,44.5,870311231,GLD   270331C00393000,0.5886379192334018,215,0.9611386925579007,0.03963441622047097,0.251089743441809,114.43365324761172,408.89,2026-08-28
2026-08-28,2026-08-28 20:00:00+00:00,2027-03-31,394.0,43.9,870311251,GLD   270331C00394000,0.5886379192334018,215,0.9635843380860378,0.03963441622047097,0.25087267511757083,115.05537392045422,408.89,2026-08-28
2026-08-28,2026-08-28 20:00:00+00:00,2027-03-31,395.0,43.35,870311279,GLD   270331C00395000,0.5886379192334018,215,0.966029983614175,0.03963441622047097,0.25104680101675914,115.67505227548227,408.89,2026-08-28
2026-08-28,2026-08-28 20:00:00+00:00,2027-03-31,396.0,42.75,870311307,GLD   270331C00396000,0.5886379192334018,215,0.9684756291423121,0.03963441622047097,0.2507459153371864,116.25900307609734,408.89,2026-08-28
2026-08-28,2026-08-28 20:00:00+00:00,2027-03-31,397.0,42.1,870311331,GLD   270331C00397000,0.5886379192334018,215,0.9709212746704493,0.03963441622047097,0.2499770121715032,116.81181622907123,408.89,2026-08-28
2026-08-28,2026-08-28 20:00:00+00:00,2027-03-31,398.0,41.6,870311352,GLD   270331C00398000,0.5886379192334018,215,0.9733669201985864,0.03963441622047097,0.2504505336639471,117.38540800977309,408.89,2026-08-28
2026-08-28,2026-08-28 20:00:00+00:00,2027-03-31,399.0,40.98,870311380,GLD   270331C00399000,0.5886379192334018,215,0.9758125657267236,0.03963441622047097,0.24985936054373165,117.91067901034269,408.89,2026-08-28
2026-08-28,2026-08-28 20:00:00+00:00,2027-03-31,400.0,40.23,870311405,GLD   270331C00400000,0.5886379192334018,215,0.9782582112548608,0.03963441622047097,0.24813299310198056,118.39468309946601,408.89,2026-08-28
2026-08-28,2026-08-28 20:00:00+00:00,2027-03-31,401.0,39.65,870311424,GLD   270331C00401000,0.5886379192334018,215,0.9807038567829979,0.03963441622047097,0.24780847092820335,118.89651833326569,408.89,2026-08-28
2026-08-28,2026-08-28 20:00:00+00:00,2027-03-31,402.0,39.13,870311451,GLD   270331C00402000,0.5886379192334018,215,0.9831495023111351,0.03963441622047097,0.24794676956450568,119.38853131302245,408.89,2026-08-28
2026-08-28,2026-08-28 20:00:00+00:00,2027-03-31,403.0,38.67,870311469,GLD   270331C00403000,0.5886379192334018,215,0.9855951478392722,0.03963441622047097,0.24854230118719858,119.86684308659152,408.89,2026-08-28
2026-08-28,2026-08-28 20:00:00+00:00,2027-03-31,404.0,38.08,870311492,GLD   270331C00404000,0.5886379192334018,215,0.9880407933674094,0.03963441622047097,0.2480108246500604,120.30869200151558,408.89,2026-08-28
2026-08-28,2026-08-28 20:00:00+00:00,2027-03-31,405.0,38.35,870311514,GLD   270331C00405000,0.5886379192334018,215,0.9904864388955466,0.03963441622047097,0.2545624920471572,120.8009076858088,408.89,2026-08-28
2026-08-28,2026-08-28 20:00:00+00:00,2027-03-31,406.0,37.08,870311532,GLD   270331C00406000,0.5886379192334018,215,0.9929320844236836,0.03963441622047097,0.2483199709956534,121.1508875753466,408.89,2026-08-28
2026-08-28,2026-08-28 20:00:00+00:00,2027-03-31,407.0,36.58,870311560,GLD   270331C00407000,0.5886379192334018,215,0.9953777299518208,0.03963441622047097,0.2484108848870732,121.54078887164084,408.89,2026-08-28
2026-08-28,2026-08-28 20:00:00+00:00,2027-03-31,408.0,36.25,870311580,GLD   270331C00408000,0.5886379192334018,215,0.9978233754799579,0.03963441622047097,0.24985451776320122,121.9161450777082,408.89,2026-08-28
2026-08-28,2026-08-28 20:00:00+00:00,2027-03-31,409.0,35.5,870311601,GLD   270331C00409000,0.5886379192334018,215,1.0002690210080951,0.03963441622047097,0.2478136769172736,122.25760499974298,408.89,2026-08-28
2026-08-28,2026-08-28 20:00:00+00:00,2027-03-31,410.0,35.05,870311628,GLD   270331C00410000,0.5886379192334018,215,1.0027146665362323,0.03963441622047097,0.2481904452425428,122.58820563202995,408.89,2026-08-28
2026-08-28,2026-08-28 20:00:00+00:00,2027-03-31,411.0,34.55,870311659,GLD   270331C00411000,0.5886379192334018,215,1.0051603120643695,0.03963441622047097,0.248117803534586,122.89769886145945,408.89,2026-08-28
2026-08-28,2026-08-28 20:00:00+00:00,2027-03-31,412.0,34.05,870311679,GLD   270331C00412000,0.5886379192334018,215,1.0076059575925065,0.03963441622047097,0.24800506919166077,123.18733643795754,408.89,2026-08-28
2026-08-28,2026-08-28 20:00:00+00:00,2027-03-31,413.0,33.4,870311701,GLD   270331C00413000,0.5886379192334018,215,1.0100516031206437,0.03963441622047097,0.2466375983524136,123.4596663329257,408.89,2026-08-28
2026-08-28,2026-08-28 20:00:00+00:00,2027-03-31,414.0,32.88,870311724,GLD   270331C00414000,0.5886379192334018,215,1.0124972486487809,0.03963441622047097,0.24628644088571888,123.71125439739373,408.89,2026-08-28
2026-08-28,2026-08-28 20:00:00+00:00,2027-03-31,415.0,32.63,870311754,GLD   270331C00415000,0.5886379192334018,215,1.014942894176918,0.03963441622047097,0.24807496355297043,123.93555418119591,408.89,2026-08-28
2026-08-28,2026-08-28 20:00:00+00:00,2027-03-31,416.0,32.18,870311771,GLD   270331C00416000,0.5886379192334018,215,1.0173885397050553,0.03963441622047097,0.24820649160956965,124.14440604915917,408.89,2026-08-28
2026-08-28,2026-08-28 20:00:00+00:00,2027-03-31,417.0,31.7,870311798,GLD   270331C00417000,0.5886379192334018,215,1.0198341852331922,0.03963441622047097,0.24805682175206023,124.33443346954516,408.89,2026-08-28
2026-08-28,2026-08-28 20:00:00+00:00,2027-03-31,418.0,31.28,870311820,GLD   270331C00418000,0.5886379192334018,215,1.0222798307613294,0.03963441622047097,0.24835017318269242,124.50262030223172,408.89,2026-08-28
2026-08-28,2026-08-28 20:00:00+00:00,2027-03-31,419.0,31.48,870311854,GLD   270331C00419000,0.5886379192334018,215,1.0247254762894666,0.03963441622047097,0.25357800133051356,124.628300154187,408.89,2026-08-28
2026-08-28,2026-08-28 20:00:00+00:00,2027-03-31,420.0,30.3,870311879,GLD   270331C00420000,0.5886379192334018,215,1.0271711218176038,0.03963441622047097,0.24769575521135706,124.78507922698446,408.89,2026-08-28
2026-08-28,2026-08-28 20:00:00+00:00,2027-03-31,421.0,29.93,870311904,GLD   270331C00421000,0.5886379192334018,215,1.029616767345741,0.03963441622047097,0.2482720460944809,124.89280233891236,408.89,2026-08-28
2026-08-28,2026-08-28 20:00:00+00:00,2027-03-31,422.0,29.5,870311931,GLD   270331C00422000,0.5886379192334018,215,1.032062412873878,0.03963441622047097,0.24832877181796356,124.98326904055124,408.89,2026-08-28
2026-08-28,2026-08-28 20:00:00+00:00,2027-03-31,423.0,29.73,870311957,GLD   270331C00423000,0.5886379192334018,215,1.0345080584020152,0.03963441622047097,0.2536250787450932,125.03802616948659,408.89,2026-08-28
2026-08-28,2026-08-28 20:00:00+00:00,2027-03-31,424.0,28.75,870311977,GLD   270331C00424000,0.5886379192334018,215,1.0369537039301524,0.03963441622047097,0.24920632090223954,125.10436708013748,408.89,2026-08-28
2026-08-28,2026-08-28 20:00:00+00:00,2027-03-31,425.0,28.25,870312000,GLD   270331C00425000,0.5886379192334018,215,1.0393993494582896,0.03963441622047097,0.24858870806293565,125.13860956464262,408.89,2026-08-28
2026-08-28,2026-08-28 20:00:00+00:00,2027-03-31,426.0,27.63,870312027,GLD   270331C00426000,0.5886379192334018,215,1.0418449949864268,0.03963441622047097,0.24697466519037264,125.15268339761457,408.89,2026-08-28
2026-08-28,2026-08-28 20:00:00+00:00,2027-03-31,427.0,28.1,870312045,GLD   270331C00427000,0.5886379192334018,215,1.0442906405145638,0.03963441622047097,0.2540324776572175,125.15113447207663,408.89,2026-08-28
2026-08-28,2026-08-28 20:00:00+00:00,2027-03-31,428.0,27.05,870312076,GLD   270331C00428000,0.5886379192334018,215,1.046736286042701,0.03963441622047097,0.2489074282131158,125.1238170533725,408.89,2026-08-28
2026-08-28,2026-08-28 20:00:00+00:00,2027-03-31,429.0,27.3,870312100,GLD   270331C00429000,0.5886379192334018,215,1.0491819315708382,0.03963441622047097,0.2541351446044632,125.09988715429581,408.89,2026-08-28
2026-08-28,2026-08-28 20:00:00+00:00,2027-03-31,430.0,26.38,870312136,GLD   270331C00430000,0.5886379192334018,215,1.0516275770989754,0.03963441622047097,0.24997316588619728,125.02654728156122,408.89,2026-08-28
2026-08-28,2026-08-28 20:00:00+00:00,2027-03-31,431.0,26.7,870312153,GLD   270331C00431000,0.5886379192334018,215,1.0540732226271126,0.03963441622047097,0.25569275977080697,124.98741733037382,408.89,2026-08-28
2026-08-28,2026-08-28 20:00:00+00:00,2027-03-31,432.0,26.38,870312177,GLD   270331C00432000,0.5886379192334018,215,1.0565188681552495,0.03963441622047097,0.25625889944089586,124.90729608123581,408.89,2026-08-28
2026-08-28,2026-08-28 20:00:00+00:00,2027-03-31,433.0,25.1,870312192,GLD   270331C00433000,0.5886379192334018,215,1.0589645136833867,0.03963441622047097,0.24909630596684296,124.73128633221175,408.89,2026-08-28
2026-08-28,2026-08-28 20:00:00+00:00,2027-03-31,434.0,24.73,870312222,GLD   270331C00434000,0.5886379192334018,215,1.061410159211524,0.03963441622047097,0.24918471465064213,124.59978499347689,408.89,2026-08-28
2026-08-28,2026-08-28 20:00:00+00:00,2027-03-31,435.0,25.28,870312243,GLD   270331C00435000,0.5886379192334018,215,1.0638558047396611,0.03963441622047097,0.25662626159628854,124.56000785860752,408.89,2026-08-28
2026-08-28,2026-08-28 20:00:00+00:00,2027-03-31,436.0,24.03,870312257,GLD   270331C00436000,0.5886379192334018,215,1.0663014502677983,0.03963441622047097,0.24957535009169957,124.28924623004288,408.89,2026-08-28
2026-08-28,2026-08-28 20:00:00+00:00,2027-03-31,437.0,23.5,870312287,GLD   270331C00437000,0.5886379192334018,215,1.0687470957959353,0.03963441622047097,0.2482670356792398,124.07813395347218,408.89,2026-08-28
2026-08-28,2026-08-28 20:00:00+00:00,2027-03-31,438.0,23.2,870312306,GLD   270331C00438000,0.5886379192334018,215,1.0711927413240725,0.03963441622047097,0.24877526686983187,123.88591054905754,408.89,2026-08-28
2026-08-28,2026-08-28 20:00:00+00:00,2027-03-31,439.0,22.98,870312328,GLD   270331C00439000,0.5886379192334018,215,1.0736383868522097,0.03963441622047097,0.24989633331047373,123.69563308350006,408.89,2026-08-28
2026-08-28,2026-08-28 20:00:00+00:00,2027-03-31,440.0,22.63,870312348,GLD   270331C00440000,0.5886379192334018,215,1.0760840323803469,0.03963441622047097,0.24993306393818937,123.46354456154796,408.89,2026-08-28
2026-08-28,2026-08-28 20:00:00+00:00,2027-03-31,441.0,22.3,870312372,GLD   270331C00441000,0.5886379192334018,215,1.078529677908484,0.03963441622047097,0.25009707587650043,123.21943165468907,408.89,2026-08-28
2026-08-28,2026-08-28 20:00:00+00:00,2027-03-31,442.0,21.88,870312402,GLD   270331C00442000,0.5886379192334018,215,1.080975323436621,0.03963441622047097,0.24949473642194642,122.933190523726,408.89,2026-08-28
2026-08-28,2026-08-28 20:00:00+00:00,2027-03-31,443.0,21.48,870312427,GLD   270331C00443000,0.5886379192334018,215,1.0834209689647583,0.03963441622047097,0.24901774116577582,122.63182964533426,408.89,2026-08-28
2026-08-28,2026-08-28 20:00:00+00:00,2027-03-31,444.0,21.35,870312442,GLD   270331C00444000,0.5886379192334018,215,1.0858666144928955,0.03963441622047097,0.25071021845685315,122.40271060709509,408.89,2026-08-28
2026-08-28,2026-08-28 20:00:00+00:00,2027-03-31,445.0,21.03,870312471,GLD   270331C00445000,0.5886379192334018,215,1.0883122600210327,0.03963441622047097,0.2508199540010654,122.09787269674399,408.89,2026-08-28
2026-08-28,2026-08-28 20:00:00+00:00,2027-03-31,446.0,20.73,870312491,GLD   270331C00446000,0.5886379192334018,215,1.0907579055491698,0.03963441622047097,0.25106020248057326,121.78498999566604,408.89,2026-08-28
2026-08-28,2026-08-28 20:00:00+00:00,2027-03-31,447.0,20.3,870312514,GLD   270331C00447000,0.5886379192334018,215,1.0932035510773068,0.03963441622047097,0.2501970420422964,121.40140663234774,408.89,2026-08-28
2026-08-28,2026-08-28 20:00:00+00:00,2027-03-31,448.0,20.98,870312540,GLD   270331C00448000,0.5886379192334018,215,1.095649196605444,0.03963441622047097,0.2584495219008066,121.48596415226399,408.89,2026-08-28
2026-08-28,2026-08-28 20:00:00+00:00,2027-03-31,449.0,19.8,870312564,GLD   270331C00449000,0.5886379192334018,215,1.0980948421335812,0.03963441622047097,0.2513357380666771,120.74220001630843,408.89,2026-08-28
2026-08-28,2026-08-28 20:00:00+00:00,2027-03-31,450.0,19.55,870312587,GLD   270331C00450000,0.5886379192334018,215,1.1005404876617184,0.03963441622047097,0.2518594987506047,120.39460604008137,408.89,2026-08-28
2026-08-28,2026-08-28 20:00:00+00:00,2027-03-31,451.0,19.25,870312597,GLD   270331C00451000,0.5886379192334018,215,1.1029861331898554,0.03963441622047097,0.25193647567844013,120.00736612857888,408.89,2026-08-28
2026-08-28,2026-08-28 20:00:00+00:00,2027-03-31,452.0,19.85,870312626,GLD   270331C00452000,0.5886379192334018,215,1.1054317787179926,0.03963441622047097,0.25948932275893166,120.11186798232494,408.89,2026-08-28
2026-08-28,2026-08-28 20:00:00+00:00,2027-03-31,453.0,18.7,870312645,GLD   270331C00453000,0.5886379192334018,215,1.1078774242461298,0.03963441622047097,0.2524115710745566,119.21818075450636,408.89,2026-08-28
2026-08-28,2026-08-28 20:00:00+00:00,2027-03-31,454.0,18.43,870312670,GLD   270331C00454000,0.5886379192334018,215,1.110323069774267,0.03963441622047097,0.2526441549225711,118.80634550536632,408.89,2026-08-28
2026-08-28,2026-08-28 20:00:00+00:00,2027-03-31,455.0,18.15,870312694,GLD   270331C00455000,0.5886379192334018,215,1.1127687153024042,0.03963441622047097,0.25276120120277623,118.37410436797788,408.89,2026-08-28
2026-08-28,2026-08-28 20:00:00+00:00,2027-03-31,456.0,17.88,870312723,GLD   270331C00456000,0.5886379192334018,215,1.1152143608305412,0.03963441622047097,0.25293133180802696,117.93491761740377,408.89,2026-08-28
2026-08-28,2026-08-28 20:00:00+00:00,2027-03-31,457.0,17.73,870312751,GLD   270331C00457000,0.5886379192334018,215,1.1176600063586783,0.03963441622047097,0.2540913826319391,117.57421613431566,408.89,2026-08-28
2026-08-28,2026-08-28 20:00:00+00:00,2027-03-31,458.0,18.35,870312771,GLD   270331C00458000,0.5886379192334018,215,1.1201056518868155,0.03963441622047097,0.2617804608539679,117.79349302507588,408.89,2026-08-28
2026-08-28,2026-08-28 20:00:00+00:00,2027-03-31,459.0,17.98,870312786,GLD   270331C00459000,0.5886379192334018,215,1.1225512974149527,0.03963441622047097,0.2610385468767026,117.2749595837887,408.89,2026-08-28
2026-08-28,2026-08-28 20:00:00+00:00,2027-03-31,460.0,17.0,870312811,GLD   270331C00460000,0.5886379192334018,215,1.12499694294309,0.03963441622047097,0.2550223140585237,116.21752226495042,408.89,2026-08-28
2026-08-28,2026-08-28 20:00:00+00:00,2027-03-31,461.0,16.63,870312832,GLD   270331C00461000,0.5886379192334018,215,1.127442588471227,0.03963441622047097,0.25417915802905333,115.62492668828138,408.89,2026-08-28
2026-08-28,2026-08-28 20:00:00+00:00,2027-03-31,462.0,17.4,870312847,GLD   270331C00462000,0.5886379192334018,215,1.1298882339993641,0.03963441622047097,0.2631624320956879,116.06337509016441,408.89,2026-08-28
2026-08-28,2026-08-28 20:00:00+00:00,2027-03-31,463.0,17.08,870312871,GLD   270331C00463000,0.5886379192334018,215,1.1323338795275013,0.03963441622047097,0.2627242535880766,115.5288390021164,408.89,2026-08-28
2026-08-28,2026-08-28 20:00:00+00:00,2027-03-31,464.0,15.93,870312889,GLD   270331C00464000,0.5886379192334018,215,1.1347795250556385,0.03963441622047097,0.25500698479553696,114.14124322820432,408.89,2026-08-28
2026-08-28,2026-08-28 20:00:00+00:00,2027-03-31,465.0,15.73,870312917,GLD   270331C00465000,0.5886379192334018,215,1.1372251705837757,0.03963441622047097,0.25551869906289504,113.66021159599629,408.89,2026-08-28
2026-08-28,2026-08-28 20:00:00+00:00,2027-03-31,470.0,14.6,870312946,GLD   270331C00470000,0.5886379192334018,215,1.1494533982244615,0.03963441622047097,0.25651377404890957,110.95189812651351,408.89,2026-08-28
2026-08-28,2026-08-28 20:00:00+00:00,2027-03-31,475.0,14.4,870312975,GLD   270331C00475000,0.5886379192334018,215,1.1616816258651472,0.03963441622047097,0.26535080080004403,109.33980036027177,408.89,2026-08-28
2026-08-28,2026-08-28 20:00:00+00:00,2027-03-31,480.0,12.75,870313005,GLD   270331C00480000,0.5886379192334018,215,1.173909853505833,0.03963441622047097,0.26023469187384485,105.38394462244771,408.89,2026-08-28
2026-08-28,2026-08-28 20:00:00+00:00,2027-03-31,485.0,11.88,870313035,GLD   270331C00485000,0.5886379192334018,215,1.1861380811465188,0.03963441622047097,0.26168245973950266,102.38894532218522,408.89,2026-08-28
2026-08-28,2026-08-28 20:00:00+00:00,2027-03-31,490.0,11.1,870313065,GLD   270331C00490000,0.5886379192334018,215,1.1983663087872045,0.03963441622047097,0.2634175721253269,99.39314569539415,408.89,2026-08-28
2026-08-28,2026-08-28 20:00:00+00:00,2027-06-17,330.0,96.9,800378900,GLD   270617C00330000,0.8021902806297057,293,0.8070630242852601,0.040167861204674984,0.27730469232229527,78.29586103021202,408.89,2026-08-28
2026-08-28,2026-08-28 20:00:00+00:00,2027-06-17,335.0,93.08,800378925,GLD   270617C00335000,0.8021902806297057,293,0.8192912519259459,0.040167861204674984,0.27788317176969723,83.76921548696721,408.89,2026-08-28
2026-08-28,2026-08-28 20:00:00+00:00,2027-06-17,340.0,88.73,800378958,GLD   270617C00340000,0.8021902806297057,293,0.8315194795666316,0.040167861204674984,0.27144354023756456,87.46431928798239,408.89,2026-08-28
2026-08-28,2026-08-28 20:00:00+00:00,2027-06-17,345.0,84.7,800379021,GLD   270617C00345000,0.8021902806297057,293,0.8437477072073174,0.040167861204674984,0.2681873198001645,92.01844517551976,408.89,2026-08-28
2026-08-28,2026-08-28 20:00:00+00:00,2027-06-17,350.0,80.43,800379070,GLD   270617C00350000,0.8021902806297057,293,0.8559759348480032,0.040167861204674984,0.2618386766637677,95.88433436568785,408.89,2026-08-28
2026-08-28,2026-08-28 20:00:00+00:00,2027-06-17,355.0,76.45,800379115,GLD   270617C00355000,0.8021902806297057,293,0.8682041624886889,0.040167861204674984,0.2580437248314732,100.37463539256191,408.89,2026-08-28
2026-08-28,2026-08-28 20:00:00+00:00,2027-06-17,360.0,73.33,800379157,GLD   270617C00360000,0.8021902806297057,293,0.8804323901293747,0.040167861204674984,0.26183487228713936,106.28968181936064,408.89,2026-08-28
2026-08-28,2026-08-28 20:00:00+00:00,2027-06-17,365.0,69.72,800379210,GLD   270617C00365000,0.8021902806297057,293,0.8926606177700604,0.040167861204674984,0.25998414317267016,110.90692319509435,408.89,2026-08-28
2026-08-28,2026-08-28 20:00:00+00:00,2027-06-17,370.0,66.2,800379260,GLD   270617C00370000,0.8021902806297057,293,0.9048888454107462,0.040167861204674984,0.25819925259081655,115.37909012016999,408.89,2026-08-28
2026-08-28,2026-08-28 20:00:00+00:00,2027-06-17,375.0,62.93,800379300,GLD   270617C00375000,0.8021902806297057,293,0.917117073051432,0.040167861204674984,0.25778710402855665,119.8237929085168,408.89,2026-08-28
2026-08-28,2026-08-28 20:00:00+00:00,2027-06-17,380.0,59.5,800379353,GLD   270617C00380000,0.8021902806297057,293,0.9293453006921177,0.040167861204674984,0.25528103029532356,123.78815760380883,408.89,2026-08-28
2026-08-28,2026-08-28 20:00:00+00:00,2027-06-17,385.0,56.3,800379387,GLD   270617C00385000,0.8021902806297057,293,0.9415735283328035,0.040167861204674984,0.2539139040385373,127.61791945584294,408.89,2026-08-28
2026-08-28,2026-08-28 20:00:00+00:00,2027-06-17,390.0,53.4,800379434,GLD   270617C00390000,0.8021902806297057,293,0.9538017559734893,0.040167861204674984,0.2541060134169646,131.23960000937552,408.89,2026-08-28
2026-08-28,2026-08-28 20:00:00+00:00,2027-06-17,395.0,50.3,800379480,GLD   270617C00395000,0.8021902806297057,293,0.966029983614175,0.040167861204674984,0.25201371802790096,134.39370283640065,408.89,2026-08-28
2026-08-28,2026-08-28 20:00:00+00:00,2027-06-17,400.0,47.55,800379535,GLD   270617C00400000,0.8021902806297057,293,0.9782582112548608,0.040167861204674984,0.251788202776853,137.27115329117854,408.89,2026-08-28
2026-08-28,2026-08-28 20:00:00+00:00,2027-06-17,405.0,44.8,800379585,GLD   270617C00405000,0.8021902806297057,293,0.9904864388955466,0.040167861204674984,0.2508116653959267,139.7433726042795,408.89,2026-08-28
2026-08-28,2026-08-28 20:00:00+00:00,2027-06-17,410.0,42.25,800379657,GLD   270617C00410000,0.8021902806297057,293,1.0027146665362323,0.040167861204674984,0.250530504733976,141.82656063601954,408.89,2026-08-28
2026-08-28,2026-08-28 20:00:00+00:00,2027-06-17,415.0,39.73,800379714,GLD   270617C00415000,0.8021902806297057,293,1.014942894176918,0.040167861204674984,0.24973455650163817,143.49954971430643,408.89,2026-08-28
2026-08-28,2026-08-28 20:00:00+00:00,2027-06-17,420.0,37.2,800379764,GLD   270617C00420000,0.8021902806297057,293,1.0271711218176038,0.040167861204674984,0.2481675537914969,144.76675508017541,408.89,2026-08-28
2026-08-28,2026-08-28 20:00:00+00:00,2027-06-17,425.0,34.83,800379840,GLD   270617C00425000,0.8021902806297057,293,1.0393993494582896,0.040167861204674984,0.24701443186895927,145.61611845636247,408.89,2026-08-28
2026-08-28,2026-08-28 20:00:00+00:00,2027-06-17,430.0,33.17,800379908,GLD   270617C00430000,0.8021902806297057,293,1.0516275770989754,0.040167861204674984,0.2500367646328173,146.0311708205663,408.89,2026-08-28
2026-08-28,2026-08-28 20:00:00+00:00,2027-06-17,435.0,31.0,800379978,GLD   270617C00435000,0.8021902806297057,293,1.0638558047396611,0.040167861204674984,0.2488841921796091,146.06736789738156,408.89,2026-08-28
2026-08-28,2026-08-28 20:00:00+00:00,2027-06-17,440.0,29.4,800380022,GLD   270617C00440000,0.8021902806297057,293,1.0760840323803469,0.040167861204674984,0.25097745612477884,145.73934460031302,408.89,2026-08-28
2026-08-28,2026-08-28 20:00:00+00:00,2027-06-17,445.0,27.45,800380075,GLD   270617C00445000,0.8021902806297057,293,1.0883122600210327,0.040167861204674984,0.25002799174962576,145.01754256271477,408.89,2026-08-28
2026-08-28,2026-08-28 20:00:00+00:00,2027-06-17,450.0,26.1,800380138,GLD   270617C00450000,0.8021902806297057,293,1.1005404876617184,0.040167861204674984,0.2525998062285596,144.05673148516877,408.89,2026-08-28
2026-08-28,2026-08-28 20:00:00+00:00,2027-06-17,455.0,24.25,800824420,GLD   270617C00455000,0.8021902806297057,293,1.1127687153024042,0.040167861204674984,0.25109477248312906,142.62742137114324,408.89,2026-08-28
2026-08-28,2026-08-28 20:00:00+00:00,2027-06-17,460.0,22.78,800824505,GLD   270617C00460000,0.8021902806297057,293,1.12499694294309,0.040167861204674984,0.2516461882377976,140.98902902558973,408.89,2026-08-28
2026-08-28,2026-08-28 20:00:00+00:00,2027-06-17,465.0,21.68,801599385,GLD   270617C00465000,0.8021902806297057,293,1.1372251705837757,0.040167861204674984,0.2542773360912688,139.27877239256043,408.89,2026-08-28
2026-08-28,2026-08-28 20:00:00+00:00,2027-06-17,470.0,20.45,801599430,GLD   270617C00470000,0.8021902806297057,293,1.1494533982244615,0.040167861204674984,0.2554601945488715,137.2509633593653,408.89,2026-08-28
2026-08-28,2026-08-28 20:00:00+00:00,2027-06-17,475.0,19.3,813159478,GLD   270617C00475000,0.8021902806297057,293,1.1616816258651472,0.040167861204674984,0.2567124910288491,135.04568224408095,408.89,2026-08-28
2026-08-28,2026-08-28 20:00:00+00:00,2027-06-17,480.0,18.2,806090421,GLD   270617C00480000,0.8021902806297057,293,1.173909853505833,0.040167861204674984,0.257838661015127,132.66192774321397,408.89,2026-08-28
2026-08-28,2026-08-28 20:00:00+00:00,2027-06-17,485.0,16.43,813159532,GLD   270617C00485000,0.8021902806297057,293,1.1861380811465188,0.040167861204674984,0.2533039092655295,129.1301626516299,408.89,2026-08-28
2026-08-28,2026-08-28 20:00:00+00:00,2027-06-17,490.0,16.27,806090491,GLD   270617C00490000,0.8021902806297057,293,1.1983663087872045,0.040167861204674984,0.2607316170345062,127.6152209497088,408.89,2026-08-28
2026-08-28,2026-08-28 20:00:00+00:00,2027-06-30,330.0,97.75,897587927,GLD   270630C00330000,0.837782340862423,306,0.8070630242852601,0.04025676870204232,0.27710212440053006,81.09179499455725,408.89,2026-08-28
2026-08-28,2026-08-28 20:00:00+00:00,2027-06-30,333.0,95.0,897587994,GLD   270630C00333000,0.837782340862423,306,0.8143999608696716,0.04025676870204232,0.27188291081422944,82.88519870237806,408.89,2026-08-28
2026-08-28,2026-08-28 20:00:00+00:00,2027-06-30,334.0,94.25,897588072,GLD   270630C00334000,0.837782340862423,306,0.8168456063978087,0.04025676870204232,0.27212484495388345,84.03574461148843,408.89,2026-08-28
2026-08-28,2026-08-28 20:00:00+00:00,2027-06-30,335.0,93.5,897588139,GLD   270630C00335000,0.837782340862423,306,0.8192912519259459,0.04025676870204232,0.27232164810420956,85.17091407897823,408.89,2026-08-28
2026-08-28,2026-08-28 20:00:00+00:00,2027-06-30,336.0,92.5,897588197,GLD   270630C00336000,0.837782340862423,306,0.8217368974540831,0.04025676870204232,0.2695646065830253,85.51208687421303,408.89,2026-08-28
2026-08-28,2026-08-28 20:00:00+00:00,2027-06-30,337.0,91.75,897588233,GLD   270630C00337000,0.837782340862423,306,0.8241825429822202,0.04025676870204232,0.2697130098671652,86.63979640520571,408.89,2026-08-28
2026-08-28,2026-08-28 20:00:00+00:00,2027-06-30,338.0,91.15,897588260,GLD   270630C00338000,0.837782340862423,306,0.8266281885103574,0.04025676870204232,0.2715242097855547,88.19817610206691,408.89,2026-08-28
2026-08-28,2026-08-28 20:00:00+00:00,2027-06-30,339.0,90.25,897588282,GLD   270630C00339000,0.837782340862423,306,0.8290738340384944,0.04025676870204232,0.2698845281152986,88.85263676435541,408.89,2026-08-28
2026-08-28,2026-08-28 20:00:00+00:00,2027-06-30,340.0,89.4,897588307,GLD   270630C00340000,0.837782340862423,306,0.8315194795666316,0.04025676870204232,0.2687966160952113,89.65358052733762,408.89,2026-08-28
2026-08-28,2026-08-28 20:00:00+00:00,2027-06-30,341.0,88.55,897588350,GLD   270630C00341000,0.837782340862423,306,0.8339651250947688,0.04025676870204232,0.267693309620861,90.45367522738267,408.89,2026-08-28
2026-08-28,2026-08-28 20:00:00+00:00,2027-06-30,342.0,87.75,897588366,GLD   270630C00342000,0.837782340862423,306,0.8364107706229059,0.04025676870204232,0.2671222992311232,91.39182078498787,408.89,2026-08-28
2026-08-28,2026-08-28 20:00:00+00:00,2027-06-30,343.0,86.8,897588393,GLD   270630C00343000,0.837782340862423,306,0.8388564161510431,0.04025676870204232,0.2648976562379859,91.91388760767643,408.89,2026-08-28
2026-08-28,2026-08-28 20:00:00+00:00,2027-06-30,344.0,86.18,897588426,GLD   270630C00344000,0.837782340862423,306,0.8413020616791802,0.04025676870204232,0.2662264127721078,93.33039419843892,408.89,2026-08-28
2026-08-28,2026-08-28 20:00:00+00:00,2027-06-30,345.0,85.48,897588450,GLD   270630C00345000,0.837782340862423,306,0.8437477072073174,0.04025676870204232,0.26663738789139324,94.50711356013308,408.89,2026-08-28
2026-08-28,2026-08-28 20:00:00+00:00,2027-06-30,346.0,84.75,897588476,GLD   270630C00346000,0.837782340862423,306,0.8461933527354546,0.04025676870204232,0.26668783662626516,95.59037431850214,408.89,2026-08-28
2026-08-28,2026-08-28 20:00:00+00:00,2027-06-30,347.0,83.75,897588508,GLD   270630C00347000,0.837782340862423,306,0.8486389982635917,0.04025676870204232,0.2638973519803026,95.99917078454953,408.89,2026-08-28
2026-08-28,2026-08-28 20:00:00+00:00,2027-06-30,348.0,82.85,897588547,GLD   270630C00348000,0.837782340862423,306,0.8510846437917289,0.04025676870204232,0.26214837247869005,96.66010836334227,408.89,2026-08-28
2026-08-28,2026-08-28 20:00:00+00:00,2027-06-30,349.0,82.18,897588590,GLD   270630C00349000,0.837782340862423,306,0.853530289319866,0.04025676870204232,0.26274989238576973,97.87721678147793,408.89,2026-08-28
2026-08-28,2026-08-28 20:00:00+00:00,2027-06-30,350.0,81.28,897588647,GLD   270630C00350000,0.837782340862423,306,0.8559759348480032,0.04025676870204232,0.26097289926139655,98.53816104299715,408.89,2026-08-28
2026-08-28,2026-08-28 20:00:00+00:00,2027-06-30,351.0,80.75,897588698,GLD   270630C00351000,0.837782340862423,306,0.8584215803761404,0.04025676870204232,0.26290385555448004,100.04408582612244,408.89,2026-08-28
2026-08-28,2026-08-28 20:00:00+00:00,2027-06-30,352.0,79.83,897588752,GLD   270630C00352000,0.837782340862423,306,0.8608672259042774,0.04025676870204232,0.2608917268092744,100.6578372025052,408.89,2026-08-28
2026-08-28,2026-08-28 20:00:00+00:00,2027-06-30,353.0,79.25,897588815,GLD   270630C00353000,0.837782340862423,306,0.8633128714324146,0.04025676870204232,0.2622213122039102,102.00577011531017,408.89,2026-08-28
2026-08-28,2026-08-28 20:00:00+00:00,2027-06-30,354.0,78.25,897588870,GLD   270630C00354000,0.837782340862423,306,0.8657585169605517,0.04025676870204232,0.2594019943877124,102.45260488201713,408.89,2026-08-28
2026-08-28,2026-08-28 20:00:00+00:00,2027-06-30,355.0,77.75,897588907,GLD   270630C00355000,0.837782340862423,306,0.8682041624886889,0.04025676870204232,0.26142200196431953,103.92970290530644,408.89,2026-08-28
2026-08-28,2026-08-28 20:00:00+00:00,2027-06-30,356.0,76.85,897588922,GLD   270630C00356000,0.837782340862423,306,0.8706498080168261,0.04025676870204232,0.259547817959916,104.58495066087227,408.89,2026-08-28
2026-08-28,2026-08-28 20:00:00+00:00,2027-06-30,357.0,76.25,897588950,GLD   270630C00357000,0.837782340862423,306,0.8730954535449632,0.04025676870204232,0.2605105999815278,105.81765022053663,408.89,2026-08-28
2026-08-28,2026-08-28 20:00:00+00:00,2027-06-30,358.0,75.5,897588992,GLD   270630C00358000,0.837782340862423,306,0.8755410990731004,0.04025676870204232,0.2600141777249986,106.74861649532609,408.89,2026-08-28
2026-08-28,2026-08-28 20:00:00+00:00,2027-06-30,359.0,74.75,897589019,GLD   270630C00359000,0.837782340862423,306,0.8779867446012375,0.04025676870204232,0.25949125987114385,107.67114642460031,408.89,2026-08-28
2026-08-28,2026-08-28 20:00:00+00:00,2027-06-30,360.0,74.15,897589052,GLD   270630C00360000,0.837782340862423,306,0.8804323901293747,0.04025676870204232,0.2603220668102616,108.84265043447408,408.89,2026-08-28
2026-08-28,2026-08-28 20:00:00+00:00,2027-06-30,361.0,73.25,897589087,GLD   270630C00361000,0.837782340862423,306,0.8828780356575119,0.04025676870204232,0.2583677441011184,109.49153078909671,408.89,2026-08-28
2026-08-28,2026-08-28 20:00:00+00:00,2027-06-30,362.0,72.75,897589127,GLD   270630C00362000,0.837782340862423,306,0.885323681185649,0.04025676870204232,0.26002855705795824,110.79207877570387,408.89,2026-08-28
2026-08-28,2026-08-28 20:00:00+00:00,2027-06-30,363.0,72.0,897589148,GLD   270630C00363000,0.837782340862423,306,0.8877693267137862,0.04025676870204232,0.25938605977715923,111.67073015220662,408.89,2026-08-28
2026-08-28,2026-08-28 20:00:00+00:00,2027-06-30,364.0,71.25,897589187,GLD   270630C00364000,0.837782340862423,306,0.8902149722419233,0.04025676870204232,0.25871955348057685,112.54186823768426,408.89,2026-08-28
2026-08-28,2026-08-28 20:00:00+00:00,2027-06-30,365.0,70.5,897589208,GLD   270630C00365000,0.837782340862423,306,0.8926606177700604,0.04025676870204232,0.258029373437632,113.40559183919282,408.89,2026-08-28
2026-08-28,2026-08-28 20:00:00+00:00,2027-06-30,366.0,69.65,897589260,GLD   270630C00366000,0.837782340862423,306,0.8951062632981975,0.04025676870204232,0.25644010325009015,114.12025236523581,408.89,2026-08-28
2026-08-28,2026-08-28 20:00:00+00:00,2027-06-30,367.0,69.25,897589296,GLD   270630C00367000,0.837782340862423,306,0.8975519088263347,0.04025676870204232,0.2587478464945221,115.4484663427918,408.89,2026-08-28
2026-08-28,2026-08-28 20:00:00+00:00,2027-06-30,368.0,68.25,897589337,GLD   270630C00368000,0.837782340862423,306,0.8999975543544719,0.04025676870204232,0.2558198268814945,115.95311674667558,408.89,2026-08-28
2026-08-28,2026-08-28 20:00:00+00:00,2027-06-30,369.0,67.75,897589380,GLD   270630C00369000,0.837782340862423,306,0.902443199882609,0.04025676870204232,0.25717562848227105,117.10496468331078,408.89,2026-08-28
2026-08-28,2026-08-28 20:00:00+00:00,2027-06-30,370.0,67.0,897589420,GLD   270630C00370000,0.837782340862423,306,0.9048888454107462,0.04025676870204232,0.2563565000946634,117.92286387182763,408.89,2026-08-28
2026-08-28,2026-08-28 20:00:00+00:00,2027-06-30,371.0,66.25,897589467,GLD   270630C00371000,0.837782340862423,306,0.9073344909388833,0.04025676870204232,0.25551565369898466,118.7339170308529,408.89,2026-08-28
2026-08-28,2026-08-28 20:00:00+00:00,2027-06-30,372.0,65.75,897589491,GLD   270630C00372000,0.837782340862423,306,0.9097801364670205,0.04025676870204232,0.2567422368769534,119.81849951680331,408.89,2026-08-28
2026-08-28,2026-08-28 20:00:00+00:00,2027-06-30,373.0,65.0,897589536,GLD   270630C00373000,0.837782340862423,306,0.9122257819951577,0.04025676870204232,0.2558448417055421,120.606792039907,408.89,2026-08-28
2026-08-28,2026-08-28 20:00:00+00:00,2027-06-30,374.0,64.25,897589580,GLD   270630C00374000,0.837782340862423,306,0.9146714275232948,0.04025676870204232,0.2549266039517708,121.38845480088061,408.89,2026-08-28
2026-08-28,2026-08-28 20:00:00+00:00,2027-06-30,375.0,63.5,897589621,GLD   270630C00375000,0.837782340862423,306,0.917117073051432,0.04025676870204232,0.25398769125035037,122.163491090495,408.89,2026-08-28
2026-08-28,2026-08-28 20:00:00+00:00,2027-06-30,376.0,63.1,897589671,GLD   270630C00376000,0.837782340862423,306,0.9195627185795691,0.04025676870204232,0.25587150493757804,123.26387129829355,408.89,2026-08-28
2026-08-28,2026-08-28 20:00:00+00:00,2027-06-30,377.0,62.25,897589722,GLD   270630C00377000,0.837782340862423,306,0.9220083641077063,0.04025676870204232,0.2540676716334186,123.92362942277985,408.89,2026-08-28
2026-08-28,2026-08-28 20:00:00+00:00,2027-06-30,378.0,61.6,897589774,GLD   270630C00378000,0.837782340862423,306,0.9244540096358435,0.04025676870204232,0.25385723419329154,124.75758990276384,408.89,2026-08-28
2026-08-28,2026-08-28 20:00:00+00:00,2027-06-30,379.0,60.85,897589841,GLD   270630C00379000,0.837782340862423,306,0.9268996551639805,0.04025676870204232,0.2528203483165242,125.49468161768336,408.89,2026-08-28
2026-08-28,2026-08-28 20:00:00+00:00,2027-06-30,380.0,60.25,897589891,GLD   270630C00380000,0.837782340862423,306,0.9293453006921177,0.04025676870204232,0.25295153179066254,126.34483233389707,408.89,2026-08-28
2026-08-28,2026-08-28 20:00:00+00:00,2027-06-30,381.0,59.5,897589934,GLD   270630C00381000,0.837782340862423,306,0.9317909462202548,0.04025676870204232,0.2518685463684611,127.06415724648181,408.89,2026-08-28
2026-08-28,2026-08-28 20:00:00+00:00,2027-06-30,382.0,59.0,897590004,GLD   270630C00382000,0.837782340862423,306,0.934236591748392,0.04025676870204232,0.25272128551555806,127.95734884212717,408.89,2026-08-28
2026-08-28,2026-08-28 20:00:00+00:00,2027-06-30,383.0,58.33,897590091,GLD   270630C00383000,0.837782340862423,306,0.9366822372765292,0.04025676870204232,0.25221050255214794,128.7106115895626,408.89,2026-08-28
2026-08-28,2026-08-28 20:00:00+00:00,2027-06-30,384.0,57.6,897590152,GLD   270630C00384000,0.837782340862423,306,0.9391278828046663,0.04025676870204232,0.2512101703553461,129.41346877053448,408.89,2026-08-28
2026-08-28,2026-08-28 20:00:00+00:00,2027-06-30,385.0,57.0,897590231,GLD   270630C00385000,0.837782340862423,306,0.9415735283328035,0.04025676870204232,0.2511880518865772,130.18856501590392,408.89,2026-08-28
2026-08-28,2026-08-28 20:00:00+00:00,2027-06-30,386.0,56.28,897590285,GLD   270630C00386000,0.837782340862423,306,0.9440191738609406,0.04025676870204232,0.25021767973778775,130.8778499047472,408.89,2026-08-28
2026-08-28,2026-08-28 20:00:00+00:00,2027-06-30,387.0,56.0,897590342,GLD   270630C00387000,0.837782340862423,306,0.9464648193890778,0.04025676870204232,0.25256758311195304,131.7974699015211,408.89,2026-08-28
2026-08-28,2026-08-28 20:00:00+00:00,2027-06-30,388.0,55.25,897590400,GLD   270630C00388000,0.837782340862423,306,0.948910464917215,0.04025676870204232,0.2513115800422616,132.44270311747007,408.89,2026-08-28
2026-08-28,2026-08-28 20:00:00+00:00,2027-06-30,389.0,54.75,897590468,GLD   270630C00389000,0.837782340862423,306,0.9513561104453521,0.04025676870204232,0.25191482286164535,133.19981125956298,408.89,2026-08-28
2026-08-28,2026-08-28 20:00:00+00:00,2027-06-30,390.0,54.05,897590531,GLD   270630C00390000,0.837782340862423,306,0.9538017559734893,0.04025676870204232,0.25098661084258933,133.84736796850078,408.89,2026-08-28
2026-08-28,2026-08-28 20:00:00+00:00,2027-06-30,391.0,53.5,897590586,GLD   270630C00391000,0.837782340862423,306,0.9562474015016263,0.04025676870204232,0.2511516472152434,134.54758824387412,408.89,2026-08-28
2026-08-28,2026-08-28 20:00:00+00:00,2027-06-30,392.0,53.08,897590644,GLD   270630C00392000,0.837782340862423,306,0.9586930470297635,0.04025676870204232,0.2522452215633355,135.27910252644034,408.89,2026-08-28
2026-08-28,2026-08-28 20:00:00+00:00,2027-06-30,393.0,52.25,897590697,GLD   270630C00393000,0.837782340862423,306,0.9611386925579007,0.04025676870204232,0.2502804216847756,135.84151775977722,408.89,2026-08-28
2026-08-28,2026-08-28 20:00:00+00:00,2027-06-30,394.0,51.6,897590760,GLD   270630C00394000,0.837782340862423,306,0.9635843380860378,0.04025676870204232,0.24962174765439707,136.46014274758494,408.89,2026-08-28
2026-08-28,2026-08-28 20:00:00+00:00,2027-06-30,395.0,51.08,897590829,GLD   270630C00395000,0.837782340862423,306,0.966029983614175,0.04025676870204232,0.24988675019284712,137.10652919672026,408.89,2026-08-28
2026-08-28,2026-08-28 20:00:00+00:00,2027-06-30,396.0,50.6,897590862,GLD   270630C00396000,0.837782340862423,306,0.9684756291423121,0.04025676870204232,0.250409248959925,137.74535065266286,408.89,2026-08-28
2026-08-28,2026-08-28 20:00:00+00:00,2027-06-30,397.0,50.0,897590904,GLD   270630C00397000,0.837782340862423,306,0.9709212746704493,0.04025676870204232,0.2500294352707453,138.33363117956029,408.89,2026-08-28
2026-08-28,2026-08-28 20:00:00+00:00,2027-06-30,398.0,49.53,897590964,GLD   270630C00398000,0.837782340862423,306,0.9733669201985864,0.04025676870204232,0.2505584531654603,138.93748309511554,408.89,2026-08-28
2026-08-28,2026-08-28 20:00:00+00:00,2027-06-30,399.0,48.98,897591022,GLD   270630C00399000,0.837782340862423,306,0.9758125657267236,0.04025676870204232,0.25047965553840634,139.50491619441414,408.89,2026-08-28
2026-08-28,2026-08-28 20:00:00+00:00,2027-06-30,400.0,48.25,897591090,GLD   270630C00400000,0.837782340862423,306,0.9782582112548608,0.04025676870204232,0.24908631307547913,140.02285186623106,408.89,2026-08-28
2026-08-28,2026-08-28 20:00:00+00:00,2027-06-30,401.0,47.88,897591201,GLD   270630C00401000,0.837782340862423,306,0.9807038567829979,0.04025676870204232,0.25023483435651295,140.59163494509008,408.89,2026-08-28
2026-08-28,2026-08-28 20:00:00+00:00,2027-06-30,402.0,47.25,897591281,GLD   270630C00402000,0.837782340862423,306,0.9831495023111351,0.04025676870204232,0.2495025314359926,141.0996251554876,408.89,2026-08-28
2026-08-28,2026-08-28 20:00:00+00:00,2027-06-30,403.0,46.5,897591346,GLD   270630C00403000,0.837782340862423,306,0.9855951478392722,0.04025676870204232,0.2478984535156749,141.57922095605596,408.89,2026-08-28
2026-08-28,2026-08-28 20:00:00+00:00,2027-06-30,404.0,46.18,897591399,GLD   270630C00404000,0.837782340862423,306,0.9880407933674094,0.04025676870204232,0.24930248734792693,142.0978847555,408.89,2026-08-28
2026-08-28,2026-08-28 20:00:00+00:00,2027-06-30,405.0,45.63,897591482,GLD   270630C00405000,0.837782340862423,306,0.9904864388955466,0.04025676870204232,0.2490544159152545,142.57143211233375,408.89,2026-08-28
2026-08-28,2026-08-28 20:00:00+00:00,2027-06-30,406.0,45.23,897591547,GLD   270630C00406000,0.837782340862423,306,0.9929320844236836,0.04025676870204232,0.24982752857478338,143.04088710580822,408.89,2026-08-28
2026-08-28,2026-08-28 20:00:00+00:00,2027-06-30,407.0,44.73,897591606,GLD   270630C00407000,0.837782340862423,306,0.9953777299518208,0.04025676870204232,0.2498699215305038,143.48430080547124,408.89,2026-08-28
2026-08-28,2026-08-28 20:00:00+00:00,2027-06-30,410.0,43.23,897591672,GLD   270630C00410000,0.837782340862423,306,1.0027146665362323,0.04025676870204232,0.24982428763704378,144.71507503358905,408.89,2026-08-28
2026-08-28,2026-08-28 20:00:00+00:00,2027-06-30,415.0,41.5,897591742,GLD   270630C00415000,0.837782340862423,306,1.014942894176918,0.04025676870204232,0.25444735494004567,146.42176783383792,408.89,2026-08-28
2026-08-28,2026-08-28 20:00:00+00:00,2027-06-30,420.0,38.75,897591811,GLD   270630C00420000,0.837782340862423,306,1.0271711218176038,0.04025676870204232,0.25139704580558475,147.7438124355379,408.89,2026-08-28
2026-08-28,2026-08-28 20:00:00+00:00,2027-06-30,425.0,36.2,897591871,GLD   270630C00425000,0.837782340862423,306,1.0393993494582896,0.04025676870204232,0.24906931677842514,148.67138032251864,408.89,2026-08-28
2026-08-28,2026-08-28 20:00:00+00:00,2027-06-30,430.0,33.85,897591919,GLD   270630C00430000,0.837782340862423,306,1.0516275770989754,0.04025676870204232,0.24744365123258905,149.18891775158176,408.89,2026-08-28
2026-08-28,2026-08-28 20:00:00+00:00,2027-06-30,435.0,32.25,897591957,GLD   270630C00435000,0.837782340862423,306,1.0638558047396611,0.04025676870204232,0.2501965670772829,149.30226158019806,408.89,2026-08-28
2026-08-28,2026-08-28 20:00:00+00:00,2027-06-30,440.0,30.35,897592020,GLD   270630C00440000,0.837782340862423,306,1.0760840323803469,0.04025676870204232,0.2503079137773253,149.05416127335698,408.89,2026-08-28
2026-08-28,2026-08-28 20:00:00+00:00,2027-06-30,445.0,28.65,897592083,GLD   270630C00445000,0.837782340862423,306,1.0883122600210327,0.04025676870204232,0.2511489091816359,148.46348567607174,408.89,2026-08-28
2026-08-28,2026-08-28 20:00:00+00:00,2027-06-30,450.0,27.03,897592137,GLD   270630C00450000,0.837782340862423,306,1.1005404876617184,0.04025676870204232,0.25193709965208544,147.55013621069912,408.89,2026-08-28
2026-08-28,2026-08-28 20:00:00+00:00,2027-06-30,455.0,25.6,897592191,GLD   270630C00455000,0.837782340862423,306,1.1127687153024042,0.04025676870204232,0.2534454767786898,146.37366487804323,408.89,2026-08-28
2026-08-28,2026-08-28 20:00:00+00:00,2027-06-30,460.0,24.15,897592219,GLD   270630C00460000,0.837782340862423,306,1.12499694294309,0.04025676870204232,0.25426936412947254,144.90054685184802,408.89,2026-08-28
2026-08-28,2026-08-28 20:00:00+00:00,2027-06-30,465.0,22.7,897592243,GLD   270630C00465000,0.837782340862423,306,1.1372251705837757,0.04025676870204232,0.2545506179218181,143.13184399780238,408.89,2026-08-28
2026-08-28,2026-08-28 20:00:00+00:00,2027-06-30,470.0,21.23,897592267,GLD   270630C00470000,0.837782340862423,306,1.1494533982244615,0.04025676870204232,0.25414767064256594,141.04311334371891,408.89,2026-08-28
2026-08-28,2026-08-28 20:00:00+00:00,2027-06-30,475.0,20.25,897592300,GLD   270630C00475000,0.837782340862423,306,1.1616816258651472,0.04025676870204232,0.2567202301646583,139.07689314634183,408.89,2026-08-28
2026-08-28,2026-08-28 20:00:00+00:00,2027-06-30,480.0,19.0,897592325,GLD   270630C00480000,0.837782340862423,306,1.173909853505833,0.04025676870204232,0.25687789061004307,136.64866759299815,408.89,2026-08-28
2026-08-28,2026-08-28 20:00:00+00:00,2027-06-30,485.0,18.18,899168886,GLD   270630C00485000,0.837782340862423,306,1.1861380811465188,0.04025676870204232,0.25973107995083566,134.48366074527587,408.89,2026-08-28
2026-08-28,2026-08-28 20:00:00+00:00,2027-06-30,490.0,17.05,899168967,GLD   270630C00490000,0.837782340862423,306,1.1983663087872045,0.04025676870204232,0.2598433486417867,131.75470696046955,408.89,2026-08-28
2026-08-28,2026-08-28 20:00:00+00:00,2027-09-17,330.0,102.25,887869790,GLD   270917C00330000,1.054072553045859,385,0.8070630242852601,0.040760535970151744,0.2703909991414286,94.91243261690191,408.89,2026-08-28
2026-08-28,2026-08-28 20:00:00+00:00,2027-09-17,335.0,98.33,887869857,GLD   270917C00335000,1.054072553045859,385,0.8192912519259459,0.040760535970151744,0.2683921880426817,99.84969031017387,408.89,2026-08-28
2026-08-28,2026-08-28 20:00:00+00:00,2027-09-17,340.0,94.4,887869910,GLD   270917C00340000,1.054072553045859,385,0.8315194795666316,0.040760535970151744,0.265746223143395,104.61308874276439,408.89,2026-08-28
2026-08-28,2026-08-28 20:00:00+00:00,2027-09-17,345.0,90.75,887869959,GLD   270917C00345000,1.054072553045859,385,0.8437477072073174,0.040760535970151744,0.26516457726256915,109.8867225529004,408.89,2026-08-28
2026-08-28,2026-08-28 20:00:00+00:00,2027-09-17,350.0,86.93,887870022,GLD   270917C00350000,1.054072553045859,385,0.8559759348480032,0.040760535970151744,0.2624369090679102,114.57281924341174,408.89,2026-08-28
2026-08-28,2026-08-28 20:00:00+00:00,2027-09-17,355.0,83.3,887870079,GLD   270917C00355000,1.054072553045859,385,0.8682041624886889,0.040760535970151744,0.2608207707614639,119.45035350947471,408.89,2026-08-28
2026-08-28,2026-08-28 20:00:00+00:00,2027-09-17,360.0,79.78,887870134,GLD   270917C00360000,1.054072553045859,385,0.8804323901293747,0.040760535970151744,0.2595262862126343,124.28066962902183,408.89,2026-08-28
2026-08-28,2026-08-28 20:00:00+00:00,2027-09-17,365.0,76.38,887870182,GLD   270917C00365000,1.054072553045859,385,0.8926606177700604,0.040760535970151744,0.2585807519401425,129.02259524180505,408.89,2026-08-28
2026-08-28,2026-08-28 20:00:00+00:00,2027-09-17,370.0,72.97,887870217,GLD   270917C00370000,1.054072553045859,385,0.9048888454107462,0.040760535970151744,0.25696219224343075,133.48246398865558,408.89,2026-08-28
2026-08-28,2026-08-28 20:00:00+00:00,2027-09-17,375.0,69.68,887870280,GLD   270917C00375000,1.054072553045859,385,0.917117073051432,0.040760535970151744,0.25566694402536383,137.80123976403956,408.89,2026-08-28
2026-08-28,2026-08-28 20:00:00+00:00,2027-09-17,380.0,66.5,887870334,GLD   270917C00380000,1.054072553045859,385,0.9293453006921177,0.040760535970151744,0.25458467570720245,141.9239123291627,408.89,2026-08-28
2026-08-28,2026-08-28 20:00:00+00:00,2027-09-17,385.0,63.63,887870377,GLD   270917C00385000,1.054072553045859,385,0.9415735283328035,0.040760535970151744,0.25506026469441134,145.92258800816379,408.89,2026-08-28
2026-08-28,2026-08-28 20:00:00+00:00,2027-09-17,390.0,60.6,887870430,GLD   270917C00390000,1.054072553045859,385,0.9538017559734893,0.040760535970151744,0.2538296210312285,149.49036330843356,408.89,2026-08-28
2026-08-28,2026-08-28 20:00:00+00:00,2027-09-17,395.0,57.53,887870478,GLD   270917C00395000,1.054072553045859,385,0.966029983614175,0.040760535970151744,0.2517919093665667,152.7427048222283,408.89,2026-08-28
2026-08-28,2026-08-28 20:00:00+00:00,2027-09-17,400.0,55.25,887870533,GLD   270917C00400000,1.054072553045859,385,0.9782582112548608,0.040760535970151744,0.25431610627463097,155.85215123040814,408.89,2026-08-28
2026-08-28,2026-08-28 20:00:00+00:00,2027-09-17,405.0,52.23,887870585,GLD   270917C00405000,1.054072553045859,385,0.9904864388955466,0.040760535970151744,0.2515075170799159,158.4682739916356,408.89,2026-08-28
2026-08-28,2026-08-28 20:00:00+00:00,2027-09-17,410.0,50.48,887870628,GLD   270917C00410000,1.054072553045859,385,1.0027146665362323,0.040760535970151744,0.25611695009311664,160.8305338979969,408.89,2026-08-28
2026-08-28,2026-08-28 20:00:00+00:00,2027-09-17,415.0,47.25,887870681,GLD   270917C00415000,1.054072553045859,385,1.014942894176918,0.040760535970151744,0.2509693630934694,162.79845724218794,408.89,2026-08-28
2026-08-28,2026-08-28 20:00:00+00:00,2027-09-17,420.0,44.85,887870740,GLD   270917C00420000,1.054072553045859,385,1.0271711218176038,0.040760535970151744,0.2504393673296087,164.43613920408862,408.89,2026-08-28
2026-08-28,2026-08-28 20:00:00+00:00,2027-09-17,425.0,42.58,887870798,GLD   270917C00425000,1.054072553045859,385,1.0393993494582896,0.040760535970151744,0.2501705185058527,165.71836787347604,408.89,2026-08-28
2026-08-28,2026-08-28 20:00:00+00:00,2027-09-17,430.0,40.43,887870856,GLD   270917C00430000,1.054072553045859,385,1.0516275770989754,0.040760535970151744,0.2501034459955058,166.64592561736865,408.89,2026-08-28
2026-08-28,2026-08-28 20:00:00+00:00,2027-09-17,435.0,38.38,887870918,GLD   270917C00435000,1.054072553045859,385,1.0638558047396611,0.040760535970151744,0.2501239346823656,167.2256830237827,408.89,2026-08-28
2026-08-28,2026-08-28 20:00:00+00:00,2027-09-17,440.0,36.43,887870960,GLD   270917C00440000,1.054072553045859,385,1.0760840323803469,0.040760535970151744,0.25024112065816306,167.46686510167675,408.89,2026-08-28
2026-08-28,2026-08-28 20:00:00+00:00,2027-09-17,445.0,34.65,887871012,GLD   270917C00445000,1.054072553045859,385,1.0883122600210327,0.040760535970151744,0.25088408359093595,167.38474382415023,408.89,2026-08-28
2026-08-28,2026-08-28 20:00:00+00:00,2027-09-17,450.0,32.7,887871065,GLD   270917C00450000,1.054072553045859,385,1.1005404876617184,0.040760535970151744,0.25003232231298467,166.97380566379755,408.89,2026-08-28
2026-08-28,2026-08-28 20:00:00+00:00,2027-09-17,455.0,31.13,887871118,GLD   270917C00455000,1.054072553045859,385,1.1127687153024042,0.040760535970151744,0.2509898797194473,166.2924754090668,408.89,2026-08-28
2026-08-28,2026-08-28 20:00:00+00:00,2027-09-17,460.0,29.9,887871178,GLD   270917C00460000,1.054072553045859,385,1.12499694294309,0.040760535970151744,0.2535539271234535,165.41804991540897,408.89,2026-08-28
2026-08-28,2026-08-28 20:00:00+00:00,2027-09-17,465.0,28.13,887871225,GLD   270917C00465000,1.054072553045859,385,1.1372251705837757,0.040760535970151744,0.25241700057657435,164.13196674741198,408.89,2026-08-28
2026-08-28,2026-08-28 20:00:00+00:00,2027-09-17,470.0,26.98,887871279,GLD   270917C00470000,1.054072553045859,385,1.1494533982244615,0.040760535970151744,0.25463325252113866,162.80931706167948,408.89,2026-08-28
2026-08-28,2026-08-28 20:00:00+00:00,2027-09-17,475.0,25.48,887871325,GLD   270917C00475000,1.054072553045859,385,1.1616816258651472,0.040760535970151744,0.25429344764957207,161.0857102768227,408.89,2026-08-28
2026-08-28,2026-08-28 20:00:00+00:00,2027-09-17,480.0,24.5,887871375,GLD   270917C00480000,1.054072553045859,385,1.173909853505833,0.040760535970151744,0.2567923317163252,159.4505570840278,408.89,2026-08-28
2026-08-28,2026-08-28 20:00:00+00:00,2027-09-17,485.0,23.0,887871425,GLD   270917C00485000,1.054072553045859,385,1.1861380811465188,0.040760535970151744,0.25564108171472333,157.22246007800476,408.89,2026-08-28
2026-08-28,2026-08-28 20:00:00+00:00,2027-09-17,490.0,21.73,887871479,GLD   270917C00490000,1.054072553045859,385,1.1983663087872045,0.040760535970151744,0.2555410224185326,154.91954366444838,408.89,2026-08-28
2026-08-28,2026-08-28 20:00:00+00:00,2028-01-21,330.0,109.45,814295359,GLD   280121C00330000,1.3990417522245038,511,0.8070630242852601,0.041389287142760856,0.2666390269863419,114.5747451591214,408.89,2026-08-28
2026-08-28,2026-08-28 20:00:00+00:00,2028-01-21,335.0,105.73,814295409,GLD   280121C00335000,1.3990417522245038,511,0.8192912519259459,0.041389287142760856,0.2652189747261815,119.74111758401128,408.89,2026-08-28
2026-08-28,2026-08-28 20:00:00+00:00,2028-01-21,340.0,102.13,814295468,GLD   280121C00340000,1.3990417522245038,511,0.8315194795666316,0.041389287142760856,0.2643058125789277,125.00648843879483,408.89,2026-08-28
2026-08-28,2026-08-28 20:00:00+00:00,2028-01-21,345.0,98.48,814295533,GLD   280121C00345000,1.3990417522245038,511,0.8437477072073174,0.041389287142760856,0.2625214900924825,129.97299639398867,408.89,2026-08-28
2026-08-28,2026-08-28 20:00:00+00:00,2028-01-21,350.0,95.3,814295591,GLD   280121C00350000,1.3990417522245038,511,0.8559759348480032,0.041389287142760856,0.26379931361367936,135.5863433772763,408.89,2026-08-28
2026-08-28,2026-08-28 20:00:00+00:00,2028-01-21,355.0,91.45,814295637,GLD   280121C00355000,1.3990417522245038,511,0.8682041624886889,0.041389287142760856,0.2596745032359846,139.85571395575246,408.89,2026-08-28
2026-08-28,2026-08-28 20:00:00+00:00,2028-01-21,360.0,87.93,814295687,GLD   280121C00360000,1.3990417522245038,511,0.8804323901293747,0.041389287142760856,0.2575761124625803,144.50577729910344,408.89,2026-08-28
2026-08-28,2026-08-28 20:00:00+00:00,2028-01-21,365.0,84.65,814295739,GLD   280121C00365000,1.3990417522245038,511,0.8926606177700604,0.041389287142760856,0.2567033549371176,149.26443917892973,408.89,2026-08-28
2026-08-28,2026-08-28 20:00:00+00:00,2028-01-21,370.0,81.53,814295802,GLD   280121C00370000,1.3990417522245038,511,0.9048888454107462,0.041389287142760856,0.25641740737287344,153.93732800176414,408.89,2026-08-28
2026-08-28,2026-08-28 20:00:00+00:00,2028-01-21,375.0,78.47,814295869,GLD   280121C00375000,1.3990417522245038,511,0.917117073051432,0.041389287142760856,0.25603218280775486,158.38116456545737,408.89,2026-08-28
2026-08-28,2026-08-28 20:00:00+00:00,2028-01-21,380.0,75.25,814295954,GLD   280121C00380000,1.3990417522245038,511,0.9293453006921177,0.041389287142760856,0.2541995256463997,162.4442895487515,408.89,2026-08-28
2026-08-28,2026-08-28 20:00:00+00:00,2028-01-21,385.0,72.3,814295994,GLD   280121C00385000,1.3990417522245038,511,0.9415735283328035,0.041389287142760856,0.25360410578018067,166.4316508682381,408.89,2026-08-28
2026-08-28,2026-08-28 20:00:00+00:00,2028-01-21,390.0,69.58,814296032,GLD   280121C00390000,1.3990417522245038,511,0.9538017559734893,0.041389287142760856,0.25392246272182095,170.2340522401472,408.89,2026-08-28
2026-08-28,2026-08-28 20:00:00+00:00,2028-01-21,395.0,66.7,814296088,GLD   280121C00395000,1.3990417522245038,511,0.966029983614175,0.041389287142760856,0.25285303708510476,173.6765354079884,408.89,2026-08-28
2026-08-28,2026-08-28 20:00:00+00:00,2028-01-21,400.0,64.25,814296135,GLD   280121C00400000,1.3990417522245038,511,0.9782582112548608,0.041389287142760856,0.25381014746567243,176.93572149141434,408.89,2026-08-28
2026-08-28,2026-08-28 20:00:00+00:00,2028-01-21,405.0,61.63,814296206,GLD   280121C00405000,1.3990417522245038,511,0.9904864388955466,0.041389287142760856,0.2533564534342848,179.84630462202753,408.89,2026-08-28
2026-08-28,2026-08-28 20:00:00+00:00,2028-01-21,410.0,59.5,816976248,GLD   280121C00410000,1.3990417522245038,511,1.0027146665362323,0.041389287142760856,0.2551780187656172,182.49021198499418,408.89,2026-08-28
2026-08-28,2026-08-28 20:00:00+00:00,2028-01-21,415.0,57.08,816976281,GLD   280121C00415000,1.3990417522245038,511,1.014942894176918,0.041389287142760856,0.2549703472982161,184.80416143093157,408.89,2026-08-28
2026-08-28,2026-08-28 20:00:00+00:00,2028-01-21,420.0,54.63,816976318,GLD   280121C00420000,1.3990417522245038,511,1.0271711218176038,0.041389287142760856,0.2542044429312461,186.83093262830954,408.89,2026-08-28
2026-08-28,2026-08-28 20:00:00+00:00,2028-01-21,425.0,52.18,816976363,GLD   280121C00425000,1.3990417522245038,511,1.0393993494582896,0.041389287142760856,0.25305903220539916,188.57587009192378,408.89,2026-08-28
2026-08-28,2026-08-28 20:00:00+00:00,2028-01-21,430.0,49.93,816976417,GLD   280121C00430000,1.3990417522245038,511,1.0516275770989754,0.041389287142760856,0.2525974034643733,190.02189117063307,408.89,2026-08-28
2026-08-28,2026-08-28 20:00:00+00:00,2028-01-21,435.0,47.7,816976485,GLD   280121C00435000,1.3990417522245038,511,1.0638558047396611,0.041389287142760856,0.2518663950563409,191.17991599928928,408.89,2026-08-28
2026-08-28,2026-08-28 20:00:00+00:00,2028-01-21,440.0,46.13,816976556,GLD   280121C00440000,1.3990417522245038,511,1.0760840323803469,0.041389287142760856,0.2542068643215113,192.00021387489852,408.89,2026-08-28
2026-08-28,2026-08-28 20:00:00+00:00,2028-01-21,445.0,43.5,816976610,GLD   280121C00445000,1.3990417522245038,511,1.0883122600210327,0.041389287142760856,0.2506642679200508,192.6187465562555,408.89,2026-08-28
2026-08-28,2026-08-28 20:00:00+00:00,2028-01-21,450.0,42.25,816976653,GLD   280121C00450000,1.3990417522245038,511,1.1005404876617184,0.041389287142760856,0.2539322879784741,192.88868766235018,408.89,2026-08-28
2026-08-28,2026-08-28 20:00:00+00:00,2028-01-21,455.0,40.2,816976727,GLD   280121C00455000,1.3990417522245038,511,1.1127687153024042,0.041389287142760856,0.252700713011343,192.92452900830577,408.89,2026-08-28
2026-08-28,2026-08-28 20:00:00+00:00,2028-01-21,460.0,38.33,816976778,GLD   280121C00460000,1.3990417522245038,511,1.12499694294309,0.041389287142760856,0.2520600317732431,192.68599665512963,408.89,2026-08-28
2026-08-28,2026-08-28 20:00:00+00:00,2028-01-21,465.0,37.05,816976825,GLD   280121C00465000,1.3990417522245038,511,1.1372251705837757,0.041389287142760856,0.25415051111960785,192.25123039810705,408.89,2026-08-28
2026-08-28,2026-08-28 20:00:00+00:00,2028-01-21,470.0,35.28,816976882,GLD   280121C00470000,1.3990417522245038,511,1.1494533982244615,0.041389287142760856,0.25336906328974307,191.52049258117955,408.89,2026-08-28
2026-08-28,2026-08-28 20:00:00+00:00,2028-01-21,475.0,34.23,816976936,GLD   280121C00475000,1.3990417522245038,511,1.1616816258651472,0.041389287142760856,0.2560368952057326,190.7211063031746,408.89,2026-08-28
2026-08-28,2026-08-28 20:00:00+00:00,2028-01-21,480.0,32.8,816976991,GLD   280121C00480000,1.3990417522245038,511,1.173909853505833,0.041389287142760856,0.256417072103452,189.63207260526192,408.89,2026-08-28
2026-08-28,2026-08-28 20:00:00+00:00,2028-01-21,485.0,31.65,816977037,GLD   280121C00485000,1.3990417522245038,511,1.1861380811465188,0.041389287142760856,0.2579838140484877,188.45139310823154,408.89,2026-08-28
2026-08-28,2026-08-28 20:00:00+00:00,2028-01-21,490.0,30.35,816977097,GLD   280121C00490000,1.3990417522245038,511,1.1983663087872045,0.041389287142760856,0.25847416420327507,187.0250953195812,408.89,2026-08-28
2026-08-28,2026-08-28 20:00:00+00:00,2028-06-16,330.0,117.9,851891539,GLD   280616C00330000,1.8015058179329226,658,0.8070630242852601,0.04212283017747148,0.2674838314238005,134.39914311866056,408.89,2026-08-28
2026-08-28,2026-08-28 20:00:00+00:00,2028-06-16,335.0,114.35,852304174,GLD   280616C00335000,1.8015058179329226,658,0.8192912519259459,0.04212283017747148,0.26623674093289296,139.5898812699513,408.89,2026-08-28
2026-08-28,2026-08-28 20:00:00+00:00,2028-06-16,340.0,110.95,851891588,GLD   280616C00340000,1.8015058179329226,658,0.8315194795666316,0.04212283017747148,0.265669884158764,144.91093489959547,408.89,2026-08-28
2026-08-28,2026-08-28 20:00:00+00:00,2028-06-16,345.0,107.68,852304254,GLD   280616C00345000,1.8015058179329226,658,0.8437477072073174,0.04212283017747148,0.265573047174234,150.25215764235253,408.89,2026-08-28
2026-08-28,2026-08-28 20:00:00+00:00,2028-06-16,350.0,104.33,851891628,GLD   280616C00350000,1.8015058179329226,658,0.8559759348480032,0.04212283017747148,0.26454330439874907,155.24553982005165,408.89,2026-08-28
2026-08-28,2026-08-28 20:00:00+00:00,2028-06-16,355.0,100.83,852304325,GLD   280616C00355000,1.8015058179329226,658,0.8682041624886889,0.04212283017747148,0.26222569864550604,159.8585747623747,408.89,2026-08-28
2026-08-28,2026-08-28 20:00:00+00:00,2028-06-16,360.0,97.7,851891668,GLD   280616C00360000,1.8015058179329226,658,0.8804323901293747,0.04212283017747148,0.26188414292251694,164.78190055407705,408.89,2026-08-28
2026-08-28,2026-08-28 20:00:00+00:00,2028-06-16,365.0,94.43,852304389,GLD   280616C00365000,1.8015058179329226,658,0.8926606177700604,0.04212283017747148,0.2603383925684729,169.33680234527856,408.89,2026-08-28
2026-08-28,2026-08-28 20:00:00+00:00,2028-06-16,370.0,91.38,851891693,GLD   280616C00370000,1.8015058179329226,658,0.9048888454107462,0.04212283017747148,0.2597507397771813,173.91011324475062,408.89,2026-08-28
2026-08-28,2026-08-28 20:00:00+00:00,2028-06-16,375.0,88.45,852304452,GLD   280616C00375000,1.8015058179329226,658,0.917117073051432,0.04212283017747148,0.2594853088389152,178.3477221275607,408.89,2026-08-28
2026-08-28,2026-08-28 20:00:00+00:00,2028-06-16,380.0,85.43,851891739,GLD   280616C00380000,1.8015058179329226,658,0.9293453006921177,0.04212283017747148,0.258367967614066,182.49149513583566,408.89,2026-08-28
2026-08-28,2026-08-28 20:00:00+00:00,2028-06-16,385.0,82.75,852304531,GLD   280616C00385000,1.8015058179329226,658,0.9415735283328035,0.04212283017747148,0.2587588731332683,186.59300550071237,408.89,2026-08-28
2026-08-28,2026-08-28 20:00:00+00:00,2028-06-16,390.0,79.88,851891780,GLD   280616C00390000,1.8015058179329226,658,0.9538017559734893,0.04212283017747148,0.2577810878050514,190.35386866914178,408.89,2026-08-28
2026-08-28,2026-08-28 20:00:00+00:00,2028-06-16,395.0,77.15,852304600,GLD   280616C00395000,1.8015058179329226,658,0.966029983614175,0.04212283017747148,0.2572151064566337,193.9356069045804,408.89,2026-08-28
2026-08-28,2026-08-28 20:00:00+00:00,2028-06-16,400.0,74.35,851891820,GLD   280616C00400000,1.8015058179329226,658,0.9782582112548608,0.04212283017747148,0.2559744140238501,197.26754553983724,408.89,2026-08-28
2026-08-28,2026-08-28 20:00:00+00:00,2028-06-16,405.0,71.95,852304666,GLD   280616C00405000,1.8015058179329226,658,0.9904864388955466,0.04212283017747148,0.25643639666037643,200.43218180014563,408.89,2026-08-28
2026-08-28,2026-08-28 20:00:00+00:00,2028-06-16,410.0,69.38,851891862,GLD   280616C00410000,1.8015058179329226,658,1.0027146665362323,0.04212283017747148,0.2557233344794252,203.32005671531232,408.89,2026-08-28
2026-08-28,2026-08-28 20:00:00+00:00,2028-06-16,415.0,66.93,852304743,GLD   280616C00415000,1.8015058179329226,658,1.014942894176918,0.04212283017747148,0.2552934445769527,205.9726657689384,408.89,2026-08-28
2026-08-28,2026-08-28 20:00:00+00:00,2028-06-16,420.0,64.83,851891902,GLD   280616C00420000,1.8015058179329226,658,1.0271711218176038,0.04212283017747148,0.2562416982569732,208.3698624390724,408.89,2026-08-28
2026-08-28,2026-08-28 20:00:00+00:00,2028-06-16,425.0,62.35,852304826,GLD   280616C00425000,1.8015058179329226,658,1.0393993494582896,0.04212283017747148,0.2550605813377538,210.53069854429245,408.89,2026-08-28
2026-08-28,2026-08-28 20:00:00+00:00,2028-06-16,430.0,60.03,851891950,GLD   280616C00430000,1.8015058179329226,658,1.0516275770989754,0.04212283017747148,0.2543567204398103,212.4438637625708,408.89,2026-08-28
2026-08-28,2026-08-28 20:00:00+00:00,2028-06-16,435.0,57.98,852304894,GLD   280616C00435000,1.8015058179329226,658,1.0638558047396611,0.04212283017747148,0.25463291725171733,214.08836450381955,408.89,2026-08-28
2026-08-28,2026-08-28 20:00:00+00:00,2028-06-16,440.0,56.15,851891989,GLD   280616C00440000,1.8015058179329226,658,1.0760840323803469,0.04212283017747148,0.25564006659341987,215.4646552664986,408.89,2026-08-28
2026-08-28,2026-08-28 20:00:00+00:00,2028-06-16,445.0,53.95,852304959,GLD   280616C00445000,1.8015058179329226,658,1.0883122600210327,0.04212283017747148,0.2546485072798096,216.64523059962306,408.89,2026-08-28
2026-08-28,2026-08-28 20:00:00+00:00,2028-06-16,450.0,52.3,851892032,GLD   280616C00450000,1.8015058179329226,658,1.1005404876617184,0.04212283017747148,0.25592052877740945,217.53238816866897,408.89,2026-08-28
2026-08-28,2026-08-28 20:00:00+00:00,2028-06-16,455.0,50.4,852305055,GLD   280616C00455000,1.8015058179329226,658,1.1127687153024042,0.04212283017747148,0.25577072853734717,218.21973882963619,408.89,2026-08-28
2026-08-28,2026-08-28 20:00:00+00:00,2028-06-16,460.0,48.53,851892072,GLD   280616C00460000,1.8015058179329226,658,1.12499694294309,0.04212283017747148,0.2554973815155216,218.6788302350132,408.89,2026-08-28
2026-08-28,2026-08-28 20:00:00+00:00,2028-06-16,465.0,47.0,852305139,GLD   280616C00465000,1.8015058179329226,658,1.1372251705837757,0.04212283017747148,0.2565216482237913,218.90486894002976,408.89,2026-08-28
2026-08-28,2026-08-28 20:00:00+00:00,2028-06-16,470.0,45.05,851892108,GLD   280616C00470000,1.8015058179329226,658,1.1494533982244615,0.04212283017747148,0.2553761071153917,218.92446384799717,408.89,2026-08-28
2026-08-28,2026-08-28 20:00:00+00:00,2028-06-16,475.0,43.58,852305199,GLD   280616C00475000,1.8015058179329226,658,1.1616816258651472,0.04212283017747148,0.25617790393652395,218.74002182371555,408.89,2026-08-28
2026-08-28,2026-08-28 20:00:00+00:00,2028-06-16,480.0,42.05,851892142,GLD   280616C00480000,1.8015058179329226,658,1.173909853505833,0.04212283017747148,0.256466496403981,218.3583850373133,408.89,2026-08-28
2026-08-28,2026-08-28 20:00:00+00:00,2028-06-16,485.0,40.6,852305269,GLD   280616C00485000,1.8015058179329226,658,1.1861380811465188,0.04212283017747148,0.2568882280838677,217.7953114615342,408.89,2026-08-28
2026-08-28,2026-08-28 20:00:00+00:00,2028-06-16,490.0,39.35,851892185,GLD   280616C00490000,1.8015058179329226,658,1.1983663087872045,0.04212283017747148,0.258003445935715,217.09444776435905,408.89,2026-08-28
